{
    "Uber": {
        "cost": 62.208565047631836,
        "env_tax": 0.25,
        "route": "(53,26), (53,27), (53,28), (54,28), (54,29), (55,29), (55,30), (55,31), (55,32), (55,33), (55,34), (55,35), (55,36), (55,37), (56,37), (56,38), (57,38), (57,39), (57,40), (57,41), (57,42), (57,43), (57,44), (57,45), (57,46), (57,47), (57,48), (57,49), (57,50), (57,51), (57,52), (58,52), (58,53), (58,54), (58,55), (58,56), (58,57), (58,58), (58,59), (58,60), (58,61), (58,62), (58,63), (58,64), (58,65), (58,66), (58,67), (58,68), (57,68), (57,69)",
        "time": 21.049696793116567
    },
    "Uber_Train_Uber": {
        "cost": 38.21273828915484,
        "env_tax": 0.065,
        "route": "(53,26), (53,27), (53,28), (52,28), (51,28), (51,29), (50,29), (50,30)|(50,30), (51,30), (52,30), (53,30), (54,30), (55,30), (56,30), (57,30), (58,30), (59,30), (60,30), (60,30), (60,31), (60,32), (60,33), (60,34), (60,35), (60,36), (60,37), (60,38), (60,39), (60,40), (60,41), (60,42), (60,43), (60,44), (60,45), (60,46), (60,47), (60,48), (60,49), (60,50), (60,51), (60,52), (60,53), (60,54), (60,55), (60,56), (60,57), (60,58), (60,59), (60,60), (60,61), (60,62), (60,63), (60,64), (60,65), (60,66), (60,67), (60,68), (60,69), (60,70)|(60,70), (59,70), (58,70), (57,70), (57,69)",
        "time": 23.6424548933863
    },
    "Uber_Train_Walk": {
        "cost": 23.744662913708915,
        "env_tax": 0.04000000000000001,
        "route": "(53,26), (53,27), (53,28), (52,28), (51,28), (51,29), (50,29), (50,30)|(50,30), (51,30), (52,30), (53,30), (54,30), (55,30), (56,30), (57,30), (58,30), (59,30), (60,30), (60,30), (60,31), (60,32), (60,33), (60,34), (60,35), (60,36), (60,37), (60,38), (60,39), (60,40), (60,41), (60,42), (60,43), (60,44), (60,45), (60,46), (60,47), (60,48), (60,49), (60,50), (60,51), (60,52), (60,53), (60,54), (60,55), (60,56), (60,57), (60,58), (60,59), (60,60), (60,61), (60,62), (60,63), (60,64), (60,65), (60,66), (60,67), (60,68), (60,69), (60,70)|(60,70), (59,70), (58,70), (57,70), (57,70), (57,69)",
        "time": 313.1194466955597
    },
    "Walk": {
        "cost": 0,
        "env_tax": 0,
        "route": "(53,26), (54,26), (55,26), (56,26), (57,26), (57,26), (57,27), (57,28), (57,29), (57,30), (57,31), (57,32), (57,33), (57,34), (57,35), (57,36), (57,37), (57,38), (57,39), (57,40), (57,41), (57,42), (57,43), (57,44), (57,45), (57,46), (57,47), (57,48), (57,49), (57,50), (57,51), (57,52), (57,53), (57,54), (57,55), (57,56), (57,57), (57,58), (57,59), (57,60), (57,61), (57,62), (57,63), (57,64), (57,65), (57,66), (57,67), (57,68), (57,69)",
        "time": 3504.5335242185633
    },
    "Walk_Train_Uber": {
        "cost": 20.274262288942317,
        "env_tax": 0.025,
        "route": "(53,26), (52,26), (51,26), (50,26), (50,26), (50,27), (50,28), (50,29), (50,30)|(50,30), (51,30), (52,30), (53,30), (54,30), (55,30), (56,30), (57,30), (58,30), (59,30), (60,30), (60,30), (60,31), (60,32), (60,33), (60,34), (60,35), (60,36), (60,37), (60,38), (60,39), (60,40), (60,41), (60,42), (60,43), (60,44), (60,45), (60,46), (60,47), (60,48), (60,49), (60,50), (60,51), (60,52), (60,53), (60,54), (60,55), (60,56), (60,57), (60,58), (60,59), (60,60), (60,61), (60,62), (60,63), (60,64), (60,65), (60,66), (60,67), (60,68), (60,69), (60,70)|(60,70), (59,70), (58,70), (57,70), (57,69)",
        "time": 538.6261029453087
    },
    "Walk_Train_Walk": {
        "cost": 5.2,
        "env_tax": 0,
        "route": "(53,26), (52,26), (51,26), (50,26), (50,26), (50,27), (50,28), (50,29), (50,30)|(50,30), (51,30), (52,30), (53,30), (54,30), (55,30), (56,30), (57,30), (58,30), (59,30), (60,30), (60,30), (60,31), (60,32), (60,33), (60,34), (60,35), (60,36), (60,37), (60,38), (60,39), (60,40), (60,41), (60,42), (60,43), (60,44), (60,45), (60,46), (60,47), (60,48), (60,49), (60,50), (60,51), (60,52), (60,53), (60,54), (60,55), (60,56), (60,57), (60,58), (60,59), (60,60), (60,61), (60,62), (60,63), (60,64), (60,65), (60,66), (60,67), (60,68), (60,69), (60,70)|(60,70), (59,70), (58,70), (57,70), (57,70), (57,69)",
        "time": 829.9699004309168
    }
}