{
    "Uber": {
        "cost": 15.692246616993463,
        "env_tax": 0.04000000000000001,
        "route": "(69,30), (70,30), (71,30), (72,30), (73,30), (74,30), (74,29), (75,29)",
        "time": 7.874734139104409
    },
    "Uber_Train_Uber": {
        "cost": 28.611277396486745,
        "env_tax": 0.045000000000000005,
        "route": "(69,30), (70,30)|(70,30), (70,30)|(70,30), (71,30), (72,30), (73,30), (74,30), (74,29), (75,29)",
        "time": 13.724298995572564
    },
    "Uber_Train_Walk": {
        "cost": 12.62296854701952,
        "env_tax": 0.010000000000000002,
        "route": "(69,30), (70,30)|(70,30), (70,30)|(70,30), (71,30), (72,30), (73,30), (74,30), (75,30), (75,30), (75,29)",
        "time": 459.2030428162657
    },
    "Walk": {
        "cost": 0,
        "env_tax": 0,
        "route": "(69,30), (70,30), (71,30), (72,30), (73,30), (74,30), (75,30), (75,30), (75,29)",
        "time": 521.9518014793605
    },
    "Walk_Train_Uber": {
        "cost": 16.18177493404598,
        "env_tax": 0.035,
        "route": "(69,30), (70,30), (70,30)|(70,30), (70,30)|(70,30), (71,30), (72,30), (73,30), (74,30), (74,29), (75,29)",
        "time": 91.00499595982998
    },
    "Walk_Train_Walk": {
        "cost": 0.2,
        "env_tax": 0,
        "route": "(69,30), (70,30), (70,30)|(70,30), (70,30)|(70,30), (71,30), (72,30), (73,30), (74,30), (75,30), (75,30), (75,29)",
        "time": 527.1754092633038
    }
}