{
    "Uber": {
        "cost": 61.77974837644988,
        "env_tax": 0.7300000000000001,
        "route": "(9,4), (9,5), (9,6), (9,7), (9,8), (9,9), (8,9), (8,10), (8,11), (7,11), (7,12), (7,13), (7,14), (7,15), (7,16), (7,17), (7,18), (7,19), (7,20), (7,21), (7,22), (7,23), (7,24), (7,25), (7,26), (7,27), (7,28), (7,29), (7,30), (7,31), (7,32), (7,33), (7,34), (7,35), (7,36), (7,37), (7,38), (7,39), (7,40), (7,41), (7,42), (7,43), (8,43), (9,43), (9,44), (9,45), (9,46), (9,47), (9,48), (10,48), (11,48), (11,49), (11,50), (11,51), (12,51), (12,52), (12,53), (12,54), (12,55), (12,56), (13,56), (13,57), (13,58), (14,58), (14,59), (14,60), (14,61), (15,61), (15,62), (15,63), (16,63), (16,64), (17,64), (18,64), (18,65), (18,66), (19,66), (19,67), (20,67), (20,68), (21,68), (22,68), (22,69), (22,70), (22,71), (22,72), (23,72), (23,73), (23,74), (24,74), (25,74), (25,75), (26,75), (27,75), (28,75), (29,75), (29,76), (29,77), (29,78), (29,79), (29,80), (29,81), (29,82), (30,82), (31,82), (32,82), (33,82), (33,83), (34,83), (35,83), (36,83), (36,84), (37,84), (38,84), (39,84), (40,84), (40,85), (41,85), (42,85), (43,85), (44,85), (45,85), (46,85), (47,85), (48,85), (49,85), (50,85), (51,85), (52,85), (53,85), (54,85), (55,85), (56,85), (57,85), (58,85), (59,85), (60,85), (61,85), (61,84), (62,84), (63,84), (64,84), (64,83), (65,83), (66,83), (66,82)",
        "time": 19.824157962344678
    },
    "Uber_Train_Uber": {
        "cost": 40.78788590396569,
        "env_tax": 0.07500000000000001,
        "route": "(9,4), (9,5), (9,6), (9,7), (9,8), (9,9), (9,10), (10,10)|(10,10), (11,10), (12,10), (13,10), (14,10), (15,10), (16,10), (17,10), (18,10), (19,10), (20,10), (21,10), (22,10), (23,10), (24,10), (25,10), (26,10), (27,10), (28,10), (29,10), (30,10), (31,10), (32,10), (33,10), (34,10), (35,10), (36,10), (37,10), (38,10), (39,10), (40,10), (41,10), (42,10), (43,10), (44,10), (45,10), (46,10), (47,10), (48,10), (49,10), (50,10), (51,10), (52,10), (53,10), (54,10), (55,10), (56,10), (57,10), (58,10), (59,10), (60,10), (61,10), (62,10), (63,10), (64,10), (65,10), (66,10), (67,10), (68,10), (69,10), (70,10), (70,10), (70,11), (70,12), (70,13), (70,14), (70,15), (70,16), (70,17), (70,18), (70,19), (70,20), (70,21), (70,22), (70,23), (70,24), (70,25), (70,26), (70,27), (70,28), (70,29), (70,30), (70,31), (70,32), (70,33), (70,34), (70,35), (70,36), (70,37), (70,38), (70,39), (70,40), (70,41), (70,42), (70,43), (70,44), (70,45), (70,46), (70,47), (70,48), (70,49), (70,50), (70,51), (70,52), (70,53), (70,54), (70,55), (70,56), (70,57), (70,58), (70,59), (70,60), (70,61), (70,62), (70,63), (70,64), (70,65), (70,66), (70,67), (70,68), (70,69), (70,70), (70,71), (70,72), (70,73), (70,74), (70,75), (70,76), (70,77), (70,78), (70,79), (70,80)|(70,80), (70,81), (69,81), (69,82), (68,82), (67,82), (66,82)",
        "time": 22.909518856460295
    },
    "Uber_Train_Walk": {
        "cost": 25.760175616608223,
        "env_tax": 0.04000000000000001,
        "route": "(9,4), (9,5), (9,6), (9,7), (9,8), (9,9), (9,10), (10,10)|(10,10), (11,10), (12,10), (13,10), (14,10), (15,10), (16,10), (17,10), (18,10), (19,10), (20,10), (21,10), (22,10), (23,10), (24,10), (25,10), (26,10), (27,10), (28,10), (29,10), (30,10), (31,10), (32,10), (33,10), (34,10), (35,10), (36,10), (37,10), (38,10), (39,10), (40,10), (41,10), (42,10), (43,10), (44,10), (45,10), (46,10), (47,10), (48,10), (49,10), (50,10), (51,10), (52,10), (53,10), (54,10), (55,10), (56,10), (57,10), (58,10), (59,10), (60,10), (61,10), (62,10), (63,10), (64,10), (65,10), (66,10), (67,10), (68,10), (69,10), (70,10), (70,10), (70,11), (70,12), (70,13), (70,14), (70,15), (70,16), (70,17), (70,18), (70,19), (70,20), (70,21), (70,22), (70,23), (70,24), (70,25), (70,26), (70,27), (70,28), (70,29), (70,30), (70,31), (70,32), (70,33), (70,34), (70,35), (70,36), (70,37), (70,38), (70,39), (70,40), (70,41), (70,42), (70,43), (70,44), (70,45), (70,46), (70,47), (70,48), (70,49), (70,50), (70,51), (70,52), (70,53), (70,54), (70,55), (70,56), (70,57), (70,58), (70,59), (70,60), (70,61), (70,62), (70,63), (70,64), (70,65), (70,66), (70,67), (70,68), (70,69), (70,70), (70,71), (70,72), (70,73), (70,74), (70,75), (70,76), (70,77), (70,78), (70,79), (70,80)|(70,80), (69,80), (68,80), (67,80), (66,80), (66,80), (66,81), (66,82)",
        "time": 459.7627540460264
    },
    "Walk": {
        "cost": 0,
        "env_tax": 0,
        "route": "(9,4), (10,4), (11,4), (12,4), (13,4), (14,4), (15,4), (16,4), (17,4), (18,4), (19,4), (20,4), (21,4), (22,4), (23,4), (24,4), (25,4), (26,4), (27,4), (28,4), (29,4), (30,4), (31,4), (32,4), (33,4), (34,4), (35,4), (36,4), (37,4), (38,4), (39,4), (40,4), (41,4), (42,4), (43,4), (44,4), (45,4), (46,4), (47,4), (48,4), (49,4), (50,4), (51,4), (52,4), (53,4), (54,4), (55,4), (56,4), (57,4), (58,4), (59,4), (60,4), (61,4), (62,4), (63,4), (64,4), (65,4), (66,4), (66,4), (66,5), (66,6), (66,7), (66,8), (66,9), (66,10), (66,11), (66,12), (66,13), (66,14), (66,15), (66,16), (66,17), (66,18), (66,19), (66,20), (66,21), (66,22), (66,23), (66,24), (66,25), (66,26), (66,27), (66,28), (66,29), (66,30), (66,31), (66,32), (66,33), (66,34), (66,35), (66,36), (66,37), (66,38), (66,39), (66,40), (66,41), (66,42), (66,43), (66,44), (66,45), (66,46), (66,47), (66,48), (66,49), (66,50), (66,51), (66,52), (66,53), (66,54), (66,55), (66,56), (66,57), (66,58), (66,59), (66,60), (66,61), (66,62), (66,63), (66,64), (66,65), (66,66), (66,67), (66,68), (66,69), (66,70), (66,71), (66,72), (66,73), (66,74), (66,75), (66,76), (66,77), (66,78), (66,79), (66,80), (66,81), (66,82)",
        "time": 10066.21331424481
    },
    "Walk_Train_Uber": {
        "cost": 27.84209887555625,
        "env_tax": 0.035,
        "route": "(9,4), (10,4), (10,4), (10,5), (10,6), (10,7), (10,8), (10,9), (10,10)|(10,10), (11,10), (12,10), (13,10), (14,10), (15,10), (16,10), (17,10), (18,10), (19,10), (20,10), (21,10), (22,10), (23,10), (24,10), (25,10), (26,10), (27,10), (28,10), (29,10), (30,10), (31,10), (32,10), (33,10), (34,10), (35,10), (36,10), (37,10), (38,10), (39,10), (40,10), (41,10), (42,10), (43,10), (44,10), (45,10), (46,10), (47,10), (48,10), (49,10), (50,10), (51,10), (52,10), (53,10), (54,10), (55,10), (56,10), (57,10), (58,10), (59,10), (60,10), (61,10), (62,10), (63,10), (64,10), (65,10), (66,10), (67,10), (68,10), (69,10), (70,10), (70,10), (70,11), (70,12), (70,13), (70,14), (70,15), (70,16), (70,17), (70,18), (70,19), (70,20), (70,21), (70,22), (70,23), (70,24), (70,25), (70,26), (70,27), (70,28), (70,29), (70,30), (70,31), (70,32), (70,33), (70,34), (70,35), (70,36), (70,37), (70,38), (70,39), (70,40), (70,41), (70,42), (70,43), (70,44), (70,45), (70,46), (70,47), (70,48), (70,49), (70,50), (70,51), (70,52), (70,53), (70,54), (70,55), (70,56), (70,57), (70,58), (70,59), (70,60), (70,61), (70,62), (70,63), (70,64), (70,65), (70,66), (70,67), (70,68), (70,69), (70,70), (70,71), (70,72), (70,73), (70,74), (70,75), (70,76), (70,77), (70,78), (70,79), (70,80)|(70,80), (70,81), (69,81), (69,82), (68,82), (67,82), (66,82)",
        "time": 533.992358454352
    },
    "Walk_Train_Walk": {
        "cost": 13.200000000000001,
        "env_tax": 0,