{
    "Uber": {
        "cost": 55.1729839894075,
        "env_tax": 0.5650000000000001,
        "route": "(5,46), (5,45), (5,44), (5,43), (5,42), (5,41), (5,40), (5,39), (5,38), (5,37), (5,36), (5,35), (5,34), (6,34), (6,33), (6,32), (6,31), (6,30), (6,29), (6,28), (6,27), (6,26), (6,25), (6,24), (6,23), (7,23), (7,22), (7,21), (8,21), (9,21), (10,21), (11,21), (12,21), (13,21), (14,21), (15,21), (16,21), (17,21), (17,20), (18,20), (19,20), (20,20), (21,20), (22,20), (23,20), (24,20), (25,20), (26,20), (27,20), (28,20), (29,20), (30,20), (31,20), (32,20), (33,20), (34,20), (35,20), (36,20), (36,19), (37,19), (38,19), (39,19), (40,19), (41,19), (42,19), (43,19), (44,19), (45,19), (46,19), (47,19), (48,19), (49,19), (50,19), (51,19), (52,19), (53,19), (54,19), (55,19), (56,19), (57,19), (58,19), (59,19), (60,19), (60,20), (61,20), (62,20), (63,20), (64,20), (65,20), (65,21), (66,21), (67,21), (68,21), (69,21), (70,21), (71,21), (72,21), (73,21), (74,21), (75,21), (76,21), (76,22), (77,22), (77,23), (78,23), (78,24), (78,25), (78,26), (78,27), (79,27), (79,28), (80,28), (80,29)",
        "time": 19.350078255336417
    },
    "Uber_Train_Uber": {
        "cost": 35.79460701548779,
        "env_tax": 0.060000000000000005,
        "route": "(5,46), (6,46), (6,47), (7,47), (8,47), (8,48), (9,48), (9,49), (10,49), (10,50)|(10,50), (11,50), (12,50), (13,50), (14,50), (15,50), (16,50), (17,50), (18,50), (19,50), (20,50), (21,50), (22,50), (23,50), (24,50), (25,50), (26,50), (27,50), (28,50), (29,50), (30,50), (31,50), (32,50), (33,50), (34,50), (35,50), (36,50), (37,50), (38,50), (39,50), (40,50), (41,50), (42,50), (43,50), (44,50), (45,50), (46,50), (47,50), (48,50), (49,50), (50,50), (51,50), (52,50), (53,50), (54,50), (55,50), (56,50), (57,50), (58,50), (59,50), (60,50), (61,50), (62,50), (63,50), (64,50), (65,50), (66,50), (67,50), (68,50), (69,50), (70,50), (71,50), (72,50), (73,50), (74,50), (75,50), (76,50), (77,50), (78,50), (79,50), (80,50), (80,50), (80,49), (80,48), (80,47), (80,46), (80,45), (80,44), (80,43), (80,42), (80,41), (80,40), (80,39), (80,38), (80,37), (80,36), (80,35), (80,34), (80,33), (80,32), (80,31), (80,30)|(80,30), (80,29)",
        "time": 18.36717721302837
    },
    "Uber_Train_Walk": {
        "cost": 23.34118275998174,
        "env_tax": 0.05,
        "route": "(5,46), (6,46), (6,47), (7,47), (8,47), (8,48), (9,48), (9,49), (10,49), (10,50)|(10,50), (11,50), (12,50), (13,50), (14,50), (15,50), (16,50), (17,50), (18,50), (19,50), (20,50), (21,50), (22,50), (23,50), (24,50), (25,50), (26,50), (27,50), (28,50), (29,50), (30,50), (31,50), (32,50), (33,50), (34,50), (35,50), (36,50), (37,50), (38,50), (39,50), (40,50), (41,50), (42,50), (43,50), (44,50), (45,50), (46,50), (47,50), (48,50), (49,50), (50,50), (51,50), (52,50), (53,50), (54,50), (55,50), (56,50), (57,50), (58,50), (59,50), (60,50), (61,50), (62,50), (63,50), (64,50), (65,50), (66,50), (67,50), (68,50), (69,50), (70,50), (71,50), (72,50), (73,50), (74,50), (75,50), (76,50), (77,50), (78,50), (79,50), (80,50), (80,50), (80,49), (80,48), (80,47), (80,46), (80,45), (80,44), (80,43), (80,42), (80,41), (80,40), (80,39), (80,38), (80,37), (80,36), (80,35), (80,34), (80,33), (80,32), (80,31), (80,30)|(80,30), (80,30), (80,29)",
        "time": 85.45460177585143
    },
    "Walk": {
        "cost": 0,
        "env_tax": 0,
        "route": "(5,46), (6,46), (7,46), (8,46), (9,46), (10,46), (11,46), (12,46), (13,46), (14,46), (15,46), (16,46), (17,46), (18,46), (19,46), (20,46), (21,46), (22,46), (23,46), (24,46), (25,46), (26,46), (27,46), (28,46), (29,46), (30,46), (31,46), (32,46), (33,46), (34,46), (35,46), (36,46), (37,46), (38,46), (39,46), (40,46), (41,46), (42,46), (43,46), (44,46), (45,46), (46,46), (47,46), (48,46), (49,46), (50,46), (51,46), (52,46), (53,46), (54,46), (55,46), (56,46), (57,46), (58,46), (59,46), (60,46), (61,46), (62,46), (63,46), (64,46), (65,46), (66,46), (67,46), (68,46), (69,46), (70,46), (71,46), (72,46), (73,46), (74,46), (75,46), (76,46), (77,46), (78,46), (79,46), (80,46), (80,46), (80,45), (80,44), (80,43), (80,42), (80,41), (80,40), (80,39), (80,38), (80,37), (80,36), (80,35), (80,34), (80,33), (80,32), (80,31), (80,30), (80,29)",
        "time": 6859.937962300167
    },
    "Walk_Train_Uber": {
        "cost": 21.50287043810195,
        "env_tax": 0.010000000000000002,
        "route": "(5,46), (6,46), (7,46), (8,46), (9,46), (10,46), (10,46), (10,47), (10,48), (10,49), (10,50)|(10,50), (11,50), (12,50), (13,50), (14,50), (15,50), (16,50), (17,50), (18,50), (19,50), (20,50), (21,50), (22,50), (23,50), (24,50), (25,50), (26,50), (27,50), (28,50), (29,50), (30,50), (31,50), (32,50), (33,50), (34,50), (35,50), (36,50), (37,50), (38,50), (39,50), (40,50), (41,50), (42,50), (43,50), (44,50), (45,50), (46,50), (47,50), (48,50), (49,50), (50,50), (51,50), (52,50), (53,50), (54,50), (55,50), (56,50), (57,50), (58,50), (59,50), (60,50), (61,50), (62,50), (63,50), (64,50), (65,50), (66,50), (67,50), (68,50), (69,50), (70,50), (71,50), (72,50), (73,50), (74,50), (75,50), (76,50), (77,50), (78,50), (79,50), (80,50), (80,50), (80,49), (80,48), (80,47), (80,46), (80,45), (80,44), (80,43), (80,42), (80,41), (80,40), (80,39), (80,38), (80,37), (80,36), (80,35), (80,34), (80,33), (80,32), (80,31), (80,30)|(80,30), (80,29)",
        "time": 679.369118344265
    },
    "Walk_Train_Walk": {
        "cost": 9.200000000000001,
        "env_tax": 0,
        "route": "(5,46), (6,46), (7,46), (8,46), (9,46), (10,46), (10,46), (10,47), (10,48), (10,49), (10,50)|(10,50), (11,50), (12,50), (13,50), (14,50), (15,50), (16,50), (17,50), (18,50), (19,50), (20,50), (21,50), (22,50), (23,50), (24,50), (25,50), (26,50), (27,50), (28,50), (29,50), (30,50), (31,50), (32,50), (33,50), (34,50), (35,50), (36,50), (37,50), (38,50), (39,50), (40,50), (41,50), (42,50), (43,50), (44,50), (45,50), (46,50), (47,50), (48,50), (49,50), (50,50), (51,50), (52,50), (53,50), (54,50), (55,50), (56,50), (57,50), (58,50), (59,50), (60,50), (61,50), (62,50), (63,50), (64,50), (65,50), (66,50), (67,50), (68,50), (69,50), (70,50), (71,50), (72,50), (73,50), (74,50), (75,50), (76,50), (77,50), (78,50), (79,50), (80,50), (80,50), (80,49), (80,48), (80,47), (80,46), (80,45), (80,44), (80,43), (80,42), (80,41), (80,40), (80,39), (80,38), (80,37), (80,36), (80,35), (80,34), (80,33), (80,32), (80,31), (80,30)|(80,30), (80,30), (80,29)",
        "time": 749.6694522762643
    }
}