{
    "Uber": {
        "cost": 28.13546716280677,
        "env_tax": 0.29500000000000004,
        "route": "(75,94), (75,95), (75,96), (75,97), (75,98), (74,98), (73,98), (72,98), (71,98), (70,98), (69,98), (68,98), (67,98), (66,98), (65,98), (64,98), (63,98), (62,98), (62,97), (61,97), (60,97), (60,96), (59,96), (58,96), (57,96), (56,96), (55,96), (54,96), (53,96), (53,95), (52,95), (51,95), (50,95), (49,95), (48,95), (47,95), (47,94), (47,93), (46,93), (45,93), (45,92), (44,92), (44,91), (44,90), (43,90), (43,89), (43,88), (43,87), (43,86), (43,85), (43,84), (43,83), (43,82), (43,81), (43,80), (42,80), (42,79), (42,78), (42,77)",
        "time": 10.766919426616962
    },
    "Uber_Train_Uber": {
        "cost": 32.750676999554614,
        "env_tax": 0.08000000000000002,
        "route": "(75,94), (74,94), (73,94), (72,94), (71,94), (71,93), (70,93), (70,92), (70,91), (70,90)|(70,90), (69,90), (68,90), (67,90), (66,90), (65,90), (64,90), (63,90), (62,90), (61,90), (60,90), (59,90), (58,90), (57,90), (56,90), (55,90), (54,90), (53,90), (52,90), (51,90), (50,90), (49,90), (48,90), (47,90), (46,90), (45,90), (44,90), (43,90), (42,90), (41,90), (40,90), (40,90), (40,89), (40,88), (40,87), (40,86), (40,85), (40,84), (40,83), (40,82), (40,81), (40,80)|(40,80), (40,79), (41,79), (41,78), (42,78), (42,77)",
        "time": 25.762576591075106
    },
    "Uber_Train_Walk": {
        "cost": 17.95937658696388,
        "env_tax": 0.05,
        "route": "(75,94), (74,94), (73,94), (72,94), (71,94), (71,93), (70,93), (70,92), (70,91), (70,90)|(70,90), (69,90), (68,90), (67,90), (66,90), (65,90), (64,90), (63,90), (62,90), (61,90), (60,90), (59,90), (58,90), (57,90), (56,90), (55,90), (54,90), (53,90), (52,90), (51,90), (50,90), (49,90), (48,90), (47,90), (46,90), (45,90), (44,90), (43,90), (42,90), (41,90), (40,90), (40,90), (40,89), (40,88), (40,87), (40,86), (40,85), (40,84), (40,83), (40,82), (40,81), (40,80)|(40,80), (41,80), (42,80), (42,80), (42,79), (42,78), (42,77)",
        "time": 387.2298167695431
    },
    "Walk": {
        "cost": 0,
        "env_tax": 0,
        "route": "(75,94), (74,94), (73,94), (72,94), (71,94), (70,94), (69,94), (68,94), (67,94), (66,94), (65,94), (64,94), (63,94), (62,94), (61,94), (60,94), (59,94), (58,94), (57,94), (56,94), (55,94), (54,94), (53,94), (52,94), (51,94), (50,94), (49,94), (48,94), (47,94), (46,94), (45,94), (44,94), (43,94), (42,94), (42,94), (42,93), (42,92), (42,91), (42,90), (42,89), (42,88), (42,87), (42,86), (42,85), (42,84), (42,83), (42,82), (42,81), (42,80), (42,79), (42,78), (42,77)",
        "time": 3728.2271534240035
    },
    "Walk_Train_Uber": {
        "cost": 18.70595230685709,
        "env_tax": 0.030000000000000006,
        "route": "(75,94), (74,94), (73,94), (72,94), (71,94), (70,94), (70,94), (70,93), (70,92), (70,91), (70,90)|(70,90), (69,90), (68,90), (67,90), (66,90), (65,90), (64,90), (63,90), (62,90), (61,90), (60,90), (59,90), (58,90), (57,90), (56,90), (55,90), (54,90), (53,90), (52,90), (51,90), (50,90), (49,90), (48,90), (47,90), (46,90), (45,90), (44,90), (43,90), (42,90), (41,90), (40,90), (40,90), (40,89), (40,88), (40,87), (40,86), (40,85), (40,84), (40,83), (40,82), (40,81), (40,80)|(40,80), (40,79), (41,79), (41,78), (42,78), (42,77)",
        "time": 684.7918499826977
    },
    "Walk_Train_Walk": {
        "cost": 4.2,
        "env_tax": 0,
        "route": "(75,94), (74,94), (73,94), (72,94), (71,94), (70,94), (70,94), (70,93), (70,92), (70,91), (70,90)|(70,90), (69,90), (68,90), (67,90), (66,90), (65,90), (64,90), (63,90), (62,90), (61,90), (60,90), (59,90), (58,90), (57,90), (56,90), (55,90), (54,90), (53,90), (52,90), (51,90), (50,90), (49,90), (48,90), (47,90), (46,90), (45,90), (44,90), (43,90), (42,90), (41,90), (40,90), (40,90), (40,89), (40,88), (40,87), (40,86), (40,85), (40,84), (40,83), (40,82), (40,81), (40,80)|(40,80), (41,80), (42,80), (42,80), (42,79), (42,78), (42,77)",
        "time": 1050.7783956459768
    }
}