{
    "Uber": {
        "cost": 35.51901457861389,
        "env_tax": 0.6400000000000001,
        "route": "(83,66), (84,66), (85,66), (86,66), (86,67), (86,68), (86,69), (86,70), (86,71), (86,72), (86,73), (86,74), (86,75), (86,76), (86,77), (86,78), (86,79), (86,80), (86,81), (86,82), (86,83), (86,84), (86,85), (86,86), (86,87), (86,88), (86,89), (86,90), (86,91), (86,92), (85,92), (85,93), (84,93), (84,94), (84,95), (84,96), (83,96), (82,96), (81,96), (80,96), (79,96), (78,96), (77,96), (76,96), (75,96), (74,96), (73,96), (72,96), (71,96), (70,96), (69,96), (68,96), (67,96), (66,96), (65,96), (64,96), (63,96), (62,96), (61,96), (60,96), (59,96), (58,96), (57,96), (56,96), (55,96), (54,96), (53,96), (53,97), (52,97), (51,97), (50,97), (49,97), (48,97), (47,97), (46,97), (45,97), (44,97), (43,97), (42,97), (41,97), (40,97), (39,97), (38,97), (37,97), (36,97), (35,97), (34,97), (33,97), (32,97), (31,97), (30,97), (29,97), (28,97), (27,97), (26,97), (25,97), (24,97), (23,97), (22,97), (21,97), (20,97), (19,97), (18,97), (17,97), (16,97), (15,97), (14,97), (13,97), (12,97), (11,97), (10,97), (9,97), (8,97), (7,97), (6,97), (6,96), (5,96), (4,96), (3,96), (3,95), (3,94), (3,93), (3,92), (3,91), (3,90), (3,89), (3,88), (3,87)",
        "time": 13.566695122541521
    },
    "Uber_Train_Uber": {
        "cost": 36.97919157051981,
        "env_tax": 0.09500000000000001,
        "route": "(83,66), (83,67), (83,68), (82,68), (81,68), (81,69), (81,70), (80,70)|(80,70), (79,70), (78,70), (77,70), (76,70), (75,70), (74,70), (73,70), (72,70), (71,70), (70,70), (69,70), (68,70), (67,70), (66,70), (65,70), (64,70), (63,70), (62,70), (61,70), (60,70), (59,70), (58,70), (57,70), (56,70), (55,70), (54,70), (53,70), (52,70), (51,70), (50,70), (49,70), (48,70), (47,70), (46,70), (45,70), (44,70), (43,70), (42,70), (41,70), (40,70), (39,70), (38,70), (37,70), (36,70), (35,70), (34,70), (33,70), (32,70), (31,70), (30,70), (29,70), (28,70), (27,70), (26,70), (25,70), (24,70), (23,70), (22,70), (21,70), (20,70), (19,70), (18,70), (17,70), (16,70), (15,70), (14,70), (13,70), (12,70), (11,70), (10,70), (10,70), (10,71), (10,72), (10,73), (10,74), (10,75), (10,76), (10,77), (10,78), (10,79), (10,80), (10,81), (10,82), (10,83), (10,84), (10,85), (10,86), (10,87), (10,88), (10,89), (10,90)|(10,90), (10,89), (9,89), (8,89), (7,89), (6,89), (5,89), (4,89), (3,89), (3,88), (3,87)",
        "time": 21.869773686762443
    },
    "Uber_Train_Walk": {
        "cost": 23.659424479447857,
        "env_tax": 0.04000000000000001,
        "route": "(83,66), (83,67), (83,68), (82,68), (81,68), (81,69), (81,70), (80,70)|(80,70), (79,70), (78,70), (77,70), (76,70), (75,70), (74,70), (73,70), (72,70), (71,70), (70,70), (69,70), (68,70), (67,70), (66,70), (65,70), (64,70), (63,70), (62,70), (61,70), (60,70), (59,70), (58,70), (57,70), (56,70), (55,70), (54,70), (53,70), (52,70), (51,70), (50,70), (49,70), (48,70), (47,70), (46,70), (45,70), (44,70), (43,70), (42,70), (41,70), (40,70), (39,70), (38,70), (37,70), (36,70), (35,70), (34,70), (33,70), (32,70), (31,70), (30,70), (29,70), (28,70), (27,70), (26,70), (25,70), (24,70), (23,70), (22,70), (21,70), (20,70), (19,70), (18,70), (17,70), (16,70), (15,70), (14,70), (13,70), (12,70), (11,70), (10,70), (10,70), (10,71), (10,72), (10,73), (10,74), (10,75), (10,76), (10,77), (10,78), (10,79), (10,80), (10,81), (10,82), (10,83), (10,84), (10,85), (10,86), (10,87), (10,88), (10,89), (10,90)|(10,90), (9,90), (8,90), (7,90), (6,90), (5,90), (4,90), (3,90), (3,90), (3,89), (3,88), (3,87)",
        "time": 760.5212942388982
    },
    "Walk": {
        "cost": 0,
        "env_tax": 0,
        "route": "(83,66), (82,66), (81,66), (80,66), (79,66), (78,66), (77,66), (76,66), (75,66), (74,66), (73,66), (72,66), (71,66), (70,66), (69,66), (68,66), (67,66), (66,66), (65,66), (64,66), (63,66), (62,66), (61,66), (60,66), (59,66), (58,66), (57,66), (56,66), (55,66), (54,66), (53,66), (52,66), (51,66), (50,66), (49,66), (48,66), (47,66), (46,66), (45,66), (44,66), (43,66), (42,66), (41,66), (40,66), (39,66), (38,66), (37,66), (36,66), (35,66), (34,66), (33,66), (32,66), (31,66), (30,66), (29,66), (28,66), (27,66), (26,66), (25,66), (24,66), (23,66), (22,66), (21,66), (20,66), (19,66), (18,66), (17,66), (16,66), (15,66), (14,66), (13,66), (12,66), (11,66), (10,66), (9,66), (8,66), (7,66), (6,66), (5,66), (4,66), (3,66), (3,66), (3,67), (3,68), (3,69), (3,70), (3,71), (3,72), (3,73), (3,74), (3,75), (3,76), (3,77), (3,78), (3,79), (3,80), (3,81), (3,82), (3,83), (3,84), (3,85), (3,86), (3,87)",
        "time": 7531.018849916487
    },
    "Walk_Train_Uber": {
        "cost": 22.22203817965127,
        "env_tax": 0.05500000000000001,
        "route": "(83,66), (82,66), (81,66), (80,66), (80,66), (80,67), (80,68), (80,69), (80,70)|(80,70), (79,70), (78,70), (77,70), (76,70), (75,70), (74,70), (73,70), (72,70), (71,70), (70,70), (69,70), (68,70), (67,70), (66,70), (65,70), (64,70), (63,70), (62,70), (61,70), (60,70), (59,70), (58,70), (57,70), (56,70), (55,70), (54,70), (53,70), (52,70), (51,70), (50,70), (49,70), (48,70), (47,70), (46,70), (45,70), (44,70), (43,70), (42,70), (41,70), (40,70), (39,70), (38,70), (37,70), (36,70), (35,70), (34,70), (33,70), (32,70), (31,70), (30,70), (29,70), (28,70), (27,70), (26,70), (25,70), (24,70), (23,70), (22,70), (21,70), (20,70), (19,70), (18,70), (17,70), (16,70), (15,70), (14,70), (13,70), (12,70), (11,70), (10,70), (10,70), (10,71), (10,72), (10,73), (10,74), (10,75), (10,76), (10,77), (10,78), (10,79), (10,80), (10,81), (10,82), (10,83), (10,84), (10,85), (10,86), (10,87), (10,88), (10,89), (10,90)|(10,90), (10,89), (9,89), (8,89), (7,89), (6,89), (5,89), (4,89), (3,89), (3,88), (3,87)",
        "time": 533.0684564835253
    },
    "Walk_Train_Walk": {
        "cost": 9.200000000000001,
        "env_tax": 0,
        "route": "(83,66), (82,66), (81,66), (80,66), (80,66), (80,67), (80,68), (80,69), (80,70)|(80,70), (79,70), (78,70), (77,70), (76,70), (75,70), (74,70), (73,70), (72,70), (71,70), (70,70), (69,70), (68,70), (67,70), (66,70), (65,70), (64,70), (63,70), (62,70), (61,70), (60,70), (59,70), (58,70), (57,70), (56,70), (55,70), (54,70), (53,70), (52,70), (51,70), (50,70), (49,70), (48,70), (47,70), (46,70), (45,70), (44,70), (43,70), (42,70), (41,70), (40,70), (39,70), (38,70), (37,70), (36,70), (35,70), (34,70), (33,70), (32,70), (31,70), (30,70), (29,70), (28,70), (27,70), (26,70), (25,70), (24,70), (23,70), (22,70), (21,70), (20,70), (19,70), (18,70), (17,70), (16,70), (15,70), (14,70), (13,70), (12,70), (11,70), (10,70), (10,70), (10,71), (10,72), (10,73), (10,74), (10,75), (10,76), (10,77), (10,78), (10,79), (10,80), (10,81), (10,82), (10,83), (10,84), (10,85), (10,86), (10,87), (10,88), (10,89), (10,90)|(10,90), (9,90), (8,90), (7,90), (6,90), (5,90), (4,90), (3,90), (3,90), (3,89), (3,88), (3,87)",
        "time": 1271.793917170967
    }
}