{
    "Uber": {
        "cost": 45.4120151208781,
        "env_tax": 0.24000000000000005,
        "route": "(73,18), (72,18), (72,19), (72,20), (72,21), (71,21), (70,21), (70,22), (70,23), (70,24), (70,25), (70,26), (70,27), (70,28), (70,29), (70,30), (69,30), (69,31), (69,32), (69,33), (69,34), (69,35), (69,36), (69,37), (69,38), (69,39), (69,40), (69,41), (68,41), (68,42), (68,43), (68,44), (68,45), (67,45), (66,45), (66,46), (66,47), (66,48), (66,49), (66,50), (66,51), (65,51), (65,52), (64,52), (63,52), (62,52), (62,53), (61,53)",
        "time": 12.944319878511978
    },
    "Uber_Train_Uber": {
        "cost": 34.274069633067036,
        "env_tax": 0.05500000000000001,
        "route": "(73,18), (72,18), (71,18), (70,18), (70,19), (70,20)|(70,20), (69,20), (68,20), (67,20), (66,20), (65,20), (64,20), (63,20), (62,20), (61,20), (60,20), (60,20), (60,21), (60,22), (60,23), (60,24), (60,25), (60,26), (60,27), (60,28), (60,29), (60,30), (60,31), (60,32), (60,33), (60,34), (60,35), (60,36), (60,37), (60,38), (60,39), (60,40), (60,41), (60,42), (60,43), (60,44), (60,45), (60,46), (60,47), (60,48), (60,49), (60,50)|(60,50), (61,50), (61,51), (61,52), (61,53)",
        "time": 23.17641896319377
    },
    "Uber_Train_Walk": {
        "cost": 17.90926652353931,
        "env_tax": 0.030000000000000006,
        "route": "(73,18), (72,18), (71,18), (70,18), (70,19), (70,20)|(70,20), (69,20), (68,20), (67,20), (66,20), (65,20), (64,20), (63,20), (62,20), (61,20), (60,20), (60,20), (60,21), (60,22), (60,23), (60,24), (60,25), (60,26), (60,27), (60,28), (60,29), (60,30), (60,31), (60,32), (60,33), (60,34), (60,35), (60,36), (60,37), (60,38), (60,39), (60,40), (60,41), (60,42), (60,43), (60,44), (60,45), (60,46), (60,47), (60,48), (60,49), (60,50)|(60,50), (61,50), (61,50), (61,51), (61,52), (61,53)",
        "time": 315.4631427039354
    },
    "Walk": {
        "cost": 0,
        "env_tax": 0,
        "route": "(73,18), (72,18), (71,18), (70,18), (69,18), (68,18), (67,18), (66,18), (65,18), (64,18), (63,18), (62,18), (61,18), (61,18), (61,19), (61,20), (61,21), (61,22), (61,23), (61,24), (61,25), (61,26), (61,27), (61,28), (61,29), (61,30), (61,31), (61,32), (61,33), (61,34), (61,35), (61,36), (61,37), (61,38), (61,39), (61,40), (61,41), (61,42), (61,43), (61,44), (61,45), (61,46), (61,47), (61,48), (61,49), (61,50), (61,51), (61,52), (61,53)",
        "time": 3504.5335242185633
    },
    "Walk_Train_Uber": {
        "cost": 21.205958099243798,
        "env_tax": 0.025,
        "route": "(73,18), (72,18), (71,18), (70,18), (70,18), (70,19), (70,20)|(70,20), (69,20), (68,20), (67,20), (66,20), (65,20), (64,20), (63,20), (62,20), (61,20), (60,20), (60,20), (60,21), (60,22), (60,23), (60,24), (60,25), (60,26), (60,27), (60,28), (60,29), (60,30), (60,31), (60,32), (60,33), (60,34), (60,35), (60,36), (60,37), (60,38), (60,39), (60,40), (60,41), (60,42), (60,43), (60,44), (60,45), (60,46), (60,47), (60,48), (60,49), (60,50)|(60,50), (61,50), (61,51), (61,52), (61,53)",
        "time": 389.06209177151607
    },
    "Walk_Train_Walk": {
        "cost": 4.2,
        "env_tax": 0,
        "route": "(73,18), (72,18), (71,18), (70,18), (70,18), (70,19), (70,20)|(70,20), (69,20), (68,20), (67,20), (66,20), (65,20), (64,20), (63,20), (62,20), (61,20), (60,20), (60,20), (60,21), (60,22), (60,23), (60,24), (60,25), (60,26), (60,27), (60,28), (60,29), (60,30), (60,31), (60,32), (60,33), (60,34), (60,35), (60,36), (60,37), (60,38), (60,39), (60,40), (60,41), (60,42), (60,43), (60,44), (60,45), (60,46), (60,47), (60,48), (60,49), (60,50)|(60,50), (61,50), (61,50), (61,51), (61,52), (61,53)",
        "time": 679.9905009624756
    }
}