{
    "Uber": {
        "cost": 58.51295140572204,
        "env_tax": 0.665,
        "route": "(48,76), (48,77), (49,77), (50,77), (51,77), (52,77), (53,77), (54,77), (55,77), (56,77), (57,77), (58,77), (59,77), (60,77), (61,77), (62,77), (63,77), (63,76), (64,76), (65,76), (66,76), (67,76), (68,76), (69,76), (70,76), (71,76), (72,76), (73,76), (74,76), (74,75), (75,75), (75,74), (76,74), (77,74), (78,74), (79,74), (80,74), (80,73), (80,72), (80,71), (80,70), (81,70), (81,69), (81,68), (82,68), (83,68), (83,67), (83,66), (83,65), (84,65), (85,65), (86,65), (86,64), (86,63), (87,63), (87,62), (87,61), (87,60), (88,60), (88,59), (88,58), (89,58), (89,57), (89,56), (90,56), (90,55), (90,54), (90,53), (91,53), (91,52), (91,51), (91,50), (91,49), (92,49), (92,48), (92,47), (92,46), (92,45), (92,44), (92,43), (92,42), (93,42), (93,41), (93,40), (93,39), (93,38), (93,37), (93,36), (93,35), (93,34), (93,33), (93,32), (93,31), (93,30), (93,29), (93,28), (93,27), (93,26), (93,25), (93,24), (93,23), (93,22), (93,21), (92,21), (92,20), (92,19), (92,18), (92,17), (92,16), (92,15), (92,14), (92,13), (92,12), (92,11), (92,10), (92,9), (92,8), (92,7), (92,6), (92,5), (92,4), (92,3), (92,2), (92,1), (91,1), (90,1), (89,1), (88,1), (87,1), (86,1), (85,1), (84,1), (83,1)",
        "time": 17.280205677449004
    },
    "Uber_Train_Uber": {
        "cost": 39.41798927381377,
        "env_tax": 0.1,
        "route": "(48,76), (48,77), (48,78), (48,79), (49,79), (49,80), (50,80)|(50,80), (51,80), (52,80), (53,80), (54,80), (55,80), (56,80), (57,80), (58,80), (59,80), (60,80), (61,80), (62,80), (63,80), (64,80), (65,80), (66,80), (67,80), (68,80), (69,80), (70,80), (71,80), (72,80), (73,80), (74,80), (75,80), (76,80), (77,80), (78,80), (79,80), (80,80), (80,80), (80,79), (80,78), (80,77), (80,76), (80,75), (80,74), (80,73), (80,72), (80,71), (80,70), (80,69), (80,68), (80,67), (80,66), (80,65), (80,64), (80,63), (80,62), (80,61), (80,60), (80,59), (80,58), (80,57), (80,56), (80,55), (80,54), (80,53), (80,52), (80,51), (80,50), (80,49), (80,48), (80,47), (80,46), (80,45), (80,44), (80,43), (80,42), (80,41), (80,40), (80,39), (80,38), (80,37), (80,36), (80,35), (80,34), (80,33), (80,32), (80,31), (80,30), (80,29), (80,28), (80,27), (80,26), (80,25), (80,24), (80,23), (80,22), (80,21), (80,20), (80,19), (80,18), (80,17), (80,16), (80,15), (80,14), (80,13), (80,12), (80,11), (80,10)|(80,10), (81,10), (81,9), (81,8), (81,7), (82,7), (82,6), (82,5), (82,4), (83,4), (83,3), (83,2), (83,1)",
        "time": 29.689500781591452
    },
    "Uber_Train_Walk": {
        "cost": 26.028765582981883,
        "env_tax": 0.035,
        "route": "(48,76), (48,77), (48,78), (48,79), (49,79), (49,80), (50,80)|(50,80), (51,80), (52,80), (53,80), (54,80), (55,80), (56,80), (57,80), (58,80), (59,80), (60,80), (61,80), (62,80), (63,80), (64,80), (65,80), (66,80), (67,80), (68,80), (69,80), (70,80), (71,80), (72,80), (73,80), (74,80), (75,80), (76,80), (77,80), (78,80), (79,80), (80,80), (80,80), (80,79), (80,78), (80,77), (80,76), (80,75), (80,74), (80,73), (80,72), (80,71), (80,70), (80,69), (80,68), (80,67), (80,66), (80,65), (80,64), (80,63), (80,62), (80,61), (80,60), (80,59), (80,58), (80,57), (80,56), (80,55), (80,54), (80,53), (80,52), (80,51), (80,50), (80,49), (80,48), (80,47), (80,46), (80,45), (80,44), (80,43), (80,42), (80,41), (80,40), (80,39), (80,38), (80,37), (80,36), (80,35), (80,34), (80,33), (80,32), (80,31), (80,30), (80,29), (80,28), (80,27), (80,26), (80,25), (80,24), (80,23), (80,22), (80,21), (80,20), (80,19), (80,18), (80,17), (80,16), (80,15), (80,14), (80,13), (80,12), (80,11), (80,10)|(80,10), (81,10), (82,10), (83,10), (83,10), (83,9), (83,8), (83,7), (83,6), (83,5), (83,4), (83,3), (83,2), (83,1)",
        "time": 912.6521164963584
    },
    "Walk": {
        "cost": 0,
        "env_tax": 0,
        "route": "(48,76), (49,76), (50,76), (51,76), (52,76), (53,76), (54,76), (55,76), (56,76), (57,76), (58,76), (59,76), (60,76), (61,76), (62,76), (63,76), (64,76), (65,76), (66,76), (67,76), (68,76), (69,76), (70,76), (71,76), (72,76), (73,76), (74,76), (75,76), (76,76), (77,76), (78,76), (79,76), (80,76), (81,76), (82,76), (83,76), (83,76), (83,75), (83,74), (83,73), (83,72), (83,71), (83,70), (83,69), (83,68), (83,67), (83,66), (83,65), (83,64), (83,63), (83,62), (83,61), (83,60), (83,59), (83,58), (83,57), (83,56), (83,55), (83,54), (83,53), (83,52), (83,51), (83,50), (83,49), (83,48), (83,47), (83,46), (83,45), (83,44), (83,43), (83,42), (83,41), (83,40), (83,39), (83,38), (83,37), (83,36), (83,35), (83,34), (83,33), (83,32), (83,31), (83,30), (83,29), (83,28), (83,27), (83,26), (83,25), (83,24), (83,23), (83,22), (83,21), (83,20), (83,19), (83,18), (83,17), (83,16), (83,15), (83,14), (83,13), (83,12), (83,11), (83,10), (83,9), (83,8), (83,7), (83,6), (83,5), (83,4), (83,3), (83,2), (83,1)",
        "time": 8202.099737532808
    },
    "Walk_Train_Uber": {
        "cost": 23.831870786037722,
        "env_tax": 0.065,
        "route": "(48,76), (49,76), (50,76), (50,76), (50,77), (50,78), (50,79), (50,80)|(50,80), (51,80), (52,80), (53,80), (54,80), (55,80), (56,80), (57,80), (58,80), (59,80), (60,80), (61,80), (62,80), (63,80), (64,80), (65,80), (66,80), (67,80), (68,80), (69,80), (70,80), (71,80), (72,80), (73,80), (74,80), (75,80), (76,80), (77,80), (78,80), (79,80), (80,80), (80,80), (80,79), (80,78), (80,77), (80,76), (80,75), (80,74), (80,73), (80,72), (80,71), (80,70), (80,69), (80,68), (80,67), (80,66), (80,65), (80,64), (80,63), (80,62), (80,61), (80,60), (80,59), (80,58), (80,57), (80,56), (80,55), (80,54), (80,53), (80,52), (80,51), (80,50), (80,49), (80,48), (80,47), (80,46), (80,45), (80,44), (80,43), (80,42), (80,41), (80,40), (80,39), (80,38), (80,37), (80,36), (80,35), (80,34), (80,33), (80,32), (80,31), (80,30), (80,29), (80,28), (80,27), (80,26), (80,25), (80,24), (80,23), (80,22), (80,21), (80,20), (80,19), (80,18), (80,17), (80,16), (80,15), (80,14), (80,13), (80,12), (80,11), (80,10)|(80,10), (81,10), (81,9), (81,8), (81,7), (82,7), (82,6), (82,5), (82,4), (83,4), (83,3), (83,2), (83,1)",
        "time": 463.08731706687024
    },
    "Walk_Train_Walk": {
        "cost": 10.200000000000001,
        "env_tax": 0,
        "route": "(48,76), (49,76), (50,76), (50,76), (50,77), (50,78), (50,79), (50,80)|(50,80), (51,80), (52,80), (53,80), (54,80), (55,80), (56,80), (57,80), (58,80), (59,80), (60,80), (61,80), (62,80), (63,80), (64,80), (65,80), (66,80), (67,80), (68,80), (69,80), (70,80), (71,80), (72,80), (73,80), (74,80), (75,80), (76,80), (77,80), (78,80), (79,80), (80,80), (80,80), (80,79), (80,78), (80,77), (80,76), (80,75), (80,74), (80,73), (80,72), (80,71), (80,70), (80,69), (80,68), (80,67), (80,66), (80,65), (80,64), (80,63), (80,62), (80,61), (80,60), (80,59), (80,58), (80,57), (80,56), (80,55), (80,54), (80,53), (80,52), (80,51), (80,50), (80,49), (80,48), (80,47), (80,46), (80,45), (80,44), (80,43), (80,42), (80,41), (80,40), (80,39), (80,38), (80,37), (80,36), (80,35), (80,34), (80,33), (80,32), (80,31), (80,30), (80,29), (80,28), (80,27), (80,26), (80,25), (80,24), (80,23), (80,22), (80,21), (80,20), (80,19), (80,18), (80,17), (80,16), (80,15), (80,14), (80,13), (80,12), (80,11), (80,10)|(80,10), (81,10), (82,10), (83,10), (83,10), (83,9), (83,8), (83,7), (83,6), (83,5), (83,4), (83,3), (83,2), (83,1)",
        "time": 1349.2814877368398
    }
}