{
    "Uber": {
        "cost": 42.842021037515785,
        "env_tax": 0.24000000000000005,
        "route": "(53,57), (53,58), (53,59), (53,60), (53,61), (53,62), (53,63), (53,64), (53,65), (53,66), (53,67), (53,68), (53,69), (53,70), (53,71), (53,72), (53,73), (53,74), (53,75), (53,76), (53,77), (53,78), (53,79), (53,80), (53,81), (53,82), (52,82), (52,83), (52,84), (52,85), (52,86), (52,87), (52,88), (52,89), (52,90), (52,91), (52,92), (52,93), (51,93), (51,94), (51,95), (50,95), (49,95), (48,95), (48,96), (47,96), (47,97), (46,97)",
        "time": 15.308656176111057
    },
    "Uber_Train_Uber": {
        "cost": 37.05279369700875,
        "env_tax": 0.09500000000000001,
        "route": "(53,57), (53,58), (52,58), (52,59), (51,59), (51,60), (50,60)|(50,60), (50,60), (50,61), (50,62), (50,63), (50,64), (50,65), (50,66), (50,67), (50,68), (50,69), (50,70), (50,71), (50,72), (50,73), (50,74), (50,75), (50,76), (50,77), (50,78), (50,79), (50,80), (50,81), (50,82), (50,83), (50,84), (50,85), (50,86), (50,87), (50,88), (50,89), (50,90)|(50,90), (50,91), (50,92), (49,92), (49,93), (49,94), (49,95), (48,95), (48,96), (47,96), (47,97), (46,97)",
        "time": 26.285085020671453
    },
    "Uber_Train_Walk": {
        "cost": 22.165378599312977,
        "env_tax": 0.035,
        "route": "(53,57), (53,58), (52,58), (52,59), (51,59), (51,60), (50,60)|(50,60), (50,60), (50,61), (50,62), (50,63), (50,64), (50,65), (50,66), (50,67), (50,68), (50,69), (50,70), (50,71), (50,72), (50,73), (50,74), (50,75), (50,76), (50,77), (50,78), (50,79), (50,80), (50,81), (50,82), (50,83), (50,84), (50,85), (50,86), (50,87), (50,88), (50,89), (50,90)|(50,90), (49,90), (48,90), (47,90), (46,90), (46,90), (46,91), (46,92), (46,93), (46,94), (46,95), (46,96), (46,97)",
        "time": 832.7997850044756
    },
    "Walk": {
        "cost": 0,
        "env_tax": 0,
        "route": "(53,57), (52,57), (51,57), (50,57), (49,57), (48,57), (47,57), (46,57), (46,57), (46,58), (46,59), (46,60), (46,61), (46,62), (46,63), (46,64), (46,65), (46,66), (46,67), (46,68), (46,69), (46,70), (46,71), (46,72), (46,73), (46,74), (46,75), (46,76), (46,77), (46,78), (46,79), (46,80), (46,81), (46,82), (46,83), (46,84), (46,85), (46,86), (46,87), (46,88), (46,89), (46,90), (46,91), (46,92), (46,93), (46,94), (46,95), (46,96), (46,97)",
        "time": 3504.5335242185633
    },
    "Walk_Train_Uber": {
        "cost": 18.19433060928097,
        "env_tax": 0.06000000000000001,
        "route": "(53,57), (52,57), (51,57), (50,57), (50,57), (50,58), (50,59), (50,60)|(50,60), (50,60), (50,61), (50,62), (50,63), (50,64), (50,65), (50,66), (50,67), (50,68), (50,69), (50,70), (50,71), (50,72), (50,73), (50,74), (50,75), (50,76), (50,77), (50,78), (50,79), (50,80), (50,81), (50,82), (50,83), (50,84), (50,85), (50,86), (50,87), (50,88), (50,89), (50,90)|(50,90), (50,91), (50,92), (49,92), (49,93), (49,94), (49,95), (48,95), (48,96), (47,96), (47,97), (46,97)",
        "time": 463.4661828448977
    },
    "Walk_Train_Walk": {
        "cost": 3.2,
        "env_tax": 0,
        "route": "(53,57), (52,57), (51,57), (50,57), (50,57), (50,58), (50,59), (50,60)|(50,60), (50,60), (50,61), (50,62), (50,63), (50,64), (50,65), (50,66), (50,67), (50,68), (50,69), (50,70), (50,71), (50,72), (50,73), (50,74), (50,75), (50,76), (50,77), (50,78), (50,79), (50,80), (50,81), (50,82), (50,83), (50,84), (50,85), (50,86), (50,87), (50,88), (50,89), (50,90)|(50,90), (49,90), (48,90), (47,90), (46,90), (46,90), (46,91), (46,92), (46,93), (46,94), (46,95), (46,96), (46,97)",
        "time": 1274.5494436073284
    }
}