{
    "Uber": {
        "cost": 65.49500852289731,
        "env_tax": 0.28,
        "route": "(60,51), (60,50), (60,49), (60,48), (59,48), (59,47), (59,46), (59,45), (59,44), (58,44), (57,44), (57,43), (56,43), (56,42), (56,41), (55,41), (54,41), (53,41), (53,40), (52,40), (52,39), (52,38), (51,38), (51,37), (50,37), (49,37), (48,37), (47,37), (46,37), (46,36), (45,36), (45,35), (44,35), (44,34), (44,33), (43,33), (43,32), (42,32), (41,32), (40,32), (40,31), (40,30), (40,29), (40,28), (39,28), (38,28), (37,28), (36,28), (36,27), (35,27), (34,27), (33,27), (32,27), (31,27), (30,27), (30,26)",
        "time": 23.408053174190428
    },
    "Uber_Train_Uber": {
        "cost": 32.674572991097726,
        "env_tax": 0.035,
        "route": "(60,51), (60,50)|(60,50), (59,50), (58,50), (57,50), (56,50), (55,50), (54,50), (53,50), (52,50), (51,50), (50,50), (49,50), (48,50), (47,50), (46,50), (45,50), (44,50), (43,50), (42,50), (41,50), (40,50), (39,50), (38,50), (37,50), (36,50), (35,50), (34,50), (33,50), (32,50), (31,50), (30,50), (30,50), (30,49), (30,48), (30,47), (30,46), (30,45), (30,44), (30,43), (30,42), (30,41), (30,40), (30,39), (30,38), (30,37), (30,36), (30,35), (30,34), (30,33), (30,32), (30,31), (30,30)|(30,30), (30,29), (30,28), (30,27), (30,26)",
        "time": 19.076350892663942
    },
    "Uber_Train_Walk": {
        "cost": 18.47004342381337,
        "env_tax": 0.010000000000000002,
        "route": "(60,51), (60,50)|(60,50), (59,50), (58,50), (57,50), (56,50), (55,50), (54,50), (53,50), (52,50), (51,50), (50,50), (49,50), (48,50), (47,50), (46,50), (45,50), (44,50), (43,50), (42,50), (41,50), (40,50), (39,50), (38,50), (37,50), (36,50), (35,50), (34,50), (33,50), (32,50), (31,50), (30,50), (30,50), (30,49), (30,48), (30,47), (30,46), (30,45), (30,44), (30,43), (30,42), (30,41), (30,40), (30,39), (30,38), (30,37), (30,36), (30,35), (30,34), (30,33), (30,32), (30,31), (30,30)|(30,30), (30,30), (30,29), (30,28), (30,27), (30,26)",
        "time": 307.6218950767631
    },
    "Walk": {
        "cost": 0,
        "env_tax": 0,
        "route": "(60,51), (59,51), (58,51), (57,51), (56,51), (55,51), (54,51), (53,51), (52,51), (51,51), (50,51), (49,51), (48,51), (47,51), (46,51), (45,51), (44,51), (43,51), (42,51), (41,51), (40,51), (39,51), (38,51), (37,51), (36,51), (35,51), (34,51), (33,51), (32,51), (31,51), (30,51), (30,51), (30,50), (30,49), (30,48), (30,47), (30,46), (30,45), (30,44), (30,43), (30,42), (30,41), (30,40), (30,39), (30,38), (30,37), (30,36), (30,35), (30,34), (30,33), (30,32), (30,31), (30,30), (30,29), (30,28), (30,27), (30,26)",
        "time": 4101.049868766404
    },
    "Walk_Train_Uber": {
        "cost": 19.176526565350464,
        "env_tax": 0.025,
        "route": "(60,51), (60,51), (60,50)|(60,50), (59,50), (58,50), (57,50), (56,50), (55,50), (54,50), (53,50), (52,50), (51,50), (50,50), (49,50), (48,50), (47,50), (46,50), (45,50), (44,50), (43,50), (42,50), (41,50), (40,50), (39,50), (38,50), (37,50), (36,50), (35,50), (34,50), (33,50), (32,50), (31,50), (30,50), (30,50), (30,49), (30,48), (30,47), (30,46), (30,45), (30,44), (30,43), (30,42), (30,41), (30,40), (30,39), (30,38), (30,37), (30,36), (30,35), (30,34), (30,33), (30,32), (30,31), (30,30)|(30,30), (30,29), (30,28), (30,27), (30,26)",
        "time": 90.1947028153825
    },
    "Walk_Train_Walk": {
        "cost": 5.2,
        "env_tax": 0,
        "route": "(60,51), (60,51), (60,50)|(60,50), (59,50), (58,50), (57,50), (56,50), (55,50), (54,50), (53,50), (52,50), (51,50), (50,50), (49,50), (48,50), (47,50), (46,50), (45,50), (44,50), (43,50), (42,50), (41,50), (40,50), (39,50), (38,50), (37,50), (36,50), (35,50), (34,50), (33,50), (32,50), (31,50), (30,50), (30,50), (30,49), (30,48), (30,47), (30,46), (30,45), (30,44), (30,43), (30,42), (30,41), (30,40), (30,39), (30,38), (30,37), (30,36), (30,35), (30,34), (30,33), (30,32), (30,31), (30,30)|(30,30), (30,30), (30,29), (30,28), (30,27), (30,26)",
        "time": 378.066928789613
    }
}