{
    "Uber": {
        "cost": 22.898428874029076,
        "env_tax": 0.13,
        "route": "(37,24), (36,24), (36,23), (36,22), (36,21), (36,20), (36,19), (35,19), (35,18), (34,18), (34,17), (33,17), (32,17), (31,17), (30,17), (29,17), (28,17), (27,17), (26,17), (25,17), (24,17), (23,17), (23,16), (22,16), (21,16), (20,16)",
        "time": 9.299305958713843
    },
    "Uber_Train_Uber": {
        "cost": 31.449975970973696,
        "env_tax": 0.065,
        "route": "(37,24), (38,24), (39,24), (39,23), (39,22), (39,21), (40,21), (40,20)|(40,20), (39,20), (38,20), (37,20), (36,20), (35,20), (34,20), (33,20), (32,20), (31,20), (30,20), (29,20), (28,20), (27,20), (26,20), (25,20), (24,20), (23,20), (22,20), (21,20), (20,20), (20,20)|(20,20), (20,19), (20,18), (20,17), (20,16)",
        "time": 18.851880164873617
    },
    "Uber_Train_Walk": {
        "cost": 18.60858266926767,
        "env_tax": 0.04000000000000001,
        "route": "(37,24), (38,24), (39,24), (39,23), (39,22), (39,21), (40,21), (40,20)|(40,20), (39,20), (38,20), (37,20), (36,20), (35,20), (34,20), (33,20), (32,20), (31,20), (30,20), (29,20), (28,20), (27,20), (26,20), (25,20), (24,20), (23,20), (22,20), (21,20), (20,20), (20,20)|(20,20), (20,20), (20,19), (20,18), (20,17), (20,16)",
        "time": 312.34610493146073
    },
    "Walk": {
        "cost": 0,
        "env_tax": 0,
        "route": "(37,24), (36,24), (35,24), (34,24), (33,24), (32,24), (31,24), (30,24), (29,24), (28,24), (27,24), (26,24), (25,24), (24,24), (23,24), (22,24), (21,24), (20,24), (20,24), (20,23), (20,22), (20,21), (20,20), (20,19), (20,18), (20,17), (20,16)",
        "time": 1864.1135767120018
    },
    "Walk_Train_Uber": {
        "cost": 15.005552937721662,
        "env_tax": 0.025,
        "route": "(37,24), (38,24), (39,24), (40,24), (40,24), (40,23), (40,22), (40,21), (40,20)|(40,20), (39,20), (38,20), (37,20), (36,20), (35,20), (34,20), (33,20), (32,20), (31,20), (30,20), (29,20), (28,20), (27,20), (26,20), (25,20), (24,20), (23,20), (22,20), (21,20), (20,20), (20,20)|(20,20), (20,19), (20,18), (20,17), (20,16)",
        "time": 535.9657472782732
    },
    "Walk_Train_Walk": {
        "cost": 2.2,
        "env_tax": 0,
        "route": "(37,24), (38,24), (39,24), (40,24), (40,24), (40,23), (40,22), (40,21), (40,20)|(40,20), (39,20), (38,20), (37,20), (36,20), (35,20), (34,20), (33,20), (32,20), (31,20), (30,20), (29,20), (28,20), (27,20), (26,20), (25,20), (24,20), (23,20), (22,20), (21,20), (20,20), (20,20)|(20,20), (20,20), (20,19), (20,18), (20,17), (20,16)",
        "time": 827.9292982130158
    }
}