{
    "Uber": {
        "cost": 37.55658702251568,
        "env_tax": 0.395,
        "route": "(10,58), (10,59), (9,59), (9,60), (9,61), (9,62), (9,63), (9,64), (9,65), (9,66), (9,67), (9,68), (9,69), (9,70), (9,71), (9,72), (9,73), (9,74), (10,74), (10,75), (11,75), (11,76), (11,77), (11,78), (11,79), (11,80), (11,81), (12,81), (12,82), (12,83), (13,83), (13,84), (14,84), (15,84), (16,84), (16,85), (16,86), (16,87), (17,87), (18,87), (19,87), (20,87), (21,87), (22,87), (23,87), (24,87), (25,87), (26,87), (27,87), (28,87), (29,87), (30,87), (31,87), (32,87), (33,87), (33,86), (34,86), (34,85), (35,85), (35,84), (36,84), (37,84), (38,84), (39,84), (40,84), (40,83), (41,83), (42,83), (43,83), (43,82), (43,81), (44,81), (45,81), (45,80), (46,80), (46,79), (46,78), (46,77), (47,77)",
        "time": 16.78651263965666
    },
    "Uber_Train_Uber": {
        "cost": 33.896461788448065,
        "env_tax": 0.05,
        "route": "(10,58), (10,59), (10,60)|(10,60), (11,60), (12,60), (13,60), (14,60), (15,60), (16,60), (17,60), (18,60), (19,60), (20,60), (21,60), (22,60), (23,60), (24,60), (25,60), (26,60), (27,60), (28,60), (29,60), (30,60), (31,60), (32,60), (33,60), (34,60), (35,60), (36,60), (37,60), (38,60), (39,60), (40,60), (41,60), (42,60), (43,60), (44,60), (45,60), (46,60), (47,60), (48,60), (49,60), (50,60), (50,60), (50,61), (50,62), (50,63), (50,64), (50,65), (50,66), (50,67), (50,68), (50,69), (50,70), (50,71), (50,72), (50,73), (50,74), (50,75), (50,76), (50,77), (50,78), (50,79), (50,80)|(50,80), (49,80), (49,79), (48,79), (48,78), (48,77), (47,77)",
        "time": 18.23975258876431
    },
    "Uber_Train_Walk": {
        "cost": 18.694954745287788,
        "env_tax": 0.015000000000000003,
        "route": "(10,58), (10,59), (10,60)|(10,60), (11,60), (12,60), (13,60), (14,60), (15,60), (16,60), (17,60), (18,60), (19,60), (20,60), (21,60), (22,60), (23,60), (24,60), (25,60), (26,60), (27,60), (28,60), (29,60), (30,60), (31,60), (32,60), (33,60), (34,60), (35,60), (36,60), (37,60), (38,60), (39,60), (40,60), (41,60), (42,60), (43,60), (44,60), (45,60), (46,60), (47,60), (48,60), (49,60), (50,60), (50,60), (50,61), (50,62), (50,63), (50,64), (50,65), (50,66), (50,67), (50,68), (50,69), (50,70), (50,71), (50,72), (50,73), (50,74), (50,75), (50,76), (50,77), (50,78), (50,79), (50,80)|(50,80), (49,80), (48,80), (47,80), (47,80), (47,79), (47,78), (47,77)",
        "time": 462.55236432515596
    },
    "Walk": {
        "cost": 0,
        "env_tax": 0,
        "route": "(10,58), (11,58), (12,58), (13,58), (14,58), (15,58), (16,58), (17,58), (18,58), (19,58), (20,58), (21,58), (22,58), (23,58), (24,58), (25,58), (26,58), (27,58), (28,58), (29,58), (30,58), (31,58), (32,58), (33,58), (34,58), (35,58), (36,58), (37,58), (38,58), (39,58), (40,58), (41,58), (42,58), (43,58), (44,58), (45,58), (46,58), (47,58), (47,58), (47,59), (47,60), (47,61), (47,62), (47,63), (47,64), (47,65), (47,66), (47,67), (47,68), (47,69), (47,70), (47,71), (47,72), (47,73), (47,74), (47,75), (47,76), (47,77)",
        "time": 4175.614411834884
    },
    "Walk_Train_Uber": {
        "cost": 21.590752706984503,
        "env_tax": 0.035,
        "route": "(10,58), (10,58), (10,59), (10,60)|(10,60), (11,60), (12,60), (13,60), (14,60), (15,60), (16,60), (17,60), (18,60), (19,60), (20,60), (21,60), (22,60), (23,60), (24,60), (25,60), (26,60), (27,60), (28,60), (29,60), (30,60), (31,60), (32,60), (33,60), (34,60), (35,60), (36,60), (37,60), (38,60), (39,60), (40,60), (41,60), (42,60), (43,60), (44,60), (45,60), (46,60), (47,60), (48,60), (49,60), (50,60), (50,60), (50,61), (50,62), (50,63), (50,64), (50,65), (50,66), (50,67), (50,68), (50,69), (50,70), (50,71), (50,72), (50,73), (50,74), (50,75), (50,76), (50,77), (50,78), (50,79), (50,80)|(50,80), (49,80), (49,79), (48,79), (48,78), (48,77), (47,77)",
        "time": 168.21897349002737
    },
    "Walk_Train_Walk": {
        "cost": 6.2,
        "env_tax": 0,
        "route": "(10,58), (10,58), (10,59), (10,60)|(10,60), (11,60), (12,60), (13,60), (14,60), (15,60), (16,60), (17,60), (18,60), (19,60), (20,60), (21,60), (22,60), (23,60), (24,60), (25,60), (26,60), (27,60), (28,60), (29,60), (30,60), (31,60), (32,60), (33,60), (34,60), (35,60), (36,60), (37,60), (38,60), (39,60), (40,60), (41,60), (42,60), (43,60), (44,60), (45,60), (46,60), (47,60), (48,60), (49,60), (50,60), (50,60), (50,61), (50,62), (50,63), (50,64), (50,65), (50,66), (50,67), (50,68), (50,69), (50,70), (50,71), (50,72), (50,73), (50,74), (50,75), (50,76), (50,77), (50,78), (50,79), (50,80)|(50,80), (49,80), (48,80), (47,80), (47,80), (47,79), (47,78), (47,77)",
        "time": 604.6674364645759
    }
}