{
    "Uber": {
        "cost": 22.66607503450904,
        "env_tax": 0.225,
        "route": "(12,52), (12,53), (12,54), (12,55), (12,56), (12,57), (11,57), (11,58), (10,58), (10,59), (9,59), (9,60), (9,61), (9,62), (9,63), (9,64), (9,65), (9,66), (9,67), (9,68), (9,69), (9,70), (9,71), (9,72), (9,73), (9,74), (10,74), (10,75), (11,75), (11,76), (11,77), (11,78), (11,79), (11,80), (11,81), (11,82), (11,83), (11,84), (11,85), (12,85), (12,86), (12,87), (12,88), (13,88), (14,88)",
        "time": 9.205134969568144
    },
    "Uber_Train_Uber": {
        "cost": 30.336659610584444,
        "env_tax": 0.060000000000000005,
        "route": "(12,52), (12,51), (11,51), (10,51), (10,50)|(10,50), (10,50), (10,51), (10,52), (10,53), (10,54), (10,55), (10,56), (10,57), (10,58), (10,59), (10,60), (10,61), (10,62), (10,63), (10,64), (10,65), (10,66), (10,67), (10,68), (10,69), (10,70), (10,71), (10,72), (10,73), (10,74), (10,75), (10,76), (10,77), (10,78), (10,79), (10,80), (10,81), (10,82), (10,83), (10,84), (10,85), (10,86), (10,87), (10,88), (10,89), (10,90)|(10,90), (11,90), (11,89), (12,89), (13,89), (14,89), (14,88)",
        "time": 12.52432526223921
    },
    "Uber_Train_Walk": {
        "cost": 17.68002554332963,
        "env_tax": 0.025,
        "route": "(12,52), (12,51), (11,51), (10,51), (10,50)|(10,50), (10,50), (10,51), (10,52), (10,53), (10,54), (10,55), (10,56), (10,57), (10,58), (10,59), (10,60), (10,61), (10,62), (10,63), (10,64), (10,65), (10,66), (10,67), (10,68), (10,69), (10,70), (10,71), (10,72), (10,73), (10,74), (10,75), (10,76), (10,77), (10,78), (10,79), (10,80), (10,81), (10,82), (10,83), (10,84), (10,85), (10,86), (10,87), (10,88), (10,89), (10,90)|(10,90), (11,90), (12,90), (13,90), (14,90), (14,90), (14,89), (14,88)",
        "time": 459.2935538412725
    },
    "Walk": {
        "cost": 0,
        "env_tax": 0,
        "route": "(12,52), (13,52), (14,52), (14,52), (14,53), (14,54), (14,55), (14,56), (14,57), (14,58), (14,59), (14,60), (14,61), (14,62), (14,63), (14,64), (14,65), (14,66), (14,67), (14,68), (14,69), (14,70), (14,71), (14,72), (14,73), (14,74), (14,75), (14,76), (14,77), (14,78), (14,79), (14,80), (14,81), (14,82), (14,83), (14,84), (14,85), (14,86), (14,87), (14,88)",
        "time": 2833.452636602243
    },
    "Walk_Train_Uber": {
        "cost": 16.999130783437966,
        "env_tax": 0.035,
        "route": "(12,52), (11,52), (10,52), (10,52), (10,51), (10,50)|(10,50), (10,50), (10,51), (10,52), (10,53), (10,54), (10,55), (10,56), (10,57), (10,58), (10,59), (10,60), (10,61), (10,62), (10,63), (10,64), (10,65), (10,66), (10,67), (10,68), (10,69), (10,70), (10,71), (10,72), (10,73), (10,74), (10,75), (10,76), (10,77), (10,78), (10,79), (10,80), (10,81), (10,82), (10,83), (10,84), (10,85), (10,86), (10,87), (10,88), (10,89), (10,90)|(10,90), (11,90), (11,89), (12,89), (13,89), (14,89), (14,88)",
        "time": 315.18492661902127
    },
    "Walk_Train_Walk": {
        "cost": 4.2,
        "env_tax": 0,
        "route": "(12,52), (11,52), (10,52), (10,52), (10,51), (10,50)|(10,50), (10,50), (10,51), (10,52), (10,53), (10,54), (10,55), (10,56), (10,57), (10,58), (10,59), (10,60), (10,61), (10,62), (10,63), (10,64), (10,65), (10,66), (10,67), (10,68), (10,69), (10,70), (10,71), (10,72), (10,73), (10,74), (10,75), (10,76), (10,77), (10,78), (10,79), (10,80), (10,81), (10,82), (10,83), (10,84), (10,85), (10,86), (10,87), (10,88), (10,89), (10,90)|(10,90), (11,90), (12,90), (13,90), (14,90), (14,90), (14,89), (14,88)",
        "time": 753.228745510481
    }
}