{
    "Uber": {
        "cost": 39.603015439012566,
        "env_tax": 0.5,
        "route": "(79,7), (80,7), (81,7), (81,8), (81,9), (81,10), (82,10), (82,11), (83,11), (84,11), (84,12), (84,13), (85,13), (86,13), (87,13), (87,14), (88,14), (88,15), (88,16), (88,17), (88,18), (89,18), (89,19), (89,20), (89,21), (89,22), (89,23), (89,24), (89,25), (89,26), (89,27), (89,28), (89,29), (89,30), (89,31), (89,32), (89,33), (89,34), (89,35), (89,36), (89,37), (89,38), (89,39), (88,39), (88,40), (88,41), (88,42), (88,43), (88,44), (88,45), (88,46), (88,47), (88,48), (88,49), (88,50), (88,51), (88,52), (88,53), (88,54), (88,55), (88,56), (88,57), (88,58), (88,59), (88,60), (88,61), (88,62), (87,62), (87,63), (87,64), (86,64), (86,65), (86,66), (86,67), (86,68), (86,69), (86,70), (86,71), (86,72), (86,73), (86,74), (86,75), (86,76), (86,77), (86,78), (86,79), (86,80), (86,81), (86,82), (86,83), (86,84), (85,84), (84,84), (83,84), (82,84), (81,84), (81,83), (80,83), (79,83), (78,83)",
        "time": 12.866283331069452
    },
    "Uber_Train_Uber": {
        "cost": 32.94996330762626,
        "env_tax": 0.05500000000000001,
        "route": "(79,7), (79,8), (79,9), (79,10), (80,10)|(80,10), (80,10), (80,11), (80,12), (80,13), (80,14), (80,15), (80,16), (80,17), (80,18), (80,19), (80,20), (80,21), (80,22), (80,23), (80,24), (80,25), (80,26), (80,27), (80,28), (80,29), (80,30), (80,31), (80,32), (80,33), (80,34), (80,35), (80,36), (80,37), (80,38), (80,39), (80,40), (80,41), (80,42), (80,43), (80,44), (80,45), (80,46), (80,47), (80,48), (80,49), (80,50), (80,51), (80,52), (80,53), (80,54), (80,55), (80,56), (80,57), (80,58), (80,59), (80,60), (80,61), (80,62), (80,63), (80,64), (80,65), (80,66), (80,67), (80,68), (80,69), (80,70), (80,71), (80,72), (80,73), (80,74), (80,75), (80,76), (80,77), (80,78), (80,79), (80,80)|(80,80), (79,80), (78,80), (78,81), (78,82), (78,83)",
        "time": 21.220083125089182
    },
    "Uber_Train_Walk": {
        "cost": 19.808826801882397,
        "env_tax": 0.025,
        "route": "(79,7), (79,8), (79,9), (79,10), (80,10)|(80,10), (80,10), (80,11), (80,12), (80,13), (80,14), (80,15), (80,16), (80,17), (80,18), (80,19), (80,20), (80,21), (80,22), (80,23), (80,24), (80,25), (80,26), (80,27), (80,28), (80,29), (80,30), (80,31), (80,32), (80,33), (80,34), (80,35), (80,36), (80,37), (80,38), (80,39), (80,40), (80,41), (80,42), (80,43), (80,44), (80,45), (80,46), (80,47), (80,48), (80,49), (80,50), (80,51), (80,52), (80,53), (80,54), (80,55), (80,56), (80,57), (80,58), (80,59), (80,60), (80,61), (80,62), (80,63), (80,64), (80,65), (80,66), (80,67), (80,68), (80,69), (80,70), (80,71), (80,72), (80,73), (80,74), (80,75), (80,76), (80,77), (80,78), (80,79), (80,80)|(80,80), (79,80), (78,80), (78,80), (78,81), (78,82), (78,83)",
        "time": 387.2799379011196
    },
    "Walk": {
        "cost": 0,
        "env_tax": 0,
        "route": "(79,7), (78,7), (78,7), (78,8), (78,9), (78,10), (78,11), (78,12), (78,13), (78,14), (78,15), (78,16), (78,17), (78,18), (78,19), (78,20), (78,21), (78,22), (78,23), (78,24), (78,25), (78,26), (78,27), (78,28), (78,29), (78,30), (78,31), (78,32), (78,33), (78,34), (78,35), (78,36), (78,37), (78,38), (78,39), (78,40), (78,41), (78,42), (78,43), (78,44), (78,45), (78,46), (78,47), (78,48), (78,49), (78,50), (78,51), (78,52), (78,53), (78,54), (78,55), (78,56), (78,57), (78,58), (78,59), (78,60), (78,61), (78,62), (78,63), (78,64), (78,65), (78,66), (78,67), (78,68), (78,69), (78,70), (78,71), (78,72), (78,73), (78,74), (78,75), (78,76), (78,77), (78,78), (78,79), (78,80), (78,81), (78,82), (78,83)",
        "time": 5741.4698162729655
    },
    "Walk_Train_Uber": {
        "cost": 20.97352881546708,
        "env_tax": 0.030000000000000006,
        "route": "(79,7), (80,7), (80,7), (80,8), (80,9), (80,10)|(80,10), (80,10), (80,11), (80,12), (80,13), (80,14), (80,15), (80,16), (80,17), (80,18), (80,19), (80,20), (80,21), (80,22), (80,23), (80,24), (80,25), (80,26), (80,27), (80,28), (80,29), (80,30), (80,31), (80,32), (80,33), (80,34), (80,35), (80,36), (80,37), (80,38), (80,39), (80,40), (80,41), (80,42), (80,43), (80,44), (80,45), (80,46), (80,47), (80,48), (80,49), (80,50), (80,51), (80,52), (80,53), (80,54), (80,55), (80,56), (80,57), (80,58), (80,59), (80,60), (80,61), (80,62), (80,63), (80,64), (80,65), (80,66), (80,67), (80,68), (80,69), (80,70), (80,71), (80,72), (80,73), (80,74), (80,75), (80,76), (80,77), (80,78), (80,79), (80,80)|(80,80), (79,80), (78,80), (78,81), (78,82), (78,83)",
        "time": 312.5311573158348
    },
    "Walk_Train_Walk": {
        "cost": 7.2,
        "env_tax": 0,
        "route": "(79,7), (80,7), (80,7), (80,8), (80,9), (80,10)|(80,10), (80,10), (80,11), (80,12), (80,13), (80,14), (80,15), (80,16), (80,17), (80,18), (80,19), (80,20), (80,21), (80,22), (80,23), (80,24), (80,25), (80,26), (80,27), (80,28), (80,29), (80,30), (80,31), (80,32), (80,33), (80,34), (80,35), (80,36), (80,37), (80,38), (80,39), (80,40), (80,41), (80,42), (80,43), (80,44), (80,45), (80,46), (80,47), (80,48), (80,49), (80,50), (80,51), (80,52), (80,53), (80,54), (80,55), (80,56), (80,57), (80,58), (80,59), (80,60), (80,61), (80,62), (80,63), (80,64), (80,65), (80,66), (80,67), (80,68), (80,69), (80,70), (80,71), (80,72), (80,73), (80,74), (80,75), (80,76), (80,77), (80,78), (80,79), (80,80)|(80,80), (79,80), (78,80), (78,80), (78,81), (78,82), (78,83)",
        "time": 677.7346458369373
    }
}