{
    "Uber": {
        "cost": 33.45557112273317,
        "env_tax": 0.43,
        "route": "(96,12), (96,11), (96,10), (96,9), (96,8), (96,7), (96,6), (96,5), (95,5), (94,5), (93,5), (92,5), (91,5), (90,5), (90,4), (89,4), (88,4), (87,4), (86,4), (85,4), (84,4), (83,4), (82,4), (81,4), (81,3), (80,3), (79,3), (78,3), (77,3), (76,3), (75,3), (74,3), (73,3), (72,3), (71,3), (70,3), (69,3), (68,3), (67,3), (66,3), (65,3), (64,3), (64,4), (63,4), (62,4), (61,4), (60,4), (59,4), (58,4), (57,4), (56,4), (56,5), (55,5), (54,5), (53,5), (52,5), (51,5), (51,6), (50,6), (49,6), (48,6), (47,6), (46,6), (46,7), (45,7), (45,8), (45,9), (45,10), (45,11), (45,12), (45,13), (45,14), (45,15), (44,15), (44,16), (44,17), (44,18), (44,19), (44,20), (44,21), (44,22), (44,23), (44,24), (44,25), (44,26), (44,27)",
        "time": 13.092142343241775
    },
    "Uber_Train_Uber": {
        "cost": 37.28643632817528,
        "env_tax": 0.08500000000000002,
        "route": "(96,12), (95,12), (94,12), (93,12), (92,12), (92,11), (91,11), (90,11), (90,10)|(90,10), (89,10), (88,10), (87,10), (86,10), (85,10), (84,10), (83,10), (82,10), (81,10), (80,10), (79,10), (78,10), (77,10), (76,10), (75,10), (74,10), (73,10), (72,10), (71,10), (70,10), (69,10), (68,10), (67,10), (66,10), (65,10), (64,10), (63,10), (62,10), (61,10), (60,10), (59,10), (58,10), (57,10), (56,10), (55,10), (54,10), (53,10), (52,10), (51,10), (50,10), (49,10), (48,10), (47,10), (46,10), (45,10), (44,10), (43,10), (42,10), (41,10), (40,10), (40,10), (40,11), (40,12), (40,13), (40,14), (40,15), (40,16), (40,17), (40,18), (40,19), (40,20), (40,21), (40,22), (40,23), (40,24), (40,25), (40,26), (40,27), (40,28), (40,29), (40,30)|(40,30), (40,29), (40,28), (41,28), (41,27), (42,27), (43,27), (44,27)",
        "time": 27.767854520872685
    },
    "Uber_Train_Walk": {
        "cost": 19.987361529910192,
        "env_tax": 0.045000000000000005,
        "route": "(96,12), (95,12), (94,12), (93,12), (92,12), (92,11), (91,11), (90,11), (90,10)|(90,10), (89,10), (88,10), (87,10), (86,10), (85,10), (84,10), (83,10), (82,10), (81,10), (80,10), (79,10), (78,10), (77,10), (76,10), (75,10), (74,10), (73,10), (72,10), (71,10), (70,10), (69,10), (68,10), (67,10), (66,10), (65,10), (64,10), (63,10), (62,10), (61,10), (60,10), (59,10), (58,10), (57,10), (56,10), (55,10), (54,10), (53,10), (52,10), (51,10), (50,10), (49,10), (48,10), (47,10), (46,10), (45,10), (44,10), (43,10), (42,10), (41,10), (40,10), (40,10), (40,11), (40,12), (40,13), (40,14), (40,15), (40,16), (40,17), (40,18), (40,19), (40,20), (40,21), (40,22), (40,23), (40,24), (40,25), (40,26), (40,27), (40,28), (40,29), (40,30)|(40,30), (41,30), (42,30), (43,30), (44,30), (44,30), (44,29), (44,28), (44,27)",
        "time": 533.9072678845982
    },
    "Walk": {
        "cost": 0,
        "env_tax": 0,
        "route": "(96,12), (95,12), (94,12), (93,12), (92,12), (91,12), (90,12), (89,12), (88,12), (87,12), (86,12), (85,12), (84,12), (83,12), (82,12), (81,12), (80,12), (79,12), (78,12), (77,12), (76,12), (75,12), (74,12), (73,12), (72,12), (71,12), (70,12), (69,12), (68,12), (67,12), (66,12), (65,12), (64,12), (63,12), (62,12), (61,12), (60,12), (59,12), (58,12), (57,12), (56,12), (55,12), (54,12), (53,12), (52,12), (51,12), (50,12), (49,12), (48,12), (47,12), (46,12), (45,12), (44,12), (44,12), (44,13), (44,14), (44,15), (44,16), (44,17), (44,18), (44,19), (44,20), (44,21), (44,22), (44,23), (44,24), (44,25), (44,26), (44,27)",
        "time": 4995.824385588165
    },
    "Walk_Train_Uber": {
        "cost": 23.098045141750813,
        "env_tax": 0.04000000000000001,
        "route": "(96,12), (95,12), (94,12), (93,12), (92,12), (91,12), (90,12), (90,12), (90,11), (90,10)|(90,10), (89,10), (88,10), (87,10), (86,10), (85,10), (84,10), (83,10), (82,10), (81,10), (80,10), (79,10), (78,10), (77,10), (76,10), (75,10), (74,10), (73,10), (72,10), (71,10), (70,10), (69,10), (68,10), (67,10), (66,10), (65,10), (64,10), (63,10), (62,10), (61,10), (60,10), (59,10), (58,10), (57,10), (56,10), (55,10), (54,10), (53,10), (52,10), (51,10), (50,10), (49,10), (48,10), (47,10), (46,10), (45,10), (44,10), (43,10), (42,10), (41,10), (40,10), (40,10), (40,11), (40,12), (40,13), (40,14), (40,15), (40,16), (40,17), (40,18), (40,19), (40,20), (40,21), (40,22), (40,23), (40,24), (40,25), (40,26), (40,27), (40,28), (40,29), (40,30)|(40,30), (40,29), (40,28), (41,28), (41,27), (42,27), (43,27), (44,27)",
        "time": 606.5859683784182
    },
    "Walk_Train_Walk": {
        "cost": 7.2,
        "env_tax": 0,
        "route": "(96,12), (95,12), (94,12), (93,12), (92,12), (91,12), (90,12), (90,12), (90,11), (90,10)|(90,10), (89,10), (88,10), (87,10), (86,10), (85,10), (84,10), (83,10), (82,10), (81,10), (80,10), (79,10), (78,10), (77,10), (76,10), (75,10), (74,10), (73,10), (72,10), (71,10), (70,10), (69,10), (68,10), (67,10), (66,10), (65,10), (64,10), (63,10), (62,10), (61,10), (60,10), (59,10), (58,10), (57,10), (56,10), (55,10), (54,10), (53,10), (52,10), (51,10), (50,10), (49,10), (48,10), (47,10), (46,10), (45,10), (44,10), (43,10), (42,10), (41,10), (40,10), (40,10), (40,11), (40,12), (40,13), (40,14), (40,15), (40,16), (40,17), (40,18), (40,19), (40,20), (40,21), (40,22), (40,23), (40,24), (40,25), (40,26), (40,27), (40,28), (40,29), (40,30)|(40,30), (41,30), (42,30), (43,30), (44,30), (44,30), (44,29), (44,28), (44,27)",
        "time": 1123.0877323361055
    }
}