{
    "Uber": {
        "cost": 21.020768731080658,
        "env_tax": 0.2,
        "route": "(16,89), (15,89), (14,89), (13,89), (12,89), (11,89), (11,88), (11,87), (11,86), (11,85), (11,84), (11,83), (11,82), (11,81), (11,80), (11,79), (11,78), (11,77), (11,76), (11,75), (10,75), (10,74), (9,74), (9,73), (9,72), (9,71), (9,70), (9,69), (9,68), (9,67), (9,66), (9,65), (9,64), (9,63), (9,62), (9,61), (9,60), (9,59), (9,58), (8,58)",
        "time": 11.787567474182145
    },
    "Uber_Train_Uber": {
        "cost": 30.197652446209613,
        "env_tax": 0.05500000000000001,
        "route": "(16,89), (17,89), (18,89), (18,90), (19,90), (20,90)|(20,90), (19,90), (18,90), (17,90), (16,90), (15,90), (14,90), (13,90), (12,90), (11,90), (10,90), (10,90), (10,89), (10,88), (10,87), (10,86), (10,85), (10,84), (10,83), (10,82), (10,81), (10,80), (10,79), (10,78), (10,77), (10,76), (10,75), (10,74), (10,73), (10,72), (10,71), (10,70), (10,69), (10,68), (10,67), (10,66), (10,65), (10,64), (10,63), (10,62), (10,61), (10,60)|(10,60), (10,59), (9,59), (9,58), (8,58)",
        "time": 24.684247940792115
    },
    "Uber_Train_Walk": {
        "cost": 16.935532552615026,
        "env_tax": 0.030000000000000006,
        "route": "(16,89), (17,89), (18,89), (18,90), (19,90), (20,90)|(20,90), (19,90), (18,90), (17,90), (16,90), (15,90), (14,90), (13,90), (12,90), (11,90), (10,90), (10,90), (10,89), (10,88), (10,87), (10,86), (10,85), (10,84), (10,83), (10,82), (10,81), (10,80), (10,79), (10,78), (10,77), (10,76), (10,75), (10,74), (10,73), (10,72), (10,71), (10,70), (10,69), (10,68), (10,67), (10,66), (10,65), (10,64), (10,63), (10,62), (10,61), (10,60)|(10,60), (9,60), (8,60), (8,60), (8,59), (8,58)",
        "time": 308.12855288080203
    },
    "Walk": {
        "cost": 0,
        "env_tax": 0,
        "route": "(16,89), (15,89), (14,89), (13,89), (12,89), (11,89), (10,89), (9,89), (8,89), (8,89), (8,88), (8,87), (8,86), (8,85), (8,84), (8,83), (8,82), (8,81), (8,80), (8,79), (8,78), (8,77), (8,76), (8,75), (8,74), (8,73), (8,72), (8,71), (8,70), (8,69), (8,68), (8,67), (8,66), (8,65), (8,64), (8,63), (8,62), (8,61), (8,60), (8,59), (8,58)",
        "time": 2908.0171796707227
    },
    "Walk_Train_Uber": {
        "cost": 17.302557670488433,
        "env_tax": 0.025,
        "route": "(16,89), (17,89), (18,89), (19,89), (20,89), (20,89), (20,90)|(20,90), (19,90), (18,90), (17,90), (16,90), (15,90), (14,90), (13,90), (12,90), (11,90), (10,90), (10,90), (10,89), (10,88), (10,87), (10,86), (10,85), (10,84), (10,83), (10,82), (10,81), (10,80), (10,79), (10,78), (10,77), (10,76), (10,75), (10,74), (10,73), (10,72), (10,71), (10,70), (10,69), (10,68), (10,67), (10,66), (10,65), (10,64), (10,63), (10,62), (10,61), (10,60)|(10,60), (10,59), (9,59), (9,58), (8,58)",
        "time": 382.6753825968587
    },
    "Walk_Train_Walk": {
        "cost": 4.2,
        "env_tax": 0,
        "route": "(16,89), (17,89), (18,89), (19,89), (20,89), (20,89), (20,90)|(20,90), (19,90), (18,90), (17,90), (16,90), (15,90), (14,90), (13,90), (12,90), (11,90), (10,90), (10,90), (10,89), (10,88), (10,87), (10,86), (10,85), (10,84), (10,83), (10,82), (10,81), (10,80), (10,79), (10,78), (10,77), (10,76), (10,75), (10,74), (10,73), (10,72), (10,71), (10,70), (10,69), (10,68), (10,67), (10,66), (10,65), (10,64), (10,63), (10,62), (10,61), (10,60)|(10,60), (9,60), (8,60), (8,60), (8,59), (8,58)",
        "time": 675.2110724924012
    }
}