{
    "Uber": {
        "cost": 33.91002222122567,
        "env_tax": 0.30500000000000005,
        "route": "(76,68), (76,69), (76,70), (76,71), (76,72), (75,72), (75,73), (75,74), (75,75), (75,76), (75,77), (75,78), (75,79), (75,80), (75,81), (75,82), (75,83), (75,84), (74,84), (74,85), (74,86), (74,87), (74,88), (74,89), (73,89), (72,89), (71,89), (70,89), (69,89), (69,90), (68,90), (67,90), (66,90), (65,90), (64,90), (63,90), (62,90), (61,90), (60,90), (59,90), (58,90), (57,90), (56,90), (55,90), (54,90), (53,90), (52,90), (52,89), (52,88), (51,88), (50,88), (50,87), (49,87), (48,87), (48,86), (48,85), (48,84), (48,83), (48,82), (47,82), (46,82)",
        "time": 15.117721017883166
    },
    "Uber_Train_Uber": {
        "cost": 35.81107990280587,
        "env_tax": 0.07,
        "route": "(76,68), (77,68), (78,68), (79,68), (80,68), (80,69), (80,70)|(80,70), (79,70), (78,70), (77,70), (76,70), (75,70), (74,70), (73,70), (72,70), (71,70), (70,70), (69,70), (68,70), (67,70), (66,70), (65,70), (64,70), (63,70), (62,70), (61,70), (60,70), (59,70), (58,70), (57,70), (56,70), (55,70), (54,70), (53,70), (52,70), (51,70), (50,70), (50,70), (50,71), (50,72), (50,73), (50,74), (50,75), (50,76), (50,77), (50,78), (50,79), (50,80)|(50,80), (49,80), (49,81), (48,81), (48,82), (47,82), (46,82)",
        "time": 22.794390816564235
    },
    "Uber_Train_Walk": {
        "cost": 19.18927602370396,
        "env_tax": 0.035,
        "route": "(76,68), (77,68), (78,68), (79,68), (80,68), (80,69), (80,70)|(80,70), (79,70), (78,70), (77,70), (76,70), (75,70), (74,70), (73,70), (72,70), (71,70), (70,70), (69,70), (68,70), (67,70), (66,70), (65,70), (64,70), (63,70), (62,70), (61,70), (60,70), (59,70), (58,70), (57,70), (56,70), (55,70), (54,70), (53,70), (52,70), (51,70), (50,70), (50,70), (50,71), (50,72), (50,73), (50,74), (50,75), (50,76), (50,77), (50,78), (50,79), (50,80)|(50,80), (49,80), (48,80), (47,80), (46,80), (46,80), (46,81), (46,82)",
        "time": 459.11965911709257
    },
    "Walk": {
        "cost": 0,
        "env_tax": 0,
        "route": "(76,68), (75,68), (74,68), (73,68), (72,68), (71,68), (70,68), (69,68), (68,68), (67,68), (66,68), (65,68), (64,68), (63,68), (62,68), (61,68), (60,68), (59,68), (58,68), (57,68), (56,68), (55,68), (54,68), (53,68), (52,68), (51,68), (50,68), (49,68), (48,68), (47,68), (46,68), (46,68), (46,69), (46,70), (46,71), (46,72), (46,73), (46,74), (46,75), (46,76), (46,77), (46,78), (46,79), (46,80), (46,81), (46,82)",
        "time": 3280.839895013123
    },
    "Walk_Train_Uber": {
        "cost": 19.84491195595165,
        "env_tax": 0.035,
        "route": "(76,68), (77,68), (78,68), (79,68), (80,68), (80,68), (80,69), (80,70)|(80,70), (79,70), (78,70), (77,70), (76,70), (75,70), (74,70), (73,70), (72,70), (71,70), (70,70), (69,70), (68,70), (67,70), (66,70), (65,70), (64,70), (63,70), (62,70), (61,70), (60,70), (59,70), (58,70), (57,70), (56,70), (55,70), (54,70), (53,70), (52,70), (51,70), (50,70), (50,70), (50,71), (50,72), (50,73), (50,74), (50,75), (50,76), (50,77), (50,78), (50,79), (50,80)|(50,80), (49,80), (49,81), (48,81), (48,82), (47,82), (46,82)",
        "time": 460.37915105775187
    },
    "Walk_Train_Walk": {
        "cost": 4.2,
        "env_tax": 0,
        "route": "(76,68), (77,68), (78,68), (79,68), (80,68), (80,68), (80,69), (80,70)|(80,70), (79,70), (78,70), (77,70), (76,70), (75,70), (74,70), (73,70), (72,70), (71,70), (70,70), (69,70), (68,70), (67,70), (66,70), (65,70), (64,70), (63,70), (62,70), (61,70), (60,70), (59,70), (58,70), (57,70), (56,70), (55,70), (54,70), (53,70), (52,70), (51,70), (50,70), (50,70), (50,71), (50,72), (50,73), (50,74), (50,75), (50,76), (50,77), (50,78), (50,79), (50,80)|(50,80), (49,80), (48,80), (47,80), (46,80), (46,80), (46,81), (46,82)",
        "time": 901.5366920688343
    }
}