{
    "Uber": {
        "cost": 63.47500677560544,
        "env_tax": 0.6950000000000001,
        "route": "(90,66), (90,65), (90,64), (91,64), (92,64), (93,64), (93,63), (93,62), (93,61), (93,60), (93,59), (93,58), (93,57), (93,56), (93,55), (93,54), (93,53), (93,52), (92,52), (92,51), (92,50), (92,49), (92,48), (92,47), (92,46), (92,45), (92,44), (92,43), (92,42), (92,41), (92,40), (92,39), (92,38), (92,37), (92,36), (92,35), (92,34), (91,34), (90,34), (89,34), (88,34), (87,34), (87,33), (87,32), (87,31), (86,31), (85,31), (84,31), (83,31), (83,30), (82,30), (82,29), (82,28), (81,28), (80,28), (79,28), (79,27), (78,27), (78,26), (78,25), (78,24), (77,24), (76,24), (75,24), (74,24), (73,24), (73,23), (73,22), (73,21), (72,21), (71,21), (70,21), (69,21), (68,21), (67,21), (67,20), (67,19), (66,19), (66,18), (66,17), (65,17), (64,17), (64,16), (63,16), (62,16), (61,16), (61,15), (60,15), (59,15), (58,15), (57,15), (56,15), (55,15), (54,15), (53,15), (52,15), (51,15), (50,15), (49,15), (48,15), (48,14), (47,14), (46,14), (45,14), (44,14), (43,14), (42,14), (41,14), (40,14), (39,14), (38,14), (37,14), (36,14), (35,14), (34,14), (33,14), (32,14), (31,14), (30,14), (29,14), (28,14), (27,14), (26,14), (25,14), (24,14), (24,15), (23,15), (23,16), (22,16), (21,16), (20,16), (19,16), (18,16), (18,17), (18,18), (18,19), (18,20), (18,21), (18,22)",
        "time": 20.328048917444825
    },
    "Uber_Train_Uber": {
        "cost": 38.046996726749725,
        "env_tax": 0.05,
        "route": "(90,66), (90,67), (90,68), (90,69), (90,70)|(90,70), (89,70), (88,70), (87,70), (86,70), (85,70), (84,70), (83,70), (82,70), (81,70), (80,70), (79,70), (78,70), (77,70), (76,70), (75,70), (74,70), (73,70), (72,70), (71,70), (70,70), (69,70), (68,70), (67,70), (66,70), (65,70), (64,70), (63,70), (62,70), (61,70), (60,70), (59,70), (58,70), (57,70), (56,70), (55,70), (54,70), (53,70), (52,70), (51,70), (50,70), (49,70), (48,70), (47,70), (46,70), (45,70), (44,70), (43,70), (42,70), (41,70), (40,70), (39,70), (38,70), (37,70), (36,70), (35,70), (34,70), (33,70), (32,70), (31,70), (30,70), (29,70), (28,70), (27,70), (26,70), (25,70), (24,70), (23,70), (22,70), (21,70), (20,70), (20,70), (20,69), (20,68), (20,67), (20,66), (20,65), (20,64), (20,63), (20,62), (20,61), (20,60), (20,59), (20,58), (20,57), (20,56), (20,55), (20,54), (20,53), (20,52), (20,51), (20,50), (20,49), (20,48), (20,47), (20,46), (20,45), (20,44), (20,43), (20,42), (20,41), (20,40), (20,39), (20,38), (20,37), (20,36), (20,35), (20,34), (20,33), (20,32), (20,31), (20,30), (20,29), (20,28), (20,27), (20,26), (20,25), (20,24), (20,23), (20,22), (20,21), (20,20)|(20,20), (19,20), (18,20), (18,21), (18,22)",
        "time": 24.314379288503467
    },
    "Uber_Train_Walk": {
        "cost": 25.2413533283756,
        "env_tax": 0.025,
        "route": "(90,66), (90,67), (90,68), (90,69), (90,70)|(90,70), (89,70), (88,70), (87,70), (86,70), (85,70), (84,70), (83,70), (82,70), (81,70), (80,70), (79,70), (78,70), (77,70), (76,70), (75,70), (74,70), (73,70), (72,70), (71,70), (70,70), (69,70), (68,70), (67,70), (66,70), (65,70), (64,70), (63,70), (62,70), (61,70), (60,70), (59,70), (58,70), (57,70), (56,70), (55,70), (54,70), (53,70), (52,70), (51,70), (50,70), (49,70), (48,70), (47,70), (46,70), (45,70), (44,70), (43,70), (42,70), (41,70), (40,70), (39,70), (38,70), (37,70), (36,70), (35,70), (34,70), (33,70), (32,70), (31,70), (30,70), (29,70), (28,70), (27,70), (26,70), (25,70), (24,70), (23,70), (22,70), (21,70), (20,70), (20,70), (20,69), (20,68), (20,67), (20,66), (20,65), (20,64), (20,63), (20,62), (20,61), (20,60), (20,59), (20,58), (20,57), (20,56), (20,55), (20,54), (20,53), (20,52), (20,51), (20,50), (20,49), (20,48), (20,47), (20,46), (20,45), (20,44), (20,43), (20,42), (20,41), (20,40), (20,39), (20,38), (20,37), (20,36), (20,35), (20,34), (20,33), (20,32), (20,31), (20,30), (20,29), (20,28), (20,27), (20,26), (20,25), (20,24), (20,23), (20,22), (20,21), (20,20)|(20,20), (19,20), (18,20), (18,20), (18,21), (18,22)",
        "time": 313.48015040234196
    },
    "Walk": {
        "cost": 0,
        "env_tax": 0,
        "route": "(90,66), (89,66), (88,66), (87,66), (86,66), (85,66), (84,66), (83,66), (82,66), (81,66), (80,66), (79,66), (78,66), (77,66), (76,66), (75,66), (74,66), (73,66), (72,66), (71,66), (70,66), (69,66), (68,66), (67,66), (66,66), (65,66), (64,66), (63,66), (62,66), (61,66), (60,66), (59,66), (58,66), (57,66), (56,66), (55,66), (54,66), (53,66), (52,66), (51,66), (50,66), (49,66), (48,66), (47,66), (46,66), (45,66), (44,66), (43,66), (42,66), (41,66), (40,66), (39,66), (38,66), (37,66), (36,66), (35,66), (34,66), (33,66), (32,66), (31,66), (30,66), (29,66), (28,66), (27,66), (26,66), (25,66), (24,66), (23,66), (22,66), (21,66), (20,66), (19,66), (18,66), (18,66), (18,65), (18,64), (18,63), (18,62), (18,61), (18,60), (18,59), (18,58), (18,57), (18,56), (18,55), (18,54), (18,53), (18,52), (18,51), (18,50), (18,49), (18,48), (18,47), (18,46), (18,45), (18,44), (18,43), (18,42), (18,41), (18,40), (18,39), (18,38), (18,37), (18,36), (18,35), (18,34), (18,33), (18,32), (18,31), (18,30), (18,29), (18,28), (18,27), (18,26), (18,25), (18,24), (18,23), (18,22)",
        "time": 8649.48699594369
    },
    "Walk_Train_Uber": {
        "cost": 25.045396867190668,
        "env_tax": 0.025,
        "route": "(90,66), (90,66), (90,67), (90,68), (90,69), (90,70)|(90,70), (89,70), (88,70), (87,70), (86,70), (85,70), (84,70), (83,70), (82,70), (81,70), (80,70), (79,70), (78,70), (77,70), (76,70), (75,70), (74,70), (73,70), (72,70), (71,70), (70,70), (69,70), (68,70), (67,70), (66,70), (65,70), (64,70), (63,70), (62,70), (61,70), (60,70), (59,70), (58,70), (57,70), (56,70), (55,70), (54,70), (53,70), (52,70), (51,70), (50,70), (49,70), (48,70), (47,70), (46,70), (45,70), (44,70), (43,70), (42,70), (41,70), (40,70), (39,70), (38,70), (37,70), (36,70), (35,70), (34,70), (33,70), (32,70), (31,70), (30,70), (29,70), (28,70), (27,70), (26,70), (25,70), (24,70), (23,70), (22,70), (21,70), (20,70), (20,70), (20,69), (20,68), (20,67), (20,66), (20,65), (20,64), (20,63), (20,62), (20,61), (20,60), (20,59), (20,58), (20,57), (20,56), (20,55), (20,54), (20,53), (20,52), (20,51), (20,50), (20,49), (20,48), (20,47), (20,46), (20,45), (20,44), (20,43), (20,42), (20,41), (20,40), (20,39), (20,38), (20,37), (20,36), (20,35), (20,34), (20,33), (20,32), (20,31), (20,30), (20,29), (20,28), (20,27), (20,26), (20,25), (20,24), (20,23), (20,22), (20,21), (20,20)|(20,20), (19,20), (18,20), (18,21), (18,22)",
        "time": 315.57909242128716
    },
    "Walk_Train_Walk": {
        "cost": 12.200000000000001,
        "env_tax": 0,
        "route": "(90,66), (90,66), (90,67), (90,68), (90,69), (90,70)|(90,70), (89,70), (88,70), (87,70), (86,70), (85,70), (84,70), (83,70), (82,70), (81,70), (80,70), (79,70), (78,70), (77,70), (76,70), (75,70), (74,70), (73,70), (72,70), (71,70), (70,70), (69,70), (68,70), (67,70), (66,70), (65,70), (64,70), (63,70), (62,70), (61,70), (60,70), (59,70), (58,70), (57,70), (56,70), (55,70), (54,70), (53,70), (52,70), (51,70), (50,70), (49,70), (48,70), (47,70), (46,70), (45,70), (44,70), (43,70), (42,70), (41,70), (40,70), (39,70), (38,70), (37,70), (36,70), (35,70), (34,70), (33,70), (32,70), (31,70), (30,70), (29,70), (28,70), (27,70), (26,70), (25,70), (24,70), (23,70), (22,70), (21,70), (20,70), (20,70), (20,69), (20,68), (20,67), (20,66), (20,65), (20,64), (20,63), (20,62), (20,61), (20,60), (20,59), (20,58), (20,57), (20,56), (20,55), (20,54), (20,53), (20,52), (20,51), (20,50), (20,49), (20,48), (20,47), (20,46), (20,45), (20,44), (20,43), (20,42), (20,41), (20,40), (20,39), (20,38), (20,37), (20,36), (20,35), (20,34), (20,33), (20,32), (20,31), (20,30), (20,29), (20,28), (20,27), (20,26), (20,25), (20,24), (20,23), (20,22), (20,21), (20,20)|(20,20), (19,20), (18,20), (18,20), (18,21), (18,22)",
        "time": 604.7142937316949
    }
}