{
    "Uber": {
        "cost": 63.8217814112958,
        "env_tax": 0.6050000000000001,
        "route": "(34,47), (33,47), (32,47), (31,47), (30,47), (30,48), (30,49), (30,50), (30,51), (30,52), (30,53), (30,54), (30,55), (30,56), (30,57), (30,58), (30,59), (30,60), (30,61), (30,62), (30,63), (30,64), (29,64), (29,65), (29,66), (29,67), (29,68), (29,69), (29,70), (29,71), (29,72), (29,73), (29,74), (29,75), (29,76), (29,77), (29,78), (29,79), (29,80), (29,81), (30,81), (31,81), (31,82), (32,82), (33,82), (33,83), (34,83), (35,83), (36,83), (36,84), (37,84), (38,84), (39,84), (40,84), (40,85), (41,85), (42,85), (42,86), (42,87), (42,88), (42,89), (43,89), (43,90), (44,90), (44,91), (44,92), (45,92), (45,93), (46,93), (47,93), (47,94), (48,94), (48,95), (49,95), (50,95), (51,95), (52,95), (53,95), (53,96), (54,96), (55,96), (56,96), (57,96), (58,96), (59,96), (60,96), (61,96), (62,96), (63,96), (64,96), (65,96), (66,96), (67,96), (68,96), (69,96), (70,96), (71,96), (72,96), (73,96), (74,96), (75,96), (76,96), (77,96), (78,96), (79,96), (80,96), (81,96), (82,96), (83,96), (84,96), (84,95), (84,94), (84,93), (85,93), (85,92), (86,92), (86,91), (86,90), (86,89), (86,88), (86,87)",
        "time": 21.892772666441804
    },
    "Uber_Train_Uber": {
        "cost": 41.166009952814235,
        "env_tax": 0.08000000000000002,
        "route": "(34,47), (33,47), (32,47), (31,47), (30,47), (30,48), (30,49), (30,50)|(30,50), (31,50), (32,50), (33,50), (34,50), (35,50), (36,50), (37,50), (38,50), (39,50), (40,50), (41,50), (42,50), (43,50), (44,50), (45,50), (46,50), (47,50), (48,50), (49,50), (50,50), (51,50), (52,50), (53,50), (54,50), (55,50), (56,50), (57,50), (58,50), (59,50), (60,50), (61,50), (62,50), (63,50), (64,50), (65,50), (66,50), (67,50), (68,50), (69,50), (70,50), (71,50), (72,50), (73,50), (74,50), (75,50), (76,50), (77,50), (78,50), (79,50), (80,50), (81,50), (82,50), (83,50), (84,50), (85,50), (86,50), (87,50), (88,50), (89,50), (90,50), (90,50), (90,51), (90,52), (90,53), (90,54), (90,55), (90,56), (90,57), (90,58), (90,59), (90,60), (90,61), (90,62), (90,63), (90,64), (90,65), (90,66), (90,67), (90,68), (90,69), (90,70), (90,71), (90,72), (90,73), (90,74), (90,75), (90,76), (90,77), (90,78), (90,79), (90,80), (90,81), (90,82), (90,83), (90,84), (90,85), (90,86), (90,87), (90,88), (90,89), (90,90)|(90,90), (90,89), (90,88), (89,88), (88,88), (87,88), (86,88), (86,87)",
        "time": 24.086811639988518
    },
    "Uber_Train_Walk": {
        "cost": 28.512228191472545,
        "env_tax": 0.04000000000000001,
        "route": "(34,47), (33,47), (32,47), (31,47), (30,47), (30,48), (30,49), (30,50)|(30,50), (31,50), (32,50), (33,50), (34,50), (35,50), (36,50), (37,50), (38,50), (39,50), (40,50), (41,50), (42,50), (43,50), (44,50), (45,50), (46,50), (47,50), (48,50), (49,50), (50,50), (51,50), (52,50), (53,50), (54,50), (55,50), (56,50), (57,50), (58,50), (59,50), (60,50), (61,50), (62,50), (63,50), (64,50), (65,50), (66,50), (67,50), (68,50), (69,50), (70,50), (71,50), (72,50), (73,50), (74,50), (75,50), (76,50), (77,50), (78,50), (79,50), (80,50), (81,50), (82,50), (83,50), (84,50), (85,50), (86,50), (87,50), (88,50), (89,50), (90,50), (90,50), (90,51), (90,52), (90,53), (90,54), (90,55), (90,56), (90,57), (90,58), (90,59), (90,60), (90,61), (90,62), (90,63), (90,64), (90,65), (90,66), (90,67), (90,68), (90,69), (90,70), (90,71), (90,72), (90,73), (90,74), (90,75), (90,76), (90,77), (90,78), (90,79), (90,80), (90,81), (90,82), (90,83), (90,84), (90,85), (90,86), (90,87), (90,88), (90,89), (90,90)|(90,90), (89,90), (88,90), (87,90), (86,90), (86,90), (86,89), (86,88), (86,87)",
        "time": 536.2730669003217
    },
    "Walk": {
        "cost": 0,
        "env_tax": 0,
        "route": "(34,47), (35,47), (36,47), (37,47), (38,47), (39,47), (40,47), (41,47), (42,47), (43,47), (44,47), (45,47), (46,47), (47,47), (48,47), (49,47), (50,47), (51,47), (52,47), (53,47), (54,47), (55,47), (56,47), (57,47), (58,47), (59,47), (60,47), (61,47), (62,47), (63,47), (64,47), (65,47), (66,47), (67,47), (68,47), (69,47), (70,47), (71,47), (72,47), (73,47), (74,47), (75,47), (76,47), (77,47), (78,47), (79,47), (80,47), (81,47), (82,47), (83,47), (84,47), (85,47), (86,47), (86,47), (86,48), (86,49), (86,50), (86,51), (86,52), (86,53), (86,54), (86,55), (86,56), (86,57), (86,58), (86,59), (86,60), (86,61), (86,62), (86,63), (86,64), (86,65), (86,66), (86,67), (86,68), (86,69), (86,70), (86,71), (86,72), (86,73), (86,74), (86,75), (86,76), (86,77), (86,78), (86,79), (86,80), (86,81), (86,82), (86,83), (86,84), (86,85), (86,86), (86,87)",
        "time": 6859.937962300167
    },
    "Walk_Train_Uber": {
        "cost": 23.030961974535003,
        "env_tax": 0.04000000000000001,
        "route": "(34,47), (33,47), (32,47), (31,47), (30,47), (30,47), (30,48), (30,49), (30,50)|(30,50), (31,50), (32,50), (33,50), (34,50), (35,50), (36,50), (37,50), (38,50), (39,50), (40,50), (41,50), (42,50), (43,50), (44,50), (45,50), (46,50), (47,50), (48,50), (49,50), (50,50), (51,50), (52,50), (53,50), (54,50), (55,50), (56,50), (57,50), (58,50), (59,50), (60,50), (61,50), (62,50), (63,50), (64,50), (65,50), (66,50), (67,50), (68,50), (69,50), (70,50), (71,50), (72,50), (73,50), (74,50), (75,50), (76,50), (77,50), (78,50), (79,50), (80,50), (81,50), (82,50), (83,50), (84,50), (85,50), (86,50), (87,50), (88,50), (89,50), (90,50), (90,50), (90,51), (90,52), (90,53), (90,54), (90,55), (90,56), (90,57), (90,58), (90,59), (90,60), (90,61), (90,62), (90,63), (90,64), (90,65), (90,66), (90,67), (90,68), (90,69), (90,70), (90,71), (90,72), (90,73), (90,74), (90,75), (90,76), (90,77), (90,78), (90,79), (90,80), (90,81), (90,82), (90,83), (90,84), (90,85), (90,86), (90,87), (90,88), (90,89), (90,90)|(90,90), (90,89), (90,88), (89,88), (88,88), (87,88), (86,88), (86,87)",
        "time": 534.129754588969
    },
    "Walk_Train_Walk": {
        "cost": 10.200000000000001,
        "env_tax": 0,
        "route": "(34,47), (33,47), (32,47), (31,47), (30,47), (30,47), (30,48), (30,49), (30,50)|(30,50), (31,50), (32,50), (33,50), (34,50), (35,50), (36,50), (37,50), (38,50), (39,50), (40,50), (41,50), (42,50), (43,50), (44,50), (45,50), (46,50), (47,50), (48,50), (49,50), (50,50), (51,50), (52,50), (53,50), (54,50), (55,50), (56,50), (57,50), (58,50), (59,50), (60,50), (61,50), (62,50), (63,50), (64,50), (65,50), (66,50), (67,50), (68,50), (69,50), (70,50), (71,50), (72,50), (73,50), (74,50), (75,50), (76,50), (77,50), (78,50), (79,50), (80,50), (81,50), (82,50), (83,50), (84,50), (85,50), (86,50), (87,50), (88,50), (89,50), (90,50), (90,50), (90,51), (90,52), (90,53), (90,54), (90,55), (90,56), (90,57), (90,58), (90,59), (90,60), (90,61), (90,62), (90,63), (90,64), (90,65), (90,66), (90,67), (90,68), (90,69), (90,70), (90,71), (90,72), (90,73), (90,74), (90,75), (90,76), (90,77), (90,78), (90,79), (90,80), (90,81), (90,82), (90,83), (90,84), (90,85), (90,86), (90,87), (90,88), (90,89), (90,90)|(90,90), (89,90), (88,90), (87,90), (86,90), (86,90), (86,89), (86,88), (86,87)",
        "time": 1049.3003654276463
    }
}