{
    "Uber": {
        "cost": 56.10738647479115,
        "env_tax": 0.44500000000000006,
        "route": "(35,22), (36,22), (36,21), (36,20), (36,19), (37,19), (37,18), (37,17), (37,16), (37,15), (38,15), (39,15), (39,14), (40,14), (41,14), (42,14), (43,14), (44,14), (45,14), (46,14), (47,14), (47,13), (48,13), (49,13), (50,13), (51,13), (52,13), (53,13), (54,13), (55,13), (56,13), (57,13), (58,13), (59,13), (60,13), (61,13), (62,13), (63,13), (64,13), (65,13), (66,13), (67,13), (68,13), (69,13), (70,13), (70,14), (70,15), (70,16), (71,16), (72,16), (72,17), (73,17), (74,17), (74,18), (74,19), (74,20), (75,20), (75,21), (75,22), (75,23), (75,24), (75,25), (75,26), (75,27), (75,28), (75,29), (75,30), (75,31), (75,32), (75,33), (75,34), (75,35), (75,36), (75,37), (75,38), (75,39), (75,40), (75,41), (75,42), (75,43), (75,44), (75,45), (75,46), (75,47), (75,48), (75,49), (75,50), (75,51), (74,51)",
        "time": 15.497384967946697
    },
    "Uber_Train_Uber": {
        "cost": 38.97614592995085,
        "env_tax": 0.07,
        "route": "(35,22), (35,21), (34,21), (33,21), (32,21), (31,21), (30,21), (30,20)|(30,20), (31,20), (32,20), (33,20), (34,20), (35,20), (36,20), (37,20), (38,20), (39,20), (40,20), (41,20), (42,20), (43,20), (44,20), (45,20), (46,20), (47,20), (48,20), (49,20), (50,20), (51,20), (52,20), (53,20), (54,20), (55,20), (56,20), (57,20), (58,20), (59,20), (60,20), (61,20), (62,20), (63,20), (64,20), (65,20), (66,20), (67,20), (68,20), (69,20), (70,20), (70,20), (70,21), (70,22), (70,23), (70,24), (70,25), (70,26), (70,27), (70,28), (70,29), (70,30), (70,31), (70,32), (70,33), (70,34), (70,35), (70,36), (70,37), (70,38), (70,39), (70,40), (70,41), (70,42), (70,43), (70,44), (70,45), (70,46), (70,47), (70,48), (70,49), (70,50)|(70,50), (71,50), (72,50), (73,50), (74,50), (74,51)",
        "time": 25.660158591548743
    },
    "Uber_Train_Walk": {
        "cost": 22.486583750894695,
        "env_tax": 0.04000000000000001,
        "route": "(35,22), (35,21), (34,21), (33,21), (32,21), (31,21), (30,21), (30,20)|(30,20), (31,20), (32,20), (33,20), (34,20), (35,20), (36,20), (37,20), (38,20), (39,20), (40,20), (41,20), (42,20), (43,20), (44,20), (45,20), (46,20), (47,20), (48,20), (49,20), (50,20), (51,20), (52,20), (53,20), (54,20), (55,20), (56,20), (57,20), (58,20), (59,20), (60,20), (61,20), (62,20), (63,20), (64,20), (65,20), (66,20), (67,20), (68,20), (69,20), (70,20), (70,20), (70,21), (70,22), (70,23), (70,24), (70,25), (70,26), (70,27), (70,28), (70,29), (70,30), (70,31), (70,32), (70,33), (70,34), (70,35), (70,36), (70,37), (70,38), (70,39), (70,40), (70,41), (70,42), (70,43), (70,44), (70,45), (70,46), (70,47), (70,48), (70,49), (70,50)|(70,50), (71,50), (72,50), (73,50), (74,50), (74,50), (74,51)",
        "time": 386.65398407580193
    },
    "Walk": {
        "cost": 0,
        "env_tax": 0,
        "route": "(35,22), (36,22), (37,22), (38,22), (39,22), (40,22), (41,22), (42,22), (43,22), (44,22), (45,22), (46,22), (47,22), (48,22), (49,22), (50,22), (51,22), (52,22), (53,22), (54,22), (55,22), (56,22), (57,22), (58,22), (59,22), (60,22), (61,22), (62,22), (63,22), (64,22), (65,22), (66,22), (67,22), (68,22), (69,22), (70,22), (71,22), (72,22), (73,22), (74,22), (74,22), (74,23), (74,24), (74,25), (74,26), (74,27), (74,28), (74,29), (74,30), (74,31), (74,32), (74,33), (74,34), (74,35), (74,36), (74,37), (74,38), (74,39), (74,40), (74,41), (74,42), (74,43), (74,44), (74,45), (74,46), (74,47), (74,48), (74,49), (74,50), (74,51)",
        "time": 5070.388928656645
    },
    "Walk_Train_Uber": {
        "cost": 23.168255908825113,
        "env_tax": 0.030000000000000006,
        "route": "(35,22), (34,22), (33,22), (32,22), (31,22), (30,22), (30,22), (30,21), (30,20)|(30,20), (31,20), (32,20), (33,20), (34,20), (35,20), (36,20), (37,20), (38,20), (39,20), (40,20), (41,20), (42,20), (43,20), (44,20), (45,20), (46,20), (47,20), (48,20), (49,20), (50,20), (51,20), (52,20), (53,20), (54,20), (55,20), (56,20), (57,20), (58,20), (59,20), (60,20), (61,20), (62,20), (63,20), (64,20), (65,20), (66,20), (67,20), (68,20), (69,20), (70,20), (70,20), (70,21), (70,22), (70,23), (70,24), (70,25), (70,26), (70,27), (70,28), (70,29), (70,30), (70,31), (70,32), (70,33), (70,34), (70,35), (70,36), (70,37), (70,38), (70,39), (70,40), (70,41), (70,42), (70,43), (70,44), (70,45), (70,46), (70,47), (70,48), (70,49), (70,50)|(70,50), (71,50), (72,50), (73,50), (74,50), (74,51)",
        "time": 534.5401251076843
    },
    "Walk_Train_Walk": {
        "cost": 7.2,
        "env_tax": 0,
        "route": "(35,22), (34,22), (33,22), (32,22), (31,22), (30,22), (30,22), (30,21), (30,20)|(30,20), (31,20), (32,20), (33,20), (34,20), (35,20), (36,20), (37,20), (38,20), (39,20), (40,20), (41,20), (42,20), (43,20), (44,20), (45,20), (46,20), (47,20), (48,20), (49,20), (50,20), (51,20), (52,20), (53,20), (54,20), (55,20), (56,20), (57,20), (58,20), (59,20), (60,20), (61,20), (62,20), (63,20), (64,20), (65,20), (66,20), (67,20), (68,20), (69,20), (70,20), (70,20), (70,21), (70,22), (70,23), (70,24), (70,25), (70,26), (70,27), (70,28), (70,29), (70,30), (70,31), (70,32), (70,33), (70,34), (70,35), (70,36), (70,37), (70,38), (70,39), (70,40), (70,41), (70,42), (70,43), (70,44), (70,45), (70,46), (70,47), (70,48), (70,49), (70,50)|(70,50), (71,50), (72,50), (73,50), (74,50), (74,50), (74,51)",
        "time": 900.3198000777334
    }
}