{
    "Uber": {
        "cost": 52.513061659873294,
        "env_tax": 0.555,
        "route": "(2,58), (2,59), (2,60), (2,61), (2,62), (2,63), (2,64), (2,65), (2,66), (2,67), (2,68), (2,69), (3,69), (3,70), (4,70), (5,70), (5,71), (5,72), (5,73), (5,74), (5,75), (5,76), (5,77), (5,78), (6,78), (6,79), (6,80), (6,81), (7,81), (8,81), (9,81), (10,81), (11,81), (12,81), (13,81), (14,81), (15,81), (15,82), (16,82), (17,82), (18,82), (19,82), (20,82), (21,82), (22,82), (23,82), (24,82), (25,82), (26,82), (27,82), (28,82), (29,82), (30,82), (31,82), (32,82), (33,82), (34,82), (35,82), (36,82), (37,82), (38,82), (39,82), (40,82), (41,82), (41,81), (42,81), (43,81), (44,81), (45,81), (45,80), (46,80), (47,80), (48,80), (49,80), (50,80), (51,80), (52,80), (53,80), (54,80), (55,80), (56,80), (57,80), (58,80), (59,80), (60,80), (61,80), (62,80), (63,80), (64,80), (65,80), (66,80), (67,80), (68,80), (69,80), (69,79), (70,79), (70,78), (71,78), (72,78), (73,78), (74,78), (75,78), (76,78), (77,78), (78,78), (78,77), (78,76), (78,75), (78,74), (78,73), (78,72)",
        "time": 16.967187701791733
    },
    "Uber_Train_Uber": {
        "cost": 35.977321342164906,
        "env_tax": 0.08000000000000002,
        "route": "(2,58), (2,59), (3,59), (4,59), (5,59), (6,59), (7,59), (8,59), (9,59), (10,59), (10,60)|(10,60), (11,60), (12,60), (13,60), (14,60), (15,60), (16,60), (17,60), (18,60), (19,60), (20,60), (21,60), (22,60), (23,60), (24,60), (25,60), (26,60), (27,60), (28,60), (29,60), (30,60), (31,60), (32,60), (33,60), (34,60), (35,60), (36,60), (37,60), (38,60), (39,60), (40,60), (41,60), (42,60), (43,60), (44,60), (45,60), (46,60), (47,60), (48,60), (49,60), (50,60), (51,60), (52,60), (53,60), (54,60), (55,60), (56,60), (57,60), (58,60), (59,60), (60,60), (61,60), (62,60), (63,60), (64,60), (65,60), (66,60), (67,60), (68,60), (69,60), (70,60), (71,60), (72,60), (73,60), (74,60), (75,60), (76,60), (77,60), (78,60), (79,60), (80,60), (80,60), (80,61), (80,62), (80,63), (80,64), (80,65), (80,66), (80,67), (80,68), (80,69), (80,70)|(80,70), (80,71), (79,71), (78,71), (78,72)",
        "time": 21.874896162820747
    },
    "Uber_Train_Walk": {
        "cost": 22.455434808763385,
        "env_tax": 0.05500000000000001,
        "route": "(2,58), (2,59), (3,59), (4,59), (5,59), (6,59), (7,59), (8,59), (9,59), (10,59), (10,60)|(10,60), (11,60), (12,60), (13,60), (14,60), (15,60), (16,60), (17,60), (18,60), (19,60), (20,60), (21,60), (22,60), (23,60), (24,60), (25,60), (26,60), (27,60), (28,60), (29,60), (30,60), (31,60), (32,60), (33,60), (34,60), (35,60), (36,60), (37,60), (38,60), (39,60), (40,60), (41,60), (42,60), (43,60), (44,60), (45,60), (46,60), (47,60), (48,60), (49,60), (50,60), (51,60), (52,60), (53,60), (54,60), (55,60), (56,60), (57,60), (58,60), (59,60), (60,60), (61,60), (62,60), (63,60), (64,60), (65,60), (66,60), (67,60), (68,60), (69,60), (70,60), (71,60), (72,60), (73,60), (74,60), (75,60), (76,60), (77,60), (78,60), (79,60), (80,60), (80,60), (80,61), (80,62), (80,63), (80,64), (80,65), (80,66), (80,67), (80,68), (80,69), (80,70)|(80,70), (79,70), (78,70), (78,70), (78,71), (78,72)",
        "time": 313.94038238495574
    },
    "Walk": {
        "cost": 0,
        "env_tax": 0,
        "route": "(2,58), (3,58), (4,58), (5,58), (6,58), (7,58), (8,58), (9,58), (10,58), (11,58), (12,58), (13,58), (14,58), (15,58), (16,58), (17,58), (18,58), (19,58), (20,58), (21,58), (22,58), (23,58), (24,58), (25,58), (26,58), (27,58), (28,58), (29,58), (30,58), (31,58), (32,58), (33,58), (34,58), (35,58), (36,58), (37,58), (38,58), (39,58), (40,58), (41,58), (42,58), (43,58), (44,58), (45,58), (46,58), (47,58), (48,58), (49,58), (50,58), (51,58), (52,58), (53,58), (54,58), (55,58), (56,58), (57,58), (58,58), (59,58), (60,58), (61,58), (62,58), (63,58), (64,58), (65,58), (66,58), (67,58), (68,58), (69,58), (70,58), (71,58), (72,58), (73,58), (74,58), (75,58), (76,58), (77,58), (78,58), (78,58), (78,59), (78,60), (78,61), (78,62), (78,63), (78,64), (78,65), (78,66), (78,67), (78,68), (78,69), (78,70), (78,71), (78,72)",
        "time": 6710.808876163206
    },
    "Walk_Train_Uber": {
        "cost": 21.78637999432025,
        "env_tax": 0.025,
        "route": "(2,58), (3,58), (4,58), (5,58), (6,58), (7,58), (8,58), (9,58), (10,58), (10,58), (10,59), (10,60)|(10,60), (11,60), (12,60), (13,60), (14,60), (15,60), (16,60), (17,60), (18,60), (19,60), (20,60), (21,60), (22,60), (23,60), (24,60), (25,60), (26,60), (27,60), (28,60), (29,60), (30,60), (31,60), (32,60), (33,60), (34,60), (35,60), (36,60), (37,60), (38,60), (39,60), (40,60), (41,60), (42,60), (43,60), (44,60), (45,60), (46,60), (47,60), (48,60), (49,60), (50,60), (51,60), (52,60), (53,60), (54,60), (55,60), (56,60), (57,60), (58,60), (59,60), (60,60), (61,60), (62,60), (63,60), (64,60), (65,60), (66,60), (67,60), (68,60), (69,60), (70,60), (71,60), (72,60), (73,60), (74,60), (75,60), (76,60), (77,60), (78,60), (79,60), (80,60), (80,60), (80,61), (80,62), (80,63), (80,64), (80,65), (80,66), (80,67), (80,68), (80,69), (80,70)|(80,70), (80,71), (79,71), (78,71), (78,72)",
        "time": 759.8700540472587
    },
    "Walk_Train_Walk": {
        "cost": 8.200000000000001,
        "env_tax": 0,
        "route": "(2,58), (3,58), (4,58), (5,58), (6,58), (7,58), (8,58), (9,58), (10,58), (10,58), (10,59), (10,60)|(10,60), (11,60), (12,60), (13,60), (14,60), (15,60), (16,60), (17,60), (18,60), (19,60), (20,60), (21,60), (22,60), (23,60), (24,60), (25,60), (26,60), (27,60), (28,60), (29,60), (30,60), (31,60), (32,60), (33,60), (34,60), (35,60), (36,60), (37,60), (38,60), (39,60), (40,60), (41,60), (42,60), (43,60), (44,60), (45,60), (46,60), (47,60), (48,60), (49,60), (50,60), (51,60), (52,60), (53,60), (54,60), (55,60), (56,60), (57,60), (58,60), (59,60), (60,60), (61,60), (62,60), (63,60), (64,60), (65,60), (66,60), (67,60), (68,60), (69,60), (70,60), (71,60), (72,60), (73,60), (74,60), (75,60), (76,60), (77,60), (78,60), (79,60), (80,60), (80,60), (80,61), (80,62), (80,63), (80,64), (80,65), (80,66), (80,67), (80,68), (80,69), (80,70)|(80,70), (79,70), (78,70), (78,70), (78,71), (78,72)",
        "time": 1050.6115757879586
    }
}