{
    "Uber": {
        "cost": 18.46073815149585,
        "env_tax": 0.11000000000000001,
        "route": "(8,78), (9,78), (10,78), (11,78), (11,77), (12,77), (13,77), (13,76), (13,75), (14,75), (14,74), (15,74), (16,74), (17,74), (17,73), (18,73), (19,73), (20,73), (21,73), (22,73), (23,73), (24,73)",
        "time": 8.107100513063754
    },
    "Uber_Train_Uber": {
        "cost": 29.3616579127191,
        "env_tax": 0.065,
        "route": "(8,78), (8,79), (9,79), (10,79), (10,80)|(10,80), (11,80), (12,80), (13,80), (14,80), (15,80), (16,80), (17,80), (18,80), (19,80), (20,80), (20,80), (20,79), (20,78), (20,77), (20,76), (20,75), (20,74), (20,73), (20,72), (20,71), (20,70)|(20,70), (20,71), (20,72), (20,73), (21,73), (22,73), (23,73), (24,73)",
        "time": 23.107752032826433
    },
    "Uber_Train_Walk": {
        "cost": 14.730575148039946,
        "env_tax": 0.025,
        "route": "(8,78), (8,79), (9,79), (10,79), (10,80)|(10,80), (11,80), (12,80), (13,80), (14,80), (15,80), (16,80), (17,80), (18,80), (19,80), (20,80), (20,80), (20,79), (20,78), (20,77), (20,76), (20,75), (20,74), (20,73), (20,72), (20,71), (20,70)|(20,70), (21,70), (22,70), (23,70), (24,70), (24,70), (24,71), (24,72), (24,73)",
        "time": 534.750336234381
    },
    "Walk": {
        "cost": 0,
        "env_tax": 0,
        "route": "(8,78), (9,78), (10,78), (11,78), (12,78), (13,78), (14,78), (15,78), (16,78), (17,78), (18,78), (19,78), (20,78), (21,78), (22,78), (23,78), (24,78), (24,78), (24,77), (24,76), (24,75), (24,74), (24,73)",
        "time": 1565.8554044380815
    },
    "Walk_Train_Uber": {
        "cost": 17.062792368196426,
        "env_tax": 0.04000000000000001,
        "route": "(8,78), (9,78), (10,78), (10,78), (10,79), (10,80)|(10,80), (11,80), (12,80), (13,80), (14,80), (15,80), (16,80), (17,80), (18,80), (19,80), (20,80), (20,80), (20,79), (20,78), (20,77), (20,76), (20,75), (20,74), (20,73), (20,72), (20,71), (20,70)|(20,70), (20,71), (20,72), (20,73), (21,73), (22,73), (23,73), (24,73)",
        "time": 307.2847447744124
    },
    "Walk_Train_Walk": {
        "cost": 2.2,
        "env_tax": 0,
        "route": "(8,78), (9,78), (10,78), (10,78), (10,79), (10,80)|(10,80), (11,80), (12,80), (13,80), (14,80), (15,80), (16,80), (17,80), (18,80), (19,80), (20,80), (20,80), (20,79), (20,78), (20,77), (20,76), (20,75), (20,74), (20,73), (20,72), (20,71), (20,70)|(20,70), (21,70), (22,70), (23,70), (24,70), (24,70), (24,71), (24,72), (24,73)",
        "time": 825.8121057658363
    }
}