{
    "Uber": {
        "cost": 33.77785298425459,
        "env_tax": 0.38000000000000006,
        "route": "(71,80), (71,81), (71,82), (71,83), (71,84), (71,85), (71,86), (70,86), (70,87), (70,88), (70,89), (69,89), (69,90), (68,90), (67,90), (66,90), (65,90), (64,90), (63,90), (62,90), (61,90), (60,90), (59,90), (58,90), (57,90), (56,90), (55,90), (54,90), (53,90), (52,90), (51,90), (50,90), (49,90), (48,90), (47,90), (46,90), (45,90), (44,90), (43,90), (42,90), (41,90), (40,90), (39,90), (38,90), (37,90), (36,90), (35,90), (34,90), (33,90), (32,90), (31,90), (30,90), (29,90), (28,90), (27,90), (26,90), (25,90), (24,90), (23,90), (22,90), (21,90), (20,90), (19,90), (18,90), (18,89), (18,88), (17,88), (17,87), (16,87), (16,86), (16,85), (16,84), (16,83), (16,82), (16,81), (16,80)",
        "time": 13.55858654932937
    },
    "Uber_Train_Uber": {
        "cost": 30.5253454139921,
        "env_tax": 0.035,
        "route": "(71,80), (70,80)|(70,80), (69,80), (68,80), (67,80), (66,80), (65,80), (64,80), (63,80), (62,80), (61,80), (60,80), (59,80), (58,80), (57,80), (56,80), (55,80), (54,80), (53,80), (52,80), (51,80), (50,80), (49,80), (48,80), (47,80), (46,80), (45,80), (44,80), (43,80), (42,80), (41,80), (40,80), (39,80), (38,80), (37,80), (36,80), (35,80), (34,80), (33,80), (32,80), (31,80), (30,80), (29,80), (28,80), (27,80), (26,80), (25,80), (24,80), (23,80), (22,80), (21,80), (20,80), (20,80)|(20,80), (19,80), (18,80), (17,80), (16,80)",
        "time": 24.884234846625436
    },
    "Uber_Train_Walk": {
        "cost": 17.447004338894445,
        "env_tax": 0.010000000000000002,
        "route": "(71,80), (70,80)|(70,80), (69,80), (68,80), (67,80), (66,80), (65,80), (64,80), (63,80), (62,80), (61,80), (60,80), (59,80), (58,80), (57,80), (56,80), (55,80), (54,80), (53,80), (52,80), (51,80), (50,80), (49,80), (48,80), (47,80), (46,80), (45,80), (44,80), (43,80), (42,80), (41,80), (40,80), (39,80), (38,80), (37,80), (36,80), (35,80), (34,80), (33,80), (32,80), (31,80), (30,80), (29,80), (28,80), (27,80), (26,80), (25,80), (24,80), (23,80), (22,80), (21,80), (20,80), (20,80)|(20,80), (19,80), (18,80), (17,80), (16,80), (16,80)",
        "time": 311.78059329910286
    },
    "Walk": {
        "cost": 0,
        "env_tax": 0,
        "route": "(71,80), (70,80), (69,80), (68,80), (67,80), (66,80), (65,80), (64,80), (63,80), (62,80), (61,80), (60,80), (59,80), (58,80), (57,80), (56,80), (55,80), (54,80), (53,80), (52,80), (51,80), (50,80), (49,80), (48,80), (47,80), (46,80), (45,80), (44,80), (43,80), (42,80), (41,80), (40,80), (39,80), (38,80), (37,80), (36,80), (35,80), (34,80), (33,80), (32,80), (31,80), (30,80), (29,80), (28,80), (27,80), (26,80), (25,80), (24,80), (23,80), (22,80), (21,80), (20,80), (19,80), (18,80), (17,80), (16,80), (16,80)",
        "time": 4101.049868766404
    },
    "Walk_Train_Uber": {
        "cost": 18.239720280434373,
        "env_tax": 0.025,
        "route": "(71,80), (70,80), (70,80)|(70,80), (69,80), (68,80), (67,80), (66,80), (65,80), (64,80), (63,80), (62,80), (61,80), (60,80), (59,80), (58,80), (57,80), (56,80), (55,80), (54,80), (53,80), (52,80), (51,80), (50,80), (49,80), (48,80), (47,80), (46,80), (45,80), (44,80), (43,80), (42,80), (41,80), (40,80), (39,80), (38,80), (37,80), (36,80), (35,80), (34,80), (33,80), (32,80), (31,80), (30,80), (29,80), (28,80), (27,80), (26,80), (25,80), (24,80), (23,80), (22,80), (21,80), (20,80), (20,80)|(20,80), (19,80), (18,80), (17,80), (16,80)",
        "time": 89.40499592089151
    },
    "Walk_Train_Walk": {
        "cost": 5.2,
        "env_tax": 0,
        "route": "(71,80), (70,80), (70,80)|(70,80), (69,80), (68,80), (67,80), (66,80), (65,80), (64,80), (63,80), (62,80), (61,80), (60,80), (59,80), (58,80), (57,80), (56,80), (55,80), (54,80), (53,80), (52,80), (51,80), (50,80), (49,80), (48,80), (47,80), (46,80), (45,80), (44,80), (43,80), (42,80), (41,80), (40,80), (39,80), (38,80), (37,80), (36,80), (35,80), (34,80), (33,80), (32,80), (31,80), (30,80), (29,80), (28,80), (27,80), (26,80), (25,80), (24,80), (23,80), (22,80), (21,80), (20,80), (20,80)|(20,80), (19,80), (18,80), (17,80), (16,80), (16,80)",
        "time": 379.98022810657596
    }
}