{
    "Uber": {
        "cost": 40.10791867240801,
        "env_tax": 0.38000000000000006,
        "route": "(9,17), (9,16), (9,15), (9,14), (9,13), (9,12), (9,11), (9,10), (10,10), (11,10), (12,10), (13,10), (14,10), (15,10), (16,10), (17,10), (18,10), (19,10), (19,9), (20,9), (21,9), (22,9), (22,8), (23,8), (24,8), (25,8), (26,8), (27,8), (28,8), (29,8), (30,8), (31,8), (32,8), (33,8), (34,8), (35,8), (36,8), (37,8), (38,8), (39,8), (40,8), (41,8), (42,8), (43,8), (43,9), (44,9), (45,9), (45,10), (45,11), (46,11), (46,12), (47,12), (47,13), (47,14), (47,15), (47,16), (47,17), (47,18), (47,19), (47,20), (47,21), (47,22), (48,22), (48,23), (48,24), (48,25), (48,26), (48,27), (48,28), (48,29), (48,30), (48,31), (49,31), (49,32), (49,33), (49,34)",
        "time": 11.923671311715024
    },
    "Uber_Train_Uber": {
        "cost": 34.01803121433144,
        "env_tax": 0.05500000000000001,
        "route": "(9,17), (10,17), (10,18), (10,19), (10,20)|(10,20), (11,20), (12,20), (13,20), (14,20), (15,20), (16,20), (17,20), (18,20), (19,20), (20,20), (21,20), (22,20), (23,20), (24,20), (25,20), (26,20), (27,20), (28,20), (29,20), (30,20), (31,20), (32,20), (33,20), (34,20), (35,20), (36,20), (37,20), (38,20), (39,20), (40,20), (41,20), (42,20), (43,20), (44,20), (45,20), (46,20), (47,20), (48,20), (49,20), (50,20), (50,20), (50,21), (50,22), (50,23), (50,24), (50,25), (50,26), (50,27), (50,28), (50,29), (50,30)|(50,30), (50,31), (49,31), (49,32), (49,33), (49,34)",
        "time": 24.66530467732278
    },
    "Uber_Train_Walk": {
        "cost": 17.71822187441647,
        "env_tax": 0.025,
        "route": "(9,17), (10,17), (10,18), (10,19), (10,20)|(10,20), (11,20), (12,20), (13,20), (14,20), (15,20), (16,20), (17,20), (18,20), (19,20), (20,20), (21,20), (22,20), (23,20), (24,20), (25,20), (26,20), (27,20), (28,20), (29,20), (30,20), (31,20), (32,20), (33,20), (34,20), (35,20), (36,20), (37,20), (38,20), (39,20), (40,20), (41,20), (42,20), (43,20), (44,20), (45,20), (46,20), (47,20), (48,20), (49,20), (50,20), (50,20), (50,21), (50,22), (50,23), (50,24), (50,25), (50,26), (50,27), (50,28), (50,29), (50,30)|(50,30), (49,30), (49,30), (49,31), (49,32), (49,33), (49,34)",
        "time": 384.2415940043712
    },
    "Walk": {
        "cost": 0,
        "env_tax": 0,
        "route": "(9,17), (10,17), (11,17), (12,17), (13,17), (14,17), (15,17), (16,17), (17,17), (18,17), (19,17), (20,17), (21,17), (22,17), (23,17), (24,17), (25,17), (26,17), (27,17), (28,17), (29,17), (30,17), (31,17), (32,17), (33,17), (34,17), (35,17), (36,17), (37,17), (38,17), (39,17), (40,17), (41,17), (42,17), (43,17), (44,17), (45,17), (46,17), (47,17), (48,17), (49,17), (49,17), (49,18), (49,19), (49,20), (49,21), (49,22), (49,23), (49,24), (49,25), (49,26), (49,27), (49,28), (49,29), (49,30), (49,31), (49,32), (49,33), (49,34)",
        "time": 4250.178954903364
    },
    "Walk_Train_Uber": {
        "cost": 21.680270234595543,
        "env_tax": 0.030000000000000006,
        "route": "(9,17), (10,17), (10,17), (10,18), (10,19), (10,20)|(10,20), (11,20), (12,20), (13,20), (14,20), (15,20), (16,20), (17,20), (18,20), (19,20), (20,20), (21,20), (22,20), (23,20), (24,20), (25,20), (26,20), (27,20), (28,20), (29,20), (30,20), (31,20), (32,20), (33,20), (34,20), (35,20), (36,20), (37,20), (38,20), (39,20), (40,20), (41,20), (42,20), (43,20), (44,20), (45,20), (46,20), (47,20), (48,20), (49,20), (50,20), (50,20), (50,21), (50,22), (50,23), (50,24), (50,25), (50,26), (50,27), (50,28), (50,29), (50,30)|(50,30), (50,31), (49,31), (49,32), (49,33), (49,34)",
        "time": 312.21417086848055
    },
    "Walk_Train_Walk": {
        "cost": 5.2,
        "env_tax": 0,
        "route": "(9,17), (10,17), (10,17), (10,18), (10,19), (10,20)|(10,20), (11,20), (12,20), (13,20), (14,20), (15,20), (16,20), (17,20), (18,20), (19,20), (20,20), (21,20), (22,20), (23,20), (24,20), (25,20), (26,20), (27,20), (28,20), (29,20), (30,20), (31,20), (32,20), (33,20), (34,20), (35,20), (36,20), (37,20), (38,20), (39,20), (40,20), (41,20), (42,20), (43,20), (44,20), (45,20), (46,20), (47,20), (48,20), (49,20), (50,20), (50,20), (50,21), (50,22), (50,23), (50,24), (50,25), (50,26), (50,27), (50,28), (50,29), (50,30)|(50,30), (49,30), (49,30), (49,31), (49,32), (49,33), (49,34)",
        "time": 674.7429933351116
    }
}