{
    "Uber": {
        "cost": 46.023732927283234,
        "env_tax": 0.515,
        "route": "(81,73), (80,73), (80,74), (80,75), (80,76), (80,77), (80,78), (80,79), (80,80), (79,80), (78,80), (78,81), (78,82), (78,83), (77,83), (76,83), (75,83), (74,83), (73,83), (72,83), (71,83), (70,83), (69,83), (68,83), (67,83), (66,83), (65,83), (64,83), (63,83), (62,83), (61,83), (60,83), (59,83), (58,83), (57,83), (56,83), (55,83), (54,83), (53,83), (52,83), (51,83), (50,83), (49,83), (48,83), (47,83), (46,83), (45,83), (44,83), (43,83), (42,83), (41,83), (40,83), (39,83), (38,83), (37,83), (36,83), (35,83), (34,83), (33,83), (32,83), (31,83), (30,83), (29,83), (28,83), (27,83), (26,83), (25,83), (24,83), (23,83), (22,83), (21,83), (20,83), (19,83), (18,83), (17,83), (16,83), (15,83), (14,83), (13,83), (12,83), (11,83), (10,83), (9,83), (8,83), (7,83), (6,83), (5,83), (4,83), (3,83), (3,82), (3,81), (3,80), (3,79), (3,78), (3,77), (3,76), (3,75), (2,75), (2,74), (2,73), (2,72), (2,71), (2,70)",
        "time": 15.527262847360088
    },
    "Uber_Train_Uber": {
        "cost": 34.25222858477922,
        "env_tax": 0.07,
        "route": "(81,73), (81,72), (80,72), (80,71), (80,70)|(80,70), (79,70), (78,70), (77,70), (76,70), (75,70), (74,70), (73,70), (72,70), (71,70), (70,70), (69,70), (68,70), (67,70), (66,70), (65,70), (64,70), (63,70), (62,70), (61,70), (60,70), (59,70), (58,70), (57,70), (56,70), (55,70), (54,70), (53,70), (52,70), (51,70), (50,70), (49,70), (48,70), (47,70), (46,70), (45,70), (44,70), (43,70), (42,70), (41,70), (40,70), (39,70), (38,70), (37,70), (36,70), (35,70), (34,70), (33,70), (32,70), (31,70), (30,70), (29,70), (28,70), (27,70), (26,70), (25,70), (24,70), (23,70), (22,70), (21,70), (20,70), (19,70), (18,70), (17,70), (16,70), (15,70), (14,70), (13,70), (12,70), (11,70), (10,70), (10,70)|(10,70), (9,70), (8,70), (7,70), (6,70), (5,70), (4,70), (3,70), (2,70)",
        "time": 21.27874470861378
    },
    "Uber_Train_Walk": {
        "cost": 20.797109356248495,
        "env_tax": 0.025,
        "route": "(81,73), (81,72), (80,72), (80,71), (80,70)|(80,70), (79,70), (78,70), (77,70), (76,70), (75,70), (74,70), (73,70), (72,70), (71,70), (70,70), (69,70), (68,70), (67,70), (66,70), (65,70), (64,70), (63,70), (62,70), (61,70), (60,70), (59,70), (58,70), (57,70), (56,70), (55,70), (54,70), (53,70), (52,70), (51,70), (50,70), (49,70), (48,70), (47,70), (46,70), (45,70), (44,70), (43,70), (42,70), (41,70), (40,70), (39,70), (38,70), (37,70), (36,70), (35,70), (34,70), (33,70), (32,70), (31,70), (30,70), (29,70), (28,70), (27,70), (26,70), (25,70), (24,70), (23,70), (22,70), (21,70), (20,70), (19,70), (18,70), (17,70), (16,70), (15,70), (14,70), (13,70), (12,70), (11,70), (10,70), (10,70)|(10,70), (9,70), (8,70), (7,70), (6,70), (5,70), (4,70), (3,70), (2,70), (2,70)",
        "time": 614.7238069412987
    },
    "Walk": {
        "cost": 0,
        "env_tax": 0,
        "route": "(81,73), (80,73), (79,73), (78,73), (77,73), (76,73), (75,73), (74,73), (73,73), (72,73), (71,73), (70,73), (69,73), (68,73), (67,73), (66,73), (65,73), (64,73), (63,73), (62,73), (61,73), (60,73), (59,73), (58,73), (57,73), (56,73), (55,73), (54,73), (53,73), (52,73), (51,73), (50,73), (49,73), (48,73), (47,73), (46,73), (45,73), (44,73), (43,73), (42,73), (41,73), (40,73), (39,73), (38,73), (37,73), (36,73), (35,73), (34,73), (33,73), (32,73), (31,73), (30,73), (29,73), (28,73), (27,73), (26,73), (25,73), (24,73), (23,73), (22,73), (21,73), (20,73), (19,73), (18,73), (17,73), (16,73), (15,73), (14,73), (13,73), (12,73), (11,73), (10,73), (9,73), (8,73), (7,73), (6,73), (5,73), (4,73), (3,73), (2,73), (2,73), (2,72), (2,71), (2,70)",
        "time": 6114.292531615366
    },
    "Walk_Train_Uber": {
        "cost": 21.02678413224883,
        "env_tax": 0.045000000000000005,
        "route": "(81,73), (80,73), (80,73), (80,72), (80,71), (80,70)|(80,70), (79,70), (78,70), (77,70), (76,70), (75,70), (74,70), (73,70), (72,70), (71,70), (70,70), (69,70), (68,70), (67,70), (66,70), (65,70), (64,70), (63,70), (62,70), (61,70), (60,70), (59,70), (58,70), (57,70), (56,70), (55,70), (54,70), (53,70), (52,70), (51,70), (50,70), (49,70), (48,70), (47,70), (46,70), (45,70), (44,70), (43,70), (42,70), (41,70), (40,70), (39,70), (38,70), (37,70), (36,70), (35,70), (34,70), (33,70), (32,70), (31,70), (30,70), (29,70), (28,70), (27,70), (26,70), (25,70), (24,70), (23,70), (22,70), (21,70), (20,70), (19,70), (18,70), (17,70), (16,70), (15,70), (14,70), (13,70), (12,70), (11,70), (10,70), (10,70)|(10,70), (9,70), (8,70), (7,70), (6,70), (5,70), (4,70), (3,70), (2,70)",
        "time": 314.8006493472289
    },
    "Walk_Train_Walk": {
        "cost": 7.2,
        "env_tax": 0,
        "route": "(81,73), (80,73), (80,73), (80,72), (80,71), (80,70)|(80,70), (79,70), (78,70), (77,70), (76,70), (75,70), (74,70), (73,70), (72,70), (71,70), (70,70), (69,70), (68,70), (67,70), (66,70), (65,70), (64,70), (63,70), (62,70), (61,70), (60,70), (59,70), (58,70), (57,70), (56,70), (55,70), (54,70), (53,70), (52,70), (51,70), (50,70), (49,70), (48,70), (47,70), (46,70), (45,70), (44,70), (43,70), (42,70), (41,70), (40,70), (39,70), (38,70), (37,70), (36,70), (35,70), (34,70), (33,70), (32,70), (31,70), (30,70), (29,70), (28,70), (27,70), (26,70), (25,70), (24,70), (23,70), (22,70), (21,70), (20,70), (19,70), (18,70), (17,70), (16,70), (15,70), (14,70), (13,70), (12,70), (11,70), (10,70), (10,70)|(10,70), (9,70), (8,70), (7,70), (6,70), (5,70), (4,70), (3,70), (2,70), (2,70)",
        "time": 905.2633815972508
    }
}