{
    "Uber": {
        "cost": 21.368971489052957,
        "env_tax": 0.28500000000000003,
        "route": "(2,69), (2,68), (2,67), (2,66), (2,65), (1,65), (0,65), (0,64), (0,63), (0,62), (0,61), (0,60), (0,59), (0,58), (0,57), (0,56), (0,55), (0,54), (0,53), (0,52), (0,51), (0,50), (0,49), (0,48), (0,47), (0,46), (0,45), (0,44), (0,43), (0,42), (0,41), (0,40), (0,39), (0,38), (0,37), (0,36), (0,35), (0,34), (0,33), (0,32), (0,31), (0,30), (0,29), (0,28), (0,27), (0,26), (0,25), (0,24), (0,23), (0,22), (0,21), (1,21), (2,21), (3,21), (4,21), (5,21), (6,21)",
        "time": 6.332607971055186
    },
    "Uber_Train_Uber": {
        "cost": 31.631398200416577,
        "env_tax": 0.08000000000000002,
        "route": "(2,69), (3,69), (3,70), (4,70), (5,70), (6,70), (7,70), (8,70), (9,70), (10,70)|(10,70), (10,70), (10,69), (10,68), (10,67), (10,66), (10,65), (10,64), (10,63), (10,62), (10,61), (10,60), (10,59), (10,58), (10,57), (10,56), (10,55), (10,54), (10,53), (10,52), (10,51), (10,50), (10,49), (10,48), (10,47), (10,46), (10,45), (10,44), (10,43), (10,42), (10,41), (10,40), (10,39), (10,38), (10,37), (10,36), (10,35), (10,34), (10,33), (10,32), (10,31), (10,30), (10,29), (10,28), (10,27), (10,26), (10,25), (10,24), (10,23), (10,22), (10,21), (10,20)|(10,20), (9,20), (9,21), (8,21), (7,21), (6,21)",
        "time": 21.763134499506457
    },
    "Uber_Train_Walk": {
        "cost": 19.271262759011208,
        "env_tax": 0.05,
        "route": "(2,69), (3,69), (3,70), (4,70), (5,70), (6,70), (7,70), (8,70), (9,70), (10,70)|(10,70), (10,70), (10,69), (10,68), (10,67), (10,66), (10,65), (10,64), (10,63), (10,62), (10,61), (10,60), (10,59), (10,58), (10,57), (10,56), (10,55), (10,54), (10,53), (10,52), (10,51), (10,50), (10,49), (10,48), (10,47), (10,46), (10,45), (10,44), (10,43), (10,42), (10,41), (10,40), (10,39), (10,38), (10,37), (10,36), (10,35), (10,34), (10,33), (10,32), (10,31), (10,30), (10,29), (10,28), (10,27), (10,26), (10,25), (10,24), (10,23), (10,22), (10,21), (10,20)|(10,20), (9,20), (8,20), (7,20), (6,20), (6,20), (6,21)",
        "time": 384.19810957116755
    },
    "Walk": {
        "cost": 0,
        "env_tax": 0,
        "route": "(2,69), (3,69), (4,69), (5,69), (6,69), (6,69), (6,68), (6,67), (6,66), (6,65), (6,64), (6,63), (6,62), (6,61), (6,60), (6,59), (6,58), (6,57), (6,56), (6,55), (6,54), (6,53), (6,52), (6,51), (6,50), (6,49), (6,48), (6,47), (6,46), (6,45), (6,44), (6,43), (6,42), (6,41), (6,40), (6,39), (6,38), (6,37), (6,36), (6,35), (6,34), (6,33), (6,32), (6,31), (6,30), (6,29), (6,28), (6,27), (6,26), (6,25), (6,24), (6,23), (6,22), (6,21)",
        "time": 3877.356239560964
    },
    "Walk_Train_Uber": {
        "cost": 17.92909788451649,
        "env_tax": 0.030000000000000006,
        "route": "(2,69), (3,69), (4,69), (5,69), (6,69), (7,69), (8,69), (9,69), (10,69), (10,69), (10,70)|(10,70), (10,70), (10,69), (10,68), (10,67), (10,66), (10,65), (10,64), (10,63), (10,62), (10,61), (10,60), (10,59), (10,58), (10,57), (10,56), (10,55), (10,54), (10,53), (10,52), (10,51), (10,50), (10,49), (10,48), (10,47), (10,46), (10,45), (10,44), (10,43), (10,42), (10,41), (10,40), (10,39), (10,38), (10,37), (10,36), (10,35), (10,34), (10,33), (10,32), (10,31), (10,30), (10,29), (10,28), (10,27), (10,26), (10,25), (10,24), (10,23), (10,22), (10,21), (10,20)|(10,20), (9,20), (9,21), (8,21), (7,21), (6,21)",
        "time": 681.125467034892
    },
    "Walk_Train_Walk": {
        "cost": 5.2,
        "env_tax": 0,
        "route": "(2,69), (3,69), (4,69), (5,69), (6,69), (7,69), (8,69), (9,69), (10,69), (10,69), (10,70)|(10,70), (10,70), (10,69), (10,68), (10,67), (10,66), (10,65), (10,64), (10,63), (10,62), (10,61), (10,60), (10,59), (10,58), (10,57), (10,56), (10,55), (10,54), (10,53), (10,52), (10,51), (10,50), (10,49), (10,48), (10,47), (10,46), (10,45), (10,44), (10,43), (10,42), (10,41), (10,40), (10,39), (10,38), (10,37), (10,36), (10,35), (10,34), (10,33), (10,32), (10,31), (10,30), (10,29), (10,28), (10,27), (10,26), (10,25), (10,24), (10,23), (10,22), (10,21), (10,20)|(10,20), (9,20), (8,20), (7,20), (6,20), (6,20), (6,21)",
        "time": 1048.7318924254312
    }
}