{
    "Uber": {
        "cost": 43.15688220435056,
        "env_tax": 0.47000000000000003,
        "route": "(39,2), (38,2), (38,1), (38,0), (37,0), (36,0), (35,0), (34,0), (33,0), (32,0), (31,0), (30,0), (29,0), (28,0), (27,0), (26,0), (25,0), (24,0), (23,0), (22,0), (22,1), (21,1), (21,2), (20,2), (19,2), (19,3), (18,3), (18,4), (18,5), (18,6), (18,7), (18,8), (18,9), (18,10), (18,11), (18,12), (18,13), (18,14), (18,15), (18,16), (18,17), (18,18), (18,19), (18,20), (18,21), (18,22), (18,23), (18,24), (18,25), (18,26), (18,27), (18,28), (18,29), (18,30), (18,31), (18,32), (18,33), (18,34), (18,35), (18,36), (18,37), (18,38), (18,39), (18,40), (18,41), (18,42), (18,43), (18,44), (18,45), (18,46), (18,47), (18,48), (18,49), (18,50), (18,51), (18,52), (18,53), (18,54), (18,55), (18,56), (19,56), (19,57), (20,57), (20,58), (20,59), (20,60), (20,61), (21,61), (22,61), (23,61), (24,61), (25,61), (26,61), (27,61)",
        "time": 14.13712056465328
    },
    "Uber_Train_Uber": {
        "cost": 35.68705207809428,
        "env_tax": 0.08500000000000002,
        "route": "(39,2), (39,3), (38,3), (38,4), (38,5), (38,6), (38,7), (38,8), (38,9), (38,10), (39,10), (40,10)|(40,10), (39,10), (38,10), (37,10), (36,10), (35,10), (34,10), (33,10), (32,10), (31,10), (30,10), (30,10), (30,11), (30,12), (30,13), (30,14), (30,15), (30,16), (30,17), (30,18), (30,19), (30,20), (30,21), (30,22), (30,23), (30,24), (30,25), (30,26), (30,27), (30,28), (30,29), (30,30), (30,31), (30,32), (30,33), (30,34), (30,35), (30,36), (30,37), (30,38), (30,39), (30,40), (30,41), (30,42), (30,43), (30,44), (30,45), (30,46), (30,47), (30,48), (30,49), (30,50), (30,51), (30,52), (30,53), (30,54), (30,55), (30,56), (30,57), (30,58), (30,59), (30,60)|(30,60), (30,61), (29,61), (28,61), (27,61)",
        "time": 27.16377718653381
    },
    "Uber_Train_Walk": {
        "cost": 20.611606659954422,
        "env_tax": 0.06000000000000001,
        "route": "(39,2), (39,3), (38,3), (38,4), (38,5), (38,6), (38,7), (38,8), (38,9), (38,10), (39,10), (40,10)|(40,10), (39,10), (38,10), (37,10), (36,10), (35,10), (34,10), (33,10), (32,10), (31,10), (30,10), (30,10), (30,11), (30,12), (30,13), (30,14), (30,15), (30,16), (30,17), (30,18), (30,19), (30,20), (30,21), (30,22), (30,23), (30,24), (30,25), (30,26), (30,27), (30,28), (30,29), (30,30), (30,31), (30,32), (30,33), (30,34), (30,35), (30,36), (30,37), (30,38), (30,39), (30,40), (30,41), (30,42), (30,43), (30,44), (30,45), (30,46), (30,47), (30,48), (30,49), (30,50), (30,51), (30,52), (30,53), (30,54), (30,55), (30,56), (30,57), (30,58), (30,59), (30,60)|(30,60), (29,60), (28,60), (27,60), (27,60), (27,61)",
        "time": 313.49379878425736
    },
    "Walk": {
        "cost": 0,
        "env_tax": 0,
        "route": "(39,2), (38,2), (37,2), (36,2), (35,2), (34,2), (33,2), (32,2), (31,2), (30,2), (29,2), (28,2), (27,2), (27,2), (27,3), (27,4), (27,5), (27,6), (27,7), (27,8), (27,9), (27,10), (27,11), (27,12), (27,13), (27,14), (27,15), (27,16), (27,17), (27,18), (27,19), (27,20), (27,21), (27,22), (27,23), (27,24), (27,25), (27,26), (27,27), (27,28), (27,29), (27,30), (27,31), (27,32), (27,33), (27,34), (27,35), (27,36), (27,37), (27,38), (27,39), (27,40), (27,41), (27,42), (27,43), (27,44), (27,45), (27,46), (27,47), (27,48), (27,49), (27,50), (27,51), (27,52), (27,53), (27,54), (27,55), (27,56), (27,57), (27,58), (27,59), (27,60), (27,61)",
        "time": 5294.082557862085
    },
    "Walk_Train_Uber": {
        "cost": 21.539190460322665,
        "env_tax": 0.025,
        "route": "(39,2), (40,2), (40,2), (40,3), (40,4), (40,5), (40,6), (40,7), (40,8), (40,9), (40,10)|(40,10), (39,10), (38,10), (37,10), (36,10), (35,10), (34,10), (33,10), (32,10), (31,10), (30,10), (30,10), (30,11), (30,12), (30,13), (30,14), (30,15), (30,16), (30,17), (30,18), (30,19), (30,20), (30,21), (30,22), (30,23), (30,24), (30,25), (30,26), (30,27), (30,28), (30,29), (30,30), (30,31), (30,32), (30,33), (30,34), (30,35), (30,36), (30,37), (30,38), (30,39), (30,40), (30,41), (30,42), (30,43), (30,44), (30,45), (30,46), (30,47), (30,48), (30,49), (30,50), (30,51), (30,52), (30,53), (30,54), (30,55), (30,56), (30,57), (30,58), (30,59), (30,60)|(30,60), (30,61), (29,61), (28,61), (27,61)",
        "time": 685.4686211739271
    },
    "Walk_Train_Walk": {
        "cost": 6.2,
        "env_tax": 0,
        "route": "(39,2), (40,2), (40,2), (40,3), (40,4), (40,5), (40,6), (40,7), (40,8), (40,9), (40,10)|(40,10), (39,10), (38,10), (37,10), (36,10), (35,10), (34,10), (33,10), (32,10), (31,10), (30,10), (30,10), (30,11), (30,12), (30,13), (30,14), (30,15), (30,16), (30,17), (30,18), (30,19), (30,20), (30,21), (30,22), (30,23), (30,24), (30,25), (30,26), (30,27), (30,28), (30,29), (30,30), (30,31), (30,32), (30,33), (30,34), (30,35), (30,36), (30,37), (30,38), (30,39), (30,40), (30,41), (30,42), (30,43), (30,44), (30,45), (30,46), (30,47), (30,48), (30,49), (30,50), (30,51), (30,52), (30,53), (30,54), (30,55), (30,56), (30,57), (30,58), (30,59), (30,60)|(30,60), (29,60), (28,60), (27,60), (27,60), (27,61)",
        "time": 976.2761252687511
    }
}