{
    "Uber": {
        "cost": 17.677109775988296,
        "env_tax": 0.10500000000000001,
        "route": "(31,80), (30,80), (29,80), (28,80), (28,81), (28,82), (28,83), (27,83), (26,83), (26,84), (26,85), (26,86), (25,86), (25,87), (24,87), (24,88), (24,89), (24,90), (24,91), (23,91), (23,92)",
        "time": 10.75389234203779
    },
    "Uber_Train_Uber": {
        "cost": 27.405830564231405,
        "env_tax": 0.04000000000000001,
        "route": "(31,80), (30,80)|(30,80), (29,80), (28,80), (27,80), (26,80), (25,80), (24,80), (23,80), (22,80), (21,80), (20,80), (20,80), (20,81), (20,82), (20,83), (20,84), (20,85), (20,86), (20,87), (20,88), (20,89), (20,90)|(20,90), (21,90), (21,91), (22,91), (23,91), (23,92)",
        "time": 22.500396569230464
    },
    "Uber_Train_Walk": {
        "cost": 14.447451476543318,
        "env_tax": 0.010000000000000002,
        "route": "(31,80), (30,80)|(30,80), (29,80), (28,80), (27,80), (26,80), (25,80), (24,80), (23,80), (22,80), (21,80), (20,80), (20,80), (20,81), (20,82), (20,83), (20,84), (20,85), (20,86), (20,87), (20,88), (20,89), (20,90)|(20,90), (21,90), (22,90), (23,90), (23,90), (23,91), (23,92)",
        "time": 392.3408908233935
    },
    "Walk": {
        "cost": 0,
        "env_tax": 0,
        "route": "(31,80), (30,80), (29,80), (28,80), (27,80), (26,80), (25,80), (24,80), (23,80), (23,80), (23,81), (23,82), (23,83), (23,84), (23,85), (23,86), (23,87), (23,88), (23,89), (23,90), (23,91), (23,92)",
        "time": 1491.2908613696013
    },
    "Walk_Train_Uber": {
        "cost": 14.940499982794632,
        "env_tax": 0.030000000000000006,
        "route": "(31,80), (30,80), (30,80)|(30,80), (29,80), (28,80), (27,80), (26,80), (25,80), (24,80), (23,80), (22,80), (21,80), (20,80), (20,80), (20,81), (20,82), (20,83), (20,84), (20,85), (20,86), (20,87), (20,88), (20,89), (20,90)|(20,90), (21,90), (21,91), (22,91), (23,91), (23,92)",
        "time": 91.46236348645773
    },
    "Walk_Train_Walk": {
        "cost": 2.2,
        "env_tax": 0,
        "route": "(31,80), (30,80), (30,80)|(30,80), (29,80), (28,80), (27,80), (26,80), (25,80), (24,80), (23,80), (22,80), (21,80), (20,80), (20,80), (20,81), (20,82), (20,83), (20,84), (20,85), (20,86), (20,87), (20,88), (20,89), (20,90)|(20,90), (21,90), (22,90), (23,90), (23,90), (23,91), (23,92)",
        "time": 457.2470663283931
    }
}