{
    "Uber": {
        "cost": 25.85772602204777,
        "env_tax": 0.335,
        "route": "(96,10), (96,11), (97,11), (97,12), (97,13), (97,14), (97,15), (97,16), (98,16), (98,17), (98,18), (98,19), (98,20), (98,21), (98,22), (98,23), (98,24), (98,25), (98,26), (98,27), (98,28), (98,29), (98,30), (97,30), (97,31), (97,32), (97,33), (97,34), (97,35), (97,36), (97,37), (97,38), (97,39), (96,39), (96,40), (96,41), (96,42), (96,43), (96,44), (96,45), (96,46), (96,47), (96,48), (97,48), (97,49), (97,50), (97,51), (97,52), (97,53), (97,54), (96,54), (96,55), (96,56), (95,56), (95,57), (94,57), (94,58), (93,58), (93,59), (92,59), (92,60), (91,60), (90,60), (89,60), (88,60), (87,60), (86,60)",
        "time": 12.021076107074608
    },
    "Uber_Train_Uber": {
        "cost": 31.05140619486438,
        "env_tax": 0.060000000000000005,
        "route": "(96,10), (95,10), (94,10), (93,10), (92,10), (91,10), (90,10)|(90,10), (90,10), (90,11), (90,12), (90,13), (90,14), (90,15), (90,16), (90,17), (90,18), (90,19), (90,20), (90,21), (90,22), (90,23), (90,24), (90,25), (90,26), (90,27), (90,28), (90,29), (90,30), (90,31), (90,32), (90,33), (90,34), (90,35), (90,36), (90,37), (90,38), (90,39), (90,40), (90,41), (90,42), (90,43), (90,44), (90,45), (90,46), (90,47), (90,48), (90,49), (90,50), (90,51), (90,52), (90,53), (90,54), (90,55), (90,56), (90,57), (90,58), (90,59), (90,60)|(90,60), (89,60), (88,60), (87,60), (86,60)",
        "time": 20.809866349245368
    },
    "Uber_Train_Walk": {
        "cost": 17.70371028969031,
        "env_tax": 0.035,
        "route": "(96,10), (95,10), (94,10), (93,10), (92,10), (91,10), (90,10)|(90,10), (90,10), (90,11), (90,12), (90,13), (90,14), (90,15), (90,16), (90,17), (90,18), (90,19), (90,20), (90,21), (90,22), (90,23), (90,24), (90,25), (90,26), (90,27), (90,28), (90,29), (90,30), (90,31), (90,32), (90,33), (90,34), (90,35), (90,36), (90,37), (90,38), (90,39), (90,40), (90,41), (90,42), (90,43), (90,44), (90,45), (90,46), (90,47), (90,48), (90,49), (90,50), (90,51), (90,52), (90,53), (90,54), (90,55), (90,56), (90,57), (90,58), (90,59), (90,60)|(90,60), (89,60), (88,60), (87,60), (86,60), (86,60)",
        "time": 311.33147784164987
    },
    "Walk": {
        "cost": 0,
        "env_tax": 0,
        "route": "(96,10), (95,10), (94,10), (93,10), (92,10), (91,10), (90,10), (89,10), (88,10), (87,10), (86,10), (86,10), (86,11), (86,12), (86,13), (86,14), (86,15), (86,16), (86,17), (86,18), (86,19), (86,20), (86,21), (86,22), (86,23), (86,24), (86,25), (86,26), (86,27), (86,28), (86,29), (86,30), (86,31), (86,32), (86,33), (86,34), (86,35), (86,36), (86,37), (86,38), (86,39), (86,40), (86,41), (86,42), (86,43), (86,44), (86,45), (86,46), (86,47), (86,48), (86,49), (86,50), (86,51), (86,52), (86,53), (86,54), (86,55), (86,56), (86,57), (86,58), (86,59), (86,60)",
        "time": 4473.872584108804
    },
    "Walk_Train_Uber": {
        "cost": 18.54196619702357,
        "env_tax": 0.025,
        "route": "(96,10), (95,10), (94,10), (93,10), (92,10), (91,10), (90,10), (90,10)|(90,10), (90,10), (90,11), (90,12), (90,13), (90,14), (90,15), (90,16), (90,17), (90,18), (90,19), (90,20), (90,21), (90,22), (90,23), (90,24), (90,25), (90,26), (90,27), (90,28), (90,29), (90,30), (90,31), (90,32), (90,33), (90,34), (90,35), (90,36), (90,37), (90,38), (90,39), (90,40), (90,41), (90,42), (90,43), (90,44), (90,45), (90,46), (90,47), (90,48), (90,49), (90,50), (90,51), (90,52), (90,53), (90,54), (90,55), (90,56), (90,57), (90,58), (90,59), (90,60)|(90,60), (89,60), (88,60), (87,60), (86,60)",
        "time": 455.398358690318
    },
    "Walk_Train_Walk": {
        "cost": 5.2,
        "env_tax": 0,
        "route": "(96,10), (95,10), (94,10), (93,10), (92,10), (91,10), (90,10), (90,10)|(90,10), (90,10), (90,11), (90,12), (90,13), (90,14), (90,15), (90,16), (90,17), (90,18), (90,19), (90,20), (90,21), (90,22), (90,23), (90,24), (90,25), (90,26), (90,27), (90,28), (90,29), (90,30), (90,31), (90,32), (90,33), (90,34), (90,35), (90,36), (90,37), (90,38), (90,39), (90,40), (90,41), (90,42), (90,43), (90,44), (90,45), (90,46), (90,47), (90,48), (90,49), (90,50), (90,51), (90,52), (90,53), (90,54), (90,55), (90,56), (90,57), (90,58), (90,59), (90,60)|(90,60), (89,60), (88,60), (87,60), (86,60), (86,60)",
        "time": 749.2544574348626
    }
}