{
    "Uber": {
        "cost": 31.21516164849347,
        "env_tax": 0.44000000000000006,
        "route": "(67,17), (68,17), (69,17), (70,17), (71,17), (72,17), (73,17), (74,17), (75,17), (76,17), (77,17), (78,17), (79,17), (80,17), (80,18), (81,18), (82,18), (83,18), (84,18), (85,18), (86,18), (87,18), (88,18), (89,18), (90,18), (91,18), (92,18), (93,18), (94,18), (95,18), (95,19), (95,20), (96,20), (97,20), (97,21), (98,21), (98,22), (98,23), (98,24), (98,25), (98,26), (99,26), (99,27), (99,28), (99,29), (99,30), (99,31), (99,32), (99,33), (99,34), (99,35), (99,36), (99,37), (99,38), (99,39), (99,40), (99,41), (99,42), (99,43), (99,44), (99,45), (99,46), (99,47), (99,48), (99,49), (99,50), (99,51), (99,52), (99,53), (99,54), (99,55), (99,56), (99,57), (99,58), (99,59), (99,60), (99,61), (99,62), (99,63), (98,63), (97,63), (97,64), (96,64), (95,64), (94,64), (93,64), (92,64), (91,64)",
        "time": 13.071502262290988
    },
    "Uber_Train_Uber": {
        "cost": 33.581772338673325,
        "env_tax": 0.065,
        "route": "(67,17), (68,17), (69,17), (69,18), (70,18), (70,19), (70,20)|(70,20), (71,20), (72,20), (73,20), (74,20), (75,20), (76,20), (77,20), (78,20), (79,20), (80,20), (81,20), (82,20), (83,20), (84,20), (85,20), (86,20), (87,20), (88,20), (89,20), (90,20), (90,20), (90,21), (90,22), (90,23), (90,24), (90,25), (90,26), (90,27), (90,28), (90,29), (90,30), (90,31), (90,32), (90,33), (90,34), (90,35), (90,36), (90,37), (90,38), (90,39), (90,40), (90,41), (90,42), (90,43), (90,44), (90,45), (90,46), (90,47), (90,48), (90,49), (90,50), (90,51), (90,52), (90,53), (90,54), (90,55), (90,56), (90,57), (90,58), (90,59), (90,60)|(90,60), (90,61), (90,62), (90,63), (90,64), (91,64)",
        "time": 18.022357640616836
    },
    "Uber_Train_Walk": {
        "cost": 20.605061914991172,
        "env_tax": 0.035,
        "route": "(67,17), (68,17), (69,17), (69,18), (70,18), (70,19), (70,20)|(70,20), (71,20), (72,20), (73,20), (74,20), (75,20), (76,20), (77,20), (78,20), (79,20), (80,20), (81,20), (82,20), (83,20), (84,20), (85,20), (86,20), (87,20), (88,20), (89,20), (90,20), (90,20), (90,21), (90,22), (90,23), (90,24), (90,25), (90,26), (90,27), (90,28), (90,29), (90,30), (90,31), (90,32), (90,33), (90,34), (90,35), (90,36), (90,37), (90,38), (90,39), (90,40), (90,41), (90,42), (90,43), (90,44), (90,45), (90,46), (90,47), (90,48), (90,49), (90,50), (90,51), (90,52), (90,53), (90,54), (90,55), (90,56), (90,57), (90,58), (90,59), (90,60)|(90,60), (91,60), (91,60), (91,61), (91,62), (91,63), (91,64)",
        "time": 386.90033514023133
    },
    "Walk": {
        "cost": 0,
        "env_tax": 0,
        "route": "(67,17), (68,17), (69,17), (70,17), (71,17), (72,17), (73,17), (74,17), (75,17), (76,17), (77,17), (78,17), (79,17), (80,17), (81,17), (82,17), (83,17), (84,17), (85,17), (86,17), (87,17), (88,17), (89,17), (90,17), (91,17), (91,17), (91,18), (91,19), (91,20), (91,21), (91,22), (91,23), (91,24), (91,25), (91,26), (91,27), (91,28), (91,29), (91,30), (91,31), (91,32), (91,33), (91,34), (91,35), (91,36), (91,37), (91,38), (91,39), (91,40), (91,41), (91,42), (91,43), (91,44), (91,45), (91,46), (91,47), (91,48), (91,49), (91,50), (91,51), (91,52), (91,53), (91,54), (91,55), (91,56), (91,57), (91,58), (91,59), (91,60), (91,61), (91,62), (91,63), (91,64)",
        "time": 5294.082557862085
    },
    "Walk_Train_Uber": {
        "cost": 19.912072211016564,
        "env_tax": 0.030000000000000006,
        "route": "(67,17), (68,17), (69,17), (70,17), (70,17), (70,18), (70,19), (70,20)|(70,20), (71,20), (72,20), (73,20), (74,20), (75,20), (76,20), (77,20), (78,20), (79,20), (80,20), (81,20), (82,20), (83,20), (84,20), (85,20), (86,20), (87,20), (88,20), (89,20), (90,20), (90,20), (90,21), (90,22), (90,23), (90,24), (90,25), (90,26), (90,27), (90,28), (90,29), (90,30), (90,31), (90,32), (90,33), (90,34), (90,35), (90,36), (90,37), (90,38), (90,39), (90,40), (90,41), (90,42), (90,43), (90,44), (90,45), (90,46), (90,47), (90,48), (90,49), (90,50), (90,51), (90,52), (90,53), (90,54), (90,55), (90,56), (90,57), (90,58), (90,59), (90,60)|(90,60), (90,61), (90,62), (90,63), (90,64), (91,64)",
        "time": 462.1315290891133
    },
    "Walk_Train_Walk": {
        "cost": 6.2,
        "env_tax": 0,
        "route": "(67,17), (68,17), (69,17), (70,17), (70,17), (70,18), (70,19), (70,20)|(70,20), (71,20), (72,20), (73,20), (74,20), (75,20), (76,20), (77,20), (78,20), (79,20), (80,20), (81,20), (82,20), (83,20), (84,20), (85,20), (86,20), (87,20), (88,20), (89,20), (90,20), (90,20), (90,21), (90,22), (90,23), (90,24), (90,25), (90,26), (90,27), (90,28), (90,29), (90,30), (90,31), (90,32), (90,33), (90,34), (90,35), (90,36), (90,37), (90,38), (90,39), (90,40), (90,41), (90,42), (90,43), (90,44), (90,45), (90,46), (90,47), (90,48), (90,49), (90,50), (90,51), (90,52), (90,53), (90,54), (90,55), (90,56), (90,57), (90,58), (90,59), (90,60)|(90,60), (91,60), (91,60), (91,61), (91,62), (91,63), (91,64)",
        "time": 827.3859387054299
    }
}