{
    "Uber": {
        "cost": 34.46237343815739,
        "env_tax": 0.35000000000000003,
        "route": "(57,25), (57,24), (56,24), (56,23), (56,22), (56,21), (56,20), (56,19), (56,18), (55,18), (55,17), (55,16), (54,16), (53,16), (53,15), (52,15), (52,14), (51,14), (50,14), (50,13), (49,13), (48,13), (47,13), (47,12), (46,12), (46,11), (45,11), (45,10), (45,9), (44,9), (43,9), (43,8), (42,8), (41,8), (40,8), (39,8), (38,8), (37,8), (36,8), (35,8), (34,8), (33,8), (32,8), (31,8), (30,8), (29,8), (28,8), (27,8), (26,8), (25,8), (24,8), (23,8), (22,8), (22,9), (21,9), (20,9), (19,9), (19,10), (18,10), (17,10), (16,10), (16,11), (15,11), (14,11), (14,12), (13,12), (13,13), (13,14), (13,15), (13,16)",
        "time": 14.025361364034575
    },
    "Uber_Train_Uber": {
        "cost": 35.194072492419636,
        "env_tax": 0.08500000000000002,
        "route": "(57,25), (57,24), (58,24), (59,24), (59,23), (59,22), (59,21), (59,20), (60,20)|(60,20), (59,20), (58,20), (57,20), (56,20), (55,20), (54,20), (53,20), (52,20), (51,20), (50,20), (49,20), (48,20), (47,20), (46,20), (45,20), (44,20), (43,20), (42,20), (41,20), (40,20), (39,20), (38,20), (37,20), (36,20), (35,20), (34,20), (33,20), (32,20), (31,20), (30,20), (29,20), (28,20), (27,20), (26,20), (25,20), (24,20), (23,20), (22,20), (21,20), (20,20), (19,20), (18,20), (17,20), (16,20), (15,20), (14,20), (13,20), (12,20), (11,20), (10,20), (10,20)|(10,20), (11,20), (11,19), (11,18), (11,17), (11,16), (12,16), (13,16)",
        "time": 21.979427154025714
    },
    "Uber_Train_Walk": {
        "cost": 22.436484120845783,
        "env_tax": 0.045000000000000005,
        "route": "(57,25), (57,24), (58,24), (59,24), (59,23), (59,22), (59,21), (59,20), (60,20)|(60,20), (59,20), (58,20), (57,20), (56,20), (55,20), (54,20), (53,20), (52,20), (51,20), (50,20), (49,20), (48,20), (47,20), (46,20), (45,20), (44,20), (43,20), (42,20), (41,20), (40,20), (39,20), (38,20), (37,20), (36,20), (35,20), (34,20), (33,20), (32,20), (31,20), (30,20), (29,20), (28,20), (27,20), (26,20), (25,20), (24,20), (23,20), (22,20), (21,20), (20,20), (19,20), (18,20), (17,20), (16,20), (15,20), (14,20), (13,20), (12,20), (11,20), (10,20), (10,20)|(10,20), (11,20), (12,20), (13,20), (13,20), (13,19), (13,18), (13,17), (13,16)",
        "time": 537.174423661019
    },
    "Walk": {
        "cost": 0,
        "env_tax": 0,
        "route": "(57,25), (56,25), (55,25), (54,25), (53,25), (52,25), (51,25), (50,25), (49,25), (48,25), (47,25), (46,25), (45,25), (44,25), (43,25), (42,25), (41,25), (40,25), (39,25), (38,25), (37,25), (36,25), (35,25), (34,25), (33,25), (32,25), (31,25), (30,25), (29,25), (28,25), (27,25), (26,25), (25,25), (24,25), (23,25), (22,25), (21,25), (20,25), (19,25), (18,25), (17,25), (16,25), (15,25), (14,25), (13,25), (13,25), (13,24), (13,23), (13,22), (13,21), (13,20), (13,19), (13,18), (13,17), (13,16)",
        "time": 3951.9207826294437
    },
    "Walk_Train_Uber": {
        "cost": 18.34069291972667,
        "env_tax": 0.04000000000000001,
        "route": "(57,25), (58,25), (59,25), (60,25), (60,25), (60,24), (60,23), (60,22), (60,21), (60,20)|(60,20), (59,20), (58,20), (57,20), (56,20), (55,20), (54,20), (53,20), (52,20), (51,20), (50,20), (49,20), (48,20), (47,20), (46,20), (45,20), (44,20), (43,20), (42,20), (41,20), (40,20), (39,20), (38,20), (37,20), (36,20), (35,20), (34,20), (33,20), (32,20), (31,20), (30,20), (29,20), (28,20), (27,20), (26,20), (25,20), (24,20), (23,20), (22,20), (21,20), (20,20), (19,20), (18,20), (17,20), (16,20), (15,20), (14,20), (13,20), (12,20), (11,20), (10,20), (10,20)|(10,20), (11,20), (11,19), (11,18), (11,17), (11,16), (12,16), (13,16)",
        "time": 611.703091740748
    },
    "Walk_Train_Walk": {
        "cost": 5.2,
        "env_tax": 0,
        "route": "(57,25), (58,25), (59,25), (60,25), (60,25), (60,24), (60,23), (60,22), (60,21), (60,20)|(60,20), (59,20), (58,20), (57,20), (56,20), (55,20), (54,20), (53,20), (52,20), (51,20), (50,20), (49,20), (48,20), (47,20), (46,20), (45,20), (44,20), (43,20), (42,20), (41,20), (40,20), (39,20), (38,20), (37,20), (36,20), (35,20), (34,20), (33,20), (32,20), (31,20), (30,20), (29,20), (28,20), (27,20), (26,20), (25,20), (24,20), (23,20), (22,20), (21,20), (20,20), (19,20), (18,20), (17,20), (16,20), (15,20), (14,20), (13,20), (12,20), (11,20), (10,20), (10,20)|(10,20), (11,20), (12,20), (13,20), (13,20), (13,19), (13,18), (13,17), (13,16)",
        "time": 1127.2543513319342
    }
}