{
    "Uber": {
        "cost": 71.28970506193342,
        "env_tax": 0.65,
        "route": "(36,28), (35,28), (35,29), (34,29), (33,29), (32,29), (32,30), (31,30), (30,30), (29,30), (28,30), (27,30), (27,31), (27,32), (27,33), (27,34), (27,35), (27,36), (27,37), (27,38), (27,39), (27,40), (27,41), (27,42), (27,43), (27,44), (27,45), (27,46), (27,47), (27,48), (27,49), (27,50), (27,51), (27,52), (27,53), (27,54), (27,55), (27,56), (27,57), (27,58), (27,59), (27,60), (27,61), (27,62), (27,63), (27,64), (27,65), (27,66), (28,66), (28,67), (29,67), (29,68), (29,69), (29,70), (29,71), (29,72), (29,73), (29,74), (30,74), (31,74), (31,75), (31,76), (32,76), (32,77), (32,78), (32,79), (33,79), (33,80), (33,81), (33,82), (34,82), (34,83), (35,83), (35,84), (35,85), (36,85), (36,86), (37,86), (37,87), (37,88), (38,88), (38,89), (39,89), (39,90), (39,91), (39,92), (40,92), (41,92), (41,93), (42,93), (42,94), (42,95), (42,96), (43,96), (43,97), (43,98), (44,98), (45,98), (46,98), (47,98), (48,98), (49,98), (50,98), (51,98), (52,98), (53,98), (54,98), (55,98), (56,98), (57,98), (58,98), (59,98), (60,98), (61,98), (62,98), (63,98), (64,98), (65,98), (66,98), (67,98), (68,98), (69,98), (70,98), (71,98), (72,98), (73,98), (74,98), (75,98), (76,98), (76,97)",
        "time": 25.972869017152284
    },
    "Uber_Train_Uber": {
        "cost": 40.579403963082456,
        "env_tax": 0.09500000000000001,
        "route": "(36,28), (37,28), (38,28), (39,28), (40,28), (40,29), (40,30)|(40,30), (41,30), (42,30), (43,30), (44,30), (45,30), (46,30), (47,30), (48,30), (49,30), (50,30), (51,30), (52,30), (53,30), (54,30), (55,30), (56,30), (57,30), (58,30), (59,30), (60,30), (61,30), (62,30), (63,30), (64,30), (65,30), (66,30), (67,30), (68,30), (69,30), (70,30), (71,30), (72,30), (73,30), (74,30), (75,30), (76,30), (77,30), (78,30), (79,30), (80,30), (80,30), (80,31), (80,32), (80,33), (80,34), (80,35), (80,36), (80,37), (80,38), (80,39), (80,40), (80,41), (80,42), (80,43), (80,44), (80,45), (80,46), (80,47), (80,48), (80,49), (80,50), (80,51), (80,52), (80,53), (80,54), (80,55), (80,56), (80,57), (80,58), (80,59), (80,60), (80,61), (80,62), (80,63), (80,64), (80,65), (80,66), (80,67), (80,68), (80,69), (80,70), (80,71), (80,72), (80,73), (80,74), (80,75), (80,76), (80,77), (80,78), (80,79), (80,80), (80,81), (80,82), (80,83), (80,84), (80,85), (80,86), (80,87), (80,88), (80,89), (80,90)|(80,90), (79,90), (79,91), (79,92), (79,93), (79,94), (78,94), (78,95), (77,95), (76,95), (76,96), (76,97)",
        "time": 20.65193561049427
    },
    "Uber_Train_Walk": {
        "cost": 26.994253249516497,
        "env_tax": 0.035,
        "route": "(36,28), (37,28), (38,28), (39,28), (40,28), (40,29), (40,30)|(40,30), (41,30), (42,30), (43,30), (44,30), (45,30), (46,30), (47,30), (48,30), (49,30), (50,30), (51,30), (52,30), (53,30), (54,30), (55,30), (56,30), (57,30), (58,30), (59,30), (60,30), (61,30), (62,30), (63,30), (64,30), (65,30), (66,30), (67,30), (68,30), (69,30), (70,30), (71,30), (72,30), (73,30), (74,30), (75,30), (76,30), (77,30), (78,30), (79,30), (80,30), (80,30), (80,31), (80,32), (80,33), (80,34), (80,35), (80,36), (80,37), (80,38), (80,39), (80,40), (80,41), (80,42), (80,43), (80,44), (80,45), (80,46), (80,47), (80,48), (80,49), (80,50), (80,51), (80,52), (80,53), (80,54), (80,55), (80,56), (80,57), (80,58), (80,59), (80,60), (80,61), (80,62), (80,63), (80,64), (80,65), (80,66), (80,67), (80,68), (80,69), (80,70), (80,71), (80,72), (80,73), (80,74), (80,75), (80,76), (80,77), (80,78), (80,79), (80,80), (80,81), (80,82), (80,83), (80,84), (80,85), (80,86), (80,87), (80,88), (80,89), (80,90)|(80,90), (79,90), (78,90), (77,90), (76,90), (76,90), (76,91), (76,92), (76,93), (76,94), (76,95), (76,96), (76,97)",
        "time": 840.2613681574525
    },
    "Walk": {
        "cost": 0,
        "env_tax": 0,
        "route": "(36,28), (37,28), (38,28), (39,28), (40,28), (41,28), (42,28), (43,28), (44,28), (45,28), (46,28), (47,28), (48,28), (49,28), (50,28), (51,28), (52,28), (53,28), (54,28), (55,28), (56,28), (57,28), (58,28), (59,28), (60,28), (61,28), (62,28), (63,28), (64,28), (65,28), (66,28), (67,28), (68,28), (69,28), (70,28), (71,28), (72,28), (73,28), (74,28), (75,28), (76,28), (76,28), (76,29), (76,30), (76,31), (76,32), (76,33), (76,34), (76,35), (76,36), (76,37), (76,38), (76,39), (76,40), (76,41), (76,42), (76,43), (76,44), (76,45), (76,46), (76,47), (76,48), (76,49), (76,50), (76,51), (76,52), (76,53), (76,54), (76,55), (76,56), (76,57), (76,58), (76,59), (76,60), (76,61), (76,62), (76,63), (76,64), (76,65), (76,66), (76,67), (76,68), (76,69), (76,70), (76,71), (76,72), (76,73), (76,74), (76,75), (76,76), (76,77), (76,78), (76,79), (76,80), (76,81), (76,82), (76,83), (76,84), (76,85), (76,86), (76,87), (76,88), (76,89), (76,90), (76,91), (76,92), (76,93), (76,94), (76,95), (76,96), (76,97)",
        "time": 8127.535194464328
    },
    "Walk_Train_Uber": {
        "cost": 24.0968535064204,
        "env_tax": 0.06000000000000001,
        "route": "(36,28), (37,28), (38,28), (39,28), (40,28), (40,28), (40,29), (40,30)|(40,30), (41,30), (42,30), (43,30), (44,30), (45,30), (46,30), (47,30), (48,30), (49,30), (50,30), (51,30), (52,30), (53,30), (54,30), (55,30), (56,30), (57,30), (58,30), (59,30), (60,30), (61,30), (62,30), (63,30), (64,30), (65,30), (66,30), (67,30), (68,30), (69,30), (70,30), (71,30), (72,30), (73,30), (74,30), (75,30), (76,30), (77,30), (78,30), (79,30), (80,30), (80,30), (80,31), (80,32), (80,33), (80,34), (80,35), (80,36), (80,37), (80,38), (80,39), (80,40), (80,41), (80,42), (80,43), (80,44), (80,45), (80,46), (80,47), (80,48), (80,49), (80,50), (80,51), (80,52), (80,53), (80,54), (80,55), (80,56), (80,57), (80,58), (80,59), (80,60), (80,61), (80,62), (80,63), (80,64), (80,65), (80,66), (80,67), (80,68), (80,69), (80,70), (80,71), (80,72), (80,73), (80,74), (80,75), (80,76), (80,77), (80,78), (80,79), (80,80), (80,81), (80,82), (80,83), (80,84), (80,85), (80,86), (80,87), (80,88), (80,89), (80,90)|(80,90), (79,90), (79,91), (79,92), (79,93), (79,94), (78,94), (78,95), (77,95), (76,95), (76,96), (76,97)",
        "time": 460.7786752157139
    },
    "Walk_Train_Walk": {
        "cost": 10.200000000000001,
        "env_tax": 0,
        "route": "(36,28), (37,28), (38,28), (39,28), (40,28), (40,28), (40,29), (40,30)|(40,30), (41,30), (42,30), (43,30), (44,30), (45,30), (46,30), (47,30), (48,30), (49,30), (50,30), (51,30), (52,30), (53,30), (54,30), (55,30), (56,30), (57,30), (58,30), (59,30), (60,30), (61,30), (62,30), (63,30), (64,30), (65,30), (66,30), (67,30), (68,30), (69,30), (70,30), (71,30), (72,30), (73,30), (74,30), (75,30), (76,30), (77,30), (78,30), (79,30), (80,30), (80,30), (80,31), (80,32), (80,33), (80,34), (80,35), (80,36), (80,37), (80,38), (80,39), (80,40), (80,41), (80,42), (80,43), (80,44), (80,45), (80,46), (80,47), (80,48), (80,49), (80,50), (80,51), (80,52), (80,53), (80,54), (80,55), (80,56), (80,57), (80,58), (80,59), (80,60), (80,61), (80,62), (80,63), (80,64), (80,65), (80,66), (80,67), (80,68), (80,69), (80,70), (80,71), (80,72), (80,73), (80,74), (80,75), (80,76), (80,77), (80,78), (80,79), (80,80), (80,81), (80,82), (80,83), (80,84), (80,85), (80,86), (80,87), (80,88), (80,89), (80,90)|(80,90), (79,90), (78,90), (77,90), (76,90), (76,90), (76,91), (76,92), (76,93), (76,94), (76,95), (76,96), (76,97)",
        "time": 1275.6459294911172
    }
}