{
    "Uber": {
        "cost": 38.40312804933243,
        "env_tax": 0.43,
        "route": "(9,81), (10,81), (10,82), (10,83), (11,83), (11,84), (11,85), (11,86), (11,87), (11,88), (11,89), (12,89), (13,89), (14,89), (14,90), (15,90), (16,90), (17,90), (18,90), (19,90), (19,91), (20,91), (21,91), (22,91), (23,91), (24,91), (25,91), (26,91), (27,91), (28,91), (29,91), (30,91), (31,91), (32,91), (33,91), (34,91), (35,91), (36,91), (37,91), (38,91), (39,91), (40,91), (41,91), (42,91), (43,91), (44,91), (45,91), (46,91), (47,91), (48,91), (49,91), (50,91), (51,91), (52,91), (52,90), (53,90), (54,90), (55,90), (56,90), (57,90), (58,90), (59,90), (59,89), (60,89), (61,89), (62,89), (63,89), (63,88), (63,87), (63,86), (63,85), (63,84), (64,84), (64,83), (64,82), (64,81), (64,80), (64,79), (64,78), (64,77), (64,76), (64,75), (64,74), (64,73), (64,72), (64,71)",
        "time": 13.367896967212145
    },
    "Uber_Train_Uber": {
        "cost": 34.1509691287789,
        "env_tax": 0.04500000000000001,
        "route": "(9,81), (10,81), (10,80)|(10,80), (11,80), (12,80), (13,80), (14,80), (15,80), (16,80), (17,80), (18,80), (19,80), (20,80), (21,80), (22,80), (23,80), (24,80), (25,80), (26,80), (27,80), (28,80), (29,80), (30,80), (31,80), (32,80), (33,80), (34,80), (35,80), (36,80), (37,80), (38,80), (39,80), (40,80), (41,80), (42,80), (43,80), (44,80), (45,80), (46,80), (47,80), (48,80), (49,80), (50,80), (51,80), (52,80), (53,80), (54,80), (55,80), (56,80), (57,80), (58,80), (59,80), (60,80), (60,80), (60,79), (60,78), (60,77), (60,76), (60,75), (60,74), (60,73), (60,72), (60,71), (60,70)|(60,70), (61,70), (61,71), (62,71), (63,71), (64,71)",
        "time": 19.83169220660851
    },
    "Uber_Train_Walk": {
        "cost": 18.341783366763103,
        "env_tax": 0.015000000000000003,
        "route": "(9,81), (10,81), (10,80)|(10,80), (11,80), (12,80), (13,80), (14,80), (15,80), (16,80), (17,80), (18,80), (19,80), (20,80), (21,80), (22,80), (23,80), (24,80), (25,80), (26,80), (27,80), (28,80), (29,80), (30,80), (31,80), (32,80), (33,80), (34,80), (35,80), (36,80), (37,80), (38,80), (39,80), (40,80), (41,80), (42,80), (43,80), (44,80), (45,80), (46,80), (47,80), (48,80), (49,80), (50,80), (51,80), (52,80), (53,80), (54,80), (55,80), (56,80), (57,80), (58,80), (59,80), (60,80), (60,80), (60,79), (60,78), (60,77), (60,76), (60,75), (60,74), (60,73), (60,72), (60,71), (60,70)|(60,70), (61,70), (62,70), (63,70), (64,70), (64,70), (64,71)",
        "time": 385.03605449856457
    },
    "Walk": {
        "cost": 0,
        "env_tax": 0,
        "route": "(9,81), (10,81), (11,81), (12,81), (13,81), (14,81), (15,81), (16,81), (17,81), (18,81), (19,81), (20,81), (21,81), (22,81), (23,81), (24,81), (25,81), (26,81), (27,81), (28,81), (29,81), (30,81), (31,81), (32,81), (33,81), (34,81), (35,81), (36,81), (37,81), (38,81), (39,81), (40,81), (41,81), (42,81), (43,81), (44,81), (45,81), (46,81), (47,81), (48,81), (49,81), (50,81), (51,81), (52,81), (53,81), (54,81), (55,81), (56,81), (57,81), (58,81), (59,81), (60,81), (61,81), (62,81), (63,81), (64,81), (64,81), (64,80), (64,79), (64,78), (64,77), (64,76), (64,75), (64,74), (64,73), (64,72), (64,71)",
        "time": 4846.695299451205
    },
    "Walk_Train_Uber": {
        "cost": 22.01516414634782,
        "env_tax": 0.030000000000000006,
        "route": "(9,81), (10,81), (10,81), (10,80)|(10,80), (11,80), (12,80), (13,80), (14,80), (15,80), (16,80), (17,80), (18,80), (19,80), (20,80), (21,80), (22,80), (23,80), (24,80), (25,80), (26,80), (27,80), (28,80), (29,80), (30,80), (31,80), (32,80), (33,80), (34,80), (35,80), (36,80), (37,80), (38,80), (39,80), (40,80), (41,80), (42,80), (43,80), (44,80), (45,80), (46,80), (47,80), (48,80), (49,80), (50,80), (51,80), (52,80), (53,80), (54,80), (55,80), (56,80), (57,80), (58,80), (59,80), (60,80), (60,80), (60,79), (60,78), (60,77), (60,76), (60,75), (60,74), (60,73), (60,72), (60,71), (60,70)|(60,70), (61,70), (61,71), (62,71), (63,71), (64,71)",
        "time": 161.97825562419774
    },
    "Walk_Train_Walk": {
        "cost": 6.2,
        "env_tax": 0,
        "route": "(9,81), (10,81), (10,81), (10,80)|(10,80), (11,80), (12,80), (13,80), (14,80), (15,80), (16,80), (17,80), (18,80), (19,80), (20,80), (21,80), (22,80), (23,80), (24,80), (25,80), (26,80), (27,80), (28,80), (29,80), (30,80), (31,80), (32,80), (33,80), (34,80), (35,80), (36,80), (37,80), (38,80), (39,80), (40,80), (41,80), (42,80), (43,80), (44,80), (45,80), (46,80), (47,80), (48,80), (49,80), (50,80), (51,80), (52,80), (53,80), (54,80), (55,80), (56,80), (57,80), (58,80), (59,80), (60,80), (60,80), (60,79), (60,78), (60,77), (60,76), (60,75), (60,74), (60,73), (60,72), (60,71), (60,70)|(60,70), (61,70), (62,70), (63,70), (64,70), (64,70), (64,71)",
        "time": 529.6464958915296
    }
}