{
    "Uber": {
        "cost": 71.45393304142506,
        "env_tax": 0.6550000000000001,
        "route": "(44,85), (45,85), (46,85), (47,85), (48,85), (48,86), (48,87), (49,87), (50,87), (51,87), (52,87), (53,87), (54,87), (55,87), (56,87), (57,87), (58,87), (59,87), (60,87), (61,87), (61,86), (62,86), (63,86), (64,86), (65,86), (66,86), (67,86), (68,86), (69,86), (70,86), (71,86), (71,85), (71,84), (71,83), (71,82), (71,81), (71,80), (72,80), (73,80), (73,79), (73,78), (74,78), (74,77), (74,76), (74,75), (74,74), (74,73), (74,72), (74,71), (74,70), (74,69), (74,68), (75,68), (75,67), (75,66), (76,66), (76,65), (76,64), (76,63), (76,62), (76,61), (76,60), (76,59), (76,58), (76,57), (76,56), (76,55), (76,54), (76,53), (76,52), (76,51), (77,51), (77,50), (77,49), (77,48), (77,47), (77,46), (77,45), (77,44), (77,43), (77,42), (77,41), (77,40), (77,39), (77,38), (76,38), (76,37), (76,36), (76,35), (76,34), (76,33), (76,32), (76,31), (76,30), (76,29), (76,28), (76,27), (76,26), (76,25), (76,24), (76,23), (76,22), (76,21), (76,20), (76,19), (76,18), (76,17), (76,16), (76,15), (76,14), (76,13), (76,12), (76,11), (75,11), (75,10), (74,10), (74,9), (74,8), (74,7), (74,6), (74,5), (74,4), (74,3), (74,2), (73,2), (72,2), (71,2), (70,2), (69,2), (68,2), (67,2)",
        "time": 20.681306412400936
    },
    "Uber_Train_Uber": {
        "cost": 40.53077515746279,
        "env_tax": 0.11000000000000001,
        "route": "(44,85), (44,84), (44,83), (43,83), (42,83), (41,83), (41,82), (41,81), (40,81), (40,80)|(40,80), (41,80), (42,80), (43,80), (44,80), (45,80), (46,80), (47,80), (48,80), (49,80), (50,80), (51,80), (52,80), (53,80), (54,80), (55,80), (56,80), (57,80), (58,80), (59,80), (60,80), (61,80), (62,80), (63,80), (64,80), (65,80), (66,80), (67,80), (68,80), (69,80), (70,80), (70,80), (70,79), (70,78), (70,77), (70,76), (70,75), (70,74), (70,73), (70,72), (70,71), (70,70), (70,69), (70,68), (70,67), (70,66), (70,65), (70,64), (70,63), (70,62), (70,61), (70,60), (70,59), (70,58), (70,57), (70,56), (70,55), (70,54), (70,53), (70,52), (70,51), (70,50), (70,49), (70,48), (70,47), (70,46), (70,45), (70,44), (70,43), (70,42), (70,41), (70,40), (70,39), (70,38), (70,37), (70,36), (70,35), (70,34), (70,33), (70,32), (70,31), (70,30), (70,29), (70,28), (70,27), (70,26), (70,25), (70,24), (70,23), (70,22), (70,21), (70,20), (70,19), (70,18), (70,17), (70,16), (70,15), (70,14), (70,13), (70,12), (70,11), (70,10)|(70,10), (70,9), (70,8), (70,7), (69,7), (68,7), (68,6), (68,5), (68,4), (68,3), (68,2), (67,2)",
        "time": 21.6475345977534
    },
    "Uber_Train_Walk": {
        "cost": 25.951215037194057,
        "env_tax": 0.05,
        "route": "(44,85), (44,84), (44,83), (43,83), (42,83), (41,83), (41,82), (41,81), (40,81), (40,80)|(40,80), (41,80), (42,80), (43,80), (44,80), (45,80), (46,80), (47,80), (48,80), (49,80), (50,80), (51,80), (52,80), (53,80), (54,80), (55,80), (56,80), (57,80), (58,80), (59,80), (60,80), (61,80), (62,80), (63,80), (64,80), (65,80), (66,80), (67,80), (68,80), (69,80), (70,80), (70,80), (70,79), (70,78), (70,77), (70,76), (70,75), (70,74), (70,73), (70,72), (70,71), (70,70), (70,69), (70,68), (70,67), (70,66), (70,65), (70,64), (70,63), (70,62), (70,61), (70,60), (70,59), (70,58), (70,57), (70,56), (70,55), (70,54), (70,53), (70,52), (70,51), (70,50), (70,49), (70,48), (70,47), (70,46), (70,45), (70,44), (70,43), (70,42), (70,41), (70,40), (70,39), (70,38), (70,37), (70,36), (70,35), (70,34), (70,33), (70,32), (70,31), (70,30), (70,29), (70,28), (70,27), (70,26), (70,25), (70,24), (70,23), (70,22), (70,21), (70,20), (70,19), (70,18), (70,17), (70,16), (70,15), (70,14), (70,13), (70,12), (70,11), (70,10)|(70,10), (69,10), (68,10), (67,10), (67,10), (67,9), (67,8), (67,7), (67,6), (67,5), (67,4), (67,3), (67,2)",
        "time": 837.6451008436296
    },
    "Walk": {
        "cost": 0,
        "env_tax": 0,
        "route": "(44,85), (45,85), (46,85), (47,85), (48,85), (49,85), (50,85), (51,85), (52,85), (53,85), (54,85), (55,85), (56,85), (57,85), (58,85), (59,85), (60,85), (61,85), (62,85), (63,85), (64,85), (65,85), (66,85), (67,85), (67,85), (67,84), (67,83), (67,82), (67,81), (67,80), (67,79), (67,78), (67,77), (67,76), (67,75), (67,74), (67,73), (67,72), (67,71), (67,70), (67,69), (67,68), (67,67), (67,66), (67,65), (67,64), (67,63), (67,62), (67,61), (67,60), (67,59), (67,58), (67,57), (67,56), (67,55), (67,54), (67,53), (67,52), (67,51), (67,50), (67,49), (67,48), (67,47), (67,46), (67,45), (67,44), (67,43), (67,42), (67,41), (67,40), (67,39), (67,38), (67,37), (67,36), (67,35), (67,34), (67,33), (67,32), (67,31), (67,30), (67,29), (67,28), (67,27), (67,26), (67,25), (67,24), (67,23), (67,22), (67,21), (67,20), (67,19), (67,18), (67,17), (67,16), (67,15), (67,14), (67,13), (67,12), (67,11), (67,10), (67,9), (67,8), (67,7), (67,6), (67,5), (67,4), (67,3), (67,2)",
        "time": 7903.841565258887
    },
    "Walk_Train_Uber": {
        "cost": 24.440339916155335,
        "env_tax": 0.06000000000000001,
        "route": "(44,85), (43,85), (42,85), (41,85), (40,85), (40,85), (40,84), (40,83), (40,82), (40,81), (40,80)|(40,80), (41,80), (42,80), (43,80), (44,80), (45,80), (46,80), (47,80), (48,80), (49,80), (50,80), (51,80), (52,80), (53,80), (54,80), (55,80), (56,80), (57,80), (58,80), (59,80), (60,80), (61,80), (62,80), (63,80), (64,80), (65,80), (66,80), (67,80), (68,80), (69,80), (70,80), (70,80), (70,79), (70,78), (70,77), (70,76), (70,75), (70,74), (70,73), (70,72), (70,71), (70,70), (70,69), (70,68), (70,67), (70,66), (70,65), (70,64), (70,63), (70,62), (70,61), (70,60), (70,59), (70,58), (70,57), (70,56), (70,55), (70,54), (70,53), (70,52), (70,51), (70,50), (70,49), (70,48), (70,47), (70,46), (70,45), (70,44), (70,43), (70,42), (70,41), (70,40), (70,39), (70,38), (70,37), (70,36), (70,35), (70,34), (70,33), (70,32), (70,31), (70,30), (70,29), (70,28), (70,27), (70,26), (70,25), (70,24), (70,23), (70,22), (70,21), (70,20), (70,19), (70,18), (70,17), (70,16), (70,15), (70,14), (70,13), (70,12), (70,11), (70,10)|(70,10), (70,9), (70,8), (70,7), (69,7), (68,7), (68,6), (68,5), (68,4), (68,3), (68,2), (67,2)",
        "time": 685.1303255920578
    },
    "Walk_Train_Walk": {
        "cost": 10.200000000000001,
        "env_tax": 0,
        "route": "(44,85), (43,85), (42,85), (41,85), (40,85), (40,85), (40,84), (40,83), (40,82), (40,81), (40,80)|(40,80), (41,80), (42,80), (43,80), (44,80), (45,80), (46,80), (47,80), (48,80), (49,80), (50,80), (51,80), (52,80), (53,80), (54,80), (55,80), (56,80), (57,80), (58,80), (59,80), (60,80), (61,80), (62,80), (63,80), (64,80), (65,80), (66,80), (67,80), (68,80), (69,80), (70,80), (70,80), (70,79), (70,78), (70,77), (70,76), (70,75), (70,74), (70,73), (70,72), (70,71), (70,70), (70,69), (70,68), (70,67), (70,66), (70,65), (70,64), (70,63), (70,62), (70,61), (70,60), (70,59), (70,58), (70,57), (70,56), (70,55), (70,54), (70,53), (70,52), (70,51), (70,50), (70,49), (70,48), (70,47), (70,46), (70,45), (70,44), (70,43), (70,42), (70,41), (70,40), (70,39), (70,38), (70,37), (70,36), (70,35), (70,34), (70,33), (70,32), (70,31), (70,30), (70,29), (70,28), (70,27), (70,26), (70,25), (70,24), (70,23), (70,22), (70,21), (70,20), (70,19), (70,18), (70,17), (70,16), (70,15), (70,14), (70,13), (70,12), (70,11), (70,10)|(70,10), (69,10), (68,10), (67,10), (67,10), (67,9), (67,8), (67,7), (67,6), (67,5), (67,4), (67,3), (67,2)",
        "time": 1497.5917727989176
    }
}