{
    "Uber": {
        "cost": 31.966324525485568,
        "env_tax": 0.4600000000000001,
        "route": "(23,28), (22,28), (21,28), (20,28), (19,28), (18,28), (17,28), (16,28), (15,28), (14,28), (13,28), (12,28), (11,28), (10,28), (9,28), (9,29), (9,30), (8,30), (7,30), (7,31), (7,32), (6,32), (6,33), (6,34), (5,34), (5,35), (5,36), (5,37), (4,37), (4,38), (4,39), (3,39), (2,39), (2,40), (1,40), (1,41), (1,42), (1,43), (1,44), (1,45), (1,46), (1,47), (1,48), (1,49), (1,50), (1,51), (1,52), (1,53), (2,53), (2,54), (2,55), (2,56), (2,57), (2,58), (2,59), (2,60), (2,61), (2,62), (2,63), (2,64), (2,65), (2,66), (2,67), (2,68), (2,69), (2,70), (2,71), (2,72), (2,73), (2,74), (2,75), (3,75), (3,76), (3,77), (3,78), (3,79), (3,80), (3,81), (3,82), (3,83), (3,84), (3,85), (4,85), (5,85), (6,85), (7,85), (8,85), (9,85), (10,85), (11,85), (11,86), (11,87)",
        "time": 8.968982547951498
    },
    "Uber_Train_Uber": {
        "cost": 33.79753172026548,
        "env_tax": 0.05500000000000001,
        "route": "(23,28), (23,29), (22,29), (21,29), (20,29), (20,30)|(20,30), (19,30), (18,30), (17,30), (16,30), (15,30), (14,30), (13,30), (12,30), (11,30), (10,30), (10,30), (10,31), (10,32), (10,33), (10,34), (10,35), (10,36), (10,37), (10,38), (10,39), (10,40), (10,41), (10,42), (10,43), (10,44), (10,45), (10,46), (10,47), (10,48), (10,49), (10,50), (10,51), (10,52), (10,53), (10,54), (10,55), (10,56), (10,57), (10,58), (10,59), (10,60), (10,61), (10,62), (10,63), (10,64), (10,65), (10,66), (10,67), (10,68), (10,69), (10,70), (10,71), (10,72), (10,73), (10,74), (10,75), (10,76), (10,77), (10,78), (10,79), (10,80), (10,81), (10,82), (10,83), (10,84), (10,85), (10,86), (10,87), (10,88), (10,89), (10,90)|(10,90), (11,90), (11,89), (11,88), (11,87)",
        "time": 23.363152517254456
    },
    "Uber_Train_Walk": {
        "cost": 21.112156439760334,
        "env_tax": 0.030000000000000006,
        "route": "(23,28), (23,29), (22,29), (21,29), (20,29), (20,30)|(20,30), (19,30), (18,30), (17,30), (16,30), (15,30), (14,30), (13,30), (12,30), (11,30), (10,30), (10,30), (10,31), (10,32), (10,33), (10,34), (10,35), (10,36), (10,37), (10,38), (10,39), (10,40), (10,41), (10,42), (10,43), (10,44), (10,45), (10,46), (10,47), (10,48), (10,49), (10,50), (10,51), (10,52), (10,53), (10,54), (10,55), (10,56), (10,57), (10,58), (10,59), (10,60), (10,61), (10,62), (10,63), (10,64), (10,65), (10,66), (10,67), (10,68), (10,69), (10,70), (10,71), (10,72), (10,73), (10,74), (10,75), (10,76), (10,77), (10,78), (10,79), (10,80), (10,81), (10,82), (10,83), (10,84), (10,85), (10,86), (10,87), (10,88), (10,89), (10,90)|(10,90), (11,90), (11,90), (11,89), (11,88), (11,87)",
        "time": 316.47815092560614
    },
    "Walk": {
        "cost": 0,
        "env_tax": 0,
        "route": "(23,28), (22,28), (21,28), (20,28), (19,28), (18,28), (17,28), (16,28), (15,28), (14,28), (13,28), (12,28), (11,28), (11,28), (11,29), (11,30), (11,31), (11,32), (11,33), (11,34), (11,35), (11,36), (11,37), (11,38), (11,39), (11,40), (11,41), (11,42), (11,43), (11,44), (11,45), (11,46), (11,47), (11,48), (11,49), (11,50), (11,51), (11,52), (11,53), (11,54), (11,55), (11,56), (11,57), (11,58), (11,59), (11,60), (11,61), (11,62), (11,63), (11,64), (11,65), (11,66), (11,67), (11,68), (11,69), (11,70), (11,71), (11,72), (11,73), (11,74), (11,75), (11,76), (11,77), (11,78), (11,79), (11,80), (11,81), (11,82), (11,83), (11,84), (11,85), (11,86), (11,87)",
        "time": 5294.082557862085
    },
    "Walk_Train_Uber": {
        "cost": 19.55952169821122,
        "env_tax": 0.025,
        "route": "(23,28), (22,28), (21,28), (20,28), (20,28), (20,29), (20,30)|(20,30), (19,30), (18,30), (17,30), (16,30), (15,30), (14,30), (13,30), (12,30), (11,30), (10,30), (10,30), (10,31), (10,32), (10,33), (10,34), (10,35), (10,36), (10,37), (10,38), (10,39), (10,40), (10,41), (10,42), (10,43), (10,44), (10,45), (10,46), (10,47), (10,48), (10,49), (10,50), (10,51), (10,52), (10,53), (10,54), (10,55), (10,56), (10,57), (10,58), (10,59), (10,60), (10,61), (10,62), (10,63), (10,64), (10,65), (10,66), (10,67), (10,68), (10,69), (10,70), (10,71), (10,72), (10,73), (10,74), (10,75), (10,76), (10,77), (10,78), (10,79), (10,80), (10,81), (10,82), (10,83), (10,84), (10,85), (10,86), (10,87), (10,88), (10,89), (10,90)|(10,90), (11,90), (11,89), (11,88), (11,87)",
        "time": 389.18139950209536
    },
    "Walk_Train_Walk": {
        "cost": 7.2,
        "env_tax": 0,
        "route": "(23,28), (22,28), (21,28), (20,28), (20,28), (20,29), (20,30)|(20,30), (19,30), (18,30), (17,30), (16,30), (15,30), (14,30), (13,30), (12,30), (11,30), (10,30), (10,30), (10,31), (10,32), (10,33), (10,34), (10,35), (10,36), (10,37), (10,38), (10,39), (10,40), (10,41), (10,42), (10,43), (10,44), (10,45), (10,46), (10,47), (10,48), (10,49), (10,50), (10,51), (10,52), (10,53), (10,54), (10,55), (10,56), (10,57), (10,58), (10,59), (10,60), (10,61), (10,62), (10,63), (10,64), (10,65), (10,66), (10,67), (10,68), (10,69), (10,70), (10,71), (10,72), (10,73), (10,74), (10,75), (10,76), (10,77), (10,78), (10,79), (10,80), (10,81), (10,82), (10,83), (10,84), (10,85), (10,86), (10,87), (10,88), (10,89), (10,90)|(10,90), (11,90), (11,90), (11,89), (11,88), (11,87)",
        "time": 681.1153408242401
    }
}