{
    "Uber": {
        "cost": 71.50430005284026,
        "env_tax": 0.35000000000000003,
        "route": "(71,29), (71,28), (70,28), (69,28), (68,28), (67,28), (66,28), (65,28), (64,28), (63,28), (62,28), (61,28), (60,28), (59,28), (58,28), (57,28), (56,28), (55,28), (54,28), (53,28), (52,28), (51,28), (50,28), (49,28), (48,28), (47,28), (46,28), (45,28), (45,29), (44,29), (43,29), (42,29), (42,30), (42,31), (42,32), (41,32), (40,32), (39,32), (38,32), (37,32), (36,32), (35,32), (35,33), (35,34), (34,34), (33,34), (33,35), (33,36), (33,37), (32,37), (32,38), (32,39), (32,40), (32,41), (32,42), (32,43), (32,44), (32,45), (32,46), (32,47), (32,48), (32,49), (32,50), (32,51), (32,52), (32,53), (32,54), (32,55), (32,56), (32,57)",
        "time": 25.08771611051833
    },
    "Uber_Train_Uber": {
        "cost": 35.86700059495955,
        "env_tax": 0.04500000000000001,
        "route": "(71,29), (71,30), (70,30)|(70,30), (69,30), (68,30), (67,30), (66,30), (65,30), (64,30), (63,30), (62,30), (61,30), (60,30), (59,30), (58,30), (57,30), (56,30), (55,30), (54,30), (53,30), (52,30), (51,30), (50,30), (49,30), (48,30), (47,30), (46,30), (45,30), (44,30), (43,30), (42,30), (41,30), (40,30), (39,30), (38,30), (37,30), (36,30), (35,30), (34,30), (33,30), (32,30), (31,30), (30,30), (30,30), (30,31), (30,32), (30,33), (30,34), (30,35), (30,36), (30,37), (30,38), (30,39), (30,40), (30,41), (30,42), (30,43), (30,44), (30,45), (30,46), (30,47), (30,48), (30,49), (30,50), (30,51), (30,52), (30,53), (30,54), (30,55), (30,56), (30,57), (30,58), (30,59), (30,60)|(30,60), (30,59), (30,58), (30,57), (31,57), (32,57)",
        "time": 21.772169664926658
    },
    "Uber_Train_Walk": {
        "cost": 20.340095150331724,
        "env_tax": 0.015000000000000003,
        "route": "(71,29), (71,30), (70,30)|(70,30), (69,30), (68,30), (67,30), (66,30), (65,30), (64,30), (63,30), (62,30), (61,30), (60,30), (59,30), (58,30), (57,30), (56,30), (55,30), (54,30), (53,30), (52,30), (51,30), (50,30), (49,30), (48,30), (47,30), (46,30), (45,30), (44,30), (43,30), (42,30), (41,30), (40,30), (39,30), (38,30), (37,30), (36,30), (35,30), (34,30), (33,30), (32,30), (31,30), (30,30), (30,30), (30,31), (30,32), (30,33), (30,34), (30,35), (30,36), (30,37), (30,38), (30,39), (30,40), (30,41), (30,42), (30,43), (30,44), (30,45), (30,46), (30,47), (30,48), (30,49), (30,50), (30,51), (30,52), (30,53), (30,54), (30,55), (30,56), (30,57), (30,58), (30,59), (30,60)|(30,60), (31,60), (32,60), (32,60), (32,59), (32,58), (32,57)",
        "time": 386.4014121984691
    },
    "Walk": {
        "cost": 0,
        "env_tax": 0,
        "route": "(71,29), (70,29), (69,29), (68,29), (67,29), (66,29), (65,29), (64,29), (63,29), (62,29), (61,29), (60,29), (59,29), (58,29), (57,29), (56,29), (55,29), (54,29), (53,29), (52,29), (51,29), (50,29), (49,29), (48,29), (47,29), (46,29), (45,29), (44,29), (43,29), (42,29), (41,29), (40,29), (39,29), (38,29), (37,29), (36,29), (35,29), (34,29), (33,29), (32,29), (32,29), (32,30), (32,31), (32,32), (32,33), (32,34), (32,35), (32,36), (32,37), (32,38), (32,39), (32,40), (32,41), (32,42), (32,43), (32,44), (32,45), (32,46), (32,47), (32,48), (32,49), (32,50), (32,51), (32,52), (32,53), (32,54), (32,55), (32,56), (32,57)",
        "time": 4995.824385588165
    },
    "Walk_Train_Uber": {
        "cost": 23.46386954851719,
        "env_tax": 0.030000000000000006,
        "route": "(71,29), (70,29), (70,29), (70,30)|(70,30), (69,30), (68,30), (67,30), (66,30), (65,30), (64,30), (63,30), (62,30), (61,30), (60,30), (59,30), (58,30), (57,30), (56,30), (55,30), (54,30), (53,30), (52,30), (51,30), (50,30), (49,30), (48,30), (47,30), (46,30), (45,30), (44,30), (43,30), (42,30), (41,30), (40,30), (39,30), (38,30), (37,30), (36,30), (35,30), (34,30), (33,30), (32,30), (31,30), (30,30), (30,30), (30,31), (30,32), (30,33), (30,34), (30,35), (30,36), (30,37), (30,38), (30,39), (30,40), (30,41), (30,42), (30,43), (30,44), (30,45), (30,46), (30,47), (30,48), (30,49), (30,50), (30,51), (30,52), (30,53), (30,54), (30,55), (30,56), (30,57), (30,58), (30,59), (30,60)|(30,60), (30,59), (30,58), (30,57), (31,57), (32,57)",
        "time": 159.32238515724652
    },
    "Walk_Train_Walk": {
        "cost": 7.2,
        "env_tax": 0,
        "route": "(71,29), (70,29), (70,29), (70,30)|(70,30), (69,30), (68,30), (67,30), (66,30), (65,30), (64,30), (63,30), (62,30), (61,30), (60,30), (59,30), (58,30), (57,30), (56,30), (55,30), (54,30), (53,30), (52,30), (51,30), (50,30), (49,30), (48,30), (47,30), (46,30), (45,30), (44,30), (43,30), (42,30), (41,30), (40,30), (39,30), (38,30), (37,30), (36,30), (35,30), (34,30), (33,30), (32,30), (31,30), (30,30), (30,30), (30,31), (30,32), (30,33), (30,34), (30,35), (30,36), (30,37), (30,38), (30,39), (30,40), (30,41), (30,42), (30,43), (30,44), (30,45), (30,46), (30,47), (30,48), (30,49), (30,50), (30,51), (30,52), (30,53), (30,54), (30,55), (30,56), (30,57), (30,58), (30,59), (30,60)|(30,60), (31,60), (32,60), (32,60), (32,59), (32,58), (32,57)",
        "time": 527.5157248632145
    }
}