{
    "Uber": {
        "cost": 24.076405236130693,
        "env_tax": 0.08000000000000002,
        "route": "(38,66), (37,66), (36,66), (35,66), (34,66), (33,66), (33,67), (32,67), (31,67), (30,67), (29,67), (28,67), (27,67), (26,67), (25,67), (25,68)",
        "time": 11.59468134955528
    },
    "Uber_Train_Uber": {
        "cost": 33.937380679214755,
        "env_tax": 0.07500000000000001,
        "route": "(38,66), (38,67), (38,68), (38,69), (38,70), (39,70), (40,70)|(40,70), (39,70), (38,70), (37,70), (36,70), (35,70), (34,70), (33,70), (32,70), (31,70), (30,70), (29,70), (28,70), (27,70), (26,70), (25,70), (24,70), (23,70), (22,70), (21,70), (20,70), (20,70)|(20,70), (21,70), (22,70), (22,69), (22,68), (23,68), (24,68), (25,68)",
        "time": 22.228731188642108
    },
    "Uber_Train_Walk": {
        "cost": 19.331495324510577,
        "env_tax": 0.035,
        "route": "(38,66), (38,67), (38,68), (38,69), (38,70), (39,70), (40,70)|(40,70), (39,70), (38,70), (37,70), (36,70), (35,70), (34,70), (33,70), (32,70), (31,70), (30,70), (29,70), (28,70), (27,70), (26,70), (25,70), (24,70), (23,70), (22,70), (21,70), (20,70), (20,70)|(20,70), (21,70), (22,70), (23,70), (24,70), (25,70), (25,70), (25,69), (25,68)",
        "time": 538.6991775572101
    },
    "Walk": {
        "cost": 0,
        "env_tax": 0,
        "route": "(38,66), (37,66), (36,66), (35,66), (34,66), (33,66), (32,66), (31,66), (30,66), (29,66), (28,66), (27,66), (26,66), (25,66), (25,66), (25,67), (25,68)",
        "time": 1118.468146027201
    },
    "Walk_Train_Uber": {
        "cost": 17.6547309797825,
        "env_tax": 0.04000000000000001,
        "route": "(38,66), (39,66), (40,66), (40,66), (40,67), (40,68), (40,69), (40,70)|(40,70), (39,70), (38,70), (37,70), (36,70), (35,70), (34,70), (33,70), (32,70), (31,70), (30,70), (29,70), (28,70), (27,70), (26,70), (25,70), (24,70), (23,70), (22,70), (21,70), (20,70), (20,70)|(20,70), (21,70), (22,70), (22,69), (22,68), (23,68), (24,68), (25,68)",
        "time": 460.32751534827975
    },
    "Walk_Train_Walk": {
        "cost": 2.2,
        "env_tax": 0,
        "route": "(38,66), (39,66), (40,66), (40,66), (40,67), (40,68), (40,69), (40,70)|(40,70), (39,70), (38,70), (37,70), (36,70), (35,70), (34,70), (33,70), (32,70), (31,70), (30,70), (29,70), (28,70), (27,70), (26,70), (25,70), (24,70), (23,70), (22,70), (21,70), (20,70), (20,70)|(20,70), (21,70), (22,70), (23,70), (24,70), (25,70), (25,70), (25,69), (25,68)",
        "time": 976.2727967384451
    }
}