{
    "Uber": {
        "cost": 72.48881670561799,
        "env_tax": 0.6350000000000001,
        "route": "(58,14), (58,13), (58,12), (58,11), (57,11), (57,10), (56,10), (56,9), (56,8), (56,7), (55,7), (55,6), (55,5), (54,5), (53,5), (52,5), (52,4), (51,4), (50,4), (49,4), (48,4), (47,4), (46,4), (45,4), (44,4), (43,4), (42,4), (41,4), (40,4), (39,4), (38,4), (37,4), (36,4), (35,4), (35,5), (34,5), (33,5), (32,5), (32,6), (31,6), (30,6), (30,7), (30,8), (30,9), (29,9), (29,10), (29,11), (28,11), (28,12), (28,13), (28,14), (28,15), (28,16), (28,17), (27,17), (27,18), (27,19), (27,20), (27,21), (27,22), (27,23), (27,24), (27,25), (27,26), (27,27), (27,28), (27,29), (27,30), (27,31), (27,32), (27,33), (27,34), (27,35), (27,36), (27,37), (27,38), (27,39), (27,40), (27,41), (27,42), (27,43), (27,44), (27,45), (27,46), (27,47), (27,48), (27,49), (27,50), (27,51), (27,52), (27,53), (27,54), (27,55), (27,56), (27,57), (27,58), (27,59), (27,60), (27,61), (27,62), (27,63), (27,64), (27,65), (27,66), (27,67), (27,68), (27,69), (27,70), (27,71), (27,72), (27,73), (27,74), (28,74), (28,75), (29,75), (29,76), (29,77), (29,78), (29,79), (30,79), (31,79), (32,79), (33,79), (34,79), (35,79), (36,79), (36,80)",
        "time": 21.660540930884988
    },
    "Uber_Train_Uber": {
        "cost": 37.194247366105856,
        "env_tax": 0.060000000000000005,
        "route": "(58,14), (58,13), (59,13), (59,12), (59,11), (59,10), (60,10)|(60,10), (59,10), (58,10), (57,10), (56,10), (55,10), (54,10), (53,10), (52,10), (51,10), (50,10), (49,10), (48,10), (47,10), (46,10), (45,10), (44,10), (43,10), (42,10), (41,10), (40,10), (40,10), (40,11), (40,12), (40,13), (40,14), (40,15), (40,16), (40,17), (40,18), (40,19), (40,20), (40,21), (40,22), (40,23), (40,24), (40,25), (40,26), (40,27), (40,28), (40,29), (40,30), (40,31), (40,32), (40,33), (40,34), (40,35), (40,36), (40,37), (40,38), (40,39), (40,40), (40,41), (40,42), (40,43), (40,44), (40,45), (40,46), (40,47), (40,48), (40,49), (40,50), (40,51), (40,52), (40,53), (40,54), (40,55), (40,56), (40,57), (40,58), (40,59), (40,60), (40,61), (40,62), (40,63), (40,64), (40,65), (40,66), (40,67), (40,68), (40,69), (40,70), (40,71), (40,72), (40,73), (40,74), (40,75), (40,76), (40,77), (40,78), (40,79), (40,80)|(40,80), (39,80), (38,80), (37,80), (36,80)",
        "time": 23.803487739336212
    },
    "Uber_Train_Walk": {
        "cost": 23.223982171426783,
        "env_tax": 0.035,
        "route": "(58,14), (58,13), (59,13), (59,12), (59,11), (59,10), (60,10)|(60,10), (59,10), (58,10), (57,10), (56,10), (55,10), (54,10), (53,10), (52,10), (51,10), (50,10), (49,10), (48,10), (47,10), (46,10), (45,10), (44,10), (43,10), (42,10), (41,10), (40,10), (40,10), (40,11), (40,12), (40,13), (40,14), (40,15), (40,16), (40,17), (40,18), (40,19), (40,20), (40,21), (40,22), (40,23), (40,24), (40,25), (40,26), (40,27), (40,28), (40,29), (40,30), (40,31), (40,32), (40,33), (40,34), (40,35), (40,36), (40,37), (40,38), (40,39), (40,40), (40,41), (40,42), (40,43), (40,44), (40,45), (40,46), (40,47), (40,48), (40,49), (40,50), (40,51), (40,52), (40,53), (40,54), (40,55), (40,56), (40,57), (40,58), (40,59), (40,60), (40,61), (40,62), (40,63), (40,64), (40,65), (40,66), (40,67), (40,68), (40,69), (40,70), (40,71), (40,72), (40,73), (40,74), (40,75), (40,76), (40,77), (40,78), (40,79), (40,80)|(40,80), (39,80), (38,80), (37,80), (36,80), (36,80)",
        "time": 309.7511183165828
    },
    "Walk": {
        "cost": 0,
        "env_tax": 0,
        "route": "(58,14), (57,14), (56,14), (55,14), (54,14), (53,14), (52,14), (51,14), (50,14), (49,14), (48,14), (47,14), (46,14), (45,14), (44,14), (43,14), (42,14), (41,14), (40,14), (39,14), (38,14), (37,14), (36,14), (36,14), (36,15), (36,16), (36,17), (36,18), (36,19), (36,20), (36,21), (36,22), (36,23), (36,24), (36,25), (36,26), (36,27), (36,28), (36,29), (36,30), (36,31), (36,32), (36,33), (36,34), (36,35), (36,36), (36,37), (36,38), (36,39), (36,40), (36,41), (36,42), (36,43), (36,44), (36,45), (36,46), (36,47), (36,48), (36,49), (36,50), (36,51), (36,52), (36,53), (36,54), (36,55), (36,56), (36,57), (36,58), (36,59), (36,60), (36,61), (36,62), (36,63), (36,64), (36,65), (36,66), (36,67), (36,68), (36,69), (36,70), (36,71), (36,72), (36,73), (36,74), (36,75), (36,76), (36,77), (36,78), (36,79), (36,80)",
        "time": 6561.679790026246
    },
    "Walk_Train_Uber": {
        "cost": 23.596515556030127,
        "env_tax": 0.025,
        "route": "(58,14), (59,14), (60,14), (60,14), (60,13), (60,12), (60,11), (60,10)|(60,10), (59,10), (58,10), (57,10), (56,10), (55,10), (54,10), (53,10), (52,10), (51,10), (50,10), (49,10), (48,10), (47,10), (46,10), (45,10), (44,10), (43,10), (42,10), (41,10), (40,10), (40,10), (40,11), (40,12), (40,13), (40,14), (40,15), (40,16), (40,17), (40,18), (40,19), (40,20), (40,21), (40,22), (40,23), (40,24), (40,25), (40,26), (40,27), (40,28), (40,29), (40,30), (40,31), (40,32), (40,33), (40,34), (40,35), (40,36), (40,37), (40,38), (40,39), (40,40), (40,41), (40,42), (40,43), (40,44), (40,45), (40,46), (40,47), (40,48), (40,49), (40,50), (40,51), (40,52), (40,53), (40,54), (40,55), (40,56), (40,57), (40,58), (40,59), (40,60), (40,61), (40,62), (40,63), (40,64), (40,65), (40,66), (40,67), (40,68), (40,69), (40,70), (40,71), (40,72), (40,73), (40,74), (40,75), (40,76), (40,77), (40,78), (40,79), (40,80)|(40,80), (39,80), (38,80), (37,80), (36,80)",
        "time": 462.5304303345848
    },
    "Walk_Train_Walk": {
        "cost": 9.200000000000001,
        "env_tax": 0,
        "route": "(58,14), (59,14), (60,14), (60,14), (60,13), (60,12), (60,11), (60,10)|(60,10), (59,10), (58,10), (57,10), (56,10), (55,10), (54,10), (53,10), (52,10), (51,10), (50,10), (49,10), (48,10), (47,10), (46,10), (45,10), (44,10), (43,10), (42,10), (41,10), (40,10), (40,10), (40,11), (40,12), (40,13), (40,14), (40,15), (40,16), (40,17), (40,18), (40,19), (40,20), (40,21), (40,22), (40,23), (40,24), (40,25), (40,26), (40,27), (40,28), (40,29), (40,30), (40,31), (40,32), (40,33), (40,34), (40,35), (40,36), (40,37), (40,38), (40,39), (40,40), (40,41), (40,42), (40,43), (40,44), (40,45), (40,46), (40,47), (40,48), (40,49), (40,50), (40,51), (40,52), (40,53), (40,54), (40,55), (40,56), (40,57), (40,58), (40,59), (40,60), (40,61), (40,62), (40,63), (40,64), (40,65), (40,66), (40,67), (40,68), (40,69), (40,70), (40,71), (40,72), (40,73), (40,74), (40,75), (40,76), (40,77), (40,78), (40,79), (40,80)|(40,80), (39,80), (38,80), (37,80), (36,80), (36,80)",
        "time": 751.1510284756287
    }
}