{
    "Uber": {
        "cost": 40.234429999089514,
        "env_tax": 0.375,
        "route": "(99,94), (99,93), (99,92), (98,92), (97,92), (97,91), (97,90), (97,89), (97,88), (97,87), (97,86), (97,85), (97,84), (97,83), (97,82), (97,81), (97,80), (97,79), (97,78), (97,77), (97,76), (97,75), (97,74), (97,73), (97,72), (97,71), (97,70), (97,69), (97,68), (97,67), (97,66), (97,65), (97,64), (96,64), (95,64), (95,63), (94,63), (93,63), (93,62), (92,62), (91,62), (90,62), (89,62), (89,61), (89,60), (88,60), (88,59), (88,58), (87,58), (86,58), (85,58), (84,58), (83,58), (82,58), (81,58), (80,58), (79,58), (78,58), (77,58), (76,58), (75,58), (74,58), (73,58), (72,58), (71,58), (70,58), (69,58), (69,57), (68,57), (67,57), (66,57), (65,57), (64,57), (63,57), (62,57)",
        "time": 13.851052857200926
    },
    "Uber_Train_Uber": {
        "cost": 36.889088879033416,
        "env_tax": 0.1,
        "route": "(99,94), (99,93), (99,92), (98,92), (97,92), (97,91), (96,91), (95,91), (94,91), (93,91), (92,91), (91,91), (91,90), (90,90)|(90,90), (89,90), (88,90), (87,90), (86,90), (85,90), (84,90), (83,90), (82,90), (81,90), (80,90), (79,90), (78,90), (77,90), (76,90), (75,90), (74,90), (73,90), (72,90), (71,90), (70,90), (69,90), (68,90), (67,90), (66,90), (65,90), (64,90), (63,90), (62,90), (61,90), (60,90), (60,90), (60,89), (60,88), (60,87), (60,86), (60,85), (60,84), (60,83), (60,82), (60,81), (60,80), (60,79), (60,78), (60,77), (60,76), (60,75), (60,74), (60,73), (60,72), (60,71), (60,70), (60,69), (60,68), (60,67), (60,66), (60,65), (60,64), (60,63), (60,62), (60,61), (60,60)|(60,60), (60,59), (61,59), (61,58), (62,58), (62,57)",
        "time": 22.302795064967206
    },
    "Uber_Train_Walk": {
        "cost": 19.555939351491972,
        "env_tax": 0.07,
        "route": "(99,94), (99,93), (99,92), (98,92), (97,92), (97,91), (96,91), (95,91), (94,91), (93,91), (92,91), (91,91), (91,90), (90,90)|(90,90), (89,90), (88,90), (87,90), (86,90), (85,90), (84,90), (83,90), (82,90), (81,90), (80,90), (79,90), (78,90), (77,90), (76,90), (75,90), (74,90), (73,90), (72,90), (71,90), (70,90), (69,90), (68,90), (67,90), (66,90), (65,90), (64,90), (63,90), (62,90), (61,90), (60,90), (60,90), (60,89), (60,88), (60,87), (60,86), (60,85), (60,84), (60,83), (60,82), (60,81), (60,80), (60,79), (60,78), (60,77), (60,76), (60,75), (60,74), (60,73), (60,72), (60,71), (60,70), (60,69), (60,68), (60,67), (60,66), (60,65), (60,64), (60,63), (60,62), (60,61), (60,60)|(60,60), (61,60), (62,60), (62,60), (62,59), (62,58), (62,57)",
        "time": 393.765550655522
    },
    "Walk": {
        "cost": 0,
        "env_tax": 0,
        "route": "(99,94), (98,94), (97,94), (96,94), (95,94), (94,94), (93,94), (92,94), (91,94), (90,94), (89,94), (88,94), (87,94), (86,94), (85,94), (84,94), (83,94), (82,94), (81,94), (80,94), (79,94), (78,94), (77,94), (76,94), (75,94), (74,94), (73,94), (72,94), (71,94), (70,94), (69,94), (68,94), (67,94), (66,94), (65,94), (64,94), (63,94), (62,94), (62,94), (62,93), (62,92), (62,91), (62,90), (62,89), (62,88), (62,87), (62,86), (62,85), (62,84), (62,83), (62,82), (62,81), (62,80), (62,79), (62,78), (62,77), (62,76), (62,75), (62,74), (62,73), (62,72), (62,71), (62,70), (62,69), (62,68), (62,67), (62,66), (62,65), (62,64), (62,63), (62,62), (62,61), (62,60), (62,59), (62,58), (62,57)",
        "time": 5517.776187067525
    },
    "Walk_Train_Uber": {
        "cost": 23.742020274346228,
        "env_tax": 0.030000000000000006,
        "route": "(99,94), (98,94), (97,94), (96,94), (95,94), (94,94), (93,94), (92,94), (91,94), (90,94), (90,94), (90,93), (90,92), (90,91), (90,90)|(90,90), (89,90), (88,90), (87,90), (86,90), (85,90), (84,90), (83,90), (82,90), (81,90), (80,90), (79,90), (78,90), (77,90), (76,90), (75,90), (74,90), (73,90), (72,90), (71,90), (70,90), (69,90), (68,90), (67,90), (66,90), (65,90), (64,90), (63,90), (62,90), (61,90), (60,90), (60,90), (60,89), (60,88), (60,87), (60,86), (60,85), (60,84), (60,83), (60,82), (60,81), (60,80), (60,79), (60,78), (60,77), (60,76), (60,75), (60,74), (60,73), (60,72), (60,71), (60,70), (60,69), (60,68), (60,67), (60,66), (60,65), (60,64), (60,63), (60,62), (60,61), (60,60)|(60,60), (60,59), (61,59), (61,58), (62,58), (62,57)",
        "time": 988.1695667851839
    },
    "Walk_Train_Walk": {
        "cost": 6.2,
        "env_tax": 0,
        "route": "(99,94), (98,94), (97,94), (96,94), (95,94), (94,94), (93,94), (92,94), (91,94), (90,94), (90,94), (90,93), (90,92), (90,91), (90,90)|(90,90), (89,90), (88,90), (87,90), (86,90), (85,90), (84,90), (83,90), (82,90), (81,90), (80,90), (79,90), (78,90), (77,90), (76,90), (75,90), (74,90), (73,90), (72,90), (71,90), (70,90), (69,90), (68,90), (67,90), (66,90), (65,90), (64,90), (63,90), (62,90), (61,90), (60,90), (60,90), (60,89), (60,88), (60,87), (60,86), (60,85), (60,84), (60,83), (60,82), (60,81), (60,80), (60,79), (60,78), (60,77), (60,76), (60,75), (60,74), (60,73), (60,72), (60,71), (60,70), (60,69), (60,68), (60,67), (60,66), (60,65), (60,64), (60,63), (60,62), (60,61), (60,60)|(60,60), (61,60), (62,60), (62,60), (62,59), (62,58), (62,57)",
        "time": 1352.6799888803193
    }
}