{
    "Uber": {
        "cost": 51.231071235891655,
        "env_tax": 0.56,
        "route": "(99,73), (98,73), (98,74), (98,75), (97,75), (97,76), (97,77), (97,78), (97,79), (96,79), (95,79), (95,80), (94,80), (93,80), (93,81), (92,81), (91,81), (90,81), (89,81), (88,81), (87,81), (86,81), (85,81), (84,81), (83,81), (82,81), (81,81), (81,82), (80,82), (79,82), (78,82), (78,83), (77,83), (76,83), (75,83), (74,83), (73,83), (72,83), (71,83), (70,83), (69,83), (68,83), (67,83), (66,83), (65,83), (64,83), (63,83), (62,83), (61,83), (60,83), (59,83), (58,83), (57,83), (56,83), (55,83), (54,83), (53,83), (52,83), (51,83), (50,83), (49,83), (48,83), (47,83), (46,83), (45,83), (44,83), (43,83), (42,83), (41,83), (40,83), (39,83), (38,83), (37,83), (36,83), (35,83), (34,83), (33,83), (33,82), (32,82), (31,82), (30,82), (29,82), (28,82), (27,82), (26,82), (25,82), (24,82), (23,82), (22,82), (21,82), (20,82), (20,81), (20,80), (20,79), (20,78), (20,77), (20,76), (20,75), (20,74), (20,73), (20,72), (20,71), (20,70), (19,70), (19,69), (18,69), (18,68), (18,67), (18,66), (18,65), (18,64), (18,63)",
        "time": 19.573680931709248
    },
    "Uber_Train_Uber": {
        "cost": 36.35552855089789,
        "env_tax": 0.095,
        "route": "(99,73), (99,72), (99,71), (98,71), (97,71), (96,71), (95,71), (94,71), (93,71), (92,71), (91,71), (91,70), (90,70)|(90,70), (89,70), (88,70), (87,70), (86,70), (85,70), (84,70), (83,70), (82,70), (81,70), (80,70), (79,70), (78,70), (77,70), (76,70), (75,70), (74,70), (73,70), (72,70), (71,70), (70,70), (69,70), (68,70), (67,70), (66,70), (65,70), (64,70), (63,70), (62,70), (61,70), (60,70), (59,70), (58,70), (57,70), (56,70), (55,70), (54,70), (53,70), (52,70), (51,70), (50,70), (49,70), (48,70), (47,70), (46,70), (45,70), (44,70), (43,70), (42,70), (41,70), (40,70), (39,70), (38,70), (37,70), (36,70), (35,70), (34,70), (33,70), (32,70), (31,70), (30,70), (29,70), (28,70), (27,70), (26,70), (25,70), (24,70), (23,70), (22,70), (21,70), (20,70), (20,70), (20,69), (20,68), (20,67), (20,66), (20,65), (20,64), (20,63), (20,62), (20,61), (20,60)|(20,60), (20,61), (20,62), (19,62), (19,63), (18,63)",
        "time": 27.41035182642323
    },
    "Uber_Train_Walk": {
        "cost": 22.226016723148295,
        "env_tax": 0.065,
        "route": "(99,73), (99,72), (99,71), (98,71), (97,71), (96,71), (95,71), (94,71), (93,71), (92,71), (91,71), (91,70), (90,70)|(90,70), (89,70), (88,70), (87,70), (86,70), (85,70), (84,70), (83,70), (82,70), (81,70), (80,70), (79,70), (78,70), (77,70), (76,70), (75,70), (74,70), (73,70), (72,70), (71,70), (70,70), (69,70), (68,70), (67,70), (66,70), (65,70), (64,70), (63,70), (62,70), (61,70), (60,70), (59,70), (58,70), (57,70), (56,70), (55,70), (54,70), (53,70), (52,70), (51,70), (50,70), (49,70), (48,70), (47,70), (46,70), (45,70), (44,70), (43,70), (42,70), (41,70), (40,70), (39,70), (38,70), (37,70), (36,70), (35,70), (34,70), (33,70), (32,70), (31,70), (30,70), (29,70), (28,70), (27,70), (26,70), (25,70), (24,70), (23,70), (22,70), (21,70), (20,70), (20,70), (20,69), (20,68), (20,67), (20,66), (20,65), (20,64), (20,63), (20,62), (20,61), (20,60)|(20,60), (19,60), (18,60), (18,60), (18,61), (18,62), (18,63)",
        "time": 388.5378153330875
    },
    "Walk": {
        "cost": 0,
        "env_tax": 0,
        "route": "(99,73), (98,73), (97,73), (96,73), (95,73), (94,73), (93,73), (92,73), (91,73), (90,73), (89,73), (88,73), (87,73), (86,73), (85,73), (84,73), (83,73), (82,73), (81,73), (80,73), (79,73), (78,73), (77,73), (76,73), (75,73), (74,73), (73,73), (72,73), (71,73), (70,73), (69,73), (68,73), (67,73), (66,73), (65,73), (64,73), (63,73), (62,73), (61,73), (60,73), (59,73), (58,73), (57,73), (56,73), (55,73), (54,73), (53,73), (52,73), (51,73), (50,73), (49,73), (48,73), (47,73), (46,73), (45,73), (44,73), (43,73), (42,73), (41,73), (40,73), (39,73), (38,73), (37,73), (36,73), (35,73), (34,73), (33,73), (32,73), (31,73), (30,73), (29,73), (28,73), (27,73), (26,73), (25,73), (24,73), (23,73), (22,73), (21,73), (20,73), (19,73), (18,73), (18,73), (18,72), (18,71), (18,70), (18,69), (18,68), (18,67), (18,66), (18,65), (18,64), (18,63)",
        "time": 6785.373419231686
    },
    "Walk_Train_Uber": {
        "cost": 22.58109556678297,
        "env_tax": 0.030000000000000006,
        "route": "(99,73), (98,73), (97,73), (96,73), (95,73), (94,73), (93,73), (92,73), (91,73), (90,73), (90,73), (90,72), (90,71), (90,70)|(90,70), (89,70), (88,70), (87,70), (86,70), (85,70), (84,70), (83,70), (82,70), (81,70), (80,70), (79,70), (78,70), (77,70), (76,70), (75,70), (74,70), (73,70), (72,70), (71,70), (70,70), (69,70), (68,70), (67,70), (66,70), (65,70), (64,70), (63,70), (62,70), (61,70), (60,70), (59,70), (58,70), (57,70), (56,70), (55,70), (54,70), (53,70), (52,70), (51,70), (50,70), (49,70), (48,70), (47,70), (46,70), (45,70), (44,70), (43,70), (42,70), (41,70), (40,70), (39,70), (38,70), (37,70), (36,70), (35,70), (34,70), (33,70), (32,70), (31,70), (30,70), (29,70), (28,70), (27,70), (26,70), (25,70), (24,70), (23,70), (22,70), (21,70), (20,70), (20,70), (20,69), (20,68), (20,67), (20,66), (20,65), (20,64), (20,63), (20,62), (20,61), (20,60)|(20,60), (20,61), (20,62), (19,62), (19,63), (18,63)",
        "time": 909.923968125455
    },
    "Walk_Train_Walk": {
        "cost": 8.200000000000001,
        "env_tax": 0,
        "route": "(99,73), (98,73), (97,73), (96,73), (95,73), (94,73), (93,73), (92,73), (91,73), (90,73), (90,73), (90,72), (90,71), (90,70)|(90,70), (89,70), (88,70), (87,70), (86,70), (85,70), (84,70), (83,70), (82,70), (81,70), (80,70), (79,70), (78,70), (77,70), (76,70), (75,70), (74,70), (73,70), (72,70), (71,70), (70,70), (69,70), (68,70), (67,70), (66,70), (65,70), (64,70), (63,70), (62,70), (61,70), (60,70), (59,70), (58,70), (57,70), (56,70), (55,70), (54,70), (53,70), (52,70), (51,70), (50,70), (49,70), (48,70), (47,70), (46,70), (45,70), (44,70), (43,70), (42,70), (41,70), (40,70), (39,70), (38,70), (37,70), (36,70), (35,70), (34,70), (33,70), (32,70), (31,70), (30,70), (29,70), (28,70), (27,70), (26,70), (25,70), (24,70), (23,70), (22,70), (21,70), (20,70), (20,70), (20,69), (20,68), (20,67), (20,66), (20,65), (20,64), (20,63), (20,62), (20,61), (20,60)|(20,60), (19,60), (18,60), (18,60), (18,61), (18,62), (18,63)",
        "time": 1274.1398885289263
    }
}