{
    "Uber": {
        "cost": 16.707611369160777,
        "env_tax": 0.11000000000000001,
        "route": "(2,46), (2,47), (2,48), (2,49), (2,50), (2,51), (3,51), (3,52), (3,53), (3,54), (3,55), (4,55), (5,55), (5,56), (5,57), (5,58), (5,59), (5,60), (5,61), (6,61), (6,62), (7,62)",
        "time": 6.851439666001809
    },
    "Uber_Train_Uber": {
        "cost": 29.492810891360048,
        "env_tax": 0.095,
        "route": "(2,46), (2,47), (2,48), (3,48), (4,48), (5,48), (6,48), (7,48), (8,48), (9,48), (9,49), (10,49), (10,50)|(10,50), (10,50), (10,51), (10,52), (10,53), (10,54), (10,55), (10,56), (10,57), (10,58), (10,59), (10,60)|(10,60), (9,60), (9,61), (9,62), (8,62), (7,62)",
        "time": 19.320069376029178
    },
    "Uber_Train_Walk": {
        "cost": 15.992728492854095,
        "env_tax": 0.065,
        "route": "(2,46), (2,47), (2,48), (3,48), (4,48), (5,48), (6,48), (7,48), (8,48), (9,48), (9,49), (10,49), (10,50)|(10,50), (10,50), (10,51), (10,52), (10,53), (10,54), (10,55), (10,56), (10,57), (10,58), (10,59), (10,60)|(10,60), (9,60), (8,60), (7,60), (7,60), (7,61), (7,62)",
        "time": 385.99189282565516
    },
    "Walk": {
        "cost": 0,
        "env_tax": 0,
        "route": "(2,46), (3,46), (4,46), (5,46), (6,46), (7,46), (7,46), (7,47), (7,48), (7,49), (7,50), (7,51), (7,52), (7,53), (7,54), (7,55), (7,56), (7,57), (7,58), (7,59), (7,60), (7,61), (7,62)",
        "time": 1565.8554044380815
    },
    "Walk_Train_Uber": {
        "cost": 14.6633237253571,
        "env_tax": 0.030000000000000006,
        "route": "(2,46), (3,46), (4,46), (5,46), (6,46), (7,46), (8,46), (9,46), (10,46), (10,46), (10,47), (10,48), (10,49), (10,50)|(10,50), (10,50), (10,51), (10,52), (10,53), (10,54), (10,55), (10,56), (10,57), (10,58), (10,59), (10,60)|(10,60), (9,60), (9,61), (9,62), (8,62), (7,62)",
        "time": 910.3198531766752
    },
    "Walk_Train_Walk": {
        "cost": 1.2000000000000002,
        "env_tax": 0,
        "route": "(2,46), (3,46), (4,46), (5,46), (6,46), (7,46), (8,46), (9,46), (10,46), (10,46), (10,47), (10,48), (10,49), (10,50)|(10,50), (10,50), (10,51), (10,52), (10,53), (10,54), (10,55), (10,56), (10,57), (10,58), (10,59), (10,60)|(10,60), (9,60), (8,60), (7,60), (7,60), (7,61), (7,62)",
        "time": 1272.7785500197433
    }
}