{
    "Uber": {
        "cost": 35.3208984827796,
        "env_tax": 0.29500000000000004,
        "route": "(9,4), (9,5), (10,5), (11,5), (12,5), (12,6), (13,6), (13,7), (13,8), (14,8), (14,9), (14,10), (14,11), (15,11), (16,11), (17,11), (17,12), (17,13), (17,14), (17,15), (17,16), (18,16), (18,17), (18,18), (19,18), (20,18), (21,18), (21,19), (21,20), (21,21), (22,21), (22,22), (22,23), (23,23), (24,23), (24,24), (24,25), (24,26), (25,26), (26,26), (27,26), (27,27), (27,28), (27,29), (27,30), (27,31), (27,32), (27,33), (27,34), (28,34), (28,35), (29,35), (29,36), (29,37), (30,37), (30,38), (31,38), (32,38), (33,38)",
        "time": 14.28936981527574
    },
    "Uber_Train_Uber": {
        "cost": 33.944441115532555,
        "env_tax": 0.07,
        "route": "(9,4), (9,5), (9,6), (9,7), (9,8), (9,9), (9,10), (10,10)|(10,10), (11,10), (12,10), (13,10), (14,10), (15,10), (16,10), (17,10), (18,10), (19,10), (20,10), (21,10), (22,10), (23,10), (24,10), (25,10), (26,10), (27,10), (28,10), (29,10), (30,10), (30,10), (30,11), (30,12), (30,13), (30,14), (30,15), (30,16), (30,17), (30,18), (30,19), (30,20), (30,21), (30,22), (30,23), (30,24), (30,25), (30,26), (30,27), (30,28), (30,29), (30,30), (30,31), (30,32), (30,33), (30,34), (30,35), (30,36), (30,37), (30,38), (30,39), (30,40)|(30,40), (30,39), (30,38), (31,38), (32,38), (33,38)",
        "time": 19.194777131862125
    },
    "Uber_Train_Walk": {
        "cost": 17.98971018348358,
        "env_tax": 0.04000000000000001,
        "route": "(9,4), (9,5), (9,6), (9,7), (9,8), (9,9), (9,10), (10,10)|(10,10), (11,10), (12,10), (13,10), (14,10), (15,10), (16,10), (17,10), (18,10), (19,10), (20,10), (21,10), (22,10), (23,10), (24,10), (25,10), (26,10), (27,10), (28,10), (29,10), (30,10), (30,10), (30,11), (30,12), (30,13), (30,14), (30,15), (30,16), (30,17), (30,18), (30,19), (30,20), (30,21), (30,22), (30,23), (30,24), (30,25), (30,26), (30,27), (30,28), (30,29), (30,30), (30,31), (30,32), (30,33), (30,34), (30,35), (30,36), (30,37), (30,38), (30,39), (30,40)|(30,40), (31,40), (32,40), (33,40), (33,40), (33,39), (33,38)",
        "time": 385.6285709884266
    },
    "Walk": {
        "cost": 0,
        "env_tax": 0,
        "route": "(9,4), (10,4), (11,4), (12,4), (13,4), (14,4), (15,4), (16,4), (17,4), (18,4), (19,4), (20,4), (21,4), (22,4), (23,4), (24,4), (25,4), (26,4), (27,4), (28,4), (29,4), (30,4), (31,4), (32,4), (33,4), (33,4), (33,5), (33,6), (33,7), (33,8), (33,9), (33,10), (33,11), (33,12), (33,13), (33,14), (33,15), (33,16), (33,17), (33,18), (33,19), (33,20), (33,21), (33,22), (33,23), (33,24), (33,25), (33,26), (33,27), (33,28), (33,29), (33,30), (33,31), (33,32), (33,33), (33,34), (33,35), (33,36), (33,37), (33,38)",
        "time": 4324.743497971845
    },
    "Walk_Train_Uber": {
        "cost": 21.457386641210185,
        "env_tax": 0.030000000000000006,
        "route": "(9,4), (10,4), (10,4), (10,5), (10,6), (10,7), (10,8), (10,9), (10,10)|(10,10), (11,10), (12,10), (13,10), (14,10), (15,10), (16,10), (17,10), (18,10), (19,10), (20,10), (21,10), (22,10), (23,10), (24,10), (25,10), (26,10), (27,10), (28,10), (29,10), (30,10), (30,10), (30,11), (30,12), (30,13), (30,14), (30,15), (30,16), (30,17), (30,18), (30,19), (30,20), (30,21), (30,22), (30,23), (30,24), (30,25), (30,26), (30,27), (30,28), (30,29), (30,30), (30,31), (30,32), (30,33), (30,34), (30,35), (30,36), (30,37), (30,38), (30,39), (30,40)|(30,40), (30,39), (30,38), (31,38), (32,38), (33,38)",
        "time": 538.1385789449567
    },
    "Walk_Train_Walk": {
        "cost": 5.2,
        "env_tax": 0,
        "route": "(9,4), (10,4), (10,4), (10,5), (10,6), (10,7), (10,8), (10,9), (10,10)|(10,10), (11,10), (12,10), (13,10), (14,10), (15,10), (16,10), (17,10), (18,10), (19,10), (20,10), (21,10), (22,10), (23,10), (24,10), (25,10), (26,10), (27,10), (28,10), (29,10), (30,10), (30,10), (30,11), (30,12), (30,13), (30,14), (30,15), (30,16), (30,17), (30,18), (30,19), (30,20), (30,21), (30,22), (30,23), (30,24), (30,25), (30,26), (30,27), (30,28), (30,29), (30,30), (30,31), (30,32), (30,33), (30,34), (30,35), (30,36), (30,37), (30,38), (30,39), (30,40)|(30,40), (31,40), (32,40), (33,40), (33,40), (33,39), (33,38)",
        "time": 901.5898750227503
    }
}