{
    "Uber": {
        "cost": 50.92492544948698,
        "env_tax": 0.8,
        "route": "(61,87), (60,87), (60,88), (60,89), (59,89), (59,90), (58,90), (58,91), (58,92), (58,93), (58,94), (57,94), (57,95), (56,95), (55,95), (54,95), (53,95), (52,95), (51,95), (50,95), (49,95), (48,95), (47,95), (46,95), (45,95), (44,95), (43,95), (42,95), (41,95), (40,95), (39,95), (38,95), (37,95), (36,95), (35,95), (34,95), (34,94), (34,93), (33,93), (33,92), (33,91), (32,91), (31,91), (30,91), (29,91), (29,90), (28,90), (27,90), (27,89), (27,88), (27,87), (27,86), (26,86), (26,85), (26,84), (26,83), (25,83), (24,83), (24,82), (23,82), (22,82), (21,82), (20,82), (20,81), (20,80), (20,79), (20,78), (19,78), (18,78), (17,78), (17,77), (17,76), (16,76), (16,75), (16,74), (15,74), (15,73), (15,72), (15,71), (15,70), (14,70), (13,70), (13,69), (13,68), (12,68), (12,67), (11,67), (11,66), (10,66), (9,66), (9,65), (9,64), (9,63), (9,62), (8,62), (7,62), (6,62), (6,61), (5,61), (5,60), (5,59), (5,58), (5,57), (5,56), (4,56), (3,56), (2,56), (2,55), (2,54), (2,53), (1,53), (1,52), (1,51), (1,50), (1,49), (1,48), (1,47), (1,46), (1,45), (1,44), (1,43), (1,42), (1,41), (0,41), (0,40), (0,39), (0,38), (0,37), (0,36), (0,35), (0,34), (0,33), (0,32), (0,31), (0,30), (0,29), (0,28), (0,27), (0,26), (0,25), (0,24), (0,23), (0,22), (0,21), (0,20), (0,19), (0,18), (0,17), (0,16), (0,15), (0,14), (0,13), (0,12), (0,11), (0,10), (0,9), (0,8), (0,7), (0,6), (1,6)",
        "time": 16.795897843056203
    },
    "Uber_Train_Uber": {
        "cost": 39.88895958969705,
        "env_tax": 0.095,
        "route": "(61,87), (60,87), (60,88), (60,89), (60,90)|(60,90), (59,90), (58,90), (57,90), (56,90), (55,90), (54,90), (53,90), (52,90), (51,90), (50,90), (49,90), (48,90), (47,90), (46,90), (45,90), (44,90), (43,90), (42,90), (41,90), (40,90), (39,90), (38,90), (37,90), (36,90), (35,90), (34,90), (33,90), (32,90), (31,90), (30,90), (29,90), (28,90), (27,90), (26,90), (25,90), (24,90), (23,90), (22,90), (21,90), (20,90), (19,90), (18,90), (17,90), (16,90), (15,90), (14,90), (13,90), (12,90), (11,90), (10,90), (10,90), (10,89), (10,88), (10,87), (10,86), (10,85), (10,84), (10,83), (10,82), (10,81), (10,80), (10,79), (10,78), (10,77), (10,76), (10,75), (10,74), (10,73), (10,72), (10,71), (10,70), (10,69), (10,68), (10,67), (10,66), (10,65), (10,64), (10,63), (10,62), (10,61), (10,60), (10,59), (10,58), (10,57), (10,56), (10,55), (10,54), (10,53), (10,52), (10,51), (10,50), (10,49), (10,48), (10,47), (10,46), (10,45), (10,44), (10,43), (10,42), (10,41), (10,40), (10,39), (10,38), (10,37), (10,36), (10,35), (10,34), (10,33), (10,32), (10,31), (10,30), (10,29), (10,28), (10,27), (10,26), (10,25), (10,24), (10,23), (10,22), (10,21), (10,20), (10,19), (10,18), (10,17), (10,16), (10,15), (10,14), (10,13), (10,12), (10,11), (10,10)|(10,10), (9,10), (8,10), (7,10), (6,10), (5,10), (4,10), (3,10), (2,10), (1,10), (1,9), (1,8), (1,7), (1,6)",
        "time": 21.85251693953633
    },
    "Uber_Train_Walk": {
        "cost": 26.426404584979224,
        "env_tax": 0.025,
        "route": "(61,87), (60,87), (60,88), (60,89), (60,90)|(60,90), (59,90), (58,90), (57,90), (56,90), (55,90), (54,90), (53,90), (52,90), (51,90), (50,90), (49,90), (48,90), (47,90), (46,90), (45,90), (44,90), (43,90), (42,90), (41,90), (40,90), (39,90), (38,90), (37,90), (36,90), (35,90), (34,90), (33,90), (32,90), (31,90), (30,90), (29,90), (28,90), (27,90), (26,90), (25,90), (24,90), (23,90), (22,90), (21,90), (20,90), (19,90), (18,90), (17,90), (16,90), (15,90), (14,90), (13,90), (12,90), (11,90), (10,90), (10,90), (10,89), (10,88), (10,87), (10,86), (10,85), (10,84), (10,83), (10,82), (10,81), (10,80), (10,79), (10,78), (10,77), (10,76), (10,75), (10,74), (10,73), (10,72), (10,71), (10,70), (10,69), (10,68), (10,67), (10,66), (10,65), (10,64), (10,63), (10,62), (10,61), (10,60), (10,59), (10,58), (10,57), (10,56), (10,55), (10,54), (10,53), (10,52), (10,51), (10,50), (10,49), (10,48), (10,47), (10,46), (10,45), (10,44), (10,43), (10,42), (10,41), (10,40), (10,39), (10,38), (10,37), (10,36), (10,35), (10,34), (10,33), (10,32), (10,31), (10,30), (10,29), (10,28), (10,27), (10,26), (10,25), (10,24), (10,23), (10,22), (10,21), (10,20), (10,19), (10,18), (10,17), (10,16), (10,15), (10,14), (10,13), (10,12), (10,11), (10,10)|(10,10), (9,10), (8,10), (7,10), (6,10), (5,10), (4,10), (3,10), (2,10), (1,10), (1,10), (1,9), (1,8), (1,7), (1,6)",
        "time": 982.2048264943439
    },
    "Walk": {
        "cost": 0,
        "env_tax": 0,
        "route": "(61,87), (60,87), (59,87), (58,87), (57,87), (56,87), (55,87), (54,87), (53,87), (52,87), (51,87), (50,87), (49,87), (48,87), (47,87), (46,87), (45,87), (44,87), (43,87), (42,87), (41,87), (40,87), (39,87), (38,87), (37,87), (36,87), (35,87), (34,87), (33,87), (32,87), (31,87), (30,87), (29,87), (28,87), (27,87), (26,87), (25,87), (24,87), (23,87), (22,87), (21,87), (20,87), (19,87), (18,87), (17,87), (16,87), (15,87), (14,87), (13,87), (12,87), (11,87), (10,87), (9,87), (8,87), (7,87), (6,87), (5,87), (4,87), (3,87), (2,87), (1,87), (1,87), (1,86), (1,85), (1,84), (1,83), (1,82), (1,81), (1,80), (1,79), (1,78), (1,77), (1,76), (1,75), (1,74), (1,73), (1,72), (1,71), (1,70), (1,69), (1,68), (1,67), (1,66), (1,65), (1,64), (1,63), (1,62), (1,61), (1,60), (1,59), (1,58), (1,57), (1,56), (1,55), (1,54), (1,53), (1,52), (1,51), (1,50), (1,49), (1,48), (1,47), (1,46), (1,45), (1,44), (1,43), (1,42), (1,41), (1,40), (1,39), (1,38), (1,37), (1,36), (1,35), (1,34), (1,33), (1,32), (1,31), (1,30), (1,29), (1,28), (1,27), (1,26), (1,25), (1,24), (1,23), (1,22), (1,21), (1,20), (1,19), (1,18), (1,17), (1,16), (1,15), (1,14), (1,13), (1,12), (1,11), (1,10), (1,9), (1,8), (1,7), (1,6)",
        "time": 10513.60057265569
    },
    "Walk_Train_Uber": {
        "cost": 26.459078067444647,
        "env_tax": 0.07,
        "route": "(61,87), (60,87), (60,87), (60,88), (60,89), (60,90)|(60,90), (59,90), (58,90), (57,90), (56,90), (55,90), (54,90), (53,90), (52,90), (51,90), (50,90), (49,90), (48,90), (47,90), (46,90), (45,90), (44,90), (43,90), (42,90), (41,90), (40,90), (39,90), (38,90), (37,90), (36,90), (35,90), (34,90), (33,90), (32,90), (31,90), (30,90), (29,90), (28,90), (27,90), (26,90), (25,90), (24,90), (23,90), (22,90), (21,90), (20,90), (19,90), (18,90), (17,90), (16,90), (15,90), (14,90), (13,90), (12,90), (11,90), (10,90), (10,90), (10,89), (10,88), (10,87), (10,86), (10,85), (10,84), (10,83), (10,82), (10,81), (10,80), (10,79), (10,78), (10,77), (10,76), (10,75), (10,74), (10,73), (10,72), (10,71), (10,70), (10,69), (10,68), (10,67), (10,66), (10,65), (10,64), (10,63), (10,62), (10,61), (10,60), (10,59), (10,58), (10,57), (10,56), (10,55), (10,54), (10,53), (10,52), (10,51), (10,50), (10,49), (10,48), (10,47), (10,46), (10,45), (10,44), (10,43), (10,42), (10,41), (10,40), (10,39), (10,38), (10,37), (10,36), (10,35), (10,34), (10,33), (10,32), (10,31), (10,30), (10,29), (10,28), (10,27), (10,26), (10,25), (10,24), (10,23), (10,22), (10,21), (10,20), (10,19), (10,18), (10,17), (10,16), (10,15), (10,14), (10,13), (10,12), (10,11), (10,10)|(10,10), (9,10), (8,10), (7,10), (6,10), (5,10), (4,10), (3,10), (2,10), (1,10), (1,9), (1,8), (1,7), (1,6)",
        "time": 314.3071675472489
    },
    "Walk_Train_Walk": {
        "cost": 13.200000000000001,
        "env_tax": 0,