{
    "Uber": {
        "cost": 54.39647699198168,
        "env_tax": 0.6400000000000001,
        "route": "(75,60), (75,59), (75,58), (76,58), (77,58), (78,58), (78,57), (79,57), (80,57), (80,56), (80,55), (80,54), (80,53), (80,52), (80,51), (80,50), (80,49), (80,48), (80,47), (80,46), (80,45), (80,44), (81,44), (81,43), (81,42), (81,41), (81,40), (81,39), (81,38), (81,37), (81,36), (81,35), (81,34), (81,33), (81,32), (81,31), (81,30), (81,29), (81,28), (80,28), (79,28), (79,27), (78,27), (78,26), (78,25), (78,24), (78,23), (77,23), (77,22), (76,22), (76,21), (76,20), (75,20), (74,20), (74,19), (74,18), (74,17), (73,17), (72,17), (72,16), (71,16), (70,16), (70,15), (70,14), (70,13), (70,12), (69,12), (69,11), (68,11), (68,10), (68,9), (68,8), (67,8), (67,7), (66,7), (66,6), (65,6), (64,6), (64,5), (64,4), (63,4), (62,4), (62,3), (62,2), (61,2), (61,1), (60,1), (60,0), (59,0), (58,0), (57,0), (56,0), (55,0), (54,0), (53,0), (52,0), (51,0), (50,0), (49,0), (48,0), (47,0), (46,0), (45,0), (44,0), (43,0), (42,0), (41,0), (40,0), (39,0), (38,0), (37,0), (36,0), (35,0), (34,0), (33,0), (32,0), (31,0), (30,0), (29,0), (28,0), (27,0), (26,0), (25,0), (24,0), (23,0), (22,0), (21,0), (20,0)",
        "time": 21.705915893158213
    },
    "Uber_Train_Uber": {
        "cost": 39.35239700166006,
        "env_tax": 0.08500000000000002,
        "route": "(75,60), (74,60), (73,60), (72,60), (71,60), (70,60)|(70,60), (69,60), (68,60), (67,60), (66,60), (65,60), (64,60), (63,60), (62,60), (61,60), (60,60), (59,60), (58,60), (57,60), (56,60), (55,60), (54,60), (53,60), (52,60), (51,60), (50,60), (49,60), (48,60), (47,60), (46,60), (45,60), (44,60), (43,60), (42,60), (41,60), (40,60), (39,60), (38,60), (37,60), (36,60), (35,60), (34,60), (33,60), (32,60), (31,60), (30,60), (29,60), (28,60), (27,60), (26,60), (25,60), (24,60), (23,60), (22,60), (21,60), (20,60), (20,60), (20,59), (20,58), (20,57), (20,56), (20,55), (20,54), (20,53), (20,52), (20,51), (20,50), (20,49), (20,48), (20,47), (20,46), (20,45), (20,44), (20,43), (20,42), (20,41), (20,40), (20,39), (20,38), (20,37), (20,36), (20,35), (20,34), (20,33), (20,32), (20,31), (20,30), (20,29), (20,28), (20,27), (20,26), (20,25), (20,24), (20,23), (20,22), (20,21), (20,20), (20,19), (20,18), (20,17), (20,16), (20,15), (20,14), (20,13), (20,12), (20,11), (20,10)|(20,10), (20,9), (20,8), (20,7), (20,6), (20,5), (20,4), (20,3), (20,2), (20,1), (20,0)",
        "time": 21.253744328981067
    },
    "Uber_Train_Walk": {
        "cost": 26.229090486722832,
        "env_tax": 0.030000000000000006,
        "route": "(75,60), (74,60), (73,60), (72,60), (71,60), (70,60)|(70,60), (69,60), (68,60), (67,60), (66,60), (65,60), (64,60), (63,60), (62,60), (61,60), (60,60), (59,60), (58,60), (57,60), (56,60), (55,60), (54,60), (53,60), (52,60), (51,60), (50,60), (49,60), (48,60), (47,60), (46,60), (45,60), (44,60), (43,60), (42,60), (41,60), (40,60), (39,60), (38,60), (37,60), (36,60), (35,60), (34,60), (33,60), (32,60), (31,60), (30,60), (29,60), (28,60), (27,60), (26,60), (25,60), (24,60), (23,60), (22,60), (21,60), (20,60), (20,60), (20,59), (20,58), (20,57), (20,56), (20,55), (20,54), (20,53), (20,52), (20,51), (20,50), (20,49), (20,48), (20,47), (20,46), (20,45), (20,44), (20,43), (20,42), (20,41), (20,40), (20,39), (20,38), (20,37), (20,36), (20,35), (20,34), (20,33), (20,32), (20,31), (20,30), (20,29), (20,28), (20,27), (20,26), (20,25), (20,24), (20,23), (20,22), (20,21), (20,20), (20,19), (20,18), (20,17), (20,16), (20,15), (20,14), (20,13), (20,12), (20,11), (20,10)|(20,10), (20,10), (20,9), (20,8), (20,7), (20,6), (20,5), (20,4), (20,3), (20,2), (20,1), (20,0)",
        "time": 759.6340172155486
    },
    "Walk": {
        "cost": 0,
        "env_tax": 0,
        "route": "(75,60), (74,60), (73,60), (72,60), (71,60), (70,60), (69,60), (68,60), (67,60), (66,60), (65,60), (64,60), (63,60), (62,60), (61,60), (60,60), (59,60), (58,60), (57,60), (56,60), (55,60), (54,60), (53,60), (52,60), (51,60), (50,60), (49,60), (48,60), (47,60), (46,60), (45,60), (44,60), (43,60), (42,60), (41,60), (40,60), (39,60), (38,60), (37,60), (36,60), (35,60), (34,60), (33,60), (32,60), (31,60), (30,60), (29,60), (28,60), (27,60), (26,60), (25,60), (24,60), (23,60), (22,60), (21,60), (20,60), (20,60), (20,59), (20,58), (20,57), (20,56), (20,55), (20,54), (20,53), (20,52), (20,51), (20,50), (20,49), (20,48), (20,47), (20,46), (20,45), (20,44), (20,43), (20,42), (20,41), (20,40), (20,39), (20,38), (20,37), (20,36), (20,35), (20,34), (20,33), (20,32), (20,31), (20,30), (20,29), (20,28), (20,27), (20,26), (20,25), (20,24), (20,23), (20,22), (20,21), (20,20), (20,19), (20,18), (20,17), (20,16), (20,15), (20,14), (20,13), (20,12), (20,11), (20,10), (20,9), (20,8), (20,7), (20,6), (20,5), (20,4), (20,3), (20,2), (20,1), (20,0)",
        "time": 8574.922452875207
    },
    "Walk_Train_Uber": {
        "cost": 23.549463004273672,
        "env_tax": 0.05500000000000001,
        "route": "(75,60), (74,60), (73,60), (72,60), (71,60), (70,60), (70,60)|(70,60), (69,60), (68,60), (67,60), (66,60), (65,60), (64,60), (63,60), (62,60), (61,60), (60,60), (59,60), (58,60), (57,60), (56,60), (55,60), (54,60), (53,60), (52,60), (51,60), (50,60), (49,60), (48,60), (47,60), (46,60), (45,60), (44,60), (43,60), (42,60), (41,60), (40,60), (39,60), (38,60), (37,60), (36,60), (35,60), (34,60), (33,60), (32,60), (31,60), (30,60), (29,60), (28,60), (27,60), (26,60), (25,60), (24,60), (23,60), (22,60), (21,60), (20,60), (20,60), (20,59), (20,58), (20,57), (20,56), (20,55), (20,54), (20,53), (20,52), (20,51), (20,50), (20,49), (20,48), (20,47), (20,46), (20,45), (20,44), (20,43), (20,42), (20,41), (20,40), (20,39), (20,38), (20,37), (20,36), (20,35), (20,34), (20,33), (20,32), (20,31), (20,30), (20,29), (20,28), (20,27), (20,26), (20,25), (20,24), (20,23), (20,22), (20,21), (20,20), (20,19), (20,18), (20,17), (20,16), (20,15), (20,14), (20,13), (20,12), (20,11), (20,10)|(20,10), (20,9), (20,8), (20,7), (20,6), (20,5), (20,4), (20,3), (20,2), (20,1), (20,0)",
        "time": 388.5466955988898
    },
    "Walk_Train_Walk": {
        "cost": 10.200000000000001,
        "env_tax": 0,
        "route": "(75,60), (74,60), (73,60), (72,60), (71,60), (70,60), (70,60)|(70,60), (69,60), (68,60), (67,60), (66,60), (65,60), (64,60), (63,60), (62,60), (61,60), (60,60), (59,60), (58,60), (57,60), (56,60), (55,60), (54,60), (53,60), (52,60), (51,60), (50,60), (49,60), (48,60), (47,60), (46,60), (45,60), (44,60), (43,60), (42,60), (41,60), (40,60), (39,60), (38,60), (37,60), (36,60), (35,60), (34,60), (33,60), (32,60), (31,60), (30,60), (29,60), (28,60), (27,60), (26,60), (25,60), (24,60), (23,60), (22,60), (21,60), (20,60), (20,60), (20,59), (20,58), (20,57), (20,56), (20,55), (20,54), (20,53), (20,52), (20,51), (20,50), (20,49), (20,48), (20,47), (20,46), (20,45), (20,44), (20,43), (20,42), (20,41), (20,40), (20,39), (20,38), (20,37), (20,36), (20,35), (20,34), (20,33), (20,32), (20,31), (20,30), (20,29), (20,28), (20,27), (20,26), (20,25), (20,24), (20,23), (20,22), (20,21), (20,20), (20,19), (20,18), (20,17), (20,16), (20,15), (20,14), (20,13), (20,12), (20,11), (20,10)|(20,10), (20,10), (20,9), (20,8), (20,7), (20,6), (20,5), (20,4), (20,3), (20,2), (20,1), (20,0)",
        "time": 1126.8676661302059
    }
}