{
    "Uber": {
        "cost": 42.45814970788824,
        "env_tax": 0.44000000000000006,
        "route": "(9,24), (9,23), (10,23), (10,22), (10,21), (10,20), (11,20), (11,19), (12,19), (12,18), (13,18), (14,18), (15,18), (15,17), (15,16), (15,15), (16,15), (17,15), (18,15), (19,15), (20,15), (21,15), (22,15), (23,15), (24,15), (24,14), (25,14), (26,14), (27,14), (28,14), (29,14), (30,14), (31,14), (32,14), (33,14), (34,14), (35,14), (36,14), (37,14), (38,14), (39,14), (40,14), (41,14), (42,14), (43,14), (44,14), (45,14), (46,14), (47,14), (48,14), (48,15), (49,15), (50,15), (51,15), (52,15), (53,15), (54,15), (55,15), (56,15), (57,15), (58,15), (59,15), (60,15), (61,15), (62,15), (63,15), (64,15), (65,15), (66,15), (67,15), (68,15), (69,15), (69,16), (69,17), (69,18), (69,19), (69,20), (69,21), (69,22), (70,22), (70,23), (70,24), (70,25), (70,26), (70,27), (70,28), (71,28), (71,29)",
        "time": 12.85657107682188
    },
    "Uber_Train_Uber": {
        "cost": 33.510099620695605,
        "env_tax": 0.04500000000000001,
        "route": "(9,24), (9,23), (10,23), (10,22), (10,21), (10,20)|(10,20), (11,20), (12,20), (13,20), (14,20), (15,20), (16,20), (17,20), (18,20), (19,20), (20,20), (21,20), (22,20), (23,20), (24,20), (25,20), (26,20), (27,20), (28,20), (29,20), (30,20), (31,20), (32,20), (33,20), (34,20), (35,20), (36,20), (37,20), (38,20), (39,20), (40,20), (41,20), (42,20), (43,20), (44,20), (45,20), (46,20), (47,20), (48,20), (49,20), (50,20), (51,20), (52,20), (53,20), (54,20), (55,20), (56,20), (57,20), (58,20), (59,20), (60,20), (61,20), (62,20), (63,20), (64,20), (65,20), (66,20), (67,20), (68,20), (69,20), (70,20), (70,20), (70,21), (70,22), (70,23), (70,24), (70,25), (70,26), (70,27), (70,28), (70,29), (70,30)|(70,30), (71,30), (71,29)",
        "time": 21.98606343978441
    },
    "Uber_Train_Walk": {
        "cost": 19.94971376624564,
        "env_tax": 0.030000000000000006,
        "route": "(9,24), (9,23), (10,23), (10,22), (10,21), (10,20)|(10,20), (11,20), (12,20), (13,20), (14,20), (15,20), (16,20), (17,20), (18,20), (19,20), (20,20), (21,20), (22,20), (23,20), (24,20), (25,20), (26,20), (27,20), (28,20), (29,20), (30,20), (31,20), (32,20), (33,20), (34,20), (35,20), (36,20), (37,20), (38,20), (39,20), (40,20), (41,20), (42,20), (43,20), (44,20), (45,20), (46,20), (47,20), (48,20), (49,20), (50,20), (51,20), (52,20), (53,20), (54,20), (55,20), (56,20), (57,20), (58,20), (59,20), (60,20), (61,20), (62,20), (63,20), (64,20), (65,20), (66,20), (67,20), (68,20), (69,20), (70,20), (70,20), (70,21), (70,22), (70,23), (70,24), (70,25), (70,26), (70,27), (70,28), (70,29), (70,30)|(70,30), (71,30), (71,30), (71,29)",
        "time": 165.4209464363632
    },
    "Walk": {
        "cost": 0,
        "env_tax": 0,
        "route": "(9,24), (10,24), (11,24), (12,24), (13,24), (14,24), (15,24), (16,24), (17,24), (18,24), (19,24), (20,24), (21,24), (22,24), (23,24), (24,24), (25,24), (26,24), (27,24), (28,24), (29,24), (30,24), (31,24), (32,24), (33,24), (34,24), (35,24), (36,24), (37,24), (38,24), (39,24), (40,24), (41,24), (42,24), (43,24), (44,24), (45,24), (46,24), (47,24), (48,24), (49,24), (50,24), (51,24), (52,24), (53,24), (54,24), (55,24), (56,24), (57,24), (58,24), (59,24), (60,24), (61,24), (62,24), (63,24), (64,24), (65,24), (66,24), (67,24), (68,24), (69,24), (70,24), (71,24), (71,24), (71,25), (71,26), (71,27), (71,28), (71,29)",
        "time": 4995.824385588165
    },
    "Walk_Train_Uber": {
        "cost": 20.67580174180031,
        "env_tax": 0.015000000000000003,
        "route": "(9,24), (10,24), (10,24), (10,23), (10,22), (10,21), (10,20)|(10,20), (11,20), (12,20), (13,20), (14,20), (15,20), (16,20), (17,20), (18,20), (19,20), (20,20), (21,20), (22,20), (23,20), (24,20), (25,20), (26,20), (27,20), (28,20), (29,20), (30,20), (31,20), (32,20), (33,20), (34,20), (35,20), (36,20), (37,20), (38,20), (39,20), (40,20), (41,20), (42,20), (43,20), (44,20), (45,20), (46,20), (47,20), (48,20), (49,20), (50,20), (51,20), (52,20), (53,20), (54,20), (55,20), (56,20), (57,20), (58,20), (59,20), (60,20), (61,20), (62,20), (63,20), (64,20), (65,20), (66,20), (67,20), (68,20), (69,20), (70,20), (70,20), (70,21), (70,22), (70,23), (70,24), (70,25), (70,26), (70,27), (70,28), (70,29), (70,30)|(70,30), (71,30), (71,29)",
        "time": 383.82344610664165
    },
    "Walk_Train_Walk": {
        "cost": 7.2,
        "env_tax": 0,
        "route": "(9,24), (10,24), (10,24), (10,23), (10,22), (10,21), (10,20)|(10,20), (11,20), (12,20), (13,20), (14,20), (15,20), (16,20), (17,20), (18,20), (19,20), (20,20), (21,20), (22,20), (23,20), (24,20), (25,20), (26,20), (27,20), (28,20), (29,20), (30,20), (31,20), (32,20), (33,20), (34,20), (35,20), (36,20), (37,20), (38,20), (39,20), (40,20), (41,20), (42,20), (43,20), (44,20), (45,20), (46,20), (47,20), (48,20), (49,20), (50,20), (51,20), (52,20), (53,20), (54,20), (55,20), (56,20), (57,20), (58,20), (59,20), (60,20), (61,20), (62,20), (63,20), (64,20), (65,20), (66,20), (67,20), (68,20), (69,20), (70,20), (70,20), (70,21), (70,22), (70,23), (70,24), (70,25), (70,26), (70,27), (70,28), (70,29), (70,30)|(70,30), (71,30), (71,30), (71,29)",
        "time": 530.0611769713446
    }
}