{
    "Uber": {
        "cost": 19.52100771703587,
        "env_tax": 0.18000000000000002,
        "route": "(12,83), (12,84), (12,85), (12,86), (12,87), (12,88), (12,89), (13,89), (14,89), (14,90), (15,90), (16,90), (17,90), (18,90), (19,90), (20,90), (21,90), (22,90), (23,90), (24,90), (25,90), (26,90), (27,90), (28,90), (29,90), (30,90), (31,90), (31,89), (32,89), (33,89), (34,89), (35,89), (36,89), (37,89), (38,89), (39,89)",
        "time": 6.718482025716234
    },
    "Uber_Train_Uber": {
        "cost": 29.346604206399753,
        "env_tax": 0.04500000000000001,
        "route": "(12,83), (12,82), (12,81), (11,81), (11,80), (10,80)|(10,80), (11,80), (12,80), (13,80), (14,80), (15,80), (16,80), (17,80), (18,80), (19,80), (20,80), (21,80), (22,80), (23,80), (24,80), (25,80), (26,80), (27,80), (28,80), (29,80), (30,80), (31,80), (32,80), (33,80), (34,80), (35,80), (36,80), (37,80), (38,80), (39,80), (40,80), (40,80), (40,81), (40,82), (40,83), (40,84), (40,85), (40,86), (40,87), (40,88), (40,89), (40,90)|(40,90), (39,90), (39,89)",
        "time": 20.23254862910907
    },
    "Uber_Train_Walk": {
        "cost": 16.732115298486956,
        "env_tax": 0.030000000000000006,
        "route": "(12,83), (12,82), (12,81), (11,81), (11,80), (10,80)|(10,80), (11,80), (12,80), (13,80), (14,80), (15,80), (16,80), (17,80), (18,80), (19,80), (20,80), (21,80), (22,80), (23,80), (24,80), (25,80), (26,80), (27,80), (28,80), (29,80), (30,80), (31,80), (32,80), (33,80), (34,80), (35,80), (36,80), (37,80), (38,80), (39,80), (40,80), (40,80), (40,81), (40,82), (40,83), (40,84), (40,85), (40,86), (40,87), (40,88), (40,89), (40,90)|(40,90), (39,90), (39,90), (39,89)",
        "time": 162.70548659749326
    },
    "Walk": {
        "cost": 0,
        "env_tax": 0,
        "route": "(12,83), (13,83), (14,83), (15,83), (16,83), (17,83), (18,83), (19,83), (20,83), (21,83), (22,83), (23,83), (24,83), (25,83), (26,83), (27,83), (28,83), (29,83), (30,83), (31,83), (32,83), (33,83), (34,83), (35,83), (36,83), (37,83), (38,83), (39,83), (39,83), (39,84), (39,85), (39,86), (39,87), (39,88), (39,89)",
        "time": 2460.6299212598424
    },
    "Walk_Train_Uber": {
        "cost": 16.75981657339438,
        "env_tax": 0.015000000000000003,
        "route": "(12,83), (11,83), (10,83), (10,83), (10,82), (10,81), (10,80)|(10,80), (11,80), (12,80), (13,80), (14,80), (15,80), (16,80), (17,80), (18,80), (19,80), (20,80), (21,80), (22,80), (23,80), (24,80), (25,80), (26,80), (27,80), (28,80), (29,80), (30,80), (31,80), (32,80), (33,80), (34,80), (35,80), (36,80), (37,80), (38,80), (39,80), (40,80), (40,80), (40,81), (40,82), (40,83), (40,84), (40,85), (40,86), (40,87), (40,88), (40,89), (40,90)|(40,90), (39,90), (39,89)",
        "time": 390.4244852253613
    },
    "Walk_Train_Walk": {
        "cost": 4.2,
        "env_tax": 0,
        "route": "(12,83), (11,83), (10,83), (10,83), (10,82), (10,81), (10,80)|(10,80), (11,80), (12,80), (13,80), (14,80), (15,80), (16,80), (17,80), (18,80), (19,80), (20,80), (21,80), (22,80), (23,80), (24,80), (25,80), (26,80), (27,80), (28,80), (29,80), (30,80), (31,80), (32,80), (33,80), (34,80), (35,80), (36,80), (37,80), (38,80), (39,80), (40,80), (40,80), (40,81), (40,82), (40,83), (40,84), (40,85), (40,86), (40,87), (40,88), (40,89), (40,90)|(40,90), (39,90), (39,90), (39,89)",
        "time": 529.5809581128331
    }
}