{
    "Uber": {
        "cost": 51.036437544905404,
        "env_tax": 0.7350000000000001,
        "route": "(90,65), (90,64), (91,64), (92,64), (93,64), (93,63), (93,62), (93,61), (93,60), (93,59), (93,58), (93,57), (93,56), (93,55), (93,54), (93,53), (93,52), (93,51), (93,50), (93,49), (93,48), (93,47), (93,46), (93,45), (93,44), (93,43), (93,42), (93,41), (93,40), (93,39), (93,38), (93,37), (93,36), (93,35), (93,34), (93,33), (92,33), (92,32), (92,31), (91,31), (91,30), (90,30), (90,29), (89,29), (89,28), (89,27), (88,27), (87,27), (86,27), (86,26), (85,26), (85,25), (85,24), (84,24), (84,23), (83,23), (82,23), (81,23), (81,22), (80,22), (79,22), (78,22), (77,22), (76,22), (76,21), (76,20), (75,20), (74,20), (74,19), (74,18), (74,17), (73,17), (72,17), (72,16), (71,16), (70,16), (70,15), (70,14), (70,13), (70,12), (69,12), (69,11), (68,11), (67,11), (66,11), (66,10), (66,9), (65,9), (65,8), (64,8), (63,8), (63,7), (62,7), (61,7), (60,7), (60,6), (59,6), (59,5), (58,5), (57,5), (56,5), (55,5), (54,5), (53,5), (52,5), (52,4), (51,4), (50,4), (49,4), (48,4), (47,4), (46,4), (45,4), (44,4), (43,4), (42,4), (41,4), (40,4), (39,4), (38,4), (37,4), (36,4), (35,4), (35,5), (34,5), (33,5), (32,5), (31,5), (30,5), (29,5), (28,5), (27,5), (26,5), (25,5), (24,5), (23,5), (22,5), (21,5), (20,5), (19,5), (18,5), (17,5), (16,5), (15,5), (14,5), (13,5), (12,5)",
        "time": 17.572061689017378
    },
    "Uber_Train_Uber": {
        "cost": 39.48702589130189,
        "env_tax": 0.07,
        "route": "(90,65), (90,64), (90,63), (90,62), (90,61), (90,60)|(90,60), (89,60), (88,60), (87,60), (86,60), (85,60), (84,60), (83,60), (82,60), (81,60), (80,60), (79,60), (78,60), (77,60), (76,60), (75,60), (74,60), (73,60), (72,60), (71,60), (70,60), (69,60), (68,60), (67,60), (66,60), (65,60), (64,60), (63,60), (62,60), (61,60), (60,60), (59,60), (58,60), (57,60), (56,60), (55,60), (54,60), (53,60), (52,60), (51,60), (50,60), (49,60), (48,60), (47,60), (46,60), (45,60), (44,60), (43,60), (42,60), (41,60), (40,60), (39,60), (38,60), (37,60), (36,60), (35,60), (34,60), (33,60), (32,60), (31,60), (30,60), (29,60), (28,60), (27,60), (26,60), (25,60), (24,60), (23,60), (22,60), (21,60), (20,60), (19,60), (18,60), (17,60), (16,60), (15,60), (14,60), (13,60), (12,60), (11,60), (10,60), (10,60), (10,59), (10,58), (10,57), (10,56), (10,55), (10,54), (10,53), (10,52), (10,51), (10,50), (10,49), (10,48), (10,47), (10,46), (10,45), (10,44), (10,43), (10,42), (10,41), (10,40), (10,39), (10,38), (10,37), (10,36), (10,35), (10,34), (10,33), (10,32), (10,31), (10,30), (10,29), (10,28), (10,27), (10,26), (10,25), (10,24), (10,23), (10,22), (10,21), (10,20), (10,19), (10,18), (10,17), (10,16), (10,15), (10,14), (10,13), (10,12), (10,11), (10,10)|(10,10), (11,10), (11,9), (11,8), (11,7), (11,6), (11,5), (12,5)",
        "time": 22.516867436738025
    },
    "Uber_Train_Walk": {
        "cost": 26.468820777288922,
        "env_tax": 0.030000000000000006,
        "route": "(90,65), (90,64), (90,63), (90,62), (90,61), (90,60)|(90,60), (89,60), (88,60), (87,60), (86,60), (85,60), (84,60), (83,60), (82,60), (81,60), (80,60), (79,60), (78,60), (77,60), (76,60), (75,60), (74,60), (73,60), (72,60), (71,60), (70,60), (69,60), (68,60), (67,60), (66,60), (65,60), (64,60), (63,60), (62,60), (61,60), (60,60), (59,60), (58,60), (57,60), (56,60), (55,60), (54,60), (53,60), (52,60), (51,60), (50,60), (49,60), (48,60), (47,60), (46,60), (45,60), (44,60), (43,60), (42,60), (41,60), (40,60), (39,60), (38,60), (37,60), (36,60), (35,60), (34,60), (33,60), (32,60), (31,60), (30,60), (29,60), (28,60), (27,60), (26,60), (25,60), (24,60), (23,60), (22,60), (21,60), (20,60), (19,60), (18,60), (17,60), (16,60), (15,60), (14,60), (13,60), (12,60), (11,60), (10,60), (10,60), (10,59), (10,58), (10,57), (10,56), (10,55), (10,54), (10,53), (10,52), (10,51), (10,50), (10,49), (10,48), (10,47), (10,46), (10,45), (10,44), (10,43), (10,42), (10,41), (10,40), (10,39), (10,38), (10,37), (10,36), (10,35), (10,34), (10,33), (10,32), (10,31), (10,30), (10,29), (10,28), (10,27), (10,26), (10,25), (10,24), (10,23), (10,22), (10,21), (10,20), (10,19), (10,18), (10,17), (10,16), (10,15), (10,14), (10,13), (10,12), (10,11), (10,10)|(10,10), (11,10), (12,10), (12,10), (12,9), (12,8), (12,7), (12,6), (12,5)",
        "time": 537.8733349997477
    },
    "Walk": {
        "cost": 0,
        "env_tax": 0,
        "route": "(90,65), (89,65), (88,65), (87,65), (86,65), (85,65), (84,65), (83,65), (82,65), (81,65), (80,65), (79,65), (78,65), (77,65), (76,65), (75,65), (74,65), (73,65), (72,65), (71,65), (70,65), (69,65), (68,65), (67,65), (66,65), (65,65), (64,65), (63,65), (62,65), (61,65), (60,65), (59,65), (58,65), (57,65), (56,65), (55,65), (54,65), (53,65), (52,65), (51,65), (50,65), (49,65), (48,65), (47,65), (46,65), (45,65), (44,65), (43,65), (42,65), (41,65), (40,65), (39,65), (38,65), (37,65), (36,65), (35,65), (34,65), (33,65), (32,65), (31,65), (30,65), (29,65), (28,65), (27,65), (26,65), (25,65), (24,65), (23,65), (22,65), (21,65), (20,65), (19,65), (18,65), (17,65), (16,65), (15,65), (14,65), (13,65), (12,65), (12,65), (12,64), (12,63), (12,62), (12,61), (12,60), (12,59), (12,58), (12,57), (12,56), (12,55), (12,54), (12,53), (12,52), (12,51), (12,50), (12,49), (12,48), (12,47), (12,46), (12,45), (12,44), (12,43), (12,42), (12,41), (12,40), (12,39), (12,38), (12,37), (12,36), (12,35), (12,34), (12,33), (12,32), (12,31), (12,30), (12,29), (12,28), (12,27), (12,26), (12,25), (12,24), (12,23), (12,22), (12,21), (12,20), (12,19), (12,18), (12,17), (12,16), (12,15), (12,14), (12,13), (12,12), (12,11), (12,10), (12,9), (12,8), (12,7), (12,6), (12,5)",
        "time": 10289.906943450249
    },
    "Walk_Train_Uber": {
        "cost": 25.81874398554612,
        "env_tax": 0.04000000000000001,
        "route": "(90,65), (90,65), (90,64), (90,63), (90,62), (90,61), (90,60)|(90,60), (89,60), (88,60), (87,60), (86,60), (85,60), (84,60), (83,60), (82,60), (81,60), (80,60), (79,60), (78,60), (77,60), (76,60), (75,60), (74,60), (73,60), (72,60), (71,60), (70,60), (69,60), (68,60), (67,60), (66,60), (65,60), (64,60), (63,60), (62,60), (61,60), (60,60), (59,60), (58,60), (57,60), (56,60), (55,60), (54,60), (53,60), (52,60), (51,60), (50,60), (49,60), (48,60), (47,60), (46,60), (45,60), (44,60), (43,60), (42,60), (41,60), (40,60), (39,60), (38,60), (37,60), (36,60), (35,60), (34,60), (33,60), (32,60), (31,60), (30,60), (29,60), (28,60), (27,60), (26,60), (25,60), (24,60), (23,60), (22,60), (21,60), (20,60), (19,60), (18,60), (17,60), (16,60), (15,60), (14,60), (13,60), (12,60), (11,60), (10,60), (10,60), (10,59), (10,58), (10,57), (10,56), (10,55), (10,54), (10,53), (10,52), (10,51), (10,50), (10,49), (10,48), (10,47), (10,46), (10,45), (10,44), (10,43), (10,42), (10,41), (10,40), (10,39), (10,38), (10,37), (10,36), (10,35), (10,34), (10,33), (10,32), (10,31), (10,30), (10,29), (10,28), (10,27), (10,26), (10,25), (10,24), (10,23), (10,22), (10,21), (10,20), (10,19), (10,18), (10,17), (10,16), (10,15), (10,14), (10,13), (10,12), (10,11), (10,10)|(10,10), (11,10), (11,9), (11,8), (11,7), (11,6), (11,5), (12,5)",
        "time": 387.8023901226557
    },
    "Walk_Train_Walk": {
        "cost": 13.200000000000001,
        "env_tax": 0,