{
    "Uber": {
        "cost": 65.59006398293356,
        "env_tax": 0.29500000000000004,
        "route": "(85,35), (85,36), (85,37), (84,37), (84,38), (83,38), (82,38), (81,38), (80,38), (79,38), (78,38), (77,38), (76,38), (75,38), (75,39), (74,39), (73,39), (72,39), (71,39), (70,39), (69,39), (69,40), (69,41), (68,41), (68,42), (68,43), (68,44), (68,45), (67,45), (66,45), (65,45), (64,45), (63,45), (62,45), (61,45), (60,45), (59,45), (59,46), (59,47), (59,48), (58,48), (57,48), (57,49), (56,49), (55,49), (54,49), (54,50), (53,50), (52,50), (51,50), (50,50), (49,50), (48,50), (47,50), (46,50), (46,51), (45,51), (44,51), (44,52)",
        "time": 21.039208121148373
    },
    "Uber_Train_Uber": {
        "cost": 39.605662803295374,
        "env_tax": 0.09000000000000001,
        "route": "(85,35), (85,34), (85,33), (85,32), (85,31), (84,31), (83,31), (83,30), (82,30), (81,30), (80,30)|(80,30), (79,30), (78,30), (77,30), (76,30), (75,30), (74,30), (73,30), (72,30), (71,30), (70,30), (69,30), (68,30), (67,30), (66,30), (65,30), (64,30), (63,30), (62,30), (61,30), (60,30), (59,30), (58,30), (57,30), (56,30), (55,30), (54,30), (53,30), (52,30), (51,30), (50,30), (49,30), (48,30), (47,30), (46,30), (45,30), (44,30), (43,30), (42,30), (41,30), (40,30), (40,30), (40,31), (40,32), (40,33), (40,34), (40,35), (40,36), (40,37), (40,38), (40,39), (40,40), (40,41), (40,42), (40,43), (40,44), (40,45), (40,46), (40,47), (40,48), (40,49), (40,50)|(40,50), (40,51), (41,51), (41,52), (42,52), (43,52), (44,52)",
        "time": 25.195011576817794
    },
    "Uber_Train_Walk": {
        "cost": 21.795337128315364,
        "env_tax": 0.05500000000000001,
        "route": "(85,35), (85,34), (85,33), (85,32), (85,31), (84,31), (83,31), (83,30), (82,30), (81,30), (80,30)|(80,30), (79,30), (78,30), (77,30), (76,30), (75,30), (74,30), (73,30), (72,30), (71,30), (70,30), (69,30), (68,30), (67,30), (66,30), (65,30), (64,30), (63,30), (62,30), (61,30), (60,30), (59,30), (58,30), (57,30), (56,30), (55,30), (54,30), (53,30), (52,30), (51,30), (50,30), (49,30), (48,30), (47,30), (46,30), (45,30), (44,30), (43,30), (42,30), (41,30), (40,30), (40,30), (40,31), (40,32), (40,33), (40,34), (40,35), (40,36), (40,37), (40,38), (40,39), (40,40), (40,41), (40,42), (40,43), (40,44), (40,45), (40,46), (40,47), (40,48), (40,49), (40,50)|(40,50), (41,50), (42,50), (43,50), (44,50), (44,50), (44,51), (44,52)",
        "time": 463.5199702815485
    },
    "Walk": {
        "cost": 0,
        "env_tax": 0,
        "route": "(85,35), (84,35), (83,35), (82,35), (81,35), (80,35), (79,35), (78,35), (77,35), (76,35), (75,35), (74,35), (73,35), (72,35), (71,35), (70,35), (69,35), (68,35), (67,35), (66,35), (65,35), (64,35), (63,35), (62,35), (61,35), (60,35), (59,35), (58,35), (57,35), (56,35), (55,35), (54,35), (53,35), (52,35), (51,35), (50,35), (49,35), (48,35), (47,35), (46,35), (45,35), (44,35), (44,35), (44,36), (44,37), (44,38), (44,39), (44,40), (44,41), (44,42), (44,43), (44,44), (44,45), (44,46), (44,47), (44,48), (44,49), (44,50), (44,51), (44,52)",
        "time": 4324.743497971845
    },
    "Walk_Train_Uber": {
        "cost": 24.53086769285993,
        "env_tax": 0.035,
        "route": "(85,35), (84,35), (83,35), (82,35), (81,35), (80,35), (80,35), (80,34), (80,33), (80,32), (80,31), (80,30)|(80,30), (79,30), (78,30), (77,30), (76,30), (75,30), (74,30), (73,30), (72,30), (71,30), (70,30), (69,30), (68,30), (67,30), (66,30), (65,30), (64,30), (63,30), (62,30), (61,30), (60,30), (59,30), (58,30), (57,30), (56,30), (55,30), (54,30), (53,30), (52,30), (51,30), (50,30), (49,30), (48,30), (47,30), (46,30), (45,30), (44,30), (43,30), (42,30), (41,30), (40,30), (40,30), (40,31), (40,32), (40,33), (40,34), (40,35), (40,36), (40,37), (40,38), (40,39), (40,40), (40,41), (40,42), (40,43), (40,44), (40,45), (40,46), (40,47), (40,48), (40,49), (40,50)|(40,50), (40,51), (41,51), (41,52), (42,52), (43,52), (44,52)",
        "time": 761.5642588619152
    },
    "Walk_Train_Walk": {
        "cost": 6.2,
        "env_tax": 0,
        "route": "(85,35), (84,35), (83,35), (82,35), (81,35), (80,35), (80,35), (80,34), (80,33), (80,32), (80,31), (80,30)|(80,30), (79,30), (78,30), (77,30), (76,30), (75,30), (74,30), (73,30), (72,30), (71,30), (70,30), (69,30), (68,30), (67,30), (66,30), (65,30), (64,30), (63,30), (62,30), (61,30), (60,30), (59,30), (58,30), (57,30), (56,30), (55,30), (54,30), (53,30), (52,30), (51,30), (50,30), (49,30), (48,30), (47,30), (46,30), (45,30), (44,30), (43,30), (42,30), (41,30), (40,30), (40,30), (40,31), (40,32), (40,33), (40,34), (40,35), (40,36), (40,37), (40,38), (40,39), (40,40), (40,41), (40,42), (40,43), (40,44), (40,45), (40,46), (40,47), (40,48), (40,49), (40,50)|(40,50), (41,50), (42,50), (43,50), (44,50), (44,50), (44,51), (44,52)",
        "time": 1198.4694564262923
    }
}