{
    "Uber": {
        "cost": 46.25094428843429,
        "env_tax": 0.7550000000000001,
        "route": "(34,8), (34,7), (34,6), (34,5), (35,5), (35,4), (36,4), (37,4), (38,4), (39,4), (40,4), (41,4), (42,4), (43,4), (44,4), (45,4), (46,4), (47,4), (48,4), (49,4), (50,4), (51,4), (52,4), (53,4), (54,4), (55,4), (56,4), (57,4), (58,4), (59,4), (60,4), (61,4), (62,4), (63,4), (64,4), (65,4), (66,4), (66,5), (67,5), (67,6), (67,7), (68,7), (69,7), (70,7), (71,7), (71,8), (72,8), (72,9), (73,9), (74,9), (74,10), (74,11), (75,11), (75,12), (76,12), (76,13), (77,13), (77,14), (78,14), (78,15), (79,15), (79,16), (79,17), (80,17), (80,18), (81,18), (81,19), (82,19), (82,20), (83,20), (83,21), (84,21), (84,22), (85,22), (85,23), (85,24), (85,25), (85,26), (86,26), (86,27), (87,27), (88,27), (89,27), (89,28), (89,29), (90,29), (90,30), (91,30), (91,31), (92,31), (92,32), (92,33), (93,33), (94,33), (94,34), (95,34), (95,35), (95,36), (95,37), (95,38), (96,38), (96,39), (96,40), (96,41), (96,42), (96,43), (96,44), (96,45), (96,46), (96,47), (96,48), (97,48), (97,49), (97,50), (97,51), (97,52), (98,52), (99,52), (99,53), (99,54), (99,55), (99,56), (99,57), (99,58), (99,59), (99,60), (99,61), (99,62), (99,63), (99,64), (99,65), (99,66), (99,67), (99,68), (99,69), (99,70), (99,71), (99,72), (99,73), (99,74), (99,75), (99,76), (99,77), (99,78), (99,79), (99,80), (99,81), (99,82), (99,83), (99,84), (98,84)",
        "time": 16.26503744757114
    },
    "Uber_Train_Uber": {
        "cost": 40.47042634240939,
        "env_tax": 0.1,
        "route": "(34,8), (33,8), (32,8), (31,8), (30,8), (30,9), (30,10)|(30,10), (31,10), (32,10), (33,10), (34,10), (35,10), (36,10), (37,10), (38,10), (39,10), (40,10), (41,10), (42,10), (43,10), (44,10), (45,10), (46,10), (47,10), (48,10), (49,10), (50,10), (51,10), (52,10), (53,10), (54,10), (55,10), (56,10), (57,10), (58,10), (59,10), (60,10), (61,10), (62,10), (63,10), (64,10), (65,10), (66,10), (67,10), (68,10), (69,10), (70,10), (71,10), (72,10), (73,10), (74,10), (75,10), (76,10), (77,10), (78,10), (79,10), (80,10), (81,10), (82,10), (83,10), (84,10), (85,10), (86,10), (87,10), (88,10), (89,10), (90,10), (90,10), (90,11), (90,12), (90,13), (90,14), (90,15), (90,16), (90,17), (90,18), (90,19), (90,20), (90,21), (90,22), (90,23), (90,24), (90,25), (90,26), (90,27), (90,28), (90,29), (90,30), (90,31), (90,32), (90,33), (90,34), (90,35), (90,36), (90,37), (90,38), (90,39), (90,40), (90,41), (90,42), (90,43), (90,44), (90,45), (90,46), (90,47), (90,48), (90,49), (90,50), (90,51), (90,52), (90,53), (90,54), (90,55), (90,56), (90,57), (90,58), (90,59), (90,60), (90,61), (90,62), (90,63), (90,64), (90,65), (90,66), (90,67), (90,68), (90,69), (90,70), (90,71), (90,72), (90,73), (90,74), (90,75), (90,76), (90,77), (90,78), (90,79), (90,80)|(90,80), (90,81), (91,81), (92,81), (93,81), (94,81), (95,81), (95,82), (95,83), (96,83), (96,84), (97,84), (98,84)",
        "time": 23.862188831200243
    },
    "Uber_Train_Walk": {
        "cost": 26.558781682929457,
        "env_tax": 0.035,
        "route": "(34,8), (33,8), (32,8), (31,8), (30,8), (30,9), (30,10)|(30,10), (31,10), (32,10), (33,10), (34,10), (35,10), (36,10), (37,10), (38,10), (39,10), (40,10), (41,10), (42,10), (43,10), (44,10), (45,10), (46,10), (47,10), (48,10), (49,10), (50,10), (51,10), (52,10), (53,10), (54,10), (55,10), (56,10), (57,10), (58,10), (59,10), (60,10), (61,10), (62,10), (63,10), (64,10), (65,10), (66,10), (67,10), (68,10), (69,10), (70,10), (71,10), (72,10), (73,10), (74,10), (75,10), (76,10), (77,10), (78,10), (79,10), (80,10), (81,10), (82,10), (83,10), (84,10), (85,10), (86,10), (87,10), (88,10), (89,10), (90,10), (90,10), (90,11), (90,12), (90,13), (90,14), (90,15), (90,16), (90,17), (90,18), (90,19), (90,20), (90,21), (90,22), (90,23), (90,24), (90,25), (90,26), (90,27), (90,28), (90,29), (90,30), (90,31), (90,32), (90,33), (90,34), (90,35), (90,36), (90,37), (90,38), (90,39), (90,40), (90,41), (90,42), (90,43), (90,44), (90,45), (90,46), (90,47), (90,48), (90,49), (90,50), (90,51), (90,52), (90,53), (90,54), (90,55), (90,56), (90,57), (90,58), (90,59), (90,60), (90,61), (90,62), (90,63), (90,64), (90,65), (90,66), (90,67), (90,68), (90,69), (90,70), (90,71), (90,72), (90,73), (90,74), (90,75), (90,76), (90,77), (90,78), (90,79), (90,80)|(90,80), (91,80), (92,80), (93,80), (94,80), (95,80), (96,80), (97,80), (98,80), (98,80), (98,81), (98,82), (98,83), (98,84)",
        "time": 905.5825707467883
    },
    "Walk": {
        "cost": 0,
        "env_tax": 0,
        "route": "(34,8), (35,8), (36,8), (37,8), (38,8), (39,8), (40,8), (41,8), (42,8), (43,8), (44,8), (45,8), (46,8), (47,8), (48,8), (49,8), (50,8), (51,8), (52,8), (53,8), (54,8), (55,8), (56,8), (57,8), (58,8), (59,8), (60,8), (61,8), (62,8), (63,8), (64,8), (65,8), (66,8), (67,8), (68,8), (69,8), (70,8), (71,8), (72,8), (73,8), (74,8), (75,8), (76,8), (77,8), (78,8), (79,8), (80,8), (81,8), (82,8), (83,8), (84,8), (85,8), (86,8), (87,8), (88,8), (89,8), (90,8), (91,8), (92,8), (93,8), (94,8), (95,8), (96,8), (97,8), (98,8), (98,8), (98,9), (98,10), (98,11), (98,12), (98,13), (98,14), (98,15), (98,16), (98,17), (98,18), (98,19), (98,20), (98,21), (98,22), (98,23), (98,24), (98,25), (98,26), (98,27), (98,28), (98,29), (98,30), (98,31), (98,32), (98,33), (98,34), (98,35), (98,36), (98,37), (98,38), (98,39), (98,40), (98,41), (98,42), (98,43), (98,44), (98,45), (98,46), (98,47), (98,48), (98,49), (98,50), (98,51), (98,52), (98,53), (98,54), (98,55), (98,56), (98,57), (98,58), (98,59), (98,60), (98,61), (98,62), (98,63), (98,64), (98,65), (98,66), (98,67), (98,68), (98,69), (98,70), (98,71), (98,72), (98,73), (98,74), (98,75), (98,76), (98,77), (98,78), (98,79), (98,80), (98,81), (98,82), (98,83), (98,84)",
        "time": 10439.03602958721
    },
    "Walk_Train_Uber": {
        "cost": 26.731921992332158,
        "env_tax": 0.065,
        "route": "(34,8), (33,8), (32,8), (31,8), (30,8), (30,8), (30,9), (30,10)|(30,10), (31,10), (32,10), (33,10), (34,10), (35,10), (36,10), (37,10), (38,10), (39,10), (40,10), (41,10), (42,10), (43,10), (44,10), (45,10), (46,10), (47,10), (48,10), (49,10), (50,10), (51,10), (52,10), (53,10), (54,10), (55,10), (56,10), (57,10), (58,10), (59,10), (60,10), (61,10), (62,10), (63,10), (64,10), (65,10), (66,10), (67,10), (68,10), (69,10), (70,10), (71,10), (72,10), (73,10), (74,10), (75,10), (76,10), (77,10), (78,10), (79,10), (80,10), (81,10), (82,10), (83,10), (84,10), (85,10), (86,10), (87,10), (88,10), (89,10), (90,10), (90,10), (90,11), (90,12), (90,13), (90,14), (90,15), (90,16), (90,17), (90,18), (90,19), (90,20), (90,21), (90,22), (90,23), (90,24), (90,25), (90,26), (90,27), (90,28), (90,29), (90,30), (90,31), (90,32), (90,33), (90,34), (90,35), (90,36), (90,37), (90,38), (90,39), (90,40), (90,41), (90,42), (90,43), (90,44), (90,45), (90,46), (90,47), (90,48), (90,49), (90,50), (90,51), (90,52), (90,53), (90,54), (90,55), (90,56), (90,57), (90,58), (90,59), (90,60), (90,61), (90,62), (90,63), (90,64), (90,65), (90,66), (90,67), (90,68), (90,69), (90,70), (90,71), (90,72), (90,73), (90,74), (90,75), (90,76), (90,77), (90,78), (90,79), (90,80)|(90,80), (90,81), (91,81), (92,81), (93,81), (94,81), (95,81), (95,82), (95,83), (96,83), (96,84), (97,84), (98,84)",
        "time": 465.06775867739805
    },
    "Walk_Train_Walk": {
        "cost": 13.200000000000001,
        "env_tax": 0,