{
    "Uber": {
        "cost": 15.003356267438038,
        "env_tax": 0.07500000000000001,
        "route": "(48,5), (48,4), (47,4), (47,3), (46,3), (46,2), (45,2), (44,2), (43,2), (43,1), (42,1), (41,1), (40,1), (39,1), (38,1)",
        "time": 8.460246173592724
    },
    "Uber_Train_Uber": {
        "cost": 30.00289319773555,
        "env_tax": 0.10000000000000002,
        "route": "(48,5), (48,6), (49,6), (49,7), (49,8), (49,9), (49,10), (50,10)|(50,10), (49,10), (48,10), (47,10), (46,10), (45,10), (44,10), (43,10), (42,10), (41,10), (40,10), (40,10)|(40,10), (39,10), (38,10), (38,9), (38,8), (38,7), (38,6), (38,5), (38,4), (38,3), (38,2), (38,1)",
        "time": 21.002708505119116
    },
    "Uber_Train_Walk": {
        "cost": 15.198964549201861,
        "env_tax": 0.04000000000000001,
        "route": "(48,5), (48,6), (49,6), (49,7), (49,8), (49,9), (49,10), (50,10)|(50,10), (49,10), (48,10), (47,10), (46,10), (45,10), (44,10), (43,10), (42,10), (41,10), (40,10), (40,10)|(40,10), (39,10), (38,10), (38,10), (38,9), (38,8), (38,7), (38,6), (38,5), (38,4), (38,3), (38,2), (38,1)",
        "time": 835.8697015572145
    },
    "Walk": {
        "cost": 0,
        "env_tax": 0,
        "route": "(48,5), (47,5), (46,5), (45,5), (44,5), (43,5), (42,5), (41,5), (40,5), (39,5), (38,5), (38,5), (38,4), (38,3), (38,2), (38,1)",
        "time": 1043.903602958721
    },
    "Walk_Train_Uber": {
        "cost": 15.84785150234501,
        "env_tax": 0.06000000000000001,
        "route": "(48,5), (49,5), (50,5), (50,5), (50,6), (50,7), (50,8), (50,9), (50,10)|(50,10), (49,10), (48,10), (47,10), (46,10), (45,10), (44,10), (43,10), (42,10), (41,10), (40,10), (40,10)|(40,10), (39,10), (38,10), (38,9), (38,8), (38,7), (38,6), (38,5), (38,4), (38,3), (38,2), (38,1)",
        "time": 537.6018098169363
    },
    "Walk_Train_Walk": {
        "cost": 1.2000000000000002,
        "env_tax": 0,
        "route": "(48,5), (49,5), (50,5), (50,5), (50,6), (50,7), (50,8), (50,9), (50,10)|(50,10), (49,10), (48,10), (47,10), (46,10), (45,10), (44,10), (43,10), (42,10), (41,10), (40,10), (40,10)|(40,10), (39,10), (38,10), (38,10), (38,9), (38,8), (38,7), (38,6), (38,5), (38,4), (38,3), (38,2), (38,1)",
        "time": 1348.2439885644303
    }
}