{
    "Uber": {
        "cost": 58.55146985193025,
        "env_tax": 0.67,
        "route": "(19,31), (18,31), (17,31), (16,31), (15,31), (14,31), (13,31), (13,32), (12,32), (11,32), (10,32), (10,33), (10,34), (10,35), (10,36), (10,37), (10,38), (10,39), (10,40), (10,41), (10,42), (10,43), (10,44), (10,45), (10,46), (10,47), (10,48), (10,49), (10,50), (10,51), (10,52), (10,53), (10,54), (10,55), (10,56), (10,57), (10,58), (10,59), (10,60), (10,61), (10,62), (10,63), (11,63), (12,63), (12,64), (13,64), (13,65), (13,66), (14,66), (15,66), (15,67), (15,68), (15,69), (15,70), (16,70), (17,70), (17,71), (17,72), (18,72), (18,73), (19,73), (20,73), (20,74), (21,74), (21,75), (22,75), (22,76), (22,77), (23,77), (24,77), (25,77), (25,78), (26,78), (26,79), (26,80), (26,81), (26,82), (27,82), (27,83), (28,83), (28,84), (29,84), (30,84), (30,85), (30,86), (31,86), (31,87), (32,87), (33,87), (33,88), (34,88), (35,88), (36,88), (37,88), (38,88), (38,89), (39,89), (39,90), (40,90), (41,90), (42,90), (43,90), (44,90), (45,90), (46,90), (47,90), (48,90), (49,90), (50,90), (51,90), (52,90), (53,90), (54,90), (55,90), (56,90), (57,90), (58,90), (59,90), (59,89), (60,89), (61,89), (62,89), (63,89), (63,88), (64,88), (65,88), (66,88), (66,87), (66,86), (67,86), (67,85), (67,84), (67,83), (67,82)",
        "time": 19.34627580944479
    },
    "Uber_Train_Uber": {
        "cost": 36.984299152151486,
        "env_tax": 0.04500000000000001,
        "route": "(19,31), (20,31), (20,30)|(20,30), (21,30), (22,30), (23,30), (24,30), (25,30), (26,30), (27,30), (28,30), (29,30), (30,30), (31,30), (32,30), (33,30), (34,30), (35,30), (36,30), (37,30), (38,30), (39,30), (40,30), (41,30), (42,30), (43,30), (44,30), (45,30), (46,30), (47,30), (48,30), (49,30), (50,30), (51,30), (52,30), (53,30), (54,30), (55,30), (56,30), (57,30), (58,30), (59,30), (60,30), (61,30), (62,30), (63,30), (64,30), (65,30), (66,30), (67,30), (68,30), (69,30), (70,30), (70,30), (70,31), (70,32), (70,33), (70,34), (70,35), (70,36), (70,37), (70,38), (70,39), (70,40), (70,41), (70,42), (70,43), (70,44), (70,45), (70,46), (70,47), (70,48), (70,49), (70,50), (70,51), (70,52), (70,53), (70,54), (70,55), (70,56), (70,57), (70,58), (70,59), (70,60), (70,61), (70,62), (70,63), (70,64), (70,65), (70,66), (70,67), (70,68), (70,69), (70,70), (70,71), (70,72), (70,73), (70,74), (70,75), (70,76), (70,77), (70,78), (70,79), (70,80)|(70,80), (70,81), (69,81), (69,82), (68,82), (67,82)",
        "time": 20.167252082683646
    },
    "Uber_Train_Walk": {
        "cost": 22.860763835810282,
        "env_tax": 0.015000000000000003,
        "route": "(19,31), (20,31), (20,30)|(20,30), (21,30), (22,30), (23,30), (24,30), (25,30), (26,30), (27,30), (28,30), (29,30), (30,30), (31,30), (32,30), (33,30), (34,30), (35,30), (36,30), (37,30), (38,30), (39,30), (40,30), (41,30), (42,30), (43,30), (44,30), (45,30), (46,30), (47,30), (48,30), (49,30), (50,30), (51,30), (52,30), (53,30), (54,30), (55,30), (56,30), (57,30), (58,30), (59,30), (60,30), (61,30), (62,30), (63,30), (64,30), (65,30), (66,30), (67,30), (68,30), (69,30), (70,30), (70,30), (70,31), (70,32), (70,33), (70,34), (70,35), (70,36), (70,37), (70,38), (70,39), (70,40), (70,41), (70,42), (70,43), (70,44), (70,45), (70,46), (70,47), (70,48), (70,49), (70,50), (70,51), (70,52), (70,53), (70,54), (70,55), (70,56), (70,57), (70,58), (70,59), (70,60), (70,61), (70,62), (70,63), (70,64), (70,65), (70,66), (70,67), (70,68), (70,69), (70,70), (70,71), (70,72), (70,73), (70,74), (70,75), (70,76), (70,77), (70,78), (70,79), (70,80)|(70,80), (69,80), (68,80), (67,80), (67,80), (67,81), (67,82)",
        "time": 388.8602247712529
    },
    "Walk": {
        "cost": 0,
        "env_tax": 0,
        "route": "(19,31), (20,31), (21,31), (22,31), (23,31), (24,31), (25,31), (26,31), (27,31), (28,31), (29,31), (30,31), (31,31), (32,31), (33,31), (34,31), (35,31), (36,31), (37,31), (38,31), (39,31), (40,31), (41,31), (42,31), (43,31), (44,31), (45,31), (46,31), (47,31), (48,31), (49,31), (50,31), (51,31), (52,31), (53,31), (54,31), (55,31), (56,31), (57,31), (58,31), (59,31), (60,31), (61,31), (62,31), (63,31), (64,31), (65,31), (66,31), (67,31), (67,31), (67,32), (67,33), (67,34), (67,35), (67,36), (67,37), (67,38), (67,39), (67,40), (67,41), (67,42), (67,43), (67,44), (67,45), (67,46), (67,47), (67,48), (67,49), (67,50), (67,51), (67,52), (67,53), (67,54), (67,55), (67,56), (67,57), (67,58), (67,59), (67,60), (67,61), (67,62), (67,63), (67,64), (67,65), (67,66), (67,67), (67,68), (67,69), (67,70), (67,71), (67,72), (67,73), (67,74), (67,75), (67,76), (67,77), (67,78), (67,79), (67,80), (67,81), (67,82)",
        "time": 7381.889763779527
    },
    "Walk_Train_Uber": {
        "cost": 23.95779708758419,
        "env_tax": 0.030000000000000006,
        "route": "(19,31), (20,31), (20,31), (20,30)|(20,30), (21,30), (22,30), (23,30), (24,30), (25,30), (26,30), (27,30), (28,30), (29,30), (30,30), (31,30), (32,30), (33,30), (34,30), (35,30), (36,30), (37,30), (38,30), (39,30), (40,30), (41,30), (42,30), (43,30), (44,30), (45,30), (46,30), (47,30), (48,30), (49,30), (50,30), (51,30), (52,30), (53,30), (54,30), (55,30), (56,30), (57,30), (58,30), (59,30), (60,30), (61,30), (62,30), (63,30), (64,30), (65,30), (66,30), (67,30), (68,30), (69,30), (70,30), (70,30), (70,31), (70,32), (70,33), (70,34), (70,35), (70,36), (70,37), (70,38), (70,39), (70,40), (70,41), (70,42), (70,43), (70,44), (70,45), (70,46), (70,47), (70,48), (70,49), (70,50), (70,51), (70,52), (70,53), (70,54), (70,55), (70,56), (70,57), (70,58), (70,59), (70,60), (70,61), (70,62), (70,63), (70,64), (70,65), (70,66), (70,67), (70,68), (70,69), (70,70), (70,71), (70,72), (70,73), (70,74), (70,75), (70,76), (70,77), (70,78), (70,79), (70,80)|(70,80), (70,81), (69,81), (69,82), (68,82), (67,82)",
        "time": 166.3857801488142
    },
    "Walk_Train_Walk": {
        "cost": 10.200000000000001,
        "env_tax": 0,
        "route": "(19,31), (20,31), (20,31), (20,30)|(20,30), (21,30), (22,30), (23,30), (24,30), (25,30), (26,30), (27,30), (28,30), (29,30), (30,30), (31,30), (32,30), (33,30), (34,30), (35,30), (36,30), (37,30), (38,30), (39,30), (40,30), (41,30), (42,30), (43,30), (44,30), (45,30), (46,30), (47,30), (48,30), (49,30), (50,30), (51,30), (52,30), (53,30), (54,30), (55,30), (56,30), (57,30), (58,30), (59,30), (60,30), (61,30), (62,30), (63,30), (64,30), (65,30), (66,30), (67,30), (68,30), (69,30), (70,30), (70,30), (70,31), (70,32), (70,33), (70,34), (70,35), (70,36), (70,37), (70,38), (70,39), (70,40), (70,41), (70,42), (70,43), (70,44), (70,45), (70,46), (70,47), (70,48), (70,49), (70,50), (70,51), (70,52), (70,53), (70,54), (70,55), (70,56), (70,57), (70,58), (70,59), (70,60), (70,61), (70,62), (70,63), (70,64), (70,65), (70,66), (70,67), (70,68), (70,69), (70,70), (70,71), (70,72), (70,73), (70,74), (70,75), (70,76), (70,77), (70,78), (70,79), (70,80)|(70,80), (69,80), (68,80), (67,80), (67,80), (67,81), (67,82)",
        "time": 530.6740752017271
    }
}