{
    "Uber": {
        "cost": 47.334526545203076,
        "env_tax": 0.275,
        "route": "(47,13), (48,13), (49,13), (50,13), (50,14), (51,14), (52,14), (52,15), (53,15), (53,16), (54,16), (55,16), (55,17), (55,18), (56,18), (56,19), (57,19), (58,19), (58,20), (59,20), (59,21), (59,22), (60,22), (61,22), (62,22), (62,23), (63,23), (63,24), (64,24), (64,25), (64,26), (64,27), (64,28), (64,29), (64,30), (64,31), (64,32), (64,33), (64,34), (64,35), (64,36), (64,37), (64,38), (64,39), (64,40), (64,41), (64,42), (64,43), (64,44), (64,45), (64,46), (65,46), (65,47), (65,48), (65,49)",
        "time": 18.69879489900687
    },
    "Uber_Train_Uber": {
        "cost": 38.42689532091329,
        "env_tax": 0.07,
        "route": "(47,13), (47,12), (47,11), (47,10), (48,10), (49,10), (50,10)|(50,10), (51,10), (52,10), (53,10), (54,10), (55,10), (56,10), (57,10), (58,10), (59,10), (60,10), (60,10), (60,11), (60,12), (60,13), (60,14), (60,15), (60,16), (60,17), (60,18), (60,19), (60,20), (60,21), (60,22), (60,23), (60,24), (60,25), (60,26), (60,27), (60,28), (60,29), (60,30), (60,31), (60,32), (60,33), (60,34), (60,35), (60,36), (60,37), (60,38), (60,39), (60,40), (60,41), (60,42), (60,43), (60,44), (60,45), (60,46), (60,47), (60,48), (60,49), (60,50)|(60,50), (61,50), (62,50), (62,49), (63,49), (64,49), (65,49)",
        "time": 19.910478174885945
    },
    "Uber_Train_Walk": {
        "cost": 19.337426416544645,
        "env_tax": 0.035,
        "route": "(47,13), (47,12), (47,11), (47,10), (48,10), (49,10), (50,10)|(50,10), (51,10), (52,10), (53,10), (54,10), (55,10), (56,10), (57,10), (58,10), (59,10), (60,10), (60,10), (60,11), (60,12), (60,13), (60,14), (60,15), (60,16), (60,17), (60,18), (60,19), (60,20), (60,21), (60,22), (60,23), (60,24), (60,25), (60,26), (60,27), (60,28), (60,29), (60,30), (60,31), (60,32), (60,33), (60,34), (60,35), (60,36), (60,37), (60,38), (60,39), (60,40), (60,41), (60,42), (60,43), (60,44), (60,45), (60,46), (60,47), (60,48), (60,49), (60,50)|(60,50), (61,50), (62,50), (63,50), (64,50), (65,50), (65,50), (65,49)",
        "time": 457.6742222375393
    },
    "Walk": {
        "cost": 0,
        "env_tax": 0,
        "route": "(47,13), (48,13), (49,13), (50,13), (51,13), (52,13), (53,13), (54,13), (55,13), (56,13), (57,13), (58,13), (59,13), (60,13), (61,13), (62,13), (63,13), (64,13), (65,13), (65,13), (65,14), (65,15), (65,16), (65,17), (65,18), (65,19), (65,20), (65,21), (65,22), (65,23), (65,24), (65,25), (65,26), (65,27), (65,28), (65,29), (65,30), (65,31), (65,32), (65,33), (65,34), (65,35), (65,36), (65,37), (65,38), (65,39), (65,40), (65,41), (65,42), (65,43), (65,44), (65,45), (65,46), (65,47), (65,48), (65,49)",
        "time": 4026.485325697924
    },
    "Walk_Train_Uber": {
        "cost": 22.588474303106715,
        "env_tax": 0.035,
        "route": "(47,13), (48,13), (49,13), (50,13), (50,13), (50,12), (50,11), (50,10)|(50,10), (51,10), (52,10), (53,10), (54,10), (55,10), (56,10), (57,10), (58,10), (59,10), (60,10), (60,10), (60,11), (60,12), (60,13), (60,14), (60,15), (60,16), (60,17), (60,18), (60,19), (60,20), (60,21), (60,22), (60,23), (60,24), (60,25), (60,26), (60,27), (60,28), (60,29), (60,30), (60,31), (60,32), (60,33), (60,34), (60,35), (60,36), (60,37), (60,38), (60,39), (60,40), (60,41), (60,42), (60,43), (60,44), (60,45), (60,46), (60,47), (60,48), (60,49), (60,50)|(60,50), (61,50), (62,50), (62,49), (63,49), (64,49), (65,49)",
        "time": 459.0998310794279
    },
    "Walk_Train_Walk": {
        "cost": 5.2,
        "env_tax": 0,
        "route": "(47,13), (48,13), (49,13), (50,13), (50,13), (50,12), (50,11), (50,10)|(50,10), (51,10), (52,10), (53,10), (54,10), (55,10), (56,10), (57,10), (58,10), (59,10), (60,10), (60,10), (60,11), (60,12), (60,13), (60,14), (60,15), (60,16), (60,17), (60,18), (60,19), (60,20), (60,21), (60,22), (60,23), (60,24), (60,25), (60,26), (60,27), (60,28), (60,29), (60,30), (60,31), (60,32), (60,33), (60,34), (60,35), (60,36), (60,37), (60,38), (60,39), (60,40), (60,41), (60,42), (60,43), (60,44), (60,45), (60,46), (60,47), (60,48), (60,49), (60,50)|(60,50), (61,50), (62,50), (63,50), (64,50), (65,50), (65,50), (65,49)",
        "time": 899.6928428354362
    }
}