{
    "Uber": {
        "cost": 54.74599483655176,
        "env_tax": 0.67,
        "route": "(21,39), (20,39), (19,39), (18,39), (17,39), (16,39), (15,39), (14,39), (13,39), (12,39), (12,40), (12,41), (12,42), (12,43), (12,44), (12,45), (12,46), (12,47), (12,48), (12,49), (12,50), (12,51), (12,52), (12,53), (12,54), (12,55), (12,56), (12,57), (12,58), (12,59), (12,60), (12,61), (12,62), (12,63), (12,64), (13,64), (13,65), (13,66), (13,67), (13,68), (13,69), (13,70), (14,70), (15,70), (15,71), (15,72), (16,72), (17,72), (17,73), (18,73), (19,73), (19,74), (19,75), (19,76), (19,77), (19,78), (20,78), (20,79), (21,79), (21,80), (22,80), (23,80), (23,81), (23,82), (24,82), (25,82), (25,83), (26,83), (26,84), (27,84), (27,85), (28,85), (29,85), (30,85), (30,86), (30,87), (31,87), (31,88), (31,89), (32,89), (33,89), (33,90), (33,91), (34,91), (34,92), (35,92), (36,92), (37,92), (38,92), (39,92), (40,92), (41,92), (41,93), (42,93), (42,94), (43,94), (44,94), (45,94), (45,95), (46,95), (47,95), (48,95), (49,95), (50,95), (51,95), (52,95), (53,95), (54,95), (55,95), (56,95), (57,95), (58,95), (59,95), (60,95), (61,95), (62,95), (63,95), (64,95), (65,95), (66,95), (67,95), (67,94), (68,94), (68,93), (69,93), (69,92), (69,91), (69,90), (69,89), (70,89), (70,88), (70,87), (70,86), (71,86)",
        "time": 17.28748504211685
    },
    "Uber_Train_Uber": {
        "cost": 36.52877857050905,
        "env_tax": 0.04500000000000001,
        "route": "(21,39), (21,40), (20,40)|(20,40), (21,40), (22,40), (23,40), (24,40), (25,40), (26,40), (27,40), (28,40), (29,40), (30,40), (31,40), (32,40), (33,40), (34,40), (35,40), (36,40), (37,40), (38,40), (39,40), (40,40), (41,40), (42,40), (43,40), (44,40), (45,40), (46,40), (47,40), (48,40), (49,40), (50,40), (51,40), (52,40), (53,40), (54,40), (55,40), (56,40), (57,40), (58,40), (59,40), (60,40), (61,40), (62,40), (63,40), (64,40), (65,40), (66,40), (67,40), (68,40), (69,40), (70,40), (70,40), (70,41), (70,42), (70,43), (70,44), (70,45), (70,46), (70,47), (70,48), (70,49), (70,50), (70,51), (70,52), (70,53), (70,54), (70,55), (70,56), (70,57), (70,58), (70,59), (70,60), (70,61), (70,62), (70,63), (70,64), (70,65), (70,66), (70,67), (70,68), (70,69), (70,70), (70,71), (70,72), (70,73), (70,74), (70,75), (70,76), (70,77), (70,78), (70,79), (70,80), (70,81), (70,82), (70,83), (70,84), (70,85), (70,86), (70,87), (70,88), (70,89), (70,90)|(70,90), (70,89), (70,88), (70,87), (70,86), (71,86)",
        "time": 25.89812582950276
    },
    "Uber_Train_Walk": {
        "cost": 23.206382290390465,
        "env_tax": 0.015000000000000003,
        "route": "(21,39), (21,40), (20,40)|(20,40), (21,40), (22,40), (23,40), (24,40), (25,40), (26,40), (27,40), (28,40), (29,40), (30,40), (31,40), (32,40), (33,40), (34,40), (35,40), (36,40), (37,40), (38,40), (39,40), (40,40), (41,40), (42,40), (43,40), (44,40), (45,40), (46,40), (47,40), (48,40), (49,40), (50,40), (51,40), (52,40), (53,40), (54,40), (55,40), (56,40), (57,40), (58,40), (59,40), (60,40), (61,40), (62,40), (63,40), (64,40), (65,40), (66,40), (67,40), (68,40), (69,40), (70,40), (70,40), (70,41), (70,42), (70,43), (70,44), (70,45), (70,46), (70,47), (70,48), (70,49), (70,50), (70,51), (70,52), (70,53), (70,54), (70,55), (70,56), (70,57), (70,58), (70,59), (70,60), (70,61), (70,62), (70,63), (70,64), (70,65), (70,66), (70,67), (70,68), (70,69), (70,70), (70,71), (70,72), (70,73), (70,74), (70,75), (70,76), (70,77), (70,78), (70,79), (70,80), (70,81), (70,82), (70,83), (70,84), (70,85), (70,86), (70,87), (70,88), (70,89), (70,90)|(70,90), (71,90), (71,90), (71,89), (71,88), (71,87), (71,86)",
        "time": 388.49316294407896
    },
    "Walk": {
        "cost": 0,
        "env_tax": 0,
        "route": "(21,39), (22,39), (23,39), (24,39), (25,39), (26,39), (27,39), (28,39), (29,39), (30,39), (31,39), (32,39), (33,39), (34,39), (35,39), (36,39), (37,39), (38,39), (39,39), (40,39), (41,39), (42,39), (43,39), (44,39), (45,39), (46,39), (47,39), (48,39), (49,39), (50,39), (51,39), (52,39), (53,39), (54,39), (55,39), (56,39), (57,39), (58,39), (59,39), (60,39), (61,39), (62,39), (63,39), (64,39), (65,39), (66,39), (67,39), (68,39), (69,39), (70,39), (71,39), (71,39), (71,40), (71,41), (71,42), (71,43), (71,44), (71,45), (71,46), (71,47), (71,48), (71,49), (71,50), (71,51), (71,52), (71,53), (71,54), (71,55), (71,56), (71,57), (71,58), (71,59), (71,60), (71,61), (71,62), (71,63), (71,64), (71,65), (71,66), (71,67), (71,68), (71,69), (71,70), (71,71), (71,72), (71,73), (71,74), (71,75), (71,76), (71,77), (71,78), (71,79), (71,80), (71,81), (71,82), (71,83), (71,84), (71,85), (71,86)",
        "time": 7232.760677642567
    },
    "Walk_Train_Uber": {
        "cost": 23.528205779761972,
        "env_tax": 0.030000000000000006,
        "route": "(21,39), (20,39), (20,39), (20,40)|(20,40), (21,40), (22,40), (23,40), (24,40), (25,40), (26,40), (27,40), (28,40), (29,40), (30,40), (31,40), (32,40), (33,40), (34,40), (35,40), (36,40), (37,40), (38,40), (39,40), (40,40), (41,40), (42,40), (43,40), (44,40), (45,40), (46,40), (47,40), (48,40), (49,40), (50,40), (51,40), (52,40), (53,40), (54,40), (55,40), (56,40), (57,40), (58,40), (59,40), (60,40), (61,40), (62,40), (63,40), (64,40), (65,40), (66,40), (67,40), (68,40), (69,40), (70,40), (70,40), (70,41), (70,42), (70,43), (70,44), (70,45), (70,46), (70,47), (70,48), (70,49), (70,50), (70,51), (70,52), (70,53), (70,54), (70,55), (70,56), (70,57), (70,58), (70,59), (70,60), (70,61), (70,62), (70,63), (70,64), (70,65), (70,66), (70,67), (70,68), (70,69), (70,70), (70,71), (70,72), (70,73), (70,74), (70,75), (70,76), (70,77), (70,78), (70,79), (70,80), (70,81), (70,82), (70,83), (70,84), (70,85), (70,86), (70,87), (70,88), (70,89), (70,90)|(70,90), (70,89), (70,88), (70,87), (70,86), (71,86)",
        "time": 161.4490602615295
    },
    "Walk_Train_Walk": {
        "cost": 10.200000000000001,
        "env_tax": 0,
        "route": "(21,39), (20,39), (20,39), (20,40)|(20,40), (21,40), (22,40), (23,40), (24,40), (25,40), (26,40), (27,40), (28,40), (29,40), (30,40), (31,40), (32,40), (33,40), (34,40), (35,40), (36,40), (37,40), (38,40), (39,40), (40,40), (41,40), (42,40), (43,40), (44,40), (45,40), (46,40), (47,40), (48,40), (49,40), (50,40), (51,40), (52,40), (53,40), (54,40), (55,40), (56,40), (57,40), (58,40), (59,40), (60,40), (61,40), (62,40), (63,40), (64,40), (65,40), (66,40), (67,40), (68,40), (69,40), (70,40), (70,40), (70,41), (70,42), (70,43), (70,44), (70,45), (70,46), (70,47), (70,48), (70,49), (70,50), (70,51), (70,52), (70,53), (70,54), (70,55), (70,56), (70,57), (70,58), (70,59), (70,60), (70,61), (70,62), (70,63), (70,64), (70,65), (70,66), (70,67), (70,68), (70,69), (70,70), (70,71), (70,72), (70,73), (70,74), (70,75), (70,76), (70,77), (70,78), (70,79), (70,80), (70,81), (70,82), (70,83), (70,84), (70,85), (70,86), (70,87), (70,88), (70,89), (70,90)|(70,90), (71,90), (71,90), (71,89), (71,88), (71,87), (71,86)",
        "time": 530.2173900343913
    }
}