{
    "Uber": {
        "cost": 24.385722534202475,
        "env_tax": 0.27,
        "route": "(58,7), (58,6), (57,6), (57,5), (56,5), (55,5), (54,5), (53,5), (52,5), (52,4), (51,4), (50,4), (49,4), (48,4), (47,4), (46,4), (45,4), (44,4), (43,4), (42,4), (41,4), (40,4), (39,4), (38,4), (37,4), (36,4), (35,4), (35,5), (34,5), (33,5), (32,5), (31,5), (30,5), (29,5), (28,5), (27,5), (26,5), (25,5), (24,5), (23,5), (23,6), (23,7), (23,8), (23,9), (23,10), (23,11), (23,12), (23,13), (23,14), (23,15), (23,16), (23,17), (23,18), (24,18)",
        "time": 6.275195600825204
    },
    "Uber_Train_Uber": {
        "cost": 32.10618354200111,
        "env_tax": 0.065,
        "route": "(58,7), (59,7), (60,7), (60,8), (60,9), (60,10)|(60,10), (59,10), (58,10), (57,10), (56,10), (55,10), (54,10), (53,10), (52,10), (51,10), (50,10), (49,10), (48,10), (47,10), (46,10), (45,10), (44,10), (43,10), (42,10), (41,10), (40,10), (39,10), (38,10), (37,10), (36,10), (35,10), (34,10), (33,10), (32,10), (31,10), (30,10), (29,10), (28,10), (27,10), (26,10), (25,10), (24,10), (23,10), (22,10), (21,10), (20,10), (20,10), (20,11), (20,12), (20,13), (20,14), (20,15), (20,16), (20,17), (20,18), (20,19), (20,20)|(20,20), (21,20), (21,19), (21,18), (22,18), (23,18), (24,18)",
        "time": 21.56819394420001
    },
    "Uber_Train_Walk": {
        "cost": 18.017415579932187,
        "env_tax": 0.030000000000000006,
        "route": "(58,7), (59,7), (60,7), (60,8), (60,9), (60,10)|(60,10), (59,10), (58,10), (57,10), (56,10), (55,10), (54,10), (53,10), (52,10), (51,10), (50,10), (49,10), (48,10), (47,10), (46,10), (45,10), (44,10), (43,10), (42,10), (41,10), (40,10), (39,10), (38,10), (37,10), (36,10), (35,10), (34,10), (33,10), (32,10), (31,10), (30,10), (29,10), (28,10), (27,10), (26,10), (25,10), (24,10), (23,10), (22,10), (21,10), (20,10), (20,10), (20,11), (20,12), (20,13), (20,14), (20,15), (20,16), (20,17), (20,18), (20,19), (20,20)|(20,20), (21,20), (22,20), (23,20), (24,20), (24,20), (24,19), (24,18)",
        "time": 459.12094076793625
    },
    "Walk": {
        "cost": 0,
        "env_tax": 0,
        "route": "(58,7), (57,7), (56,7), (55,7), (54,7), (53,7), (52,7), (51,7), (50,7), (49,7), (48,7), (47,7), (46,7), (45,7), (44,7), (43,7), (42,7), (41,7), (40,7), (39,7), (38,7), (37,7), (36,7), (35,7), (34,7), (33,7), (32,7), (31,7), (30,7), (29,7), (28,7), (27,7), (26,7), (25,7), (24,7), (24,7), (24,8), (24,9), (24,10), (24,11), (24,12), (24,13), (24,14), (24,15), (24,16), (24,17), (24,18)",
        "time": 3355.404438081603
    },
    "Walk_Train_Uber": {
        "cost": 18.759355599184047,
        "env_tax": 0.035,
        "route": "(58,7), (59,7), (60,7), (60,7), (60,8), (60,9), (60,10)|(60,10), (59,10), (58,10), (57,10), (56,10), (55,10), (54,10), (53,10), (52,10), (51,10), (50,10), (49,10), (48,10), (47,10), (46,10), (45,10), (44,10), (43,10), (42,10), (41,10), (40,10), (39,10), (38,10), (37,10), (36,10), (35,10), (34,10), (33,10), (32,10), (31,10), (30,10), (29,10), (28,10), (27,10), (26,10), (25,10), (24,10), (23,10), (22,10), (21,10), (20,10), (20,10), (20,11), (20,12), (20,13), (20,14), (20,15), (20,16), (20,17), (20,18), (20,19), (20,20)|(20,20), (21,20), (21,19), (21,18), (22,18), (23,18), (24,18)",
        "time": 383.969083650084
    },
    "Walk_Train_Walk": {
        "cost": 5.2,
        "env_tax": 0,
        "route": "(58,7), (59,7), (60,7), (60,7), (60,8), (60,9), (60,10)|(60,10), (59,10), (58,10), (57,10), (56,10), (55,10), (54,10), (53,10), (52,10), (51,10), (50,10), (49,10), (48,10), (47,10), (46,10), (45,10), (44,10), (43,10), (42,10), (41,10), (40,10), (39,10), (38,10), (37,10), (36,10), (35,10), (34,10), (33,10), (32,10), (31,10), (30,10), (29,10), (28,10), (27,10), (26,10), (25,10), (24,10), (23,10), (22,10), (21,10), (20,10), (20,10), (20,11), (20,12), (20,13), (20,14), (20,15), (20,16), (20,17), (20,18), (20,19), (20,20)|(20,20), (21,20), (22,20), (23,20), (24,20), (24,20), (24,19), (24,18)",
        "time": 824.9262939302196
    }
}