{
    "Uber": {
        "cost": 54.92534560810311,
        "env_tax": 0.37000000000000005,
        "route": "(30,76), (29,76), (29,75), (28,75), (28,74), (27,74), (27,73), (26,73), (25,73), (25,72), (25,71), (25,70), (25,69), (25,68), (25,67), (25,66), (24,66), (24,65), (24,64), (24,63), (23,63), (23,62), (23,61), (23,60), (23,59), (23,58), (23,57), (23,56), (23,55), (23,54), (23,53), (23,52), (23,51), (23,50), (23,49), (23,48), (23,47), (23,46), (23,45), (23,44), (23,43), (23,42), (23,41), (23,40), (23,39), (23,38), (23,37), (23,36), (23,35), (23,34), (23,33), (23,32), (23,31), (23,30), (23,29), (24,29), (24,28), (25,28), (25,27), (25,26), (26,26), (27,26), (28,26), (29,26), (29,25), (30,25), (31,25), (32,25), (33,25), (34,25), (35,25), (36,25), (37,25), (38,25)",
        "time": 19.660619559846772
    },
    "Uber_Train_Uber": {
        "cost": 36.55844139487957,
        "env_tax": 0.065,
        "route": "(30,76), (30,77), (30,78), (30,79), (30,80)|(30,80), (31,80), (32,80), (33,80), (34,80), (35,80), (36,80), (37,80), (38,80), (39,80), (40,80), (40,80), (40,79), (40,78), (40,77), (40,76), (40,75), (40,74), (40,73), (40,72), (40,71), (40,70), (40,69), (40,68), (40,67), (40,66), (40,65), (40,64), (40,63), (40,62), (40,61), (40,60), (40,59), (40,58), (40,57), (40,56), (40,55), (40,54), (40,53), (40,52), (40,51), (40,50), (40,49), (40,48), (40,47), (40,46), (40,45), (40,44), (40,43), (40,42), (40,41), (40,40), (40,39), (40,38), (40,37), (40,36), (40,35), (40,34), (40,33), (40,32), (40,31), (40,30), (40,29), (40,28), (40,27), (40,26), (40,25), (40,24), (40,23), (40,22), (40,21), (40,20)|(40,20), (40,21), (39,21), (39,22), (39,23), (39,24), (39,25), (38,25)",
        "time": 17.43368075427903
    },
    "Uber_Train_Walk": {
        "cost": 21.462304439821516,
        "env_tax": 0.025,
        "route": "(30,76), (30,77), (30,78), (30,79), (30,80)|(30,80), (31,80), (32,80), (33,80), (34,80), (35,80), (36,80), (37,80), (38,80), (39,80), (40,80), (40,80), (40,79), (40,78), (40,77), (40,76), (40,75), (40,74), (40,73), (40,72), (40,71), (40,70), (40,69), (40,68), (40,67), (40,66), (40,65), (40,64), (40,63), (40,62), (40,61), (40,60), (40,59), (40,58), (40,57), (40,56), (40,55), (40,54), (40,53), (40,52), (40,51), (40,50), (40,49), (40,48), (40,47), (40,46), (40,45), (40,44), (40,43), (40,42), (40,41), (40,40), (40,39), (40,38), (40,37), (40,36), (40,35), (40,34), (40,33), (40,32), (40,31), (40,30), (40,29), (40,28), (40,27), (40,26), (40,25), (40,24), (40,23), (40,22), (40,21), (40,20)|(40,20), (39,20), (38,20), (38,20), (38,21), (38,22), (38,23), (38,24), (38,25)",
        "time": 534.7560726161073
    },
    "Walk": {
        "cost": 0,
        "env_tax": 0,
        "route": "(30,76), (31,76), (32,76), (33,76), (34,76), (35,76), (36,76), (37,76), (38,76), (38,76), (38,75), (38,74), (38,73), (38,72), (38,71), (38,70), (38,69), (38,68), (38,67), (38,66), (38,65), (38,64), (38,63), (38,62), (38,61), (38,60), (38,59), (38,58), (38,57), (38,56), (38,55), (38,54), (38,53), (38,52), (38,51), (38,50), (38,49), (38,48), (38,47), (38,46), (38,45), (38,44), (38,43), (38,42), (38,41), (38,40), (38,39), (38,38), (38,37), (38,36), (38,35), (38,34), (38,33), (38,32), (38,31), (38,30), (38,29), (38,28), (38,27), (38,26), (38,25)",
        "time": 4399.3080410403245
    },
    "Walk_Train_Uber": {
        "cost": 23.684221667940445,
        "env_tax": 0.04000000000000001,
        "route": "(30,76), (30,76), (30,77), (30,78), (30,79), (30,80)|(30,80), (31,80), (32,80), (33,80), (34,80), (35,80), (36,80), (37,80), (38,80), (39,80), (40,80), (40,80), (40,79), (40,78), (40,77), (40,76), (40,75), (40,74), (40,73), (40,72), (40,71), (40,70), (40,69), (40,68), (40,67), (40,66), (40,65), (40,64), (40,63), (40,62), (40,61), (40,60), (40,59), (40,58), (40,57), (40,56), (40,55), (40,54), (40,53), (40,52), (40,51), (40,50), (40,49), (40,48), (40,47), (40,46), (40,45), (40,44), (40,43), (40,42), (40,41), (40,40), (40,39), (40,38), (40,37), (40,36), (40,35), (40,34), (40,33), (40,32), (40,31), (40,30), (40,29), (40,28), (40,27), (40,26), (40,25), (40,24), (40,23), (40,22), (40,21), (40,20)|(40,20), (40,21), (39,21), (39,22), (39,23), (39,24), (39,25), (38,25)",
        "time": 310.6897507005297
    },
    "Walk_Train_Walk": {
        "cost": 7.2,
        "env_tax": 0,
        "route": "(30,76), (30,76), (30,77), (30,78), (30,79), (30,80)|(30,80), (31,80), (32,80), (33,80), (34,80), (35,80), (36,80), (37,80), (38,80), (39,80), (40,80), (40,80), (40,79), (40,78), (40,77), (40,76), (40,75), (40,74), (40,73), (40,72), (40,71), (40,70), (40,69), (40,68), (40,67), (40,66), (40,65), (40,64), (40,63), (40,62), (40,61), (40,60), (40,59), (40,58), (40,57), (40,56), (40,55), (40,54), (40,53), (40,52), (40,51), (40,50), (40,49), (40,48), (40,47), (40,46), (40,45), (40,44), (40,43), (40,42), (40,41), (40,40), (40,39), (40,38), (40,37), (40,36), (40,35), (40,34), (40,33), (40,32), (40,31), (40,30), (40,29), (40,28), (40,27), (40,26), (40,25), (40,24), (40,23), (40,22), (40,21), (40,20)|(40,20), (39,20), (38,20), (38,20), (38,21), (38,22), (38,23), (38,24), (38,25)",
        "time": 827.6155367030483
    }
}