{
    "Uber": {
        "cost": 26.851797508736748,
        "env_tax": 0.52,
        "route": "(3,13), (3,12), (3,11), (3,10), (3,9), (3,8), (3,7), (3,6), (3,5), (3,4), (3,3), (4,3), (5,3), (6,3), (7,3), (8,3), (9,3), (9,2), (9,1), (10,1), (11,1), (12,1), (13,1), (14,1), (15,1), (16,1), (17,1), (18,1), (18,0), (19,0), (20,0), (21,0), (22,0), (23,0), (24,0), (25,0), (26,0), (27,0), (28,0), (29,0), (30,0), (31,0), (32,0), (33,0), (34,0), (35,0), (36,0), (37,0), (38,0), (39,0), (40,0), (41,0), (42,0), (43,0), (44,0), (45,0), (46,0), (47,0), (48,0), (49,0), (50,0), (51,0), (52,0), (53,0), (54,0), (55,0), (56,0), (57,0), (58,0), (59,0), (60,0), (61,0), (62,0), (63,0), (64,0), (65,0), (66,0), (67,0), (68,0), (69,0), (70,0), (70,1), (71,1), (72,1), (73,1), (74,1), (75,1), (76,1), (76,2), (77,2), (77,3), (78,3), (78,4), (78,5), (79,5), (80,5), (80,6), (80,7), (81,7), (81,8), (81,9), (81,10), (82,10), (83,10)",
        "time": 12.784916232490932
    },
    "Uber_Train_Uber": {
        "cost": 32.49299078328607,
        "env_tax": 0.07500000000000001,
        "route": "(3,13), (3,12), (4,12), (5,12), (6,12), (6,11), (7,11), (8,11), (8,10), (9,10), (10,10)|(10,10), (11,10), (12,10), (13,10), (14,10), (15,10), (16,10), (17,10), (18,10), (19,10), (20,10), (21,10), (22,10), (23,10), (24,10), (25,10), (26,10), (27,10), (28,10), (29,10), (30,10), (31,10), (32,10), (33,10), (34,10), (35,10), (36,10), (37,10), (38,10), (39,10), (40,10), (41,10), (42,10), (43,10), (44,10), (45,10), (46,10), (47,10), (48,10), (49,10), (50,10), (51,10), (52,10), (53,10), (54,10), (55,10), (56,10), (57,10), (58,10), (59,10), (60,10), (61,10), (62,10), (63,10), (64,10), (65,10), (66,10), (67,10), (68,10), (69,10), (70,10), (71,10), (72,10), (73,10), (74,10), (75,10), (76,10), (77,10), (78,10), (79,10), (80,10), (80,10)|(80,10), (81,10), (82,10), (83,10)",
        "time": 19.747417030389855
    },
    "Uber_Train_Walk": {
        "cost": 20.236466755781045,
        "env_tax": 0.05500000000000001,
        "route": "(3,13), (3,12), (4,12), (5,12), (6,12), (6,11), (7,11), (8,11), (8,10), (9,10), (10,10)|(10,10), (11,10), (12,10), (13,10), (14,10), (15,10), (16,10), (17,10), (18,10), (19,10), (20,10), (21,10), (22,10), (23,10), (24,10), (25,10), (26,10), (27,10), (28,10), (29,10), (30,10), (31,10), (32,10), (33,10), (34,10), (35,10), (36,10), (37,10), (38,10), (39,10), (40,10), (41,10), (42,10), (43,10), (44,10), (45,10), (46,10), (47,10), (48,10), (49,10), (50,10), (51,10), (52,10), (53,10), (54,10), (55,10), (56,10), (57,10), (58,10), (59,10), (60,10), (61,10), (62,10), (63,10), (64,10), (65,10), (66,10), (67,10), (68,10), (69,10), (70,10), (71,10), (72,10), (73,10), (74,10), (75,10), (76,10), (77,10), (78,10), (79,10), (80,10), (80,10)|(80,10), (81,10), (82,10), (83,10), (83,10)",
        "time": 238.73731558060427
    },
    "Walk": {
        "cost": 0,
        "env_tax": 0,
        "route": "(3,13), (4,13), (5,13), (6,13), (7,13), (8,13), (9,13), (10,13), (11,13), (12,13), (13,13), (14,13), (15,13), (16,13), (17,13), (18,13), (19,13), (20,13), (21,13), (22,13), (23,13), (24,13), (25,13), (26,13), (27,13), (28,13), (29,13), (30,13), (31,13), (32,13), (33,13), (34,13), (35,13), (36,13), (37,13), (38,13), (39,13), (40,13), (41,13), (42,13), (43,13), (44,13), (45,13), (46,13), (47,13), (48,13), (49,13), (50,13), (51,13), (52,13), (53,13), (54,13), (55,13), (56,13), (57,13), (58,13), (59,13), (60,13), (61,13), (62,13), (63,13), (64,13), (65,13), (66,13), (67,13), (68,13), (69,13), (70,13), (71,13), (72,13), (73,13), (74,13), (75,13), (76,13), (77,13), (78,13), (79,13), (80,13), (81,13), (82,13), (83,13), (83,13), (83,12), (83,11), (83,10)",
        "time": 6188.857074683846
    },
    "Walk_Train_Uber": {
        "cost": 19.62359840914589,
        "env_tax": 0.020000000000000004,
        "route": "(3,13), (4,13), (5,13), (6,13), (7,13), (8,13), (9,13), (10,13), (10,13), (10,12), (10,11), (10,10)|(10,10), (11,10), (12,10), (13,10), (14,10), (15,10), (16,10), (17,10), (18,10), (19,10), (20,10), (21,10), (22,10), (23,10), (24,10), (25,10), (26,10), (27,10), (28,10), (29,10), (30,10), (31,10), (32,10), (33,10), (34,10), (35,10), (36,10), (37,10), (38,10), (39,10), (40,10), (41,10), (42,10), (43,10), (44,10), (45,10), (46,10), (47,10), (48,10), (49,10), (50,10), (51,10), (52,10), (53,10), (54,10), (55,10), (56,10), (57,10), (58,10), (59,10), (60,10), (61,10), (62,10), (63,10), (64,10), (65,10), (66,10), (67,10), (68,10), (69,10), (70,10), (71,10), (72,10), (73,10), (74,10), (75,10), (76,10), (77,10), (78,10), (79,10), (80,10), (80,10)|(80,10), (81,10), (82,10), (83,10)",
        "time": 757.8300508334167
    },
    "Walk_Train_Walk": {
        "cost": 7.2,
        "env_tax": 0,
        "route": "(3,13), (4,13), (5,13), (6,13), (7,13), (8,13), (9,13), (10,13), (10,13), (10,12), (10,11), (10,10)|(10,10), (11,10), (12,10), (13,10), (14,10), (15,10), (16,10), (17,10), (18,10), (19,10), (20,10), (21,10), (22,10), (23,10), (24,10), (25,10), (26,10), (27,10), (28,10), (29,10), (30,10), (31,10), (32,10), (33,10), (34,10), (35,10), (36,10), (37,10), (38,10), (39,10), (40,10), (41,10), (42,10), (43,10), (44,10), (45,10), (46,10), (47,10), (48,10), (49,10), (50,10), (51,10), (52,10), (53,10), (54,10), (55,10), (56,10), (57,10), (58,10), (59,10), (60,10), (61,10), (62,10), (63,10), (64,10), (65,10), (66,10), (67,10), (68,10), (69,10), (70,10), (71,10), (72,10), (73,10), (74,10), (75,10), (76,10), (77,10), (78,10), (79,10), (80,10), (80,10)|(80,10), (81,10), (82,10), (83,10), (83,10)",
        "time": 975.9627679325165
    }
}