{
    "Uber": {
        "cost": 24.904974991801517,
        "env_tax": 0.395,
        "route": "(97,0), (96,0), (95,0), (94,0), (93,0), (92,0), (91,0), (90,0), (89,0), (88,0), (87,0), (86,0), (85,0), (84,0), (83,0), (82,0), (81,0), (80,0), (79,0), (78,0), (77,0), (76,0), (75,0), (74,0), (73,0), (72,0), (71,0), (70,0), (69,0), (68,0), (67,0), (66,0), (65,0), (64,0), (63,0), (62,0), (61,0), (60,0), (59,0), (58,0), (57,0), (56,0), (55,0), (54,0), (53,0), (52,0), (51,0), (50,0), (49,0), (48,0), (47,0), (46,0), (45,0), (44,0), (43,0), (43,1), (42,1), (41,1), (40,1), (40,2), (39,2), (39,3), (38,3), (37,3), (37,4), (36,4), (35,4), (35,5), (34,5), (33,5), (33,6), (33,7), (33,8), (33,9), (33,10), (33,11), (33,12), (33,13), (33,14)",
        "time": 11.740471414409456
    },
    "Uber_Train_Uber": {
        "cost": 33.63762454725026,
        "env_tax": 0.13,
        "route": "(97,0), (96,0), (95,0), (95,1), (95,2), (95,3), (95,4), (95,5), (94,5), (93,5), (93,6), (93,7), (92,7), (92,8), (91,8), (91,9), (90,9), (90,10)|(90,10), (89,10), (88,10), (87,10), (86,10), (85,10), (84,10), (83,10), (82,10), (81,10), (80,10), (79,10), (78,10), (77,10), (76,10), (75,10), (74,10), (73,10), (72,10), (71,10), (70,10), (69,10), (68,10), (67,10), (66,10), (65,10), (64,10), (63,10), (62,10), (61,10), (60,10), (59,10), (58,10), (57,10), (56,10), (55,10), (54,10), (53,10), (52,10), (51,10), (50,10), (49,10), (48,10), (47,10), (46,10), (45,10), (44,10), (43,10), (42,10), (41,10), (40,10), (39,10), (38,10), (37,10), (36,10), (35,10), (34,10), (33,10), (32,10), (31,10), (30,10), (30,10)|(30,10), (30,11), (30,12), (31,12), (32,12), (33,12), (33,13), (33,14)",
        "time": 19.108187054039732
    },
    "Uber_Train_Walk": {
        "cost": 19.870973893408475,
        "env_tax": 0.09000000000000001,
        "route": "(97,0), (96,0), (95,0), (95,1), (95,2), (95,3), (95,4), (95,5), (94,5), (93,5), (93,6), (93,7), (92,7), (92,8), (91,8), (91,9), (90,9), (90,10)|(90,10), (89,10), (88,10), (87,10), (86,10), (85,10), (84,10), (83,10), (82,10), (81,10), (80,10), (79,10), (78,10), (77,10), (76,10), (75,10), (74,10), (73,10), (72,10), (71,10), (70,10), (69,10), (68,10), (67,10), (66,10), (65,10), (64,10), (63,10), (62,10), (61,10), (60,10), (59,10), (58,10), (57,10), (56,10), (55,10), (54,10), (53,10), (52,10), (51,10), (50,10), (49,10), (48,10), (47,10), (46,10), (45,10), (44,10), (43,10), (42,10), (41,10), (40,10), (39,10), (38,10), (37,10), (36,10), (35,10), (34,10), (33,10), (32,10), (31,10), (30,10), (30,10)|(30,10), (31,10), (32,10), (33,10), (33,10), (33,11), (33,12), (33,13), (33,14)",
        "time": 532.042730516037
    },
    "Walk": {
        "cost": 0,
        "env_tax": 0,
        "route": "(97,0), (96,0), (95,0), (94,0), (93,0), (92,0), (91,0), (90,0), (89,0), (88,0), (87,0), (86,0), (85,0), (84,0), (83,0), (82,0), (81,0), (80,0), (79,0), (78,0), (77,0), (76,0), (75,0), (74,0), (73,0), (72,0), (71,0), (70,0), (69,0), (68,0), (67,0), (66,0), (65,0), (64,0), (63,0), (62,0), (61,0), (60,0), (59,0), (58,0), (57,0), (56,0), (55,0), (54,0), (53,0), (52,0), (51,0), (50,0), (49,0), (48,0), (47,0), (46,0), (45,0), (44,0), (43,0), (42,0), (41,0), (40,0), (39,0), (38,0), (37,0), (36,0), (35,0), (34,0), (33,0), (33,0), (33,1), (33,2), (33,3), (33,4), (33,5), (33,6), (33,7), (33,8), (33,9), (33,10), (33,11), (33,12), (33,13), (33,14)",
        "time": 5816.034359341445
    },
    "Walk_Train_Uber": {
        "cost": 20.486767048252858,
        "env_tax": 0.04000000000000001,
        "route": "(97,0), (96,0), (95,0), (94,0), (93,0), (92,0), (91,0), (90,0), (90,0), (90,1), (90,2), (90,3), (90,4), (90,5), (90,6), (90,7), (90,8), (90,9), (90,10)|(90,10), (89,10), (88,10), (87,10), (86,10), (85,10), (84,10), (83,10), (82,10), (81,10), (80,10), (79,10), (78,10), (77,10), (76,10), (75,10), (74,10), (73,10), (72,10), (71,10), (70,10), (69,10), (68,10), (67,10), (66,10), (65,10), (64,10), (63,10), (62,10), (61,10), (60,10), (59,10), (58,10), (57,10), (56,10), (55,10), (54,10), (53,10), (52,10), (51,10), (50,10), (49,10), (48,10), (47,10), (46,10), (45,10), (44,10), (43,10), (42,10), (41,10), (40,10), (39,10), (38,10), (37,10), (36,10), (35,10), (34,10), (33,10), (32,10), (31,10), (30,10), (30,10)|(30,10), (30,11), (30,12), (31,12), (32,12), (33,12), (33,13), (33,14)",
        "time": 1279.4467366337913
    },
    "Walk_Train_Walk": {
        "cost": 6.2,
        "env_tax": 0,
        "route": "(97,0), (96,0), (95,0), (94,0), (93,0), (92,0), (91,0), (90,0), (90,0), (90,1), (90,2), (90,3), (90,4), (90,5), (90,6), (90,7), (90,8), (90,9), (90,10)|(90,10), (89,10), (88,10), (87,10), (86,10), (85,10), (84,10), (83,10), (82,10), (81,10), (80,10), (79,10), (78,10), (77,10), (76,10), (75,10), (74,10), (73,10), (72,10), (71,10), (70,10), (69,10), (68,10), (67,10), (66,10), (65,10), (64,10), (63,10), (62,10), (61,10), (60,10), (59,10), (58,10), (57,10), (56,10), (55,10), (54,10), (53,10), (52,10), (51,10), (50,10), (49,10), (48,10), (47,10), (46,10), (45,10), (44,10), (43,10), (42,10), (41,10), (40,10), (39,10), (38,10), (37,10), (36,10), (35,10), (34,10), (33,10), (32,10), (31,10), (30,10), (30,10)|(30,10), (31,10), (32,10), (33,10), (33,10), (33,11), (33,12), (33,13), (33,14)",
        "time": 1795.3809489327377
    }
}