{
    "Uber": {
        "cost": 74.14340307233574,
        "env_tax": 0.4600000000000001,
        "route": "(73,55), (73,56), (73,57), (73,58), (73,59), (72,59), (71,59), (71,60), (70,60), (69,60), (68,60), (67,60), (67,61), (67,62), (66,62), (65,62), (64,62), (64,63), (63,63), (63,64), (62,64), (61,64), (60,64), (59,64), (58,64), (57,64), (56,64), (55,64), (54,64), (54,65), (53,65), (52,65), (52,66), (51,66), (50,66), (50,67), (49,67), (48,67), (47,67), (46,67), (45,67), (44,67), (43,67), (42,67), (41,67), (40,67), (39,67), (38,67), (37,67), (36,67), (35,67), (34,67), (33,67), (32,67), (31,67), (30,67), (29,67), (28,67), (27,67), (26,67), (25,67), (25,68), (24,68), (23,68), (22,68), (21,68), (20,68), (19,68), (18,68), (17,68), (16,68), (16,67), (15,67), (15,66), (14,66), (13,66), (12,66), (11,66), (10,66), (9,66), (8,66), (7,66), (6,66), (5,66), (4,66), (4,65), (4,64), (4,63), (4,62), (4,61), (4,60), (4,59)",
        "time": 24.084355752325614
    },
    "Uber_Train_Uber": {
        "cost": 40.335754008238325,
        "env_tax": 0.08500000000000002,
        "route": "(73,55), (73,54), (72,54), (71,54), (71,53), (71,52), (71,51), (71,50), (70,50)|(70,50), (69,50), (68,50), (67,50), (66,50), (65,50), (64,50), (63,50), (62,50), (61,50), (60,50), (59,50), (58,50), (57,50), (56,50), (55,50), (54,50), (53,50), (52,50), (51,50), (50,50), (49,50), (48,50), (47,50), (46,50), (45,50), (44,50), (43,50), (42,50), (41,50), (40,50), (39,50), (38,50), (37,50), (36,50), (35,50), (34,50), (33,50), (32,50), (31,50), (30,50), (29,50), (28,50), (27,50), (26,50), (25,50), (24,50), (23,50), (22,50), (21,50), (20,50), (19,50), (18,50), (17,50), (16,50), (15,50), (14,50), (13,50), (12,50), (11,50), (10,50), (10,50), (10,51), (10,52), (10,53), (10,54), (10,55), (10,56), (10,57), (10,58), (10,59), (10,60)|(10,60), (10,59), (9,59), (8,59), (7,59), (6,59), (5,59), (4,59)",
        "time": 28.675931931333782
    },
    "Uber_Train_Walk": {
        "cost": 25.23055582997648,
        "env_tax": 0.045000000000000005,
        "route": "(73,55), (73,54), (72,54), (71,54), (71,53), (71,52), (71,51), (71,50), (70,50)|(70,50), (69,50), (68,50), (67,50), (66,50), (65,50), (64,50), (63,50), (62,50), (61,50), (60,50), (59,50), (58,50), (57,50), (56,50), (55,50), (54,50), (53,50), (52,50), (51,50), (50,50), (49,50), (48,50), (47,50), (46,50), (45,50), (44,50), (43,50), (42,50), (41,50), (40,50), (39,50), (38,50), (37,50), (36,50), (35,50), (34,50), (33,50), (32,50), (31,50), (30,50), (29,50), (28,50), (27,50), (26,50), (25,50), (24,50), (23,50), (22,50), (21,50), (20,50), (19,50), (18,50), (17,50), (16,50), (15,50), (14,50), (13,50), (12,50), (11,50), (10,50), (10,50), (10,51), (10,52), (10,53), (10,54), (10,55), (10,56), (10,57), (10,58), (10,59), (10,60)|(10,60), (9,60), (8,60), (7,60), (6,60), (5,60), (4,60), (4,60), (4,59)",
        "time": 535.2150300832785
    },
    "Walk": {
        "cost": 0,
        "env_tax": 0,
        "route": "(73,55), (72,55), (71,55), (70,55), (69,55), (68,55), (67,55), (66,55), (65,55), (64,55), (63,55), (62,55), (61,55), (60,55), (59,55), (58,55), (57,55), (56,55), (55,55), (54,55), (53,55), (52,55), (51,55), (50,55), (49,55), (48,55), (47,55), (46,55), (45,55), (44,55), (43,55), (42,55), (41,55), (40,55), (39,55), (38,55), (37,55), (36,55), (35,55), (34,55), (33,55), (32,55), (31,55), (30,55), (29,55), (28,55), (27,55), (26,55), (25,55), (24,55), (23,55), (22,55), (21,55), (20,55), (19,55), (18,55), (17,55), (16,55), (15,55), (14,55), (13,55), (12,55), (11,55), (10,55), (9,55), (8,55), (7,55), (6,55), (5,55), (4,55), (4,55), (4,56), (4,57), (4,58), (4,59)",
        "time": 5443.211643999045
    },
    "Walk_Train_Uber": {
        "cost": 20.94713633360514,
        "env_tax": 0.04000000000000001,
        "route": "(73,55), (72,55), (71,55), (70,55), (70,55), (70,54), (70,53), (70,52), (70,51), (70,50)|(70,50), (69,50), (68,50), (67,50), (66,50), (65,50), (64,50), (63,50), (62,50), (61,50), (60,50), (59,50), (58,50), (57,50), (56,50), (55,50), (54,50), (53,50), (52,50), (51,50), (50,50), (49,50), (48,50), (47,50), (46,50), (45,50), (44,50), (43,50), (42,50), (41,50), (40,50), (39,50), (38,50), (37,50), (36,50), (35,50), (34,50), (33,50), (32,50), (31,50), (30,50), (29,50), (28,50), (27,50), (26,50), (25,50), (24,50), (23,50), (22,50), (21,50), (20,50), (19,50), (18,50), (17,50), (16,50), (15,50), (14,50), (13,50), (12,50), (11,50), (10,50), (10,50), (10,51), (10,52), (10,53), (10,54), (10,55), (10,56), (10,57), (10,58), (10,59), (10,60)|(10,60), (10,59), (9,59), (8,59), (7,59), (6,59), (5,59), (4,59)",
        "time": 610.4786402960245
    },
    "Walk_Train_Walk": {
        "cost": 7.2,
        "env_tax": 0,
        "route": "(73,55), (72,55), (71,55), (70,55), (70,55), (70,54), (70,53), (70,52), (70,51), (70,50)|(70,50), (69,50), (68,50), (67,50), (66,50), (65,50), (64,50), (63,50), (62,50), (61,50), (60,50), (59,50), (58,50), (57,50), (56,50), (55,50), (54,50), (53,50), (52,50), (51,50), (50,50), (49,50), (48,50), (47,50), (46,50), (45,50), (44,50), (43,50), (42,50), (41,50), (40,50), (39,50), (38,50), (37,50), (36,50), (35,50), (34,50), (33,50), (32,50), (31,50), (30,50), (29,50), (28,50), (27,50), (26,50), (25,50), (24,50), (23,50), (22,50), (21,50), (20,50), (19,50), (18,50), (17,50), (16,50), (15,50), (14,50), (13,50), (12,50), (11,50), (10,50), (10,50), (10,51), (10,52), (10,53), (10,54), (10,55), (10,56), (10,57), (10,58), (10,59), (10,60)|(10,60), (9,60), (8,60), (7,60), (6,60), (5,60), (4,60), (4,60), (4,59)",
        "time": 1124.2650729634686
    }
}