{
    "Uber": {
        "cost": 36.92983615321953,
        "env_tax": 0.56,
        "route": "(15,64), (14,64), (13,64), (12,64), (11,64), (10,64), (9,64), (9,63), (9,62), (8,62), (7,62), (6,62), (6,61), (5,61), (5,60), (5,59), (5,58), (5,57), (5,56), (5,55), (5,54), (5,53), (5,52), (5,51), (5,50), (5,49), (5,48), (5,47), (5,46), (5,45), (5,44), (5,43), (5,42), (5,41), (5,40), (5,39), (5,38), (5,37), (5,36), (5,35), (5,34), (6,34), (6,33), (6,32), (6,31), (6,30), (6,29), (6,28), (6,27), (6,26), (6,25), (6,24), (6,23), (7,23), (7,22), (7,21), (7,20), (7,19), (7,18), (7,17), (7,16), (7,15), (7,14), (7,13), (8,13), (8,12), (8,11), (8,10), (9,10), (10,10), (11,10), (11,9), (12,9), (13,9), (14,9), (14,8), (14,7), (15,7), (16,7), (16,6), (17,6), (18,6), (18,5), (19,5), (20,5), (21,5), (22,5), (23,5), (24,5), (25,5), (26,5), (27,5), (28,5), (29,5), (30,5), (31,5), (32,5), (33,5), (34,5), (35,5), (36,5), (36,6), (36,7), (37,7), (37,8), (38,8), (38,9), (38,10), (39,10), (39,11), (39,12), (40,12)",
        "time": 15.797097460237763
    },
    "Uber_Train_Uber": {
        "cost": 35.14666864971671,
        "env_tax": 0.065,
        "route": "(15,64), (14,64), (13,64), (12,64), (12,63), (11,63), (10,63), (10,62), (10,61), (10,60)|(10,60), (11,60), (12,60), (13,60), (14,60), (15,60), (16,60), (17,60), (18,60), (19,60), (20,60), (21,60), (22,60), (23,60), (24,60), (25,60), (26,60), (27,60), (28,60), (29,60), (30,60), (31,60), (32,60), (33,60), (34,60), (35,60), (36,60), (37,60), (38,60), (39,60), (40,60), (40,60), (40,59), (40,58), (40,57), (40,56), (40,55), (40,54), (40,53), (40,52), (40,51), (40,50), (40,49), (40,48), (40,47), (40,46), (40,45), (40,44), (40,43), (40,42), (40,41), (40,40), (40,39), (40,38), (40,37), (40,36), (40,35), (40,34), (40,33), (40,32), (40,31), (40,30), (40,29), (40,28), (40,27), (40,26), (40,25), (40,24), (40,23), (40,22), (40,21), (40,20), (40,19), (40,18), (40,17), (40,16), (40,15), (40,14), (40,13), (40,12), (40,11), (40,10)|(40,10), (40,11), (40,12)",
        "time": 20.931036403087862
    },
    "Uber_Train_Walk": {
        "cost": 23.639223807457743,
        "env_tax": 0.05,
        "route": "(15,64), (14,64), (13,64), (12,64), (12,63), (11,63), (10,63), (10,62), (10,61), (10,60)|(10,60), (11,60), (12,60), (13,60), (14,60), (15,60), (16,60), (17,60), (18,60), (19,60), (20,60), (21,60), (22,60), (23,60), (24,60), (25,60), (26,60), (27,60), (28,60), (29,60), (30,60), (31,60), (32,60), (33,60), (34,60), (35,60), (36,60), (37,60), (38,60), (39,60), (40,60), (40,60), (40,59), (40,58), (40,57), (40,56), (40,55), (40,54), (40,53), (40,52), (40,51), (40,50), (40,49), (40,48), (40,47), (40,46), (40,45), (40,44), (40,43), (40,42), (40,41), (40,40), (40,39), (40,38), (40,37), (40,36), (40,35), (40,34), (40,33), (40,32), (40,31), (40,30), (40,29), (40,28), (40,27), (40,26), (40,25), (40,24), (40,23), (40,22), (40,21), (40,20), (40,19), (40,18), (40,17), (40,16), (40,15), (40,14), (40,13), (40,12), (40,11), (40,10)|(40,10), (40,10), (40,11), (40,12)",
        "time": 163.20930804868442
    },
    "Walk": {
        "cost": 0,
        "env_tax": 0,
        "route": "(15,64), (16,64), (17,64), (18,64), (19,64), (20,64), (21,64), (22,64), (23,64), (24,64), (25,64), (26,64), (27,64), (28,64), (29,64), (30,64), (31,64), (32,64), (33,64), (34,64), (35,64), (36,64), (37,64), (38,64), (39,64), (40,64), (40,64), (40,63), (40,62), (40,61), (40,60), (40,59), (40,58), (40,57), (40,56), (40,55), (40,54), (40,53), (40,52), (40,51), (40,50), (40,49), (40,48), (40,47), (40,46), (40,45), (40,44), (40,43), (40,42), (40,41), (40,40), (40,39), (40,38), (40,37), (40,36), (40,35), (40,34), (40,33), (40,32), (40,31), (40,30), (40,29), (40,28), (40,27), (40,26), (40,25), (40,24), (40,23), (40,22), (40,21), (40,20), (40,19), (40,18), (40,17), (40,16), (40,15), (40,14), (40,13), (40,12)",
        "time": 5741.4698162729655
    },
    "Walk_Train_Uber": {
        "cost": 20.693870232186626,
        "env_tax": 0.015000000000000003,
        "route": "(15,64), (14,64), (13,64), (12,64), (11,64), (10,64), (10,64), (10,63), (10,62), (10,61), (10,60)|(10,60), (11,60), (12,60), (13,60), (14,60), (15,60), (16,60), (17,60), (18,60), (19,60), (20,60), (21,60), (22,60), (23,60), (24,60), (25,60), (26,60), (27,60), (28,60), (29,60), (30,60), (31,60), (32,60), (33,60), (34,60), (35,60), (36,60), (37,60), (38,60), (39,60), (40,60), (40,60), (40,59), (40,58), (40,57), (40,56), (40,55), (40,54), (40,53), (40,52), (40,51), (40,50), (40,49), (40,48), (40,47), (40,46), (40,45), (40,44), (40,43), (40,42), (40,41), (40,40), (40,39), (40,38), (40,37), (40,36), (40,35), (40,34), (40,33), (40,32), (40,31), (40,30), (40,29), (40,28), (40,27), (40,26), (40,25), (40,24), (40,23), (40,22), (40,21), (40,20), (40,19), (40,18), (40,17), (40,16), (40,15), (40,14), (40,13), (40,12), (40,11), (40,10)|(40,10), (40,11), (40,12)",
        "time": 687.8558521813379
    },
    "Walk_Train_Walk": {
        "cost": 8.200000000000001,
        "env_tax": 0,
        "route": "(15,64), (14,64), (13,64), (12,64), (11,64), (10,64), (10,64), (10,63), (10,62), (10,61), (10,60)|(10,60), (11,60), (12,60), (13,60), (14,60), (15,60), (16,60), (17,60), (18,60), (19,60), (20,60), (21,60), (22,60), (23,60), (24,60), (25,60), (26,60), (27,60), (28,60), (29,60), (30,60), (31,60), (32,60), (33,60), (34,60), (35,60), (36,60), (37,60), (38,60), (39,60), (40,60), (40,60), (40,59), (40,58), (40,57), (40,56), (40,55), (40,54), (40,53), (40,52), (40,51), (40,50), (40,49), (40,48), (40,47), (40,46), (40,45), (40,44), (40,43), (40,42), (40,41), (40,40), (40,39), (40,38), (40,37), (40,36), (40,35), (40,34), (40,33), (40,32), (40,31), (40,30), (40,29), (40,28), (40,27), (40,26), (40,25), (40,24), (40,23), (40,22), (40,21), (40,20), (40,19), (40,18), (40,17), (40,16), (40,15), (40,14), (40,13), (40,12), (40,11), (40,10)|(40,10), (40,10), (40,11), (40,12)",
        "time": 829.3021367670522
    }
}