{
    "Uber": {
        "cost": 19.841774947897747,
        "env_tax": 0.11000000000000001,
        "route": "(61,85), (61,86), (61,87), (60,87), (59,87), (58,87), (57,87), (56,87), (55,87), (54,87), (53,87), (53,88), (52,88), (51,88), (50,88), (49,88), (49,89), (48,89), (47,89), (46,89), (45,89), (44,89)",
        "time": 8.65433350670561
    },
    "Uber_Train_Uber": {
        "cost": 31.080798553817836,
        "env_tax": 0.065,
        "route": "(61,85), (61,84), (61,83), (60,83), (60,82), (60,81), (60,80)|(60,80), (59,80), (58,80), (57,80), (56,80), (55,80), (54,80), (53,80), (52,80), (51,80), (50,80), (49,80), (48,80), (47,80), (46,80), (45,80), (44,80), (43,80), (42,80), (41,80), (40,80), (40,80), (40,81), (40,82), (40,83), (40,84), (40,85), (40,86), (40,87), (40,88), (40,89), (40,90)|(40,90), (41,90), (42,90), (43,90), (43,89), (44,89)",
        "time": 22.310621376819284
    },
    "Uber_Train_Walk": {
        "cost": 18.248547377198246,
        "env_tax": 0.035,
        "route": "(61,85), (61,84), (61,83), (60,83), (60,82), (60,81), (60,80)|(60,80), (59,80), (58,80), (57,80), (56,80), (55,80), (54,80), (53,80), (52,80), (51,80), (50,80), (49,80), (48,80), (47,80), (46,80), (45,80), (44,80), (43,80), (42,80), (41,80), (40,80), (40,80), (40,81), (40,82), (40,83), (40,84), (40,85), (40,86), (40,87), (40,88), (40,89), (40,90)|(40,90), (41,90), (42,90), (43,90), (44,90), (44,90), (44,89)",
        "time": 390.06722738852795
    },
    "Walk": {
        "cost": 0,
        "env_tax": 0,
        "route": "(61,85), (60,85), (59,85), (58,85), (57,85), (56,85), (55,85), (54,85), (53,85), (52,85), (51,85), (50,85), (49,85), (48,85), (47,85), (46,85), (45,85), (44,85), (44,85), (44,86), (44,87), (44,88), (44,89)",
        "time": 1565.8554044380815
    },
    "Walk_Train_Uber": {
        "cost": 16.710703923886694,
        "env_tax": 0.030000000000000006,
        "route": "(61,85), (60,85), (60,85), (60,84), (60,83), (60,82), (60,81), (60,80)|(60,80), (59,80), (58,80), (57,80), (56,80), (55,80), (54,80), (53,80), (52,80), (51,80), (50,80), (49,80), (48,80), (47,80), (46,80), (45,80), (44,80), (43,80), (42,80), (41,80), (40,80), (40,80), (40,81), (40,82), (40,83), (40,84), (40,85), (40,86), (40,87), (40,88), (40,89), (40,90)|(40,90), (41,90), (42,90), (43,90), (43,89), (44,89)",
        "time": 460.8128143920941
    },
    "Walk_Train_Walk": {
        "cost": 3.2,
        "env_tax": 0,
        "route": "(61,85), (60,85), (60,85), (60,84), (60,83), (60,82), (60,81), (60,80)|(60,80), (59,80), (58,80), (57,80), (56,80), (55,80), (54,80), (53,80), (52,80), (51,80), (50,80), (49,80), (48,80), (47,80), (46,80), (45,80), (44,80), (43,80), (42,80), (41,80), (40,80), (40,80), (40,81), (40,82), (40,83), (40,84), (40,85), (40,86), (40,87), (40,88), (40,89), (40,90)|(40,90), (41,90), (42,90), (43,90), (44,90), (44,90), (44,89)",
        "time": 826.3304729720728
    }
}