{
    "Uber": {
        "cost": 44.201428553370825,
        "env_tax": 0.29000000000000004,
        "route": "(33,22), (32,22), (32,23), (31,23), (30,23), (29,23), (28,23), (27,23), (26,23), (25,23), (24,23), (24,24), (24,25), (24,26), (24,27), (24,28), (24,29), (23,29), (23,30), (23,31), (23,32), (23,33), (23,34), (23,35), (23,36), (23,37), (23,38), (23,39), (23,40), (23,41), (23,42), (23,43), (23,44), (23,45), (23,46), (23,47), (23,48), (23,49), (23,50), (23,51), (23,52), (23,53), (23,54), (23,55), (23,56), (23,57), (23,58), (23,59), (23,60), (23,61), (23,62), (23,63), (24,63), (24,64), (24,65), (24,66), (25,66), (26,66)",
        "time": 19.84979028059015
    },
    "Uber_Train_Uber": {
        "cost": 36.47332142452261,
        "env_tax": 0.07500000000000001,
        "route": "(33,22), (33,21), (32,21), (31,21), (30,21), (30,20)|(30,20), (30,20), (30,21), (30,22), (30,23), (30,24), (30,25), (30,26), (30,27), (30,28), (30,29), (30,30), (30,31), (30,32), (30,33), (30,34), (30,35), (30,36), (30,37), (30,38), (30,39), (30,40), (30,41), (30,42), (30,43), (30,44), (30,45), (30,46), (30,47), (30,48), (30,49), (30,50), (30,51), (30,52), (30,53), (30,54), (30,55), (30,56), (30,57), (30,58), (30,59), (30,60), (30,61), (30,62), (30,63), (30,64), (30,65), (30,66), (30,67), (30,68), (30,69), (30,70)|(30,70), (29,70), (29,69), (29,68), (29,67), (28,67), (28,66), (27,66), (26,66)",
        "time": 25.61726667791964
    },
    "Uber_Train_Walk": {
        "cost": 19.77259803474129,
        "env_tax": 0.030000000000000006,
        "route": "(33,22), (33,21), (32,21), (31,21), (30,21), (30,20)|(30,20), (30,20), (30,21), (30,22), (30,23), (30,24), (30,25), (30,26), (30,27), (30,28), (30,29), (30,30), (30,31), (30,32), (30,33), (30,34), (30,35), (30,36), (30,37), (30,38), (30,39), (30,40), (30,41), (30,42), (30,43), (30,44), (30,45), (30,46), (30,47), (30,48), (30,49), (30,50), (30,51), (30,52), (30,53), (30,54), (30,55), (30,56), (30,57), (30,58), (30,59), (30,60), (30,61), (30,62), (30,63), (30,64), (30,65), (30,66), (30,67), (30,68), (30,69), (30,70)|(30,70), (29,70), (28,70), (27,70), (26,70), (26,70), (26,69), (26,68), (26,67), (26,66)",
        "time": 612.9806745646399
    },
    "Walk": {
        "cost": 0,
        "env_tax": 0,
        "route": "(33,22), (32,22), (31,22), (30,22), (29,22), (28,22), (27,22), (26,22), (26,22), (26,23), (26,24), (26,25), (26,26), (26,27), (26,28), (26,29), (26,30), (26,31), (26,32), (26,33), (26,34), (26,35), (26,36), (26,37), (26,38), (26,39), (26,40), (26,41), (26,42), (26,43), (26,44), (26,45), (26,46), (26,47), (26,48), (26,49), (26,50), (26,51), (26,52), (26,53), (26,54), (26,55), (26,56), (26,57), (26,58), (26,59), (26,60), (26,61), (26,62), (26,63), (26,64), (26,65), (26,66)",
        "time": 3802.7916964924834
    },
    "Walk_Train_Uber": {
        "cost": 21.586468901922647,
        "env_tax": 0.045000000000000005,
        "route": "(33,22), (32,22), (31,22), (30,22), (30,22), (30,21), (30,20)|(30,20), (30,20), (30,21), (30,22), (30,23), (30,24), (30,25), (30,26), (30,27), (30,28), (30,29), (30,30), (30,31), (30,32), (30,33), (30,34), (30,35), (30,36), (30,37), (30,38), (30,39), (30,40), (30,41), (30,42), (30,43), (30,44), (30,45), (30,46), (30,47), (30,48), (30,49), (30,50), (30,51), (30,52), (30,53), (30,54), (30,55), (30,56), (30,57), (30,58), (30,59), (30,60), (30,61), (30,62), (30,63), (30,64), (30,65), (30,66), (30,67), (30,68), (30,69), (30,70)|(30,70), (29,70), (29,69), (29,68), (29,67), (28,67), (28,66), (27,66), (26,66)",
        "time": 389.63448248987953
    },
    "Walk_Train_Walk": {
        "cost": 5.2,
        "env_tax": 0,
        "route": "(33,22), (32,22), (31,22), (30,22), (30,22), (30,21), (30,20)|(30,20), (30,20), (30,21), (30,22), (30,23), (30,24), (30,25), (30,26), (30,27), (30,28), (30,29), (30,30), (30,31), (30,32), (30,33), (30,34), (30,35), (30,36), (30,37), (30,38), (30,39), (30,40), (30,41), (30,42), (30,43), (30,44), (30,45), (30,46), (30,47), (30,48), (30,49), (30,50), (30,51), (30,52), (30,53), (30,54), (30,55), (30,56), (30,57), (30,58), (30,59), (30,60), (30,61), (30,62), (30,63), (30,64), (30,65), (30,66), (30,67), (30,68), (30,69), (30,70)|(30,70), (29,70), (28,70), (27,70), (26,70), (26,70), (26,69), (26,68), (26,67), (26,66)",
        "time": 977.86393844395
    }
}