{
    "Uber": {
        "cost": 42.46098812694435,
        "env_tax": 0.6150000000000001,
        "route": "(58,97), (58,98), (57,98), (56,98), (55,98), (54,98), (53,98), (52,98), (51,98), (50,98), (49,98), (48,98), (47,98), (46,98), (45,98), (44,98), (43,98), (42,98), (41,98), (40,98), (39,98), (38,98), (37,98), (36,98), (35,98), (34,98), (33,98), (32,98), (31,98), (30,98), (29,98), (28,98), (27,98), (27,97), (26,97), (25,97), (24,97), (24,96), (23,96), (22,96), (22,95), (22,94), (21,94), (21,93), (20,93), (20,92), (20,91), (19,91), (19,90), (18,90), (18,89), (18,88), (17,88), (17,87), (16,87), (16,86), (16,85), (16,84), (16,83), (15,83), (15,82), (15,81), (14,81), (13,81), (13,80), (12,80), (12,79), (11,79), (11,78), (11,77), (11,76), (11,75), (10,75), (10,74), (9,74), (9,73), (9,72), (9,71), (9,70), (9,69), (9,68), (9,67), (9,66), (9,65), (9,64), (9,63), (9,62), (9,61), (9,60), (9,59), (9,58), (9,57), (9,56), (9,55), (9,54), (10,54), (10,53), (10,52), (10,51), (10,50), (10,49), (10,48), (11,48), (11,47), (11,46), (11,45), (11,44), (11,43), (11,42), (11,41), (12,41), (12,40), (12,39), (13,39), (13,38), (13,37), (13,36), (14,36), (15,36), (16,36), (17,36), (18,36), (19,36)",
        "time": 14.744421555975036
    },
    "Uber_Train_Uber": {
        "cost": 38.12263154559082,
        "env_tax": 0.08000000000000002,
        "route": "(58,97), (58,96), (58,95), (58,94), (58,93), (58,92), (58,91), (58,90), (59,90), (60,90)|(60,90), (59,90), (58,90), (57,90), (56,90), (55,90), (54,90), (53,90), (52,90), (51,90), (50,90), (49,90), (48,90), (47,90), (46,90), (45,90), (44,90), (43,90), (42,90), (41,90), (40,90), (39,90), (38,90), (37,90), (36,90), (35,90), (34,90), (33,90), (32,90), (31,90), (30,90), (29,90), (28,90), (27,90), (26,90), (25,90), (24,90), (23,90), (22,90), (21,90), (20,90), (20,90), (20,89), (20,88), (20,87), (20,86), (20,85), (20,84), (20,83), (20,82), (20,81), (20,80), (20,79), (20,78), (20,77), (20,76), (20,75), (20,74), (20,73), (20,72), (20,71), (20,70), (20,69), (20,68), (20,67), (20,66), (20,65), (20,64), (20,63), (20,62), (20,61), (20,60), (20,59), (20,58), (20,57), (20,56), (20,55), (20,54), (20,53), (20,52), (20,51), (20,50), (20,49), (20,48), (20,47), (20,46), (20,45), (20,44), (20,43), (20,42), (20,41), (20,40)|(20,40), (20,39), (19,39), (19,38), (19,37), (19,36)",
        "time": 18.23361930911841
    },
    "Uber_Train_Walk": {
        "cost": 23.407499421728417,
        "env_tax": 0.05,
        "route": "(58,97), (58,96), (58,95), (58,94), (58,93), (58,92), (58,91), (58,90), (59,90), (60,90)|(60,90), (59,90), (58,90), (57,90), (56,90), (55,90), (54,90), (53,90), (52,90), (51,90), (50,90), (49,90), (48,90), (47,90), (46,90), (45,90), (44,90), (43,90), (42,90), (41,90), (40,90), (39,90), (38,90), (37,90), (36,90), (35,90), (34,90), (33,90), (32,90), (31,90), (30,90), (29,90), (28,90), (27,90), (26,90), (25,90), (24,90), (23,90), (22,90), (21,90), (20,90), (20,90), (20,89), (20,88), (20,87), (20,86), (20,85), (20,84), (20,83), (20,82), (20,81), (20,80), (20,79), (20,78), (20,77), (20,76), (20,75), (20,74), (20,73), (20,72), (20,71), (20,70), (20,69), (20,68), (20,67), (20,66), (20,65), (20,64), (20,63), (20,62), (20,61), (20,60), (20,59), (20,58), (20,57), (20,56), (20,55), (20,54), (20,53), (20,52), (20,51), (20,50), (20,49), (20,48), (20,47), (20,46), (20,45), (20,44), (20,43), (20,42), (20,41), (20,40)|(20,40), (19,40), (19,40), (19,39), (19,38), (19,37), (19,36)",
        "time": 387.9293871011625
    },
    "Walk": {
        "cost": 0,
        "env_tax": 0,
        "route": "(58,97), (57,97), (56,97), (55,97), (54,97), (53,97), (52,97), (51,97), (50,97), (49,97), (48,97), (47,97), (46,97), (45,97), (44,97), (43,97), (42,97), (41,97), (40,97), (39,97), (38,97), (37,97), (36,97), (35,97), (34,97), (33,97), (32,97), (31,97), (30,97), (29,97), (28,97), (27,97), (26,97), (25,97), (24,97), (23,97), (22,97), (21,97), (20,97), (19,97), (19,97), (19,96), (19,95), (19,94), (19,93), (19,92), (19,91), (19,90), (19,89), (19,88), (19,87), (19,86), (19,85), (19,84), (19,83), (19,82), (19,81), (19,80), (19,79), (19,78), (19,77), (19,76), (19,75), (19,74), (19,73), (19,72), (19,71), (19,70), (19,69), (19,68), (19,67), (19,66), (19,65), (19,64), (19,63), (19,62), (19,61), (19,60), (19,59), (19,58), (19,57), (19,56), (19,55), (19,54), (19,53), (19,52), (19,51), (19,50), (19,49), (19,48), (19,47), (19,46), (19,45), (19,44), (19,43), (19,42), (19,41), (19,40), (19,39), (19,38), (19,37), (19,36)",
        "time": 7456.454306848007
    },
    "Walk_Train_Uber": {
        "cost": 24.041559220522615,
        "env_tax": 0.030000000000000006,
        "route": "(58,97), (59,97), (60,97), (60,97), (60,96), (60,95), (60,94), (60,93), (60,92), (60,91), (60,90)|(60,90), (59,90), (58,90), (57,90), (56,90), (55,90), (54,90), (53,90), (52,90), (51,90), (50,90), (49,90), (48,90), (47,90), (46,90), (45,90), (44,90), (43,90), (42,90), (41,90), (40,90), (39,90), (38,90), (37,90), (36,90), (35,90), (34,90), (33,90), (32,90), (31,90), (30,90), (29,90), (28,90), (27,90), (26,90), (25,90), (24,90), (23,90), (22,90), (21,90), (20,90), (20,90), (20,89), (20,88), (20,87), (20,86), (20,85), (20,84), (20,83), (20,82), (20,81), (20,80), (20,79), (20,78), (20,77), (20,76), (20,75), (20,74), (20,73), (20,72), (20,71), (20,70), (20,69), (20,68), (20,67), (20,66), (20,65), (20,64), (20,63), (20,62), (20,61), (20,60), (20,59), (20,58), (20,57), (20,56), (20,55), (20,54), (20,53), (20,52), (20,51), (20,50), (20,49), (20,48), (20,47), (20,46), (20,45), (20,44), (20,43), (20,42), (20,41), (20,40)|(20,40), (20,39), (19,39), (19,38), (19,37), (19,36)",
        "time": 684.6528088482459
    },
    "Walk_Train_Walk": {
        "cost": 9.200000000000001,
        "env_tax": 0,
        "route": "(58,97), (59,97), (60,97), (60,97), (60,96), (60,95), (60,94), (60,93), (60,92), (60,91), (60,90)|(60,90), (59,90), (58,90), (57,90), (56,90), (55,90), (54,90), (53,90), (52,90), (51,90), (50,90), (49,90), (48,90), (47,90), (46,90), (45,90), (44,90), (43,90), (42,90), (41,90), (40,90), (39,90), (38,90), (37,90), (36,90), (35,90), (34,90), (33,90), (32,90), (31,90), (30,90), (29,90), (28,90), (27,90), (26,90), (25,90), (24,90), (23,90), (22,90), (21,90), (20,90), (20,90), (20,89), (20,88), (20,87), (20,86), (20,85), (20,84), (20,83), (20,82), (20,81), (20,80), (20,79), (20,78), (20,77), (20,76), (20,75), (20,74), (20,73), (20,72), (20,71), (20,70), (20,69), (20,68), (20,67), (20,66), (20,65), (20,64), (20,63), (20,62), (20,61), (20,60), (20,59), (20,58), (20,57), (20,56), (20,55), (20,54), (20,53), (20,52), (20,51), (20,50), (20,49), (20,48), (20,47), (20,46), (20,45), (20,44), (20,43), (20,42), (20,41), (20,40)|(20,40), (19,40), (19,40), (19,39), (19,38), (19,37), (19,36)",
        "time": 1052.1167720196445
    }
}