{
    "Uber": {
        "cost": 53.957075450291136,
        "env_tax": 0.6300000000000001,
        "route": "(61,25), (61,24), (60,24), (59,24), (59,23), (59,22), (59,21), (59,20), (58,20), (58,19), (57,19), (56,19), (56,18), (55,18), (55,17), (55,16), (54,16), (53,16), (53,15), (52,15), (51,15), (50,15), (49,15), (48,15), (47,15), (46,15), (45,15), (44,15), (43,15), (42,15), (41,15), (40,15), (39,15), (38,15), (37,15), (36,15), (35,15), (34,15), (33,15), (32,15), (31,15), (30,15), (29,15), (28,15), (28,16), (28,17), (27,17), (26,17), (25,17), (24,17), (23,17), (22,17), (22,18), (21,18), (21,19), (21,20), (20,20), (19,20), (18,20), (17,20), (17,21), (16,21), (16,22), (15,22), (14,22), (14,23), (14,24), (13,24), (13,25), (13,26), (13,27), (12,27), (11,27), (10,27), (9,27), (9,28), (9,29), (9,30), (8,30), (7,30), (7,31), (7,32), (6,32), (6,33), (6,34), (5,34), (5,35), (5,36), (5,37), (4,37), (4,38), (4,39), (3,39), (2,39), (2,40), (1,40), (1,41), (1,42), (1,43), (1,44), (1,45), (1,46), (1,47), (1,48), (1,49), (1,50), (1,51), (1,52), (1,53), (2,53), (2,54), (2,55), (2,56), (2,57), (2,58), (2,59), (2,60), (2,61), (2,62), (3,62), (4,62), (4,63), (5,63), (6,63), (7,63), (8,63)",
        "time": 16.217612483851514
    },
    "Uber_Train_Uber": {
        "cost": 38.93282239868348,
        "env_tax": 0.065,
        "route": "(61,25), (61,24), (61,23), (61,22), (60,22), (60,21), (60,20)|(60,20), (59,20), (58,20), (57,20), (56,20), (55,20), (54,20), (53,20), (52,20), (51,20), (50,20), (49,20), (48,20), (47,20), (46,20), (45,20), (44,20), (43,20), (42,20), (41,20), (40,20), (39,20), (38,20), (37,20), (36,20), (35,20), (34,20), (33,20), (32,20), (31,20), (30,20), (29,20), (28,20), (27,20), (26,20), (25,20), (24,20), (23,20), (22,20), (21,20), (20,20), (19,20), (18,20), (17,20), (16,20), (15,20), (14,20), (13,20), (12,20), (11,20), (10,20), (10,20), (10,21), (10,22), (10,23), (10,24), (10,25), (10,26), (10,27), (10,28), (10,29), (10,30), (10,31), (10,32), (10,33), (10,34), (10,35), (10,36), (10,37), (10,38), (10,39), (10,40), (10,41), (10,42), (10,43), (10,44), (10,45), (10,46), (10,47), (10,48), (10,49), (10,50), (10,51), (10,52), (10,53), (10,54), (10,55), (10,56), (10,57), (10,58), (10,59), (10,60)|(10,60), (9,60), (9,61), (9,62), (9,63), (8,63)",
        "time": 25.183522857891482
    },
    "Uber_Train_Walk": {
        "cost": 24.39950485777854,
        "env_tax": 0.035,
        "route": "(61,25), (61,24), (61,23), (61,22), (60,22), (60,21), (60,20)|(60,20), (59,20), (58,20), (57,20), (56,20), (55,20), (54,20), (53,20), (52,20), (51,20), (50,20), (49,20), (48,20), (47,20), (46,20), (45,20), (44,20), (43,20), (42,20), (41,20), (40,20), (39,20), (38,20), (37,20), (36,20), (35,20), (34,20), (33,20), (32,20), (31,20), (30,20), (29,20), (28,20), (27,20), (26,20), (25,20), (24,20), (23,20), (22,20), (21,20), (20,20), (19,20), (18,20), (17,20), (16,20), (15,20), (14,20), (13,20), (12,20), (11,20), (10,20), (10,20), (10,21), (10,22), (10,23), (10,24), (10,25), (10,26), (10,27), (10,28), (10,29), (10,30), (10,31), (10,32), (10,33), (10,34), (10,35), (10,36), (10,37), (10,38), (10,39), (10,40), (10,41), (10,42), (10,43), (10,44), (10,45), (10,46), (10,47), (10,48), (10,49), (10,50), (10,51), (10,52), (10,53), (10,54), (10,55), (10,56), (10,57), (10,58), (10,59), (10,60)|(10,60), (9,60), (8,60), (8,60), (8,61), (8,62), (8,63)",
        "time": 384.9908853671704
    },
    "Walk": {
        "cost": 0,
        "env_tax": 0,
        "route": "(61,25), (60,25), (59,25), (58,25), (57,25), (56,25), (55,25), (54,25), (53,25), (52,25), (51,25), (50,25), (49,25), (48,25), (47,25), (46,25), (45,25), (44,25), (43,25), (42,25), (41,25), (40,25), (39,25), (38,25), (37,25), (36,25), (35,25), (34,25), (33,25), (32,25), (31,25), (30,25), (29,25), (28,25), (27,25), (26,25), (25,25), (24,25), (23,25), (22,25), (21,25), (20,25), (19,25), (18,25), (17,25), (16,25), (15,25), (14,25), (13,25), (12,25), (11,25), (10,25), (9,25), (8,25), (8,25), (8,26), (8,27), (8,28), (8,29), (8,30), (8,31), (8,32), (8,33), (8,34), (8,35), (8,36), (8,37), (8,38), (8,39), (8,40), (8,41), (8,42), (8,43), (8,44), (8,45), (8,46), (8,47), (8,48), (8,49), (8,50), (8,51), (8,52), (8,53), (8,54), (8,55), (8,56), (8,57), (8,58), (8,59), (8,60), (8,61), (8,62), (8,63)",
        "time": 6785.373419231686
    },
    "Walk_Train_Uber": {
        "cost": 22.393776769339254,
        "env_tax": 0.030000000000000006,
        "route": "(61,25), (60,25), (60,25), (60,24), (60,23), (60,22), (60,21), (60,20)|(60,20), (59,20), (58,20), (57,20), (56,20), (55,20), (54,20), (53,20), (52,20), (51,20), (50,20), (49,20), (48,20), (47,20), (46,20), (45,20), (44,20), (43,20), (42,20), (41,20), (40,20), (39,20), (38,20), (37,20), (36,20), (35,20), (34,20), (33,20), (32,20), (31,20), (30,20), (29,20), (28,20), (27,20), (26,20), (25,20), (24,20), (23,20), (22,20), (21,20), (20,20), (19,20), (18,20), (17,20), (16,20), (15,20), (14,20), (13,20), (12,20), (11,20), (10,20), (10,20), (10,21), (10,22), (10,23), (10,24), (10,25), (10,26), (10,27), (10,28), (10,29), (10,30), (10,31), (10,32), (10,33), (10,34), (10,35), (10,36), (10,37), (10,38), (10,39), (10,40), (10,41), (10,42), (10,43), (10,44), (10,45), (10,46), (10,47), (10,48), (10,49), (10,50), (10,51), (10,52), (10,53), (10,54), (10,55), (10,56), (10,57), (10,58), (10,59), (10,60)|(10,60), (9,60), (9,61), (9,62), (9,63), (8,63)",
        "time": 464.0960494363055
    },
    "Walk_Train_Walk": {
        "cost": 9.200000000000001,
        "env_tax": 0,
        "route": "(61,25), (60,25), (60,25), (60,24), (60,23), (60,22), (60,21), (60,20)|(60,20), (59,20), (58,20), (57,20), (56,20), (55,20), (54,20), (53,20), (52,20), (51,20), (50,20), (49,20), (48,20), (47,20), (46,20), (45,20), (44,20), (43,20), (42,20), (41,20), (40,20), (39,20), (38,20), (37,20), (36,20), (35,20), (34,20), (33,20), (32,20), (31,20), (30,20), (29,20), (28,20), (27,20), (26,20), (25,20), (24,20), (23,20), (22,20), (21,20), (20,20), (19,20), (18,20), (17,20), (16,20), (15,20), (14,20), (13,20), (12,20), (11,20), (10,20), (10,20), (10,21), (10,22), (10,23), (10,24), (10,25), (10,26), (10,27), (10,28), (10,29), (10,30), (10,31), (10,32), (10,33), (10,34), (10,35), (10,36), (10,37), (10,38), (10,39), (10,40), (10,41), (10,42), (10,43), (10,44), (10,45), (10,46), (10,47), (10,48), (10,49), (10,50), (10,51), (10,52), (10,53), (10,54), (10,55), (10,56), (10,57), (10,58), (10,59), (10,60)|(10,60), (9,60), (8,60), (8,60), (8,61), (8,62), (8,63)",
        "time": 828.2116179000527
    }
}