{
    "Uber": {
        "cost": 51.37679540849221,
        "env_tax": 0.29000000000000004,
        "route": "(89,23), (88,23), (88,24), (87,24), (86,24), (85,24), (84,24), (83,24), (82,24), (81,24), (80,24), (79,24), (78,24), (77,24), (76,24), (75,24), (74,24), (73,24), (72,24), (71,24), (70,24), (69,24), (68,24), (67,24), (66,24), (65,24), (64,24), (63,24), (62,24), (61,24), (60,24), (59,24), (58,24), (57,24), (56,24), (55,24), (55,25), (55,26), (55,27), (55,28), (55,29), (55,30), (55,31), (55,32), (55,33), (55,34), (55,35), (55,36), (55,37), (55,38), (55,39), (55,40), (55,41), (54,41), (53,41), (53,42), (52,42), (52,43)",
        "time": 23.34686792009503
    },
    "Uber_Train_Uber": {
        "cost": 37.11750184991939,
        "env_tax": 0.05500000000000001,
        "route": "(89,23), (89,22), (89,21), (89,20), (90,20)|(90,20), (89,20), (88,20), (87,20), (86,20), (85,20), (84,20), (83,20), (82,20), (81,20), (80,20), (79,20), (78,20), (77,20), (76,20), (75,20), (74,20), (73,20), (72,20), (71,20), (70,20), (69,20), (68,20), (67,20), (66,20), (65,20), (64,20), (63,20), (62,20), (61,20), (60,20), (59,20), (58,20), (57,20), (56,20), (55,20), (54,20), (53,20), (52,20), (51,20), (50,20), (50,20), (50,21), (50,22), (50,23), (50,24), (50,25), (50,26), (50,27), (50,28), (50,29), (50,30), (50,31), (50,32), (50,33), (50,34), (50,35), (50,36), (50,37), (50,38), (50,39), (50,40)|(50,40), (50,41), (51,41), (52,41), (52,42), (52,43)",
        "time": 25.164868532881115
    },
    "Uber_Train_Walk": {
        "cost": 18.93952499560233,
        "env_tax": 0.025,
        "route": "(89,23), (89,22), (89,21), (89,20), (90,20)|(90,20), (89,20), (88,20), (87,20), (86,20), (85,20), (84,20), (83,20), (82,20), (81,20), (80,20), (79,20), (78,20), (77,20), (76,20), (75,20), (74,20), (73,20), (72,20), (71,20), (70,20), (69,20), (68,20), (67,20), (66,20), (65,20), (64,20), (63,20), (62,20), (61,20), (60,20), (59,20), (58,20), (57,20), (56,20), (55,20), (54,20), (53,20), (52,20), (51,20), (50,20), (50,20), (50,21), (50,22), (50,23), (50,24), (50,25), (50,26), (50,27), (50,28), (50,29), (50,30), (50,31), (50,32), (50,33), (50,34), (50,35), (50,36), (50,37), (50,38), (50,39), (50,40)|(50,40), (51,40), (52,40), (52,40), (52,41), (52,42), (52,43)",
        "time": 386.818082816689
    },
    "Walk": {
        "cost": 0,
        "env_tax": 0,
        "route": "(89,23), (88,23), (87,23), (86,23), (85,23), (84,23), (83,23), (82,23), (81,23), (80,23), (79,23), (78,23), (77,23), (76,23), (75,23), (74,23), (73,23), (72,23), (71,23), (70,23), (69,23), (68,23), (67,23), (66,23), (65,23), (64,23), (63,23), (62,23), (61,23), (60,23), (59,23), (58,23), (57,23), (56,23), (55,23), (54,23), (53,23), (52,23), (52,23), (52,24), (52,25), (52,26), (52,27), (52,28), (52,29), (52,30), (52,31), (52,32), (52,33), (52,34), (52,35), (52,36), (52,37), (52,38), (52,39), (52,40), (52,41), (52,42), (52,43)",
        "time": 4250.178954903364
    },
    "Walk_Train_Uber": {
        "cost": 23.955596628418316,
        "env_tax": 0.030000000000000006,
        "route": "(89,23), (90,23), (90,23), (90,22), (90,21), (90,20)|(90,20), (89,20), (88,20), (87,20), (86,20), (85,20), (84,20), (83,20), (82,20), (81,20), (80,20), (79,20), (78,20), (77,20), (76,20), (75,20), (74,20), (73,20), (72,20), (71,20), (70,20), (69,20), (68,20), (67,20), (66,20), (65,20), (64,20), (63,20), (62,20), (61,20), (60,20), (59,20), (58,20), (57,20), (56,20), (55,20), (54,20), (53,20), (52,20), (51,20), (50,20), (50,20), (50,21), (50,22), (50,23), (50,24), (50,25), (50,26), (50,27), (50,28), (50,29), (50,30), (50,31), (50,32), (50,33), (50,34), (50,35), (50,36), (50,37), (50,38), (50,39), (50,40)|(50,40), (50,41), (51,41), (52,41), (52,42), (52,43)",
        "time": 313.60395593883914
    },
    "Walk_Train_Walk": {
        "cost": 6.2,
        "env_tax": 0,
        "route": "(89,23), (90,23), (90,23), (90,22), (90,21), (90,20)|(90,20), (89,20), (88,20), (87,20), (86,20), (85,20), (84,20), (83,20), (82,20), (81,20), (80,20), (79,20), (78,20), (77,20), (76,20), (75,20), (74,20), (73,20), (72,20), (71,20), (70,20), (69,20), (68,20), (67,20), (66,20), (65,20), (64,20), (63,20), (62,20), (61,20), (60,20), (59,20), (58,20), (57,20), (56,20), (55,20), (54,20), (53,20), (52,20), (51,20), (50,20), (50,20), (50,21), (50,22), (50,23), (50,24), (50,25), (50,26), (50,27), (50,28), (50,29), (50,30), (50,31), (50,32), (50,33), (50,34), (50,35), (50,36), (50,37), (50,38), (50,39), (50,40)|(50,40), (51,40), (52,40), (52,40), (52,41), (52,42), (52,43)",
        "time": 679.5728076643009
    }
}