{
    "Uber": {
        "cost": 75.25946267208619,
        "env_tax": 0.685,
        "route": "(87,89), (88,89), (88,88), (89,88), (89,87), (90,87), (91,87), (92,87), (93,87), (94,87), (95,87), (96,87), (97,87), (97,86), (97,85), (97,84), (97,83), (97,82), (97,81), (97,80), (97,79), (97,78), (97,77), (97,76), (97,75), (97,74), (97,73), (97,72), (97,71), (97,70), (97,69), (97,68), (97,67), (97,66), (97,65), (97,64), (96,64), (95,64), (95,63), (95,62), (95,61), (95,60), (95,59), (95,58), (95,57), (94,57), (94,56), (93,56), (93,55), (93,54), (93,53), (93,52), (92,52), (92,51), (91,51), (90,51), (89,51), (88,51), (87,51), (87,50), (87,49), (87,48), (86,48), (86,47), (86,46), (86,45), (85,45), (84,45), (84,44), (83,44), (83,43), (83,42), (83,41), (83,40), (82,40), (81,40), (81,39), (80,39), (80,38), (79,38), (78,38), (77,38), (76,38), (76,37), (76,36), (75,36), (75,35), (75,34), (75,33), (75,32), (75,31), (74,31), (74,30), (73,30), (73,29), (72,29), (72,28), (71,28), (70,28), (69,28), (68,28), (67,28), (66,28), (65,28), (64,28), (63,28), (62,28), (61,28), (60,28), (59,28), (58,28), (57,28), (56,28), (55,28), (54,28), (53,28), (52,28), (51,28), (50,28), (49,28), (48,28), (47,28), (46,28), (45,28), (45,29), (44,29), (43,29), (42,29), (41,29), (40,29), (39,29), (38,29), (37,29), (36,29), (35,29), (34,29), (34,30)",
        "time": 23.211956227195596
    },
    "Uber_Train_Uber": {
        "cost": 39.393769330502586,
        "env_tax": 0.05,
        "route": "(87,89), (88,89), (89,89), (89,90), (90,90)|(90,90), (89,90), (88,90), (87,90), (86,90), (85,90), (84,90), (83,90), (82,90), (81,90), (80,90), (79,90), (78,90), (77,90), (76,90), (75,90), (74,90), (73,90), (72,90), (71,90), (70,90), (69,90), (68,90), (67,90), (66,90), (65,90), (64,90), (63,90), (62,90), (61,90), (60,90), (59,90), (58,90), (57,90), (56,90), (55,90), (54,90), (53,90), (52,90), (51,90), (50,90), (49,90), (48,90), (47,90), (46,90), (45,90), (44,90), (43,90), (42,90), (41,90), (40,90), (39,90), (38,90), (37,90), (36,90), (35,90), (34,90), (33,90), (32,90), (31,90), (30,90), (30,90), (30,89), (30,88), (30,87), (30,86), (30,85), (30,84), (30,83), (30,82), (30,81), (30,80), (30,79), (30,78), (30,77), (30,76), (30,75), (30,74), (30,73), (30,72), (30,71), (30,70), (30,69), (30,68), (30,67), (30,66), (30,65), (30,64), (30,63), (30,62), (30,61), (30,60), (30,59), (30,58), (30,57), (30,56), (30,55), (30,54), (30,53), (30,52), (30,51), (30,50), (30,49), (30,48), (30,47), (30,46), (30,45), (30,44), (30,43), (30,42), (30,41), (30,40), (30,39), (30,38), (30,37), (30,36), (30,35), (30,34), (30,33), (30,32), (30,31), (30,30)|(30,30), (31,30), (32,30), (33,30), (34,30)",
        "time": 18.537890656418472
    },
    "Uber_Train_Walk": {
        "cost": 24.69761635256865,
        "env_tax": 0.025,
        "route": "(87,89), (88,89), (89,89), (89,90), (90,90)|(90,90), (89,90), (88,90), (87,90), (86,90), (85,90), (84,90), (83,90), (82,90), (81,90), (80,90), (79,90), (78,90), (77,90), (76,90), (75,90), (74,90), (73,90), (72,90), (71,90), (70,90), (69,90), (68,90), (67,90), (66,90), (65,90), (64,90), (63,90), (62,90), (61,90), (60,90), (59,90), (58,90), (57,90), (56,90), (55,90), (54,90), (53,90), (52,90), (51,90), (50,90), (49,90), (48,90), (47,90), (46,90), (45,90), (44,90), (43,90), (42,90), (41,90), (40,90), (39,90), (38,90), (37,90), (36,90), (35,90), (34,90), (33,90), (32,90), (31,90), (30,90), (30,90), (30,89), (30,88), (30,87), (30,86), (30,85), (30,84), (30,83), (30,82), (30,81), (30,80), (30,79), (30,78), (30,77), (30,76), (30,75), (30,74), (30,73), (30,72), (30,71), (30,70), (30,69), (30,68), (30,67), (30,66), (30,65), (30,64), (30,63), (30,62), (30,61), (30,60), (30,59), (30,58), (30,57), (30,56), (30,55), (30,54), (30,53), (30,52), (30,51), (30,50), (30,49), (30,48), (30,47), (30,46), (30,45), (30,44), (30,43), (30,42), (30,41), (30,40), (30,39), (30,38), (30,37), (30,36), (30,35), (30,34), (30,33), (30,32), (30,31), (30,30)|(30,30), (31,30), (32,30), (33,30), (34,30), (34,30)",
        "time": 309.6172505067928
    },
    "Walk": {
        "cost": 0,
        "env_tax": 0,
        "route": "(87,89), (86,89), (85,89), (84,89), (83,89), (82,89), (81,89), (80,89), (79,89), (78,89), (77,89), (76,89), (75,89), (74,89), (73,89), (72,89), (71,89), (70,89), (69,89), (68,89), (67,89), (66,89), (65,89), (64,89), (63,89), (62,89), (61,89), (60,89), (59,89), (58,89), (57,89), (56,89), (55,89), (54,89), (53,89), (52,89), (51,89), (50,89), (49,89), (48,89), (47,89), (46,89), (45,89), (44,89), (43,89), (42,89), (41,89), (40,89), (39,89), (38,89), (37,89), (36,89), (35,89), (34,89), (34,89), (34,88), (34,87), (34,86), (34,85), (34,84), (34,83), (34,82), (34,81), (34,80), (34,79), (34,78), (34,77), (34,76), (34,75), (34,74), (34,73), (34,72), (34,71), (34,70), (34,69), (34,68), (34,67), (34,66), (34,65), (34,64), (34,63), (34,62), (34,61), (34,60), (34,59), (34,58), (34,57), (34,56), (34,55), (34,54), (34,53), (34,52), (34,51), (34,50), (34,49), (34,48), (34,47), (34,46), (34,45), (34,44), (34,43), (34,42), (34,41), (34,40), (34,39), (34,38), (34,37), (34,36), (34,35), (34,34), (34,33), (34,32), (34,31), (34,30)",
        "time": 8351.228823669768
    },
    "Walk_Train_Uber": {
        "cost": 26.69364046621806,
        "env_tax": 0.025,
        "route": "(87,89), (88,89), (89,89), (90,89), (90,89), (90,90)|(90,90), (89,90), (88,90), (87,90), (86,90), (85,90), (84,90), (83,90), (82,90), (81,90), (80,90), (79,90), (78,90), (77,90), (76,90), (75,90), (74,90), (73,90), (72,90), (71,90), (70,90), (69,90), (68,90), (67,90), (66,90), (65,90), (64,90), (63,90), (62,90), (61,90), (60,90), (59,90), (58,90), (57,90), (56,90), (55,90), (54,90), (53,90), (52,90), (51,90), (50,90), (49,90), (48,90), (47,90), (46,90), (45,90), (44,90), (43,90), (42,90), (41,90), (40,90), (39,90), (38,90), (37,90), (36,90), (35,90), (34,90), (33,90), (32,90), (31,90), (30,90), (30,90), (30,89), (30,88), (30,87), (30,86), (30,85), (30,84), (30,83), (30,82), (30,81), (30,80), (30,79), (30,78), (30,77), (30,76), (30,75), (30,74), (30,73), (30,72), (30,71), (30,70), (30,69), (30,68), (30,67), (30,66), (30,65), (30,64), (30,63), (30,62), (30,61), (30,60), (30,59), (30,58), (30,57), (30,56), (30,55), (30,54), (30,53), (30,52), (30,51), (30,50), (30,49), (30,48), (30,47), (30,46), (30,45), (30,44), (30,43), (30,42), (30,41), (30,40), (30,39), (30,38), (30,37), (30,36), (30,35), (30,34), (30,33), (30,32), (30,31), (30,30)|(30,30), (31,30), (32,30), (33,30), (34,30)",
        "time": 312.17189426211314
    },
    "Walk_Train_Walk": {
        "cost": 12.200000000000001,
        "env_tax": 0,
        "route": "(87,89), (88,89), (89,89), (90,89), (90,89), (90,90)|(90,90), (89,90), (88,90), (87,90), (86,90), (85,90), (84,90), (83,90), (82,90), (81,90), (80,90), (79,90), (78,90), (77,90), (76,90), (75,90), (74,90), (73,90), (72,90), (71,90), (70,90), (69,90), (68,90), (67,90), (66,90), (65,90), (64,90), (63,90), (62,90), (61,90), (60,90), (59,90), (58,90), (57,90), (56,90), (55,90), (54,90), (53,90), (52,90), (51,90), (50,90), (49,90), (48,90), (47,90), (46,90), (45,90), (44,90), (43,90), (42,90), (41,90), (40,90), (39,90), (38,90), (37,90), (36,90), (35,90), (34,90), (33,90), (32,90), (31,90), (30,90), (30,90), (30,89), (30,88), (30,87), (30,86), (30,85), (30,84), (30,83), (30,82), (30,81), (30,80), (30,79), (30,78), (30,77), (30,76), (30,75), (30,74), (30,73), (30,72), (30,71), (30,70), (30,69), (30,68), (30,67), (30,66), (30,65), (30,64), (30,63), (30,62), (30,61), (30,60), (30,59), (30,58), (30,57), (30,56), (30,55), (30,54), (30,53), (30,52), (30,51), (30,50), (30,49), (30,48), (30,47), (30,46), (30,45), (30,44), (30,43), (30,42), (30,41), (30,40), (30,39), (30,38), (30,37), (30,36), (30,35), (30,34), (30,33), (30,32), (30,31), (30,30)|(30,30), (31,30), (32,30), (33,30), (34,30), (34,30)",
        "time": 602.7631020258498
    }
}