{
    "Uber": {
        "cost": 45.45528217548013,
        "env_tax": 0.25,
        "route": "(73,57), (73,56), (73,55), (73,54), (74,54), (74,53), (74,52), (75,52), (75,51), (75,50), (75,49), (75,48), (75,47), (75,46), (75,45), (75,44), (75,43), (75,42), (75,41), (75,40), (75,39), (75,38), (75,37), (75,36), (75,35), (75,34), (74,34), (73,34), (73,33), (73,32), (72,32), (71,32), (70,32), (69,32), (69,31), (69,30), (68,30), (67,30), (67,29), (66,29), (65,29), (64,29), (63,29), (62,29), (61,29), (60,29), (59,29), (58,29), (57,29), (56,29)",
        "time": 14.117655440931523
    },
    "Uber_Train_Uber": {
        "cost": 36.19997693576404,
        "env_tax": 0.065,
        "route": "(73,57), (73,58), (73,59), (72,59), (71,59), (71,60), (70,60)|(70,60), (69,60), (68,60), (67,60), (66,60), (65,60), (64,60), (63,60), (62,60), (61,60), (60,60), (60,60), (60,59), (60,58), (60,57), (60,56), (60,55), (60,54), (60,53), (60,52), (60,51), (60,50), (60,49), (60,48), (60,47), (60,46), (60,45), (60,44), (60,43), (60,42), (60,41), (60,40), (60,39), (60,38), (60,37), (60,36), (60,35), (60,34), (60,33), (60,32), (60,31), (60,30)|(60,30), (60,29), (59,29), (58,29), (57,29), (56,29)",
        "time": 24.289707833771946
    },
    "Uber_Train_Walk": {
        "cost": 19.467724108378153,
        "env_tax": 0.035,
        "route": "(73,57), (73,58), (73,59), (72,59), (71,59), (71,60), (70,60)|(70,60), (69,60), (68,60), (67,60), (66,60), (65,60), (64,60), (63,60), (62,60), (61,60), (60,60), (60,60), (60,59), (60,58), (60,57), (60,56), (60,55), (60,54), (60,53), (60,52), (60,51), (60,50), (60,49), (60,48), (60,47), (60,46), (60,45), (60,44), (60,43), (60,42), (60,41), (60,40), (60,39), (60,38), (60,37), (60,36), (60,35), (60,34), (60,33), (60,32), (60,31), (60,30)|(60,30), (59,30), (58,30), (57,30), (56,30), (56,30), (56,29)",
        "time": 389.2331112257526
    },
    "Walk": {
        "cost": 0,
        "env_tax": 0,
        "route": "(73,57), (72,57), (71,57), (70,57), (69,57), (68,57), (67,57), (66,57), (65,57), (64,57), (63,57), (62,57), (61,57), (60,57), (59,57), (58,57), (57,57), (56,57), (56,57), (56,56), (56,55), (56,54), (56,53), (56,52), (56,51), (56,50), (56,49), (56,48), (56,47), (56,46), (56,45), (56,44), (56,43), (56,42), (56,41), (56,40), (56,39), (56,38), (56,37), (56,36), (56,35), (56,34), (56,33), (56,32), (56,31), (56,30), (56,29)",
        "time": 3355.404438081603
    },
    "Walk_Train_Uber": {
        "cost": 20.37995743553456,
        "env_tax": 0.030000000000000006,
        "route": "(73,57), (72,57), (71,57), (70,57), (70,57), (70,58), (70,59), (70,60)|(70,60), (69,60), (68,60), (67,60), (66,60), (65,60), (64,60), (63,60), (62,60), (61,60), (60,60), (60,60), (60,59), (60,58), (60,57), (60,56), (60,55), (60,54), (60,53), (60,52), (60,51), (60,50), (60,49), (60,48), (60,47), (60,46), (60,45), (60,44), (60,43), (60,42), (60,41), (60,40), (60,39), (60,38), (60,37), (60,36), (60,35), (60,34), (60,33), (60,32), (60,31), (60,30)|(60,30), (60,29), (59,29), (58,29), (57,29), (56,29)",
        "time": 462.0990094420879
    },
    "Walk_Train_Walk": {
        "cost": 4.2,
        "env_tax": 0,
        "route": "(73,57), (72,57), (71,57), (70,57), (70,57), (70,58), (70,59), (70,60)|(70,60), (69,60), (68,60), (67,60), (66,60), (65,60), (64,60), (63,60), (62,60), (61,60), (60,60), (60,60), (60,59), (60,58), (60,57), (60,56), (60,55), (60,54), (60,53), (60,52), (60,51), (60,50), (60,49), (60,48), (60,47), (60,46), (60,45), (60,44), (60,43), (60,42), (60,41), (60,40), (60,39), (60,38), (60,37), (60,36), (60,35), (60,34), (60,33), (60,32), (60,31), (60,30)|(60,30), (59,30), (58,30), (57,30), (56,30), (56,30), (56,29)",
        "time": 827.2778732730594
    }
}