{
    "Uber": {
        "cost": 21.606770376479872,
        "env_tax": 0.37000000000000005,
        "route": "(22,99), (21,99), (20,99), (19,99), (18,99), (17,99), (16,99), (15,99), (14,99), (13,99), (12,99), (11,99), (10,99), (9,99), (8,99), (7,99), (6,99), (5,99), (4,99), (4,98), (4,97), (4,96), (3,96), (2,96), (2,95), (2,94), (2,93), (2,92), (1,92), (1,91), (1,90), (1,89), (0,89), (0,88), (0,87), (0,86), (0,85), (0,84), (0,83), (0,82), (0,81), (0,80), (0,79), (0,78), (0,77), (0,76), (0,75), (0,74), (0,73), (0,72), (0,71), (0,70), (0,69), (0,68), (0,67), (0,66), (0,65), (0,64), (0,63), (0,62), (0,61), (0,60), (0,59), (0,58), (0,57), (0,56), (0,55), (0,54), (0,53), (1,53), (2,53), (3,53), (3,52), (4,52)",
        "time": 10.156378524620251
    },
    "Uber_Train_Uber": {
        "cost": 32.60716820072946,
        "env_tax": 0.10500000000000001,
        "route": "(22,99), (22,98), (22,97), (22,96), (21,96), (21,95), (21,94), (21,93), (20,93), (20,92), (20,91), (20,90)|(20,90), (19,90), (18,90), (17,90), (16,90), (15,90), (14,90), (13,90), (12,90), (11,90), (10,90), (10,90), (10,89), (10,88), (10,87), (10,86), (10,85), (10,84), (10,83), (10,82), (10,81), (10,80), (10,79), (10,78), (10,77), (10,76), (10,75), (10,74), (10,73), (10,72), (10,71), (10,70), (10,69), (10,68), (10,67), (10,66), (10,65), (10,64), (10,63), (10,62), (10,61), (10,60), (10,59), (10,58), (10,57), (10,56), (10,55), (10,54), (10,53), (10,52), (10,51), (10,50)|(10,50), (9,50), (8,50), (7,50), (6,50), (5,50), (5,51), (5,52), (4,52)",
        "time": 23.759979888675296
    },
    "Uber_Train_Walk": {
        "cost": 18.931740485277384,
        "env_tax": 0.06000000000000001,
        "route": "(22,99), (22,98), (22,97), (22,96), (21,96), (21,95), (21,94), (21,93), (20,93), (20,92), (20,91), (20,90)|(20,90), (19,90), (18,90), (17,90), (16,90), (15,90), (14,90), (13,90), (12,90), (11,90), (10,90), (10,90), (10,89), (10,88), (10,87), (10,86), (10,85), (10,84), (10,83), (10,82), (10,81), (10,80), (10,79), (10,78), (10,77), (10,76), (10,75), (10,74), (10,73), (10,72), (10,71), (10,70), (10,69), (10,68), (10,67), (10,66), (10,65), (10,64), (10,63), (10,62), (10,61), (10,60), (10,59), (10,58), (10,57), (10,56), (10,55), (10,54), (10,53), (10,52), (10,51), (10,50)|(10,50), (9,50), (8,50), (7,50), (6,50), (5,50), (4,50), (4,50), (4,51), (4,52)",
        "time": 612.9768633719984
    },
    "Walk": {
        "cost": 0,
        "env_tax": 0,
        "route": "(22,99), (21,99), (20,99), (19,99), (18,99), (17,99), (16,99), (15,99), (14,99), (13,99), (12,99), (11,99), (10,99), (9,99), (8,99), (7,99), (6,99), (5,99), (4,99), (4,99), (4,98), (4,97), (4,96), (4,95), (4,94), (4,93), (4,92), (4,91), (4,90), (4,89), (4,88), (4,87), (4,86), (4,85), (4,84), (4,83), (4,82), (4,81), (4,80), (4,79), (4,78), (4,77), (4,76), (4,75), (4,74), (4,73), (4,72), (4,71), (4,70), (4,69), (4,68), (4,67), (4,66), (4,65), (4,64), (4,63), (4,62), (4,61), (4,60), (4,59), (4,58), (4,57), (4,56), (4,55), (4,54), (4,53), (4,52)",
        "time": 4846.695299451205
    },
    "Walk_Train_Uber": {
        "cost": 19.521090652607615,
        "env_tax": 0.045000000000000005,
        "route": "(22,99), (21,99), (20,99), (20,99), (20,98), (20,97), (20,96), (20,95), (20,94), (20,93), (20,92), (20,91), (20,90)|(20,90), (19,90), (18,90), (17,90), (16,90), (15,90), (14,90), (13,90), (12,90), (11,90), (10,90), (10,90), (10,89), (10,88), (10,87), (10,86), (10,85), (10,84), (10,83), (10,82), (10,81), (10,80), (10,79), (10,78), (10,77), (10,76), (10,75), (10,74), (10,73), (10,72), (10,71), (10,70), (10,69), (10,68), (10,67), (10,66), (10,65), (10,64), (10,63), (10,62), (10,61), (10,60), (10,59), (10,58), (10,57), (10,56), (10,55), (10,54), (10,53), (10,52), (10,51), (10,50)|(10,50), (9,50), (8,50), (7,50), (6,50), (5,50), (5,51), (5,52), (4,52)",
        "time": 841.4876761947197
    },
    "Walk_Train_Walk": {
        "cost": 5.2,
        "env_tax": 0,
        "route": "(22,99), (21,99), (20,99), (20,99), (20,98), (20,97), (20,96), (20,95), (20,94), (20,93), (20,92), (20,91), (20,90)|(20,90), (19,90), (18,90), (17,90), (16,90), (15,90), (14,90), (13,90), (12,90), (11,90), (10,90), (10,90), (10,89), (10,88), (10,87), (10,86), (10,85), (10,84), (10,83), (10,82), (10,81), (10,80), (10,79), (10,78), (10,77), (10,76), (10,75), (10,74), (10,73), (10,72), (10,71), (10,70), (10,69), (10,68), (10,67), (10,66), (10,65), (10,64), (10,63), (10,62), (10,61), (10,60), (10,59), (10,58), (10,57), (10,56), (10,55), (10,54), (10,53), (10,52), (10,51), (10,50)|(10,50), (9,50), (8,50), (7,50), (6,50), (5,50), (4,50), (4,50), (4,51), (4,52)",
        "time": 1423.665677857406
    }
}