{
    "Uber": {
        "cost": 65.02521534433089,
        "env_tax": 0.44000000000000006,
        "route": "(77,54), (76,54), (76,55), (76,56), (76,57), (76,58), (76,59), (76,60), (76,61), (76,62), (76,63), (76,64), (76,65), (76,66), (75,66), (75,67), (75,68), (74,68), (74,69), (74,70), (74,71), (73,71), (72,71), (72,72), (72,73), (71,73), (70,73), (69,73), (68,73), (67,73), (66,73), (65,73), (64,73), (64,74), (63,74), (62,74), (61,74), (60,74), (59,74), (58,74), (57,74), (56,74), (55,74), (54,74), (53,74), (52,74), (51,74), (50,74), (49,74), (48,74), (47,74), (46,74), (45,74), (44,74), (43,74), (42,74), (41,74), (40,74), (39,74), (38,74), (37,74), (36,74), (35,74), (34,74), (33,74), (32,74), (31,74), (30,74), (29,74), (28,74), (27,74), (26,74), (25,74), (24,74), (23,74), (23,73), (22,73), (21,73), (20,73), (20,72), (20,71), (20,70), (20,69), (20,68), (20,67), (20,66), (20,65), (20,64)",
        "time": 19.253215924405797
    },
    "Uber_Train_Uber": {
        "cost": 38.15943387573484,
        "env_tax": 0.065,
        "route": "(77,54), (78,54), (79,54), (80,54), (80,53), (80,52), (80,51), (80,50)|(80,50), (79,50), (78,50), (77,50), (76,50), (75,50), (74,50), (73,50), (72,50), (71,50), (70,50), (69,50), (68,50), (67,50), (66,50), (65,50), (64,50), (63,50), (62,50), (61,50), (60,50), (59,50), (58,50), (57,50), (56,50), (55,50), (54,50), (53,50), (52,50), (51,50), (50,50), (49,50), (48,50), (47,50), (46,50), (45,50), (44,50), (43,50), (42,50), (41,50), (40,50), (39,50), (38,50), (37,50), (36,50), (35,50), (34,50), (33,50), (32,50), (31,50), (30,50), (29,50), (28,50), (27,50), (26,50), (25,50), (24,50), (23,50), (22,50), (21,50), (20,50), (20,50), (20,51), (20,52), (20,53), (20,54), (20,55), (20,56), (20,57), (20,58), (20,59), (20,60)|(20,60), (20,61), (20,62), (20,63), (20,64)",
        "time": 19.879319328111084
    },
    "Uber_Train_Walk": {
        "cost": 23.069182106705203,
        "env_tax": 0.04000000000000001,
        "route": "(77,54), (78,54), (79,54), (80,54), (80,53), (80,52), (80,51), (80,50)|(80,50), (79,50), (78,50), (77,50), (76,50), (75,50), (74,50), (73,50), (72,50), (71,50), (70,50), (69,50), (68,50), (67,50), (66,50), (65,50), (64,50), (63,50), (62,50), (61,50), (60,50), (59,50), (58,50), (57,50), (56,50), (55,50), (54,50), (53,50), (52,50), (51,50), (50,50), (49,50), (48,50), (47,50), (46,50), (45,50), (44,50), (43,50), (42,50), (41,50), (40,50), (39,50), (38,50), (37,50), (36,50), (35,50), (34,50), (33,50), (32,50), (31,50), (30,50), (29,50), (28,50), (27,50), (26,50), (25,50), (24,50), (23,50), (22,50), (21,50), (20,50), (20,50), (20,51), (20,52), (20,53), (20,54), (20,55), (20,56), (20,57), (20,58), (20,59), (20,60)|(20,60), (20,60), (20,61), (20,62), (20,63), (20,64)",
        "time": 313.6252050797727
    },
    "Walk": {
        "cost": 0,
        "env_tax": 0,
        "route": "(77,54), (76,54), (75,54), (74,54), (73,54), (72,54), (71,54), (70,54), (69,54), (68,54), (67,54), (66,54), (65,54), (64,54), (63,54), (62,54), (61,54), (60,54), (59,54), (58,54), (57,54), (56,54), (55,54), (54,54), (53,54), (52,54), (51,54), (50,54), (49,54), (48,54), (47,54), (46,54), (45,54), (44,54), (43,54), (42,54), (41,54), (40,54), (39,54), (38,54), (37,54), (36,54), (35,54), (34,54), (33,54), (32,54), (31,54), (30,54), (29,54), (28,54), (27,54), (26,54), (25,54), (24,54), (23,54), (22,54), (21,54), (20,54), (20,54), (20,55), (20,56), (20,57), (20,58), (20,59), (20,60), (20,61), (20,62), (20,63), (20,64)",
        "time": 4995.824385588165
    },
    "Walk_Train_Uber": {
        "cost": 21.0729907521714,
        "env_tax": 0.025,
        "route": "(77,54), (78,54), (79,54), (80,54), (80,54), (80,53), (80,52), (80,51), (80,50)|(80,50), (79,50), (78,50), (77,50), (76,50), (75,50), (74,50), (73,50), (72,50), (71,50), (70,50), (69,50), (68,50), (67,50), (66,50), (65,50), (64,50), (63,50), (62,50), (61,50), (60,50), (59,50), (58,50), (57,50), (56,50), (55,50), (54,50), (53,50), (52,50), (51,50), (50,50), (49,50), (48,50), (47,50), (46,50), (45,50), (44,50), (43,50), (42,50), (41,50), (40,50), (39,50), (38,50), (37,50), (36,50), (35,50), (34,50), (33,50), (32,50), (31,50), (30,50), (29,50), (28,50), (27,50), (26,50), (25,50), (24,50), (23,50), (22,50), (21,50), (20,50), (20,50), (20,51), (20,52), (20,53), (20,54), (20,55), (20,56), (20,57), (20,58), (20,59), (20,60)|(20,60), (20,61), (20,62), (20,63), (20,64)",
        "time": 534.8196131715051
    },
    "Walk_Train_Walk": {
        "cost": 7.2,
        "env_tax": 0,
        "route": "(77,54), (78,54), (79,54), (80,54), (80,54), (80,53), (80,52), (80,51), (80,50)|(80,50), (79,50), (78,50), (77,50), (76,50), (75,50), (74,50), (73,50), (72,50), (71,50), (70,50), (69,50), (68,50), (67,50), (66,50), (65,50), (64,50), (63,50), (62,50), (61,50), (60,50), (59,50), (58,50), (57,50), (56,50), (55,50), (54,50), (53,50), (52,50), (51,50), (50,50), (49,50), (48,50), (47,50), (46,50), (45,50), (44,50), (43,50), (42,50), (41,50), (40,50), (39,50), (38,50), (37,50), (36,50), (35,50), (34,50), (33,50), (32,50), (31,50), (30,50), (29,50), (28,50), (27,50), (26,50), (25,50), (24,50), (23,50), (22,50), (21,50), (20,50), (20,50), (20,51), (20,52), (20,53), (20,54), (20,55), (20,56), (20,57), (20,58), (20,59), (20,60)|(20,60), (20,60), (20,61), (20,62), (20,63), (20,64)",
        "time": 828.0033782491023
    }
}