{
    "Uber": {
        "cost": 62.42313098023762,
        "env_tax": 0.26,
        "route": "(42,46), (42,45), (43,45), (44,45), (45,45), (46,45), (47,45), (48,45), (49,45), (50,45), (51,45), (52,45), (53,45), (54,45), (55,45), (56,45), (57,45), (58,45), (59,45), (60,45), (61,45), (62,45), (63,45), (64,45), (64,46), (65,46), (66,46), (67,46), (68,46), (69,46), (70,46), (71,46), (72,46), (72,47), (73,47), (74,47), (75,47), (76,47), (77,47), (77,48), (77,49), (78,49), (78,50), (78,51), (79,51), (79,52), (79,53), (79,54), (79,55), (79,56), (79,57), (79,58)",
        "time": 22.501410854478014
    },
    "Uber_Train_Uber": {
        "cost": 38.02435901039897,
        "env_tax": 0.05500000000000001,
        "route": "(42,46), (42,47), (42,48), (41,48), (40,48), (40,49), (40,50)|(40,50), (41,50), (42,50), (43,50), (44,50), (45,50), (46,50), (47,50), (48,50), (49,50), (50,50), (51,50), (52,50), (53,50), (54,50), (55,50), (56,50), (57,50), (58,50), (59,50), (60,50), (61,50), (62,50), (63,50), (64,50), (65,50), (66,50), (67,50), (68,50), (69,50), (70,50), (71,50), (72,50), (73,50), (74,50), (75,50), (76,50), (77,50), (78,50), (79,50), (80,50), (80,50), (80,51), (80,52), (80,53), (80,54), (80,55), (80,56), (80,57), (80,58), (80,59), (80,60)|(80,60), (80,59), (80,58), (79,58)",
        "time": 27.757991260534013
    },
    "Uber_Train_Walk": {
        "cost": 24.922097642239088,
        "env_tax": 0.035,
        "route": "(42,46), (42,47), (42,48), (41,48), (40,48), (40,49), (40,50)|(40,50), (41,50), (42,50), (43,50), (44,50), (45,50), (46,50), (47,50), (48,50), (49,50), (50,50), (51,50), (52,50), (53,50), (54,50), (55,50), (56,50), (57,50), (58,50), (59,50), (60,50), (61,50), (62,50), (63,50), (64,50), (65,50), (66,50), (67,50), (68,50), (69,50), (70,50), (71,50), (72,50), (73,50), (74,50), (75,50), (76,50), (77,50), (78,50), (79,50), (80,50), (80,50), (80,51), (80,52), (80,53), (80,54), (80,55), (80,56), (80,57), (80,58), (80,59), (80,60)|(80,60), (79,60), (79,60), (79,59), (79,58)",
        "time": 242.18082636278848
    },
    "Walk": {
        "cost": 0,
        "env_tax": 0,
        "route": "(42,46), (43,46), (44,46), (45,46), (46,46), (47,46), (48,46), (49,46), (50,46), (51,46), (52,46), (53,46), (54,46), (55,46), (56,46), (57,46), (58,46), (59,46), (60,46), (61,46), (62,46), (63,46), (64,46), (65,46), (66,46), (67,46), (68,46), (69,46), (70,46), (71,46), (72,46), (73,46), (74,46), (75,46), (76,46), (77,46), (78,46), (79,46), (79,46), (79,47), (79,48), (79,49), (79,50), (79,51), (79,52), (79,53), (79,54), (79,55), (79,56), (79,57), (79,58)",
        "time": 3653.6626103555236
    },
    "Walk_Train_Uber": {
        "cost": 19.059944127010986,
        "env_tax": 0.020000000000000004,
        "route": "(42,46), (41,46), (40,46), (40,46), (40,47), (40,48), (40,49), (40,50)|(40,50), (41,50), (42,50), (43,50), (44,50), (45,50), (46,50), (47,50), (48,50), (49,50), (50,50), (51,50), (52,50), (53,50), (54,50), (55,50), (56,50), (57,50), (58,50), (59,50), (60,50), (61,50), (62,50), (63,50), (64,50), (65,50), (66,50), (67,50), (68,50), (69,50), (70,50), (71,50), (72,50), (73,50), (74,50), (75,50), (76,50), (77,50), (78,50), (79,50), (80,50), (80,50), (80,51), (80,52), (80,53), (80,54), (80,55), (80,56), (80,57), (80,58), (80,59), (80,60)|(80,60), (80,59), (80,58), (79,58)",
        "time": 459.50396095850164
    },
    "Walk_Train_Walk": {
        "cost": 5.2,
        "env_tax": 0,
        "route": "(42,46), (41,46), (40,46), (40,46), (40,47), (40,48), (40,49), (40,50)|(40,50), (41,50), (42,50), (43,50), (44,50), (45,50), (46,50), (47,50), (48,50), (49,50), (50,50), (51,50), (52,50), (53,50), (54,50), (55,50), (56,50), (57,50), (58,50), (59,50), (60,50), (61,50), (62,50), (63,50), (64,50), (65,50), (66,50), (67,50), (68,50), (69,50), (70,50), (71,50), (72,50), (73,50), (74,50), (75,50), (76,50), (77,50), (78,50), (79,50), (80,50), (80,50), (80,51), (80,52), (80,53), (80,54), (80,55), (80,56), (80,57), (80,58), (80,59), (80,60)|(80,60), (79,60), (79,60), (79,59), (79,58)",
        "time": 676.6581028096739
    }
}