{
    "Uber": {
        "cost": 43.83296639720117,
        "env_tax": 0.5100000000000001,
        "route": "(83,94), (83,93), (84,93), (85,93), (85,92), (86,92), (86,91), (86,90), (86,89), (87,89), (88,89), (88,88), (89,88), (89,87), (89,86), (89,85), (89,84), (89,83), (90,83), (90,82), (90,81), (91,81), (91,80), (92,80), (92,79), (92,78), (92,77), (92,76), (92,75), (93,75), (93,74), (93,73), (93,72), (93,71), (93,70), (93,69), (93,68), (93,67), (93,66), (93,65), (93,64), (93,63), (93,62), (93,61), (93,60), (93,59), (93,58), (93,57), (93,56), (93,55), (93,54), (93,53), (93,52), (92,52), (92,51), (92,50), (92,49), (92,48), (92,47), (92,46), (92,45), (92,44), (92,43), (92,42), (92,41), (92,40), (92,39), (92,38), (92,37), (92,36), (92,35), (92,34), (91,34), (90,34), (89,34), (88,34), (87,34), (87,33), (86,33), (85,33), (84,33), (83,33), (82,33), (82,32), (81,32), (80,32), (79,32), (78,32), (77,32), (76,32), (75,32), (74,32), (73,32), (72,32), (71,32), (70,32), (69,32), (69,31), (68,31), (67,31), (66,31), (65,31)",
        "time": 14.123596980539887
    },
    "Uber_Train_Uber": {
        "cost": 38.26550657428298,
        "env_tax": 0.07500000000000001,
        "route": "(83,94), (83,93), (82,93), (81,93), (81,92), (81,91), (81,90), (80,90)|(80,90), (79,90), (78,90), (77,90), (76,90), (75,90), (74,90), (73,90), (72,90), (71,90), (70,90), (69,90), (68,90), (67,90), (66,90), (65,90), (64,90), (63,90), (62,90), (61,90), (60,90), (60,90), (60,89), (60,88), (60,87), (60,86), (60,85), (60,84), (60,83), (60,82), (60,81), (60,80), (60,79), (60,78), (60,77), (60,76), (60,75), (60,74), (60,73), (60,72), (60,71), (60,70), (60,69), (60,68), (60,67), (60,66), (60,65), (60,64), (60,63), (60,62), (60,61), (60,60), (60,59), (60,58), (60,57), (60,56), (60,55), (60,54), (60,53), (60,52), (60,51), (60,50), (60,49), (60,48), (60,47), (60,46), (60,45), (60,44), (60,43), (60,42), (60,41), (60,40), (60,39), (60,38), (60,37), (60,36), (60,35), (60,34), (60,33), (60,32), (60,31), (60,30)|(60,30), (61,30), (62,30), (62,31), (63,31), (64,31), (65,31)",
        "time": 18.781505793239177
    },
    "Uber_Train_Walk": {
        "cost": 21.222947540770193,
        "env_tax": 0.04000000000000001,
        "route": "(83,94), (83,93), (82,93), (81,93), (81,92), (81,91), (81,90), (80,90)|(80,90), (79,90), (78,90), (77,90), (76,90), (75,90), (74,90), (73,90), (72,90), (71,90), (70,90), (69,90), (68,90), (67,90), (66,90), (65,90), (64,90), (63,90), (62,90), (61,90), (60,90), (60,90), (60,89), (60,88), (60,87), (60,86), (60,85), (60,84), (60,83), (60,82), (60,81), (60,80), (60,79), (60,78), (60,77), (60,76), (60,75), (60,74), (60,73), (60,72), (60,71), (60,70), (60,69), (60,68), (60,67), (60,66), (60,65), (60,64), (60,63), (60,62), (60,61), (60,60), (60,59), (60,58), (60,57), (60,56), (60,55), (60,54), (60,53), (60,52), (60,51), (60,50), (60,49), (60,48), (60,47), (60,46), (60,45), (60,44), (60,43), (60,42), (60,41), (60,40), (60,39), (60,38), (60,37), (60,36), (60,35), (60,34), (60,33), (60,32), (60,31), (60,30)|(60,30), (61,30), (62,30), (63,30), (64,30), (65,30), (65,30), (65,31)",
        "time": 463.2014197109771
    },
    "Walk": {
        "cost": 0,
        "env_tax": 0,
        "route": "(83,94), (82,94), (81,94), (80,94), (79,94), (78,94), (77,94), (76,94), (75,94), (74,94), (73,94), (72,94), (71,94), (70,94), (69,94), (68,94), (67,94), (66,94), (65,94), (65,94), (65,93), (65,92), (65,91), (65,90), (65,89), (65,88), (65,87), (65,86), (65,85), (65,84), (65,83), (65,82), (65,81), (65,80), (65,79), (65,78), (65,77), (65,76), (65,75), (65,74), (65,73), (65,72), (65,71), (65,70), (65,69), (65,68), (65,67), (65,66), (65,65), (65,64), (65,63), (65,62), (65,61), (65,60), (65,59), (65,58), (65,57), (65,56), (65,55), (65,54), (65,53), (65,52), (65,51), (65,50), (65,49), (65,48), (65,47), (65,46), (65,45), (65,44), (65,43), (65,42), (65,41), (65,40), (65,39), (65,38), (65,37), (65,36), (65,35), (65,34), (65,33), (65,32), (65,31)",
        "time": 6039.727988546886
    },
    "Walk_Train_Uber": {
        "cost": 25.155638110057726,
        "env_tax": 0.035,
        "route": "(83,94), (82,94), (81,94), (80,94), (80,94), (80,93), (80,92), (80,91), (80,90)|(80,90), (79,90), (78,90), (77,90), (76,90), (75,90), (74,90), (73,90), (72,90), (71,90), (70,90), (69,90), (68,90), (67,90), (66,90), (65,90), (64,90), (63,90), (62,90), (61,90), (60,90), (60,90), (60,89), (60,88), (60,87), (60,86), (60,85), (60,84), (60,83), (60,82), (60,81), (60,80), (60,79), (60,78), (60,77), (60,76), (60,75), (60,74), (60,73), (60,72), (60,71), (60,70), (60,69), (60,68), (60,67), (60,66), (60,65), (60,64), (60,63), (60,62), (60,61), (60,60), (60,59), (60,58), (60,57), (60,56), (60,55), (60,54), (60,53), (60,52), (60,51), (60,50), (60,49), (60,48), (60,47), (60,46), (60,45), (60,44), (60,43), (60,42), (60,41), (60,40), (60,39), (60,38), (60,37), (60,36), (60,35), (60,34), (60,33), (60,32), (60,31), (60,30)|(60,30), (61,30), (62,30), (62,31), (63,31), (64,31), (65,31)",
        "time": 537.7916576165197
    },
    "Walk_Train_Walk": {
        "cost": 8.200000000000001,
        "env_tax": 0,
        "route": "(83,94), (82,94), (81,94), (80,94), (80,94), (80,93), (80,92), (80,91), (80,90)|(80,90), (79,90), (78,90), (77,90), (76,90), (75,90), (74,90), (73,90), (72,90), (71,90), (70,90), (69,90), (68,90), (67,90), (66,90), (65,90), (64,90), (63,90), (62,90), (61,90), (60,90), (60,90), (60,89), (60,88), (60,87), (60,86), (60,85), (60,84), (60,83), (60,82), (60,81), (60,80), (60,79), (60,78), (60,77), (60,76), (60,75), (60,74), (60,73), (60,72), (60,71), (60,70), (60,69), (60,68), (60,67), (60,66), (60,65), (60,64), (60,63), (60,62), (60,61), (60,60), (60,59), (60,58), (60,57), (60,56), (60,55), (60,54), (60,53), (60,52), (60,51), (60,50), (60,49), (60,48), (60,47), (60,46), (60,45), (60,44), (60,43), (60,42), (60,41), (60,40), (60,39), (60,38), (60,37), (60,36), (60,35), (60,34), (60,33), (60,32), (60,31), (60,30)|(60,30), (61,30), (62,30), (63,30), (64,30), (65,30), (65,30), (65,31)",
        "time": 977.5062703081405
    }
}