{
    "Uber": {
        "cost": 20.425039785823316,
        "env_tax": 0.135,
        "route": "(81,62), (82,62), (82,63), (82,64), (83,64), (84,64), (85,64), (86,64), (87,64), (88,64), (89,64), (90,64), (91,64), (92,64), (93,64), (93,65), (94,65), (94,66), (95,66), (96,66), (97,66), (97,67), (97,68), (97,69), (97,70), (97,71), (97,72)",
        "time": 11.478460988123134
    },
    "Uber_Train_Uber": {
        "cost": 29.612068827893943,
        "env_tax": 0.07,
        "route": "(81,62), (81,61), (81,60), (80,60)|(80,60), (81,60), (82,60), (83,60), (84,60), (85,60), (86,60), (87,60), (88,60), (89,60), (90,60), (90,60), (90,61), (90,62), (90,63), (90,64), (90,65), (90,66), (90,67), (90,68), (90,69), (90,70)|(90,70), (91,70), (91,71), (92,71), (93,71), (94,71), (95,71), (96,71), (97,71), (97,72)",
        "time": 20.321039774094146
    },
    "Uber_Train_Walk": {
        "cost": 15.36521290231568,
        "env_tax": 0.020000000000000004,
        "route": "(81,62), (81,61), (81,60), (80,60)|(80,60), (81,60), (82,60), (83,60), (84,60), (85,60), (86,60), (87,60), (88,60), (89,60), (90,60), (90,60), (90,61), (90,62), (90,63), (90,64), (90,65), (90,66), (90,67), (90,68), (90,69), (90,70)|(90,70), (91,70), (92,70), (93,70), (94,70), (95,70), (96,70), (97,70), (97,70), (97,71), (97,72)",
        "time": 688.4351104795423
    },
    "Walk": {
        "cost": 0,
        "env_tax": 0,
        "route": "(81,62), (82,62), (83,62), (84,62), (85,62), (86,62), (87,62), (88,62), (89,62), (90,62), (91,62), (92,62), (93,62), (94,62), (95,62), (96,62), (97,62), (97,62), (97,63), (97,64), (97,65), (97,66), (97,67), (97,68), (97,69), (97,70), (97,71), (97,72)",
        "time": 1938.678119780482
    },
    "Walk_Train_Uber": {
        "cost": 16.0400393669248,
        "env_tax": 0.05,
        "route": "(81,62), (80,62), (80,62), (80,61), (80,60)|(80,60), (81,60), (82,60), (83,60), (84,60), (85,60), (86,60), (87,60), (88,60), (89,60), (90,60), (90,60), (90,61), (90,62), (90,63), (90,64), (90,65), (90,66), (90,67), (90,68), (90,69), (90,70)|(90,70), (91,70), (91,71), (92,71), (93,71), (94,71), (95,71), (96,71), (97,71), (97,72)",
        "time": 236.6675078677245
    },
    "Walk_Train_Walk": {
        "cost": 2.2,
        "env_tax": 0,
        "route": "(81,62), (80,62), (80,62), (80,61), (80,60)|(80,60), (81,60), (82,60), (83,60), (84,60), (85,60), (86,60), (87,60), (88,60), (89,60), (90,60), (90,60), (90,61), (90,62), (90,63), (90,64), (90,65), (90,66), (90,67), (90,68), (90,69), (90,70)|(90,70), (91,70), (92,70), (93,70), (94,70), (95,70), (96,70), (97,70), (97,70), (97,71), (97,72)",
        "time": 901.8248480663754
    }
}