{
    "Uber": {
        "cost": 41.96327748046052,
        "env_tax": 0.7450000000000001,
        "route": "(92,89), (92,90), (91,90), (91,91), (91,92), (91,93), (90,93), (90,94), (90,95), (90,96), (89,96), (89,97), (88,97), (87,97), (86,97), (85,97), (84,97), (83,97), (82,97), (81,97), (81,98), (80,98), (79,98), (78,98), (77,98), (76,98), (75,98), (74,98), (73,98), (72,98), (71,98), (70,98), (69,98), (68,98), (67,98), (66,98), (65,98), (64,98), (63,98), (62,98), (61,98), (60,98), (59,98), (58,98), (57,98), (56,98), (55,98), (54,98), (53,98), (52,98), (51,98), (50,98), (49,98), (48,98), (47,98), (46,98), (45,98), (44,98), (43,98), (42,98), (41,98), (41,97), (40,97), (40,96), (40,95), (39,95), (38,95), (37,95), (36,95), (35,95), (35,94), (34,94), (34,93), (33,93), (33,92), (33,91), (32,91), (31,91), (30,91), (29,91), (29,90), (28,90), (27,90), (26,90), (26,89), (25,89), (24,89), (23,89), (23,88), (22,88), (21,88), (21,87), (20,87), (20,86), (20,85), (19,85), (18,85), (17,85), (16,85), (16,84), (15,84), (14,84), (13,84), (13,83), (12,83), (11,83), (10,83), (10,82), (10,81), (9,81), (8,81), (7,81), (6,81), (6,80), (6,79), (6,78), (5,78), (5,77), (5,76), (5,75), (5,74), (5,73), (5,72), (5,71), (5,70), (5,69), (5,68), (5,67), (5,66), (5,65), (5,64), (5,63), (5,62), (5,61), (5,60), (5,59), (5,58), (5,57), (5,56), (5,55), (5,54), (5,53), (5,52), (5,51), (5,50), (6,50), (7,50), (8,50), (9,50)",
        "time": 12.528451091197166
    },
    "Uber_Train_Uber": {
        "cost": 36.48560370403214,
        "env_tax": 0.030000000000000006,
        "route": "(92,89), (92,90), (91,90), (90,90)|(90,90), (89,90), (88,90), (87,90), (86,90), (85,90), (84,90), (83,90), (82,90), (81,90), (80,90), (79,90), (78,90), (77,90), (76,90), (75,90), (74,90), (73,90), (72,90), (71,90), (70,90), (69,90), (68,90), (67,90), (66,90), (65,90), (64,90), (63,90), (62,90), (61,90), (60,90), (59,90), (58,90), (57,90), (56,90), (55,90), (54,90), (53,90), (52,90), (51,90), (50,90), (49,90), (48,90), (47,90), (46,90), (45,90), (44,90), (43,90), (42,90), (41,90), (40,90), (39,90), (38,90), (37,90), (36,90), (35,90), (34,90), (33,90), (32,90), (31,90), (30,90), (29,90), (28,90), (27,90), (26,90), (25,90), (24,90), (23,90), (22,90), (21,90), (20,90), (19,90), (18,90), (17,90), (16,90), (15,90), (14,90), (13,90), (12,90), (11,90), (10,90), (10,90), (10,89), (10,88), (10,87), (10,86), (10,85), (10,84), (10,83), (10,82), (10,81), (10,80), (10,79), (10,78), (10,77), (10,76), (10,75), (10,74), (10,73), (10,72), (10,71), (10,70), (10,69), (10,68), (10,67), (10,66), (10,65), (10,64), (10,63), (10,62), (10,61), (10,60), (10,59), (10,58), (10,57), (10,56), (10,55), (10,54), (10,53), (10,52), (10,51), (10,50)|(10,50), (9,50)",
        "time": 18.180914855459363
    },
    "Uber_Train_Walk": {
        "cost": 24.385124487551828,
        "env_tax": 0.020000000000000004,
        "route": "(92,89), (92,90), (91,90), (90,90)|(90,90), (89,90), (88,90), (87,90), (86,90), (85,90), (84,90), (83,90), (82,90), (81,90), (80,90), (79,90), (78,90), (77,90), (76,90), (75,90), (74,90), (73,90), (72,90), (71,90), (70,90), (69,90), (68,90), (67,90), (66,90), (65,90), (64,90), (63,90), (62,90), (61,90), (60,90), (59,90), (58,90), (57,90), (56,90), (55,90), (54,90), (53,90), (52,90), (51,90), (50,90), (49,90), (48,90), (47,90), (46,90), (45,90), (44,90), (43,90), (42,90), (41,90), (40,90), (39,90), (38,90), (37,90), (36,90), (35,90), (34,90), (33,90), (32,90), (31,90), (30,90), (29,90), (28,90), (27,90), (26,90), (25,90), (24,90), (23,90), (22,90), (21,90), (20,90), (19,90), (18,90), (17,90), (16,90), (15,90), (14,90), (13,90), (12,90), (11,90), (10,90), (10,90), (10,89), (10,88), (10,87), (10,86), (10,85), (10,84), (10,83), (10,82), (10,81), (10,80), (10,79), (10,78), (10,77), (10,76), (10,75), (10,74), (10,73), (10,72), (10,71), (10,70), (10,69), (10,68), (10,67), (10,66), (10,65), (10,64), (10,63), (10,62), (10,61), (10,60), (10,59), (10,58), (10,57), (10,56), (10,55), (10,54), (10,53), (10,52), (10,51), (10,50)|(10,50), (9,50), (9,50)",
        "time": 88.51145599199458
    },
    "Walk": {
        "cost": 0,
        "env_tax": 0,
        "route": "(92,89), (91,89), (90,89), (89,89), (88,89), (87,89), (86,89), (85,89), (84,89), (83,89), (82,89), (81,89), (80,89), (79,89), (78,89), (77,89), (76,89), (75,89), (74,89), (73,89), (72,89), (71,89), (70,89), (69,89), (68,89), (67,89), (66,89), (65,89), (64,89), (63,89), (62,89), (61,89), (60,89), (59,89), (58,89), (57,89), (56,89), (55,89), (54,89), (53,89), (52,89), (51,89), (50,89), (49,89), (48,89), (47,89), (46,89), (45,89), (44,89), (43,89), (42,89), (41,89), (40,89), (39,89), (38,89), (37,89), (36,89), (35,89), (34,89), (33,89), (32,89), (31,89), (30,89), (29,89), (28,89), (27,89), (26,89), (25,89), (24,89), (23,89), (22,89), (21,89), (20,89), (19,89), (18,89), (17,89), (16,89), (15,89), (14,89), (13,89), (12,89), (11,89), (10,89), (9,89), (9,89), (9,88), (9,87), (9,86), (9,85), (9,84), (9,83), (9,82), (9,81), (9,80), (9,79), (9,78), (9,77), (9,76), (9,75), (9,74), (9,73), (9,72), (9,71), (9,70), (9,69), (9,68), (9,67), (9,66), (9,65), (9,64), (9,63), (9,62), (9,61), (9,60), (9,59), (9,58), (9,57), (9,56), (9,55), (9,54), (9,53), (9,52), (9,51), (9,50)",
        "time": 9096.874254354569
    },
    "Walk_Train_Uber": {
        "cost": 24.548934551691314,
        "env_tax": 0.010000000000000002,
        "route": "(92,89), (91,89), (90,89), (90,89), (90,90)|(90,90), (89,90), (88,90), (87,90), (86,90), (85,90), (84,90), (83,90), (82,90), (81,90), (80,90), (79,90), (78,90), (77,90), (76,90), (75,90), (74,90), (73,90), (72,90), (71,90), (70,90), (69,90), (68,90), (67,90), (66,90), (65,90), (64,90), (63,90), (62,90), (61,90), (60,90), (59,90), (58,90), (57,90), (56,90), (55,90), (54,90), (53,90), (52,90), (51,90), (50,90), (49,90), (48,90), (47,90), (46,90), (45,90), (44,90), (43,90), (42,90), (41,90), (40,90), (39,90), (38,90), (37,90), (36,90), (35,90), (34,90), (33,90), (32,90), (31,90), (30,90), (29,90), (28,90), (27,90), (26,90), (25,90), (24,90), (23,90), (22,90), (21,90), (20,90), (19,90), (18,90), (17,90), (16,90), (15,90), (14,90), (13,90), (12,90), (11,90), (10,90), (10,90), (10,89), (10,88), (10,87), (10,86), (10,85), (10,84), (10,83), (10,82), (10,81), (10,80), (10,79), (10,78), (10,77), (10,76), (10,75), (10,74), (10,73), (10,72), (10,71), (10,70), (10,69), (10,68), (10,67), (10,66), (10,65), (10,64), (10,63), (10,62), (10,61), (10,60), (10,59), (10,58), (10,57), (10,56), (10,55), (10,54), (10,53), (10,52), (10,51), (10,50)|(10,50), (9,50)",
        "time": 241.1570486897091
    },
    "Walk_Train_Walk": {
        "cost": 12.200000000000001,
        "env_tax": 0,
        "route": "(92,89), (91,89), (90,89), (90,89), (90,90)|(90,90), (89,90), (88,90), (87,90), (86,90), (85,90), (84,90), (83,90), (82,90), (81,90), (80,90), (79,90), (78,90), (77,90), (76,90), (75,90), (74,90), (73,90), (72,90), (71,90), (70,90), (69,90), (68,90), (67,90), (66,90), (65,90), (64,90), (63,90), (62,90), (61,90), (60,90), (59,90), (58,90), (57,90), (56,90), (55,90), (54,90), (53,90), (52,90), (51,90), (50,90), (49,90), (48,90), (47,90), (46,90), (45,90), (44,90), (43,90), (42,90), (41,90), (40,90), (39,90), (38,90), (37,90), (36,90), (35,90), (34,90), (33,90), (32,90), (31,90), (30,90), (29,90), (28,90), (27,90), (26,90), (25,90), (24,90), (23,90), (22,90), (21,90), (20,90), (19,90), (18,90), (17,90), (16,90), (15,90), (14,90), (13,90), (12,90), (11,90), (10,90), (10,90), (10,89), (10,88), (10,87), (10,86), (10,85), (10,84), (10,83), (10,82), (10,81), (10,80), (10,79), (10,78), (10,77), (10,76), (10,75), (10,74), (10,73), (10,72), (10,71), (10,70), (10,69), (10,68), (10,67), (10,66), (10,65), (10,64), (10,63), (10,62), (10,61), (10,60), (10,59), (10,58), (10,57), (10,56), (10,55), (10,54), (10,53), (10,52), (10,51), (10,50)|(10,50), (9,50), (9,50)",
        "time": 305.7638171004435
    }
}