{
    "Uber": {
        "cost": 29.476208679413432,
        "env_tax": 0.39000000000000007,
        "route": "(33,79), (32,79), (31,79), (30,79), (29,79), (29,80), (28,80), (27,80), (26,80), (25,80), (24,80), (23,80), (22,80), (21,80), (20,80), (19,80), (18,80), (17,80), (16,80), (15,80), (14,80), (13,80), (12,80), (11,80), (11,79), (10,79), (9,79), (8,79), (7,79), (6,79), (5,79), (4,79), (3,79), (2,79), (1,79), (0,79), (0,78), (0,77), (0,76), (0,75), (0,74), (0,73), (0,72), (0,71), (0,70), (0,69), (0,68), (0,67), (0,66), (0,65), (0,64), (0,63), (0,62), (0,61), (0,60), (0,59), (0,58), (0,57), (0,56), (0,55), (0,54), (0,53), (1,53), (1,52), (1,51), (1,50), (1,49), (1,48), (1,47), (1,46), (1,45), (1,44), (1,43), (1,42), (1,41), (1,40), (2,40), (3,40)",
        "time": 12.641378650396993
    },
    "Uber_Train_Uber": {
        "cost": 34.14361955346481,
        "env_tax": 0.065,
        "route": "(33,79), (32,79), (31,79), (30,79), (30,80)|(30,80), (29,80), (28,80), (27,80), (26,80), (25,80), (24,80), (23,80), (22,80), (21,80), (20,80), (19,80), (18,80), (17,80), (16,80), (15,80), (14,80), (13,80), (12,80), (11,80), (10,80), (10,80), (10,79), (10,78), (10,77), (10,76), (10,75), (10,74), (10,73), (10,72), (10,71), (10,70), (10,69), (10,68), (10,67), (10,66), (10,65), (10,64), (10,63), (10,62), (10,61), (10,60), (10,59), (10,58), (10,57), (10,56), (10,55), (10,54), (10,53), (10,52), (10,51), (10,50), (10,49), (10,48), (10,47), (10,46), (10,45), (10,44), (10,43), (10,42), (10,41), (10,40)|(10,40), (9,40), (8,40), (7,40), (6,40), (5,40), (4,40), (3,40)",
        "time": 26.43966024336295
    },
    "Uber_Train_Walk": {
        "cost": 20.058756808289377,
        "env_tax": 0.025,
        "route": "(33,79), (32,79), (31,79), (30,79), (30,80)|(30,80), (29,80), (28,80), (27,80), (26,80), (25,80), (24,80), (23,80), (22,80), (21,80), (20,80), (19,80), (18,80), (17,80), (16,80), (15,80), (14,80), (13,80), (12,80), (11,80), (10,80), (10,80), (10,79), (10,78), (10,77), (10,76), (10,75), (10,74), (10,73), (10,72), (10,71), (10,70), (10,69), (10,68), (10,67), (10,66), (10,65), (10,64), (10,63), (10,62), (10,61), (10,60), (10,59), (10,58), (10,57), (10,56), (10,55), (10,54), (10,53), (10,52), (10,51), (10,50), (10,49), (10,48), (10,47), (10,46), (10,45), (10,44), (10,43), (10,42), (10,41), (10,40)|(10,40), (9,40), (8,40), (7,40), (6,40), (5,40), (4,40), (3,40), (3,40)",
        "time": 535.5290380254683
    },
    "Walk": {
        "cost": 0,
        "env_tax": 0,
        "route": "(33,79), (32,79), (31,79), (30,79), (29,79), (28,79), (27,79), (26,79), (25,79), (24,79), (23,79), (22,79), (21,79), (20,79), (19,79), (18,79), (17,79), (16,79), (15,79), (14,79), (13,79), (12,79), (11,79), (10,79), (9,79), (8,79), (7,79), (6,79), (5,79), (4,79), (3,79), (3,79), (3,78), (3,77), (3,76), (3,75), (3,74), (3,73), (3,72), (3,71), (3,70), (3,69), (3,68), (3,67), (3,66), (3,65), (3,64), (3,63), (3,62), (3,61), (3,60), (3,59), (3,58), (3,57), (3,56), (3,55), (3,54), (3,53), (3,52), (3,51), (3,50), (3,49), (3,48), (3,47), (3,46), (3,45), (3,44), (3,43), (3,42), (3,41), (3,40)",
        "time": 5144.9534717251245
    },
    "Walk_Train_Uber": {
        "cost": 20.068221208241443,
        "env_tax": 0.04000000000000001,
        "route": "(33,79), (32,79), (31,79), (30,79), (30,79), (30,80)|(30,80), (29,80), (28,80), (27,80), (26,80), (25,80), (24,80), (23,80), (22,80), (21,80), (20,80), (19,80), (18,80), (17,80), (16,80), (15,80), (14,80), (13,80), (12,80), (11,80), (10,80), (10,80), (10,79), (10,78), (10,77), (10,76), (10,75), (10,74), (10,73), (10,72), (10,71), (10,70), (10,69), (10,68), (10,67), (10,66), (10,65), (10,64), (10,63), (10,62), (10,61), (10,60), (10,59), (10,58), (10,57), (10,56), (10,55), (10,54), (10,53), (10,52), (10,51), (10,50), (10,49), (10,48), (10,47), (10,46), (10,45), (10,44), (10,43), (10,42), (10,41), (10,40)|(10,40), (9,40), (8,40), (7,40), (6,40), (5,40), (4,40), (3,40)",
        "time": 312.50837953833826
    },
    "Walk_Train_Walk": {
        "cost": 6.2,
        "env_tax": 0,
        "route": "(33,79), (32,79), (31,79), (30,79), (30,79), (30,80)|(30,80), (29,80), (28,80), (27,80), (26,80), (25,80), (24,80), (23,80), (22,80), (21,80), (20,80), (19,80), (18,80), (17,80), (16,80), (15,80), (14,80), (13,80), (12,80), (11,80), (10,80), (10,80), (10,79), (10,78), (10,77), (10,76), (10,75), (10,74), (10,73), (10,72), (10,71), (10,70), (10,69), (10,68), (10,67), (10,66), (10,65), (10,64), (10,63), (10,62), (10,61), (10,60), (10,59), (10,58), (10,57), (10,56), (10,55), (10,54), (10,53), (10,52), (10,51), (10,50), (10,49), (10,48), (10,47), (10,46), (10,45), (10,44), (10,43), (10,42), (10,41), (10,40)|(10,40), (9,40), (8,40), (7,40), (6,40), (5,40), (4,40), (3,40), (3,40)",
        "time": 825.3314122926515
    }
}