{
    "Uber": {
        "cost": 39.33647023881047,
        "env_tax": 0.13,
        "route": "(59,28), (59,29), (59,30), (59,31), (59,32), (58,32), (58,33), (58,34), (58,35), (58,36), (58,37), (58,38), (58,39), (57,39), (57,40), (57,41), (57,42), (57,43), (57,44), (57,45), (57,46), (57,47), (57,48), (57,49), (57,50), (56,50)",
        "time": 12.770821822667248
    },
    "Uber_Train_Uber": {
        "cost": 33.157489747718834,
        "env_tax": 0.045000000000000005,
        "route": "(59,28), (60,28), (60,29), (60,30)|(60,30), (60,30), (60,31), (60,32), (60,33), (60,34), (60,35), (60,36), (60,37), (60,38), (60,39), (60,40), (60,41), (60,42), (60,43), (60,44), (60,45), (60,46), (60,47), (60,48), (60,49), (60,50)|(60,50), (59,50), (58,50), (57,50), (56,50)",
        "time": 18.02649178274685
    },
    "Uber_Train_Walk": {
        "cost": 15.928675679927505,
        "env_tax": 0.020000000000000004,
        "route": "(59,28), (60,28), (60,29), (60,30)|(60,30), (60,30), (60,31), (60,32), (60,33), (60,34), (60,35), (60,36), (60,37), (60,38), (60,39), (60,40), (60,41), (60,42), (60,43), (60,44), (60,45), (60,46), (60,47), (60,48), (60,49), (60,50)|(60,50), (59,50), (58,50), (57,50), (56,50), (56,50)",
        "time": 311.60352453913373
    },
    "Walk": {
        "cost": 0,
        "env_tax": 0,
        "route": "(59,28), (58,28), (57,28), (56,28), (56,28), (56,29), (56,30), (56,31), (56,32), (56,33), (56,34), (56,35), (56,36), (56,37), (56,38), (56,39), (56,40), (56,41), (56,42), (56,43), (56,44), (56,45), (56,46), (56,47), (56,48), (56,49), (56,50)",
        "time": 1864.1135767120018
    },
    "Walk_Train_Uber": {
        "cost": 19.098300671799986,
        "env_tax": 0.025,
        "route": "(59,28), (60,28), (60,28), (60,29), (60,30)|(60,30), (60,30), (60,31), (60,32), (60,33), (60,34), (60,35), (60,36), (60,37), (60,38), (60,39), (60,40), (60,41), (60,42), (60,43), (60,44), (60,45), (60,46), (60,47), (60,48), (60,49), (60,50)|(60,50), (59,50), (58,50), (57,50), (56,50)",
        "time": 239.89085228087177
    },
    "Walk_Train_Walk": {
        "cost": 2.2,
        "env_tax": 0,
        "route": "(59,28), (60,28), (60,28), (60,29), (60,30)|(60,30), (60,30), (60,31), (60,32), (60,33), (60,34), (60,35), (60,36), (60,37), (60,38), (60,39), (60,40), (60,41), (60,42), (60,43), (60,44), (60,45), (60,46), (60,47), (60,48), (60,49), (60,50)|(60,50), (59,50), (58,50), (57,50), (56,50), (56,50)",
        "time": 530.2734054001793
    }
}