{
    "Uber": {
        "cost": 23.543768176093195,
        "env_tax": 0.15500000000000003,
        "route": "(46,7), (47,7), (48,7), (49,7), (50,7), (51,7), (52,7), (53,7), (54,7), (55,7), (56,7), (56,8), (56,9), (57,9), (58,9), (59,9), (59,10), (59,11), (59,12), (59,13), (59,14), (59,15), (59,16), (59,17), (59,18), (59,19), (59,20), (59,21), (59,22), (60,22), (60,23)",
        "time": 12.13228783370489
    },
    "Uber_Train_Uber": {
        "cost": 30.184353143635693,
        "env_tax": 0.06000000000000001,
        "route": "(46,7), (46,8), (47,8), (48,8), (48,9), (49,9), (49,10), (50,10)|(50,10), (51,10), (52,10), (53,10), (54,10), (55,10), (56,10), (57,10), (58,10), (59,10), (60,10), (60,10), (60,11), (60,12), (60,13), (60,14), (60,15), (60,16), (60,17), (60,18), (60,19), (60,20)|(60,20), (60,21), (60,22), (60,23)",
        "time": 21.17646636597938
    },
    "Uber_Train_Walk": {
        "cost": 16.37296065793261,
        "env_tax": 0.04000000000000001,
        "route": "(46,7), (46,8), (47,8), (48,8), (48,9), (49,9), (49,10), (50,10)|(50,10), (51,10), (52,10), (53,10), (54,10), (55,10), (56,10), (57,10), (58,10), (59,10), (60,10), (60,10), (60,11), (60,12), (60,13), (60,14), (60,15), (60,16), (60,17), (60,18), (60,19), (60,20)|(60,20), (60,20), (60,21), (60,22), (60,23)",
        "time": 236.0262714034019
    },
    "Walk": {
        "cost": 0,
        "env_tax": 0,
        "route": "(46,7), (47,7), (48,7), (49,7), (50,7), (51,7), (52,7), (53,7), (54,7), (55,7), (56,7), (57,7), (58,7), (59,7), (60,7), (60,7), (60,8), (60,9), (60,10), (60,11), (60,12), (60,13), (60,14), (60,15), (60,16), (60,17), (60,18), (60,19), (60,20), (60,21), (60,22), (60,23)",
        "time": 2236.936292054402
    },
    "Walk_Train_Uber": {
        "cost": 15.563057869308341,
        "env_tax": 0.020000000000000004,
        "route": "(46,7), (47,7), (48,7), (49,7), (50,7), (50,7), (50,8), (50,9), (50,10)|(50,10), (51,10), (52,10), (53,10), (54,10), (55,10), (56,10), (57,10), (58,10), (59,10), (60,10), (60,10), (60,11), (60,12), (60,13), (60,14), (60,15), (60,16), (60,17), (60,18), (60,19), (60,20)|(60,20), (60,21), (60,22), (60,23)",
        "time": 532.6979027704142
    },
    "Walk_Train_Walk": {
        "cost": 2.2,
        "env_tax": 0,
        "route": "(46,7), (47,7), (48,7), (49,7), (50,7), (50,7), (50,8), (50,9), (50,10)|(50,10), (51,10), (52,10), (53,10), (54,10), (55,10), (56,10), (57,10), (58,10), (59,10), (60,10), (60,10), (60,11), (60,12), (60,13), (60,14), (60,15), (60,16), (60,17), (60,18), (60,19), (60,20)|(60,20), (60,20), (60,21), (60,22), (60,23)",
        "time": 751.1883490350141
    }
}