{
    "Uber": {
        "cost": 52.98862922357632,
        "env_tax": 0.19500000000000003,
        "route": "(43,67), (43,66), (43,65), (44,65), (45,65), (45,64), (45,63), (46,63), (46,62), (46,61), (47,61), (47,60), (47,59), (47,58), (47,57), (47,56), (47,55), (47,54), (47,53), (47,52), (47,51), (47,50), (47,49), (47,48), (47,47), (47,46), (47,45), (47,44), (47,43), (47,42), (47,41), (47,40), (47,39), (47,38), (47,37), (46,37), (46,36), (45,36), (45,35)",
        "time": 21.50841754107058
    },
    "Uber_Train_Uber": {
        "cost": 41.66499949251444,
        "env_tax": 0.09000000000000001,
        "route": "(43,67), (42,67), (42,68), (41,68), (41,69), (41,70), (40,70)|(40,70), (40,70), (40,69), (40,68), (40,67), (40,66), (40,65), (40,64), (40,63), (40,62), (40,61), (40,60), (40,59), (40,58), (40,57), (40,56), (40,55), (40,54), (40,53), (40,52), (40,51), (40,50), (40,49), (40,48), (40,47), (40,46), (40,45), (40,44), (40,43), (40,42), (40,41), (40,40), (40,39), (40,38), (40,37), (40,36), (40,35), (40,34), (40,33), (40,32), (40,31), (40,30)|(40,30), (40,31), (40,32), (41,32), (42,32), (43,32), (43,33), (44,33), (44,34), (44,35), (45,35)",
        "time": 26.795837786337906
    },
    "Uber_Train_Walk": {
        "cost": 21.871382215214545,
        "env_tax": 0.035,
        "route": "(43,67), (42,67), (42,68), (41,68), (41,69), (41,70), (40,70)|(40,70), (40,70), (40,69), (40,68), (40,67), (40,66), (40,65), (40,64), (40,63), (40,62), (40,61), (40,60), (40,59), (40,58), (40,57), (40,56), (40,55), (40,54), (40,53), (40,52), (40,51), (40,50), (40,49), (40,48), (40,47), (40,46), (40,45), (40,44), (40,43), (40,42), (40,41), (40,40), (40,39), (40,38), (40,37), (40,36), (40,35), (40,34), (40,33), (40,32), (40,31), (40,30)|(40,30), (41,30), (42,30), (43,30), (44,30), (45,30), (45,30), (45,31), (45,32), (45,33), (45,34), (45,35)",
        "time": 762.7353798114
    },
    "Walk": {
        "cost": 0,
        "env_tax": 0,
        "route": "(43,67), (44,67), (45,67), (45,67), (45,66), (45,65), (45,64), (45,63), (45,62), (45,61), (45,60), (45,59), (45,58), (45,57), (45,56), (45,55), (45,54), (45,53), (45,52), (45,51), (45,50), (45,49), (45,48), (45,47), (45,46), (45,45), (45,44), (45,43), (45,42), (45,41), (45,40), (45,39), (45,38), (45,37), (45,36), (45,35)",
        "time": 2535.1944643283223
    },
    "Walk_Train_Uber": {
        "cost": 24.301919566990993,
        "env_tax": 0.05500000000000001,
        "route": "(43,67), (42,67), (41,67), (40,67), (40,67), (40,68), (40,69), (40,70)|(40,70), (40,70), (40,69), (40,68), (40,67), (40,66), (40,65), (40,64), (40,63), (40,62), (40,61), (40,60), (40,59), (40,58), (40,57), (40,56), (40,55), (40,54), (40,53), (40,52), (40,51), (40,50), (40,49), (40,48), (40,47), (40,46), (40,45), (40,44), (40,43), (40,42), (40,41), (40,40), (40,39), (40,38), (40,37), (40,36), (40,35), (40,34), (40,33), (40,32), (40,31), (40,30)|(40,30), (40,31), (40,32), (41,32), (42,32), (43,32), (43,33), (44,33), (44,34), (44,35), (45,35)",
        "time": 463.1038719776867
    },
    "Walk_Train_Walk": {
        "cost": 4.2,
        "env_tax": 0,
        "route": "(43,67), (42,67), (41,67), (40,67), (40,67), (40,68), (40,69), (40,70)|(40,70), (40,70), (40,69), (40,68), (40,67), (40,66), (40,65), (40,64), (40,63), (40,62), (40,61), (40,60), (40,59), (40,58), (40,57), (40,56), (40,55), (40,54), (40,53), (40,52), (40,51), (40,50), (40,49), (40,48), (40,47), (40,46), (40,45), (40,44), (40,43), (40,42), (40,41), (40,40), (40,39), (40,38), (40,37), (40,36), (40,35), (40,34), (40,33), (40,32), (40,31), (40,30)|(40,30), (41,30), (42,30), (43,30), (44,30), (45,30), (45,30), (45,31), (45,32), (45,33), (45,34), (45,35)",
        "time": 1200.061128636868
    }
}