{
    "Uber": {
        "cost": 36.961207989292504,
        "env_tax": 0.455,
        "route": "(18,66), (18,67), (18,68), (18,69), (19,69), (19,70), (20,70), (20,71), (20,72), (20,73), (20,74), (20,75), (20,76), (20,77), (20,78), (20,79), (20,80), (20,81), (20,82), (20,83), (20,84), (20,85), (20,86), (20,87), (21,87), (21,88), (21,89), (21,90), (22,90), (23,90), (24,90), (25,90), (26,90), (27,90), (28,90), (29,90), (29,91), (30,91), (31,91), (32,91), (33,91), (33,92), (34,92), (35,92), (36,92), (37,92), (38,92), (39,92), (40,92), (41,92), (41,93), (42,93), (43,93), (44,93), (45,93), (46,93), (47,93), (48,93), (49,93), (50,93), (51,93), (51,94), (52,94), (53,94), (54,94), (55,94), (56,94), (57,94), (58,94), (59,94), (60,94), (61,94), (62,94), (63,94), (64,94), (65,94), (66,94), (67,94), (68,94), (68,93), (69,93), (69,92), (69,91), (69,90), (69,89), (70,89), (70,88), (70,87), (70,86), (70,85), (70,84)",
        "time": 16.44250684282255
    },
    "Uber_Train_Uber": {
        "cost": 33.577485082589824,
        "env_tax": 0.060000000000000005,
        "route": "(18,66), (18,67), (18,68), (18,69), (19,69), (19,70), (20,70)|(20,70), (21,70), (22,70), (23,70), (24,70), (25,70), (26,70), (27,70), (28,70), (29,70), (30,70), (31,70), (32,70), (33,70), (34,70), (35,70), (36,70), (37,70), (38,70), (39,70), (40,70), (41,70), (42,70), (43,70), (44,70), (45,70), (46,70), (47,70), (48,70), (49,70), (50,70), (51,70), (52,70), (53,70), (54,70), (55,70), (56,70), (57,70), (58,70), (59,70), (60,70), (61,70), (62,70), (63,70), (64,70), (65,70), (66,70), (67,70), (68,70), (69,70), (70,70), (70,70), (70,71), (70,72), (70,73), (70,74), (70,75), (70,76), (70,77), (70,78), (70,79), (70,80)|(70,80), (70,81), (70,82), (70,83), (70,84)",
        "time": 20.458690644744586
    },
    "Uber_Train_Walk": {
        "cost": 20.654047061124782,
        "env_tax": 0.035,
        "route": "(18,66), (18,67), (18,68), (18,69), (19,69), (19,70), (20,70)|(20,70), (21,70), (22,70), (23,70), (24,70), (25,70), (26,70), (27,70), (28,70), (29,70), (30,70), (31,70), (32,70), (33,70), (34,70), (35,70), (36,70), (37,70), (38,70), (39,70), (40,70), (41,70), (42,70), (43,70), (44,70), (45,70), (46,70), (47,70), (48,70), (49,70), (50,70), (51,70), (52,70), (53,70), (54,70), (55,70), (56,70), (57,70), (58,70), (59,70), (60,70), (61,70), (62,70), (63,70), (64,70), (65,70), (66,70), (67,70), (68,70), (69,70), (70,70), (70,70), (70,71), (70,72), (70,73), (70,74), (70,75), (70,76), (70,77), (70,78), (70,79), (70,80)|(70,80), (70,80), (70,81), (70,82), (70,83), (70,84)",
        "time": 316.76547321501306
    },
    "Walk": {
        "cost": 0,
        "env_tax": 0,
        "route": "(18,66), (19,66), (20,66), (21,66), (22,66), (23,66), (24,66), (25,66), (26,66), (27,66), (28,66), (29,66), (30,66), (31,66), (32,66), (33,66), (34,66), (35,66), (36,66), (37,66), (38,66), (39,66), (40,66), (41,66), (42,66), (43,66), (44,66), (45,66), (46,66), (47,66), (48,66), (49,66), (50,66), (51,66), (52,66), (53,66), (54,66), (55,66), (56,66), (57,66), (58,66), (59,66), (60,66), (61,66), (62,66), (63,66), (64,66), (65,66), (66,66), (67,66), (68,66), (69,66), (70,66), (70,66), (70,67), (70,68), (70,69), (70,70), (70,71), (70,72), (70,73), (70,74), (70,75), (70,76), (70,77), (70,78), (70,79), (70,80), (70,81), (70,82), (70,83), (70,84)",
        "time": 5219.518014793605
    },
    "Walk_Train_Uber": {
        "cost": 19.723711054491197,
        "env_tax": 0.025,
        "route": "(18,66), (19,66), (20,66), (20,66), (20,67), (20,68), (20,69), (20,70)|(20,70), (21,70), (22,70), (23,70), (24,70), (25,70), (26,70), (27,70), (28,70), (29,70), (30,70), (31,70), (32,70), (33,70), (34,70), (35,70), (36,70), (37,70), (38,70), (39,70), (40,70), (41,70), (42,70), (43,70), (44,70), (45,70), (46,70), (47,70), (48,70), (49,70), (50,70), (51,70), (52,70), (53,70), (54,70), (55,70), (56,70), (57,70), (58,70), (59,70), (60,70), (61,70), (62,70), (63,70), (64,70), (65,70), (66,70), (67,70), (68,70), (69,70), (70,70), (70,70), (70,71), (70,72), (70,73), (70,74), (70,75), (70,76), (70,77), (70,78), (70,79), (70,80)|(70,80), (70,81), (70,82), (70,83), (70,84)",
        "time": 462.8077606410877
    },
    "Walk_Train_Walk": {
        "cost": 6.2,
        "env_tax": 0,
        "route": "(18,66), (19,66), (20,66), (20,66), (20,67), (20,68), (20,69), (20,70)|(20,70), (21,70), (22,70), (23,70), (24,70), (25,70), (26,70), (27,70), (28,70), (29,70), (30,70), (31,70), (32,70), (33,70), (34,70), (35,70), (36,70), (37,70), (38,70), (39,70), (40,70), (41,70), (42,70), (43,70), (44,70), (45,70), (46,70), (47,70), (48,70), (49,70), (50,70), (51,70), (52,70), (53,70), (54,70), (55,70), (56,70), (57,70), (58,70), (59,70), (60,70), (61,70), (62,70), (63,70), (64,70), (65,70), (66,70), (67,70), (68,70), (69,70), (70,70), (70,70), (70,71), (70,72), (70,73), (70,74), (70,75), (70,76), (70,77), (70,78), (70,79), (70,80)|(70,80), (70,80), (70,81), (70,82), (70,83), (70,84)",
        "time": 752.1951759714943
    }
}