{
    "Uber": {
        "cost": 17.600784016173925,
        "env_tax": 0.09500000000000001,
        "route": "(48,7), (49,7), (50,7), (51,7), (52,7), (53,7), (54,7), (55,7), (56,7), (56,8), (56,9), (57,9), (58,9), (59,9), (59,10), (60,10), (61,10), (62,10), (63,10)",
        "time": 9.716322737058345
    },
    "Uber_Train_Uber": {
        "cost": 27.290249218942083,
        "env_tax": 0.05000000000000001,
        "route": "(48,7), (48,8), (48,9), (49,9), (49,10), (50,10)|(50,10), (51,10), (52,10), (53,10), (54,10), (55,10), (56,10), (57,10), (58,10), (59,10), (60,10), (60,10)|(60,10), (61,10), (62,10), (63,10)",
        "time": 18.14380261794166
    },
    "Uber_Train_Walk": {
        "cost": 14.975641325208787,
        "env_tax": 0.030000000000000006,
        "route": "(48,7), (48,8), (48,9), (49,9), (49,10), (50,10)|(50,10), (51,10), (52,10), (53,10), (54,10), (55,10), (56,10), (57,10), (58,10), (59,10), (60,10), (60,10)|(60,10), (61,10), (62,10), (63,10), (63,10)",
        "time": 237.0916927603091
    },
    "Walk": {
        "cost": 0,
        "env_tax": 0,
        "route": "(48,7), (49,7), (50,7), (51,7), (52,7), (53,7), (54,7), (55,7), (56,7), (57,7), (58,7), (59,7), (60,7), (61,7), (62,7), (63,7), (63,7), (63,8), (63,9), (63,10)",
        "time": 1342.1617752326413
    },
    "Walk_Train_Uber": {
        "cost": 13.939329144736192,
        "env_tax": 0.020000000000000004,
        "route": "(48,7), (49,7), (50,7), (50,7), (50,8), (50,9), (50,10)|(50,10), (51,10), (52,10), (53,10), (54,10), (55,10), (56,10), (57,10), (58,10), (59,10), (60,10), (60,10)|(60,10), (61,10), (62,10), (63,10)",
        "time": 382.5414097584517
    },
    "Walk_Train_Walk": {
        "cost": 1.2000000000000002,
        "env_tax": 0,
        "route": "(48,7), (49,7), (50,7), (50,7), (50,8), (50,9), (50,10)|(50,10), (51,10), (52,10), (53,10), (54,10), (55,10), (56,10), (57,10), (58,10), (59,10), (60,10), (60,10)|(60,10), (61,10), (62,10), (63,10), (63,10)",
        "time": 602.7582004835202
    }
}