{
    "Uber": {
        "cost": 39.474551015356845,
        "env_tax": 0.16500000000000004,
        "route": "(52,21), (51,21), (50,21), (49,21), (48,21), (48,22), (48,23), (48,24), (48,25), (47,25), (47,26), (47,27), (47,28), (47,29), (47,30), (47,31), (47,32), (47,33), (47,34), (47,35), (47,36), (47,37), (47,38), (47,39), (47,40), (47,41), (47,42), (47,43), (47,44), (47,45), (47,46), (47,47), (48,47)",
        "time": 14.023384997453352
    },
    "Uber_Train_Uber": {
        "cost": 34.876536350925306,
        "env_tax": 0.05000000000000001,
        "route": "(52,21), (52,20), (51,20), (50,20)|(50,20), (50,20), (50,21), (50,22), (50,23), (50,24), (50,25), (50,26), (50,27), (50,28), (50,29), (50,30), (50,31), (50,32), (50,33), (50,34), (50,35), (50,36), (50,37), (50,38), (50,39), (50,40), (50,41), (50,42), (50,43), (50,44), (50,45), (50,46), (50,47), (50,48), (50,49), (50,50)|(50,50), (49,50), (48,50), (48,49), (48,48), (48,47)",
        "time": 24.658140322876086
    },
    "Uber_Train_Walk": {
        "cost": 16.96858926007645,
        "env_tax": 0.020000000000000004,
        "route": "(52,21), (52,20), (51,20), (50,20)|(50,20), (50,20), (50,21), (50,22), (50,23), (50,24), (50,25), (50,26), (50,27), (50,28), (50,29), (50,30), (50,31), (50,32), (50,33), (50,34), (50,35), (50,36), (50,37), (50,38), (50,39), (50,40), (50,41), (50,42), (50,43), (50,44), (50,45), (50,46), (50,47), (50,48), (50,49), (50,50)|(50,50), (49,50), (48,50), (48,50), (48,49), (48,48), (48,47)",
        "time": 387.7609576042369
    },
    "Walk": {
        "cost": 0,
        "env_tax": 0,
        "route": "(52,21), (51,21), (50,21), (49,21), (48,21), (48,21), (48,22), (48,23), (48,24), (48,25), (48,26), (48,27), (48,28), (48,29), (48,30), (48,31), (48,32), (48,33), (48,34), (48,35), (48,36), (48,37), (48,38), (48,39), (48,40), (48,41), (48,42), (48,43), (48,44), (48,45), (48,46), (48,47)",
        "time": 2236.936292054402
    },
    "Walk_Train_Uber": {
        "cost": 20.57627027330385,
        "env_tax": 0.030000000000000006,
        "route": "(52,21), (51,21), (50,21), (50,21), (50,20)|(50,20), (50,20), (50,21), (50,22), (50,23), (50,24), (50,25), (50,26), (50,27), (50,28), (50,29), (50,30), (50,31), (50,32), (50,33), (50,34), (50,35), (50,36), (50,37), (50,38), (50,39), (50,40), (50,41), (50,42), (50,43), (50,44), (50,45), (50,46), (50,47), (50,48), (50,49), (50,50)|(50,50), (49,50), (48,50), (48,49), (48,48), (48,47)",
        "time": 235.9875625035814
    },
    "Walk_Train_Walk": {
        "cost": 3.2,
        "env_tax": 0,
        "route": "(52,21), (51,21), (50,21), (50,21), (50,20)|(50,20), (50,20), (50,21), (50,22), (50,23), (50,24), (50,25), (50,26), (50,27), (50,28), (50,29), (50,30), (50,31), (50,32), (50,33), (50,34), (50,35), (50,36), (50,37), (50,38), (50,39), (50,40), (50,41), (50,42), (50,43), (50,44), (50,45), (50,46), (50,47), (50,48), (50,49), (50,50)|(50,50), (49,50), (48,50), (48,50), (48,49), (48,48), (48,47)",
        "time": 602.5148854785734
    }
}