{
    "Uber": {
        "cost": 51.2167653092378,
        "env_tax": 0.6100000000000001,
        "route": "(97,67), (97,68), (97,69), (97,70), (97,71), (97,72), (97,73), (97,74), (97,75), (97,76), (97,77), (97,78), (97,79), (96,79), (95,79), (95,80), (94,80), (93,80), (93,81), (92,81), (91,81), (90,81), (89,81), (88,81), (87,81), (86,81), (85,81), (84,81), (83,81), (82,81), (81,81), (80,81), (79,81), (78,81), (77,81), (76,81), (75,81), (74,81), (73,81), (72,81), (71,81), (70,81), (69,81), (68,81), (67,81), (67,80), (66,80), (65,80), (64,80), (63,80), (62,80), (61,80), (60,80), (59,80), (58,80), (57,80), (56,80), (55,80), (54,80), (53,80), (52,80), (51,80), (50,80), (49,80), (48,80), (47,80), (46,80), (45,80), (44,80), (43,80), (42,80), (41,80), (40,80), (39,80), (38,80), (37,80), (36,80), (35,80), (34,80), (33,80), (32,80), (31,80), (30,80), (29,80), (28,80), (27,80), (26,80), (25,80), (24,80), (23,80), (22,80), (21,80), (20,80), (19,80), (18,80), (17,80), (16,80), (15,80), (14,80), (13,80), (12,80), (11,80), (11,79), (10,79), (9,79), (8,79), (7,79), (6,79), (5,79), (4,79), (3,79), (2,79), (1,79), (0,79), (0,78), (0,77), (0,76), (0,75), (0,74), (0,73), (0,72), (0,71)",
        "time": 17.337180268988455
    },
    "Uber_Train_Uber": {
        "cost": 36.39740657978204,
        "env_tax": 0.11500000000000002,
        "route": "(97,67), (97,68), (96,68), (95,68), (95,69), (94,69), (93,69), (92,69), (91,69), (90,69), (90,70)|(90,70), (89,70), (88,70), (87,70), (86,70), (85,70), (84,70), (83,70), (82,70), (81,70), (80,70), (79,70), (78,70), (77,70), (76,70), (75,70), (74,70), (73,70), (72,70), (71,70), (70,70), (69,70), (68,70), (67,70), (66,70), (65,70), (64,70), (63,70), (62,70), (61,70), (60,70), (59,70), (58,70), (57,70), (56,70), (55,70), (54,70), (53,70), (52,70), (51,70), (50,70), (49,70), (48,70), (47,70), (46,70), (45,70), (44,70), (43,70), (42,70), (41,70), (40,70), (39,70), (38,70), (37,70), (36,70), (35,70), (34,70), (33,70), (32,70), (31,70), (30,70), (29,70), (28,70), (27,70), (26,70), (25,70), (24,70), (23,70), (22,70), (21,70), (20,70), (19,70), (18,70), (17,70), (16,70), (15,70), (14,70), (13,70), (12,70), (11,70), (10,70), (10,70)|(10,70), (9,70), (8,70), (7,70), (6,70), (5,70), (4,70), (3,70), (2,70), (1,70), (0,70), (0,71)",
        "time": 21.25609469226024
    },
    "Uber_Train_Walk": {
        "cost": 22.187636879933137,
        "env_tax": 0.05500000000000001,
        "route": "(97,67), (97,68), (96,68), (95,68), (95,69), (94,69), (93,69), (92,69), (91,69), (90,69), (90,70)|(90,70), (89,70), (88,70), (87,70), (86,70), (85,70), (84,70), (83,70), (82,70), (81,70), (80,70), (79,70), (78,70), (77,70), (76,70), (75,70), (74,70), (73,70), (72,70), (71,70), (70,70), (69,70), (68,70), (67,70), (66,70), (65,70), (64,70), (63,70), (62,70), (61,70), (60,70), (59,70), (58,70), (57,70), (56,70), (55,70), (54,70), (53,70), (52,70), (51,70), (50,70), (49,70), (48,70), (47,70), (46,70), (45,70), (44,70), (43,70), (42,70), (41,70), (40,70), (39,70), (38,70), (37,70), (36,70), (35,70), (34,70), (33,70), (32,70), (31,70), (30,70), (29,70), (28,70), (27,70), (26,70), (25,70), (24,70), (23,70), (22,70), (21,70), (20,70), (19,70), (18,70), (17,70), (16,70), (15,70), (14,70), (13,70), (12,70), (11,70), (10,70), (10,70)|(10,70), (9,70), (8,70), (7,70), (6,70), (5,70), (4,70), (3,70), (2,70), (1,70), (0,70), (0,70), (0,71)",
        "time": 835.4613172195268
    },
    "Walk": {
        "cost": 0,
        "env_tax": 0,
        "route": "(97,67), (96,67), (95,67), (94,67), (93,67), (92,67), (91,67), (90,67), (89,67), (88,67), (87,67), (86,67), (85,67), (84,67), (83,67), (82,67), (81,67), (80,67), (79,67), (78,67), (77,67), (76,67), (75,67), (74,67), (73,67), (72,67), (71,67), (70,67), (69,67), (68,67), (67,67), (66,67), (65,67), (64,67), (63,67), (62,67), (61,67), (60,67), (59,67), (58,67), (57,67), (56,67), (55,67), (54,67), (53,67), (52,67), (51,67), (50,67), (49,67), (48,67), (47,67), (46,67), (45,67), (44,67), (43,67), (42,67), (41,67), (40,67), (39,67), (38,67), (37,67), (36,67), (35,67), (34,67), (33,67), (32,67), (31,67), (30,67), (29,67), (28,67), (27,67), (26,67), (25,67), (24,67), (23,67), (22,67), (21,67), (20,67), (19,67), (18,67), (17,67), (16,67), (15,67), (14,67), (13,67), (12,67), (11,67), (10,67), (9,67), (8,67), (7,67), (6,67), (5,67), (4,67), (3,67), (2,67), (1,67), (0,67), (0,67), (0,68), (0,69), (0,70), (0,71)",
        "time": 7531.018849916487
    },
    "Walk_Train_Uber": {
        "cost": 22.506067382579953,
        "env_tax": 0.06000000000000001,
        "route": "(97,67), (96,67), (95,67), (94,67), (93,67), (92,67), (91,67), (90,67), (90,67), (90,68), (90,69), (90,70)|(90,70), (89,70), (88,70), (87,70), (86,70), (85,70), (84,70), (83,70), (82,70), (81,70), (80,70), (79,70), (78,70), (77,70), (76,70), (75,70), (74,70), (73,70), (72,70), (71,70), (70,70), (69,70), (68,70), (67,70), (66,70), (65,70), (64,70), (63,70), (62,70), (61,70), (60,70), (59,70), (58,70), (57,70), (56,70), (55,70), (54,70), (53,70), (52,70), (51,70), (50,70), (49,70), (48,70), (47,70), (46,70), (45,70), (44,70), (43,70), (42,70), (41,70), (40,70), (39,70), (38,70), (37,70), (36,70), (35,70), (34,70), (33,70), (32,70), (31,70), (30,70), (29,70), (28,70), (27,70), (26,70), (25,70), (24,70), (23,70), (22,70), (21,70), (20,70), (19,70), (18,70), (17,70), (16,70), (15,70), (14,70), (13,70), (12,70), (11,70), (10,70), (10,70)|(10,70), (9,70), (8,70), (7,70), (6,70), (5,70), (4,70), (3,70), (2,70), (1,70), (0,70), (0,71)",
        "time": 762.0666437154455
    },
    "Walk_Train_Walk": {
        "cost": 8.200000000000001,
        "env_tax": 0,
        "route": "(97,67), (96,67), (95,67), (94,67), (93,67), (92,67), (91,67), (90,67), (90,67), (90,68), (90,69), (90,70)|(90,70), (89,70), (88,70), (87,70), (86,70), (85,70), (84,70), (83,70), (82,70), (81,70), (80,70), (79,70), (78,70), (77,70), (76,70), (75,70), (74,70), (73,70), (72,70), (71,70), (70,70), (69,70), (68,70), (67,70), (66,70), (65,70), (64,70), (63,70), (62,70), (61,70), (60,70), (59,70), (58,70), (57,70), (56,70), (55,70), (54,70), (53,70), (52,70), (51,70), (50,70), (49,70), (48,70), (47,70), (46,70), (45,70), (44,70), (43,70), (42,70), (41,70), (40,70), (39,70), (38,70), (37,70), (36,70), (35,70), (34,70), (33,70), (32,70), (31,70), (30,70), (29,70), (28,70), (27,70), (26,70), (25,70), (24,70), (23,70), (22,70), (21,70), (20,70), (19,70), (18,70), (17,70), (16,70), (15,70), (14,70), (13,70), (12,70), (11,70), (10,70), (10,70)|(10,70), (9,70), (8,70), (7,70), (6,70), (5,70), (4,70), (3,70), (2,70), (1,70), (0,70), (0,70), (0,71)",
        "time": 1575.4023942293961
    }
}