{
    "Uber": {
        "cost": 36.2200591806696,
        "env_tax": 0.49500000000000005,
        "route": "(18,28), (17,28), (16,28), (15,28), (15,29), (15,30), (15,31), (14,31), (13,31), (13,32), (12,32), (11,32), (10,32), (10,33), (10,34), (10,35), (10,36), (10,37), (9,37), (9,38), (9,39), (9,40), (9,41), (9,42), (9,43), (9,44), (9,45), (9,46), (9,47), (9,48), (9,49), (8,49), (8,50), (8,51), (8,52), (8,53), (8,54), (8,55), (8,56), (8,57), (8,58), (9,58), (9,59), (9,60), (9,61), (9,62), (9,63), (9,64), (9,65), (9,66), (9,67), (9,68), (9,69), (9,70), (9,71), (9,72), (9,73), (9,74), (10,74), (10,75), (11,75), (11,76), (11,77), (11,78), (11,79), (11,80), (11,81), (11,82), (11,83), (11,84), (11,85), (11,86), (11,87), (11,88), (11,89), (11,90), (12,90), (12,91), (13,91), (14,91), (14,92), (14,93), (15,93), (16,93), (17,93), (18,93), (19,93), (20,93), (21,93), (22,93), (23,93), (24,93), (25,93), (26,93), (27,93), (28,93), (28,94), (29,94), (29,95)",
        "time": 10.87258309747165
    },
    "Uber_Train_Uber": {
        "cost": 33.99686612102983,
        "env_tax": 0.060000000000000005,
        "route": "(18,28), (18,29), (18,30), (19,30), (20,30)|(20,30), (21,30), (22,30), (23,30), (24,30), (25,30), (26,30), (27,30), (28,30), (29,30), (30,30), (30,30), (30,31), (30,32), (30,33), (30,34), (30,35), (30,36), (30,37), (30,38), (30,39), (30,40), (30,41), (30,42), (30,43), (30,44), (30,45), (30,46), (30,47), (30,48), (30,49), (30,50), (30,51), (30,52), (30,53), (30,54), (30,55), (30,56), (30,57), (30,58), (30,59), (30,60), (30,61), (30,62), (30,63), (30,64), (30,65), (30,66), (30,67), (30,68), (30,69), (30,70), (30,71), (30,72), (30,73), (30,74), (30,75), (30,76), (30,77), (30,78), (30,79), (30,80), (30,81), (30,82), (30,83), (30,84), (30,85), (30,86), (30,87), (30,88), (30,89), (30,90)|(30,90), (30,91), (30,92), (30,93), (29,93), (29,94), (29,95)",
        "time": 19.649444357822034
    },
    "Uber_Train_Walk": {
        "cost": 20.923930907091854,
        "env_tax": 0.025,
        "route": "(18,28), (18,29), (18,30), (19,30), (20,30)|(20,30), (21,30), (22,30), (23,30), (24,30), (25,30), (26,30), (27,30), (28,30), (29,30), (30,30), (30,30), (30,31), (30,32), (30,33), (30,34), (30,35), (30,36), (30,37), (30,38), (30,39), (30,40), (30,41), (30,42), (30,43), (30,44), (30,45), (30,46), (30,47), (30,48), (30,49), (30,50), (30,51), (30,52), (30,53), (30,54), (30,55), (30,56), (30,57), (30,58), (30,59), (30,60), (30,61), (30,62), (30,63), (30,64), (30,65), (30,66), (30,67), (30,68), (30,69), (30,70), (30,71), (30,72), (30,73), (30,74), (30,75), (30,76), (30,77), (30,78), (30,79), (30,80), (30,81), (30,82), (30,83), (30,84), (30,85), (30,86), (30,87), (30,88), (30,89), (30,90)|(30,90), (29,90), (29,90), (29,91), (29,92), (29,93), (29,94), (29,95)",
        "time": 462.3425537544506
    },
    "Walk": {
        "cost": 0,
        "env_tax": 0,
        "route": "(18,28), (19,28), (20,28), (21,28), (22,28), (23,28), (24,28), (25,28), (26,28), (27,28), (28,28), (29,28), (29,28), (29,29), (29,30), (29,31), (29,32), (29,33), (29,34), (29,35), (29,36), (29,37), (29,38), (29,39), (29,40), (29,41), (29,42), (29,43), (29,44), (29,45), (29,46), (29,47), (29,48), (29,49), (29,50), (29,51), (29,52), (29,53), (29,54), (29,55), (29,56), (29,57), (29,58), (29,59), (29,60), (29,61), (29,62), (29,63), (29,64), (29,65), (29,66), (29,67), (29,68), (29,69), (29,70), (29,71), (29,72), (29,73), (29,74), (29,75), (29,76), (29,77), (29,78), (29,79), (29,80), (29,81), (29,82), (29,83), (29,84), (29,85), (29,86), (29,87), (29,88), (29,89), (29,90), (29,91), (29,92), (29,93), (29,94), (29,95)",
        "time": 5816.034359341445
    },
    "Walk_Train_Uber": {
        "cost": 20.22424102628258,
        "env_tax": 0.035,
        "route": "(18,28), (19,28), (20,28), (20,28), (20,29), (20,30)|(20,30), (21,30), (22,30), (23,30), (24,30), (25,30), (26,30), (27,30), (28,30), (29,30), (30,30), (30,30), (30,31), (30,32), (30,33), (30,34), (30,35), (30,36), (30,37), (30,38), (30,39), (30,40), (30,41), (30,42), (30,43), (30,44), (30,45), (30,46), (30,47), (30,48), (30,49), (30,50), (30,51), (30,52), (30,53), (30,54), (30,55), (30,56), (30,57), (30,58), (30,59), (30,60), (30,61), (30,62), (30,63), (30,64), (30,65), (30,66), (30,67), (30,68), (30,69), (30,70), (30,71), (30,72), (30,73), (30,74), (30,75), (30,76), (30,77), (30,78), (30,79), (30,80), (30,81), (30,82), (30,83), (30,84), (30,85), (30,86), (30,87), (30,88), (30,89), (30,90)|(30,90), (30,91), (30,92), (30,93), (29,93), (29,94), (29,95)",
        "time": 312.6286896784808
    },
    "Walk_Train_Walk": {
        "cost": 7.2,
        "env_tax": 0,
        "route": "(18,28), (19,28), (20,28), (20,28), (20,29), (20,30)|(20,30), (21,30), (22,30), (23,30), (24,30), (25,30), (26,30), (27,30), (28,30), (29,30), (30,30), (30,30), (30,31), (30,32), (30,33), (30,34), (30,35), (30,36), (30,37), (30,38), (30,39), (30,40), (30,41), (30,42), (30,43), (30,44), (30,45), (30,46), (30,47), (30,48), (30,49), (30,50), (30,51), (30,52), (30,53), (30,54), (30,55), (30,56), (30,57), (30,58), (30,59), (30,60), (30,61), (30,62), (30,63), (30,64), (30,65), (30,66), (30,67), (30,68), (30,69), (30,70), (30,71), (30,72), (30,73), (30,74), (30,75), (30,76), (30,77), (30,78), (30,79), (30,80), (30,81), (30,82), (30,83), (30,84), (30,85), (30,86), (30,87), (30,88), (30,89), (30,90)|(30,90), (29,90), (29,90), (29,91), (29,92), (29,93), (29,94), (29,95)",
        "time": 753.6915467627133
    }
}