{
    "Uber": {
        "cost": 18.213113483699424,
        "env_tax": 0.22000000000000003,
        "route": "(99,43), (99,42), (99,41), (99,40), (99,39), (99,38), (99,37), (99,36), (99,35), (99,34), (99,33), (99,32), (99,31), (99,30), (99,29), (99,28), (99,27), (99,26), (98,26), (98,25), (98,24), (98,23), (98,22), (98,21), (98,20), (98,19), (98,18), (98,17), (98,16), (97,16), (97,15), (97,14), (97,13), (96,13), (95,13), (94,13), (94,12), (93,12), (92,12), (92,11), (92,10), (92,9), (91,9), (90,9)",
        "time": 8.952780080972786
    },
    "Uber_Train_Uber": {
        "cost": 30.093157342733225,
        "env_tax": 0.07500000000000001,
        "route": "(99,43), (99,42), (98,42), (98,41), (97,41), (97,40), (96,40), (95,40), (94,40), (93,40), (92,40), (91,40), (90,40)|(90,40), (90,40), (90,39), (90,38), (90,37), (90,36), (90,35), (90,34), (90,33), (90,32), (90,31), (90,30), (90,29), (90,28), (90,27), (90,26), (90,25), (90,24), (90,23), (90,22), (90,21), (90,20), (90,19), (90,18), (90,17), (90,16), (90,15), (90,14), (90,13), (90,12), (90,11), (90,10)|(90,10), (90,9)",
        "time": 12.058198392830182
    },
    "Uber_Train_Walk": {
        "cost": 18.11465250589643,
        "env_tax": 0.065,
        "route": "(99,43), (99,42), (98,42), (98,41), (97,41), (97,40), (96,40), (95,40), (94,40), (93,40), (92,40), (91,40), (90,40)|(90,40), (90,40), (90,39), (90,38), (90,37), (90,36), (90,35), (90,34), (90,33), (90,32), (90,31), (90,30), (90,29), (90,28), (90,27), (90,26), (90,25), (90,24), (90,23), (90,22), (90,21), (90,20), (90,19), (90,18), (90,17), (90,16), (90,15), (90,14), (90,13), (90,12), (90,11), (90,10)|(90,10), (90,10), (90,9)",
        "time": 91.28613079768496
    },
    "Walk": {
        "cost": 0,
        "env_tax": 0,
        "route": "(99,43), (98,43), (97,43), (96,43), (95,43), (94,43), (93,43), (92,43), (91,43), (90,43), (90,43), (90,42), (90,41), (90,40), (90,39), (90,38), (90,37), (90,36), (90,35), (90,34), (90,33), (90,32), (90,31), (90,30), (90,29), (90,28), (90,27), (90,26), (90,25), (90,24), (90,23), (90,22), (90,21), (90,20), (90,19), (90,18), (90,17), (90,16), (90,15), (90,14), (90,13), (90,12), (90,11), (90,10), (90,9)",
        "time": 3206.2753519446433
    },
    "Walk_Train_Uber": {
        "cost": 15.13543816120764,
        "env_tax": 0.010000000000000002,
        "route": "(99,43), (98,43), (97,43), (96,43), (95,43), (94,43), (93,43), (92,43), (91,43), (90,43), (90,43), (90,42), (90,41), (90,40)|(90,40), (90,40), (90,39), (90,38), (90,37), (90,36), (90,35), (90,34), (90,33), (90,32), (90,31), (90,30), (90,29), (90,28), (90,27), (90,26), (90,25), (90,24), (90,23), (90,22), (90,21), (90,20), (90,19), (90,18), (90,17), (90,16), (90,15), (90,14), (90,13), (90,12), (90,11), (90,10)|(90,10), (90,9)",
        "time": 909.3730501171398
    },
    "Walk_Train_Walk": {
        "cost": 3.2,
        "env_tax": 0,
        "route": "(99,43), (98,43), (97,43), (96,43), (95,43), (94,43), (93,43), (92,43), (91,43), (90,43), (90,43), (90,42), (90,41), (90,40)|(90,40), (90,40), (90,39), (90,38), (90,37), (90,36), (90,35), (90,34), (90,33), (90,32), (90,31), (90,30), (90,29), (90,28), (90,27), (90,26), (90,25), (90,24), (90,23), (90,22), (90,21), (90,20), (90,19), (90,18), (90,17), (90,16), (90,15), (90,14), (90,13), (90,12), (90,11), (90,10)|(90,10), (90,10), (90,9)",
        "time": 975.6615347401821
    }
}