{
    "Uber": {
        "cost": 60.40353215414698,
        "env_tax": 0.42000000000000004,
        "route": "(50,29), (51,29), (51,28), (52,28), (53,28), (53,27), (53,26), (53,25), (54,25), (55,25), (55,24), (56,24), (57,24), (58,24), (59,24), (60,24), (61,24), (62,24), (63,24), (64,24), (65,24), (66,24), (67,24), (68,24), (69,24), (70,24), (71,24), (72,24), (73,24), (74,24), (75,24), (76,24), (77,24), (78,24), (78,25), (78,26), (78,27), (79,27), (79,28), (80,28), (81,28), (81,29), (81,30), (81,31), (81,32), (81,33), (81,34), (81,35), (81,36), (81,37), (81,38), (81,39), (81,40), (81,41), (81,42), (81,43), (81,44), (80,44), (80,45), (80,46), (80,47), (80,48), (80,49), (80,50), (80,51), (80,52), (80,53), (80,54), (80,55), (80,56), (80,57), (80,58), (80,59), (80,60), (80,61), (80,62), (80,63), (80,64), (80,65), (80,66), (79,66), (78,66), (77,66), (76,66)",
        "time": 21.063452849898013
    },
    "Uber_Train_Uber": {
        "cost": 35.14747751102193,
        "env_tax": 0.05500000000000001,
        "route": "(50,29), (50,30)|(50,30), (51,30), (52,30), (53,30), (54,30), (55,30), (56,30), (57,30), (58,30), (59,30), (60,30), (61,30), (62,30), (63,30), (64,30), (65,30), (66,30), (67,30), (68,30), (69,30), (70,30), (71,30), (72,30), (73,30), (74,30), (75,30), (76,30), (77,30), (78,30), (79,30), (80,30), (80,30), (80,31), (80,32), (80,33), (80,34), (80,35), (80,36), (80,37), (80,38), (80,39), (80,40), (80,41), (80,42), (80,43), (80,44), (80,45), (80,46), (80,47), (80,48), (80,49), (80,50), (80,51), (80,52), (80,53), (80,54), (80,55), (80,56), (80,57), (80,58), (80,59), (80,60), (80,61), (80,62), (80,63), (80,64), (80,65), (80,66), (80,67), (80,68), (80,69), (80,70)|(80,70), (80,69), (80,68), (80,67), (80,66), (79,66), (78,66), (77,66), (76,66)",
        "time": 23.788093370064725
    },
    "Uber_Train_Walk": {
        "cost": 19.76942570375945,
        "env_tax": 0.010000000000000002,
        "route": "(50,29), (50,30)|(50,30), (51,30), (52,30), (53,30), (54,30), (55,30), (56,30), (57,30), (58,30), (59,30), (60,30), (61,30), (62,30), (63,30), (64,30), (65,30), (66,30), (67,30), (68,30), (69,30), (70,30), (71,30), (72,30), (73,30), (74,30), (75,30), (76,30), (77,30), (78,30), (79,30), (80,30), (80,30), (80,31), (80,32), (80,33), (80,34), (80,35), (80,36), (80,37), (80,38), (80,39), (80,40), (80,41), (80,42), (80,43), (80,44), (80,45), (80,46), (80,47), (80,48), (80,49), (80,50), (80,51), (80,52), (80,53), (80,54), (80,55), (80,56), (80,57), (80,58), (80,59), (80,60), (80,61), (80,62), (80,63), (80,64), (80,65), (80,66), (80,67), (80,68), (80,69), (80,70)|(80,70), (79,70), (78,70), (77,70), (76,70), (76,70), (76,69), (76,68), (76,67), (76,66)",
        "time": 609.7031589754469
    },
    "Walk": {
        "cost": 0,
        "env_tax": 0,
        "route": "(50,29), (51,29), (52,29), (53,29), (54,29), (55,29), (56,29), (57,29), (58,29), (59,29), (60,29), (61,29), (62,29), (63,29), (64,29), (65,29), (66,29), (67,29), (68,29), (69,29), (70,29), (71,29), (72,29), (73,29), (74,29), (75,29), (76,29), (76,29), (76,30), (76,31), (76,32), (76,33), (76,34), (76,35), (76,36), (76,37), (76,38), (76,39), (76,40), (76,41), (76,42), (76,43), (76,44), (76,45), (76,46), (76,47), (76,48), (76,49), (76,50), (76,51), (76,52), (76,53), (76,54), (76,55), (76,56), (76,57), (76,58), (76,59), (76,60), (76,61), (76,62), (76,63), (76,64), (76,65), (76,66)",
        "time": 4697.566213314244
    },
    "Walk_Train_Uber": {
        "cost": 23.29647632120327,
        "env_tax": 0.045000000000000005,
        "route": "(50,29), (50,29), (50,30)|(50,30), (51,30), (52,30), (53,30), (54,30), (55,30), (56,30), (57,30), (58,30), (59,30), (60,30), (61,30), (62,30), (63,30), (64,30), (65,30), (66,30), (67,30), (68,30), (69,30), (70,30), (71,30), (72,30), (73,30), (74,30), (75,30), (76,30), (77,30), (78,30), (79,30), (80,30), (80,30), (80,31), (80,32), (80,33), (80,34), (80,35), (80,36), (80,37), (80,38), (80,39), (80,40), (80,41), (80,42), (80,43), (80,44), (80,45), (80,46), (80,47), (80,48), (80,49), (80,50), (80,51), (80,52), (80,53), (80,54), (80,55), (80,56), (80,57), (80,58), (80,59), (80,60), (80,61), (80,62), (80,63), (80,64), (80,65), (80,66), (80,67), (80,68), (80,69), (80,70)|(80,70), (80,69), (80,68), (80,67), (80,66), (79,66), (78,66), (77,66), (76,66)",
        "time": 88.65069816638524
    },
    "Walk_Train_Walk": {
        "cost": 7.2,
        "env_tax": 0,
        "route": "(50,29), (50,29), (50,30)|(50,30), (51,30), (52,30), (53,30), (54,30), (55,30), (56,30), (57,30), (58,30), (59,30), (60,30), (61,30), (62,30), (63,30), (64,30), (65,30), (66,30), (67,30), (68,30), (69,30), (70,30), (71,30), (72,30), (73,30), (74,30), (75,30), (76,30), (77,30), (78,30), (79,30), (80,30), (80,30), (80,31), (80,32), (80,33), (80,34), (80,35), (80,36), (80,37), (80,38), (80,39), (80,40), (80,41), (80,42), (80,43), (80,44), (80,45), (80,46), (80,47), (80,48), (80,49), (80,50), (80,51), (80,52), (80,53), (80,54), (80,55), (80,56), (80,57), (80,58), (80,59), (80,60), (80,61), (80,62), (80,63), (80,64), (80,65), (80,66), (80,67), (80,68), (80,69), (80,70)|(80,70), (79,70), (78,70), (77,70), (76,70), (76,70), (76,69), (76,68), (76,67), (76,66)",
        "time": 675.388091617656
    }
}