{
    "Uber": {
        "cost": 73.74606962374045,
        "env_tax": 0.6000000000000001,
        "route": "(69,5), (68,5), (67,5), (66,5), (66,4), (65,4), (64,4), (63,4), (62,4), (61,4), (60,4), (59,4), (58,4), (57,4), (56,4), (55,4), (54,4), (53,4), (52,4), (51,4), (50,4), (49,4), (48,4), (47,4), (46,4), (45,4), (44,4), (44,5), (43,5), (42,5), (41,5), (40,5), (39,5), (38,5), (38,6), (38,7), (38,8), (37,8), (37,9), (37,10), (37,11), (36,11), (35,11), (35,12), (34,12), (34,13), (34,14), (34,15), (34,16), (34,17), (33,17), (32,17), (31,17), (31,18), (31,19), (31,20), (31,21), (30,21), (29,21), (29,22), (29,23), (29,24), (29,25), (29,26), (29,27), (29,28), (29,29), (30,29), (30,30), (30,31), (30,32), (30,33), (30,34), (30,35), (30,36), (30,37), (30,38), (30,39), (30,40), (30,41), (30,42), (30,43), (30,44), (30,45), (30,46), (30,47), (30,48), (30,49), (30,50), (30,51), (30,52), (30,53), (30,54), (30,55), (30,56), (30,57), (30,58), (30,59), (30,60), (30,61), (30,62), (30,63), (30,64), (31,64), (31,65), (31,66), (31,67), (31,68), (31,69), (31,70), (32,70), (33,70), (33,71), (34,71), (35,71), (36,71), (37,71), (38,71), (38,72), (39,72)",
        "time": 22.118989087550396
    },
    "Uber_Train_Uber": {
        "cost": 37.48489082816741,
        "env_tax": 0.05500000000000001,
        "route": "(69,5), (69,6), (69,7), (70,7), (70,8), (70,9), (70,10)|(70,10), (69,10), (68,10), (67,10), (66,10), (65,10), (64,10), (63,10), (62,10), (61,10), (60,10), (59,10), (58,10), (57,10), (56,10), (55,10), (54,10), (53,10), (52,10), (51,10), (50,10), (49,10), (48,10), (47,10), (46,10), (45,10), (44,10), (43,10), (42,10), (41,10), (40,10), (40,10), (40,11), (40,12), (40,13), (40,14), (40,15), (40,16), (40,17), (40,18), (40,19), (40,20), (40,21), (40,22), (40,23), (40,24), (40,25), (40,26), (40,27), (40,28), (40,29), (40,30), (40,31), (40,32), (40,33), (40,34), (40,35), (40,36), (40,37), (40,38), (40,39), (40,40), (40,41), (40,42), (40,43), (40,44), (40,45), (40,46), (40,47), (40,48), (40,49), (40,50), (40,51), (40,52), (40,53), (40,54), (40,55), (40,56), (40,57), (40,58), (40,59), (40,60), (40,61), (40,62), (40,63), (40,64), (40,65), (40,66), (40,67), (40,68), (40,69), (40,70)|(40,70), (39,70), (39,71), (39,72)",
        "time": 18.58306694142869
    },
    "Uber_Train_Walk": {
        "cost": 22.44076169969157,
        "env_tax": 0.035,
        "route": "(69,5), (69,6), (69,7), (70,7), (70,8), (70,9), (70,10)|(70,10), (69,10), (68,10), (67,10), (66,10), (65,10), (64,10), (63,10), (62,10), (61,10), (60,10), (59,10), (58,10), (57,10), (56,10), (55,10), (54,10), (53,10), (52,10), (51,10), (50,10), (49,10), (48,10), (47,10), (46,10), (45,10), (44,10), (43,10), (42,10), (41,10), (40,10), (40,10), (40,11), (40,12), (40,13), (40,14), (40,15), (40,16), (40,17), (40,18), (40,19), (40,20), (40,21), (40,22), (40,23), (40,24), (40,25), (40,26), (40,27), (40,28), (40,29), (40,30), (40,31), (40,32), (40,33), (40,34), (40,35), (40,36), (40,37), (40,38), (40,39), (40,40), (40,41), (40,42), (40,43), (40,44), (40,45), (40,46), (40,47), (40,48), (40,49), (40,50), (40,51), (40,52), (40,53), (40,54), (40,55), (40,56), (40,57), (40,58), (40,59), (40,60), (40,61), (40,62), (40,63), (40,64), (40,65), (40,66), (40,67), (40,68), (40,69), (40,70)|(40,70), (39,70), (39,70), (39,71), (39,72)",
        "time": 240.1029863407475
    },
    "Walk": {
        "cost": 0,
        "env_tax": 0,
        "route": "(69,5), (68,5), (67,5), (66,5), (65,5), (64,5), (63,5), (62,5), (61,5), (60,5), (59,5), (58,5), (57,5), (56,5), (55,5), (54,5), (53,5), (52,5), (51,5), (50,5), (49,5), (48,5), (47,5), (46,5), (45,5), (44,5), (43,5), (42,5), (41,5), (40,5), (39,5), (39,5), (39,6), (39,7), (39,8), (39,9), (39,10), (39,11), (39,12), (39,13), (39,14), (39,15), (39,16), (39,17), (39,18), (39,19), (39,20), (39,21), (39,22), (39,23), (39,24), (39,25), (39,26), (39,27), (39,28), (39,29), (39,30), (39,31), (39,32), (39,33), (39,34), (39,35), (39,36), (39,37), (39,38), (39,39), (39,40), (39,41), (39,42), (39,43), (39,44), (39,45), (39,46), (39,47), (39,48), (39,49), (39,50), (39,51), (39,52), (39,53), (39,54), (39,55), (39,56), (39,57), (39,58), (39,59), (39,60), (39,61), (39,62), (39,63), (39,64), (39,65), (39,66), (39,67), (39,68), (39,69), (39,70), (39,71), (39,72)",
        "time": 7232.760677642567
    },
    "Walk_Train_Uber": {
        "cost": 22.855803388866672,
        "env_tax": 0.020000000000000004,
        "route": "(69,5), (70,5), (70,5), (70,6), (70,7), (70,8), (70,9), (70,10)|(70,10), (69,10), (68,10), (67,10), (66,10), (65,10), (64,10), (63,10), (62,10), (61,10), (60,10), (59,10), (58,10), (57,10), (56,10), (55,10), (54,10), (53,10), (52,10), (51,10), (50,10), (49,10), (48,10), (47,10), (46,10), (45,10), (44,10), (43,10), (42,10), (41,10), (40,10), (40,10), (40,11), (40,12), (40,13), (40,14), (40,15), (40,16), (40,17), (40,18), (40,19), (40,20), (40,21), (40,22), (40,23), (40,24), (40,25), (40,26), (40,27), (40,28), (40,29), (40,30), (40,31), (40,32), (40,33), (40,34), (40,35), (40,36), (40,37), (40,38), (40,39), (40,40), (40,41), (40,42), (40,43), (40,44), (40,45), (40,46), (40,47), (40,48), (40,49), (40,50), (40,51), (40,52), (40,53), (40,54), (40,55), (40,56), (40,57), (40,58), (40,59), (40,60), (40,61), (40,62), (40,63), (40,64), (40,65), (40,66), (40,67), (40,68), (40,69), (40,70)|(40,70), (39,70), (39,71), (39,72)",
        "time": 462.8466062257312
    },
    "Walk_Train_Walk": {
        "cost": 9.200000000000001,
        "env_tax": 0,
        "route": "(69,5), (70,5), (70,5), (70,6), (70,7), (70,8), (70,9), (70,10)|(70,10), (69,10), (68,10), (67,10), (66,10), (65,10), (64,10), (63,10), (62,10), (61,10), (60,10), (59,10), (58,10), (57,10), (56,10), (55,10), (54,10), (53,10), (52,10), (51,10), (50,10), (49,10), (48,10), (47,10), (46,10), (45,10), (44,10), (43,10), (42,10), (41,10), (40,10), (40,10), (40,11), (40,12), (40,13), (40,14), (40,15), (40,16), (40,17), (40,18), (40,19), (40,20), (40,21), (40,22), (40,23), (40,24), (40,25), (40,26), (40,27), (40,28), (40,29), (40,30), (40,31), (40,32), (40,33), (40,34), (40,35), (40,36), (40,37), (40,38), (40,39), (40,40), (40,41), (40,42), (40,43), (40,44), (40,45), (40,46), (40,47), (40,48), (40,49), (40,50), (40,51), (40,52), (40,53), (40,54), (40,55), (40,56), (40,57), (40,58), (40,59), (40,60), (40,61), (40,62), (40,63), (40,64), (40,65), (40,66), (40,67), (40,68), (40,69), (40,70)|(40,70), (39,70), (39,70), (39,71), (39,72)",
        "time": 679.1687029708523
    }
}