{
    "Uber": {
        "cost": 43.23562901012619,
        "env_tax": 0.45,
        "route": "(24,74), (23,74), (23,73), (22,73), (21,73), (20,73), (19,73), (18,73), (17,73), (17,72), (16,72), (15,72), (15,71), (15,70), (15,69), (15,68), (15,67), (15,66), (15,65), (15,64), (15,63), (15,62), (15,61), (14,61), (14,60), (14,59), (14,58), (14,57), (14,56), (14,55), (14,54), (14,53), (14,52), (14,51), (14,50), (14,49), (14,48), (14,47), (14,46), (14,45), (14,44), (14,43), (14,42), (14,41), (14,40), (14,39), (14,38), (14,37), (14,36), (14,35), (14,34), (14,33), (14,32), (14,31), (14,30), (14,29), (14,28), (14,27), (14,26), (14,25), (14,24), (14,23), (14,22), (14,21), (15,21), (16,21), (17,21), (17,20), (18,20), (18,19), (18,18), (18,17), (18,16), (19,16), (20,16), (21,16), (22,16), (23,16), (23,15), (24,15), (24,14), (25,14), (26,14), (27,14), (28,14), (29,14), (30,14), (30,13), (31,13), (32,13)",
        "time": 14.21169624164181
    },
    "Uber_Train_Uber": {
        "cost": 36.06621499323087,
        "env_tax": 0.07500000000000001,
        "route": "(24,74), (23,74), (23,73), (22,73), (21,73), (20,73), (20,72), (20,71), (20,70)|(20,70), (21,70), (22,70), (23,70), (24,70), (25,70), (26,70), (27,70), (28,70), (29,70), (30,70), (30,70), (30,69), (30,68), (30,67), (30,66), (30,65), (30,64), (30,63), (30,62), (30,61), (30,60), (30,59), (30,58), (30,57), (30,56), (30,55), (30,54), (30,53), (30,52), (30,51), (30,50), (30,49), (30,48), (30,47), (30,46), (30,45), (30,44), (30,43), (30,42), (30,41), (30,40), (30,39), (30,38), (30,37), (30,36), (30,35), (30,34), (30,33), (30,32), (30,31), (30,30), (30,29), (30,28), (30,27), (30,26), (30,25), (30,24), (30,23), (30,22), (30,21), (30,20), (30,19), (30,18), (30,17), (30,16), (30,15), (30,14), (30,13), (30,12), (30,11), (30,10)|(30,10), (30,11), (30,12), (30,13), (31,13), (32,13)",
        "time": 18.88115877053744
    },
    "Uber_Train_Walk": {
        "cost": 21.95340998448537,
        "env_tax": 0.045000000000000005,
        "route": "(24,74), (23,74), (23,73), (22,73), (21,73), (20,73), (20,72), (20,71), (20,70)|(20,70), (21,70), (22,70), (23,70), (24,70), (25,70), (26,70), (27,70), (28,70), (29,70), (30,70), (30,70), (30,69), (30,68), (30,67), (30,66), (30,65), (30,64), (30,63), (30,62), (30,61), (30,60), (30,59), (30,58), (30,57), (30,56), (30,55), (30,54), (30,53), (30,52), (30,51), (30,50), (30,49), (30,48), (30,47), (30,46), (30,45), (30,44), (30,43), (30,42), (30,41), (30,40), (30,39), (30,38), (30,37), (30,36), (30,35), (30,34), (30,33), (30,32), (30,31), (30,30), (30,29), (30,28), (30,27), (30,26), (30,25), (30,24), (30,23), (30,22), (30,21), (30,20), (30,19), (30,18), (30,17), (30,16), (30,15), (30,14), (30,13), (30,12), (30,11), (30,10)|(30,10), (31,10), (32,10), (32,10), (32,11), (32,12), (32,13)",
        "time": 387.1467396807697
    },
    "Walk": {
        "cost": 0,
        "env_tax": 0,
        "route": "(24,74), (25,74), (26,74), (27,74), (28,74), (29,74), (30,74), (31,74), (32,74), (32,74), (32,73), (32,72), (32,71), (32,70), (32,69), (32,68), (32,67), (32,66), (32,65), (32,64), (32,63), (32,62), (32,61), (32,60), (32,59), (32,58), (32,57), (32,56), (32,55), (32,54), (32,53), (32,52), (32,51), (32,50), (32,49), (32,48), (32,47), (32,46), (32,45), (32,44), (32,43), (32,42), (32,41), (32,40), (32,39), (32,38), (32,37), (32,36), (32,35), (32,34), (32,33), (32,32), (32,31), (32,30), (32,29), (32,28), (32,27), (32,26), (32,25), (32,24), (32,23), (32,22), (32,21), (32,20), (32,19), (32,18), (32,17), (32,16), (32,15), (32,14), (32,13)",
        "time": 5144.9534717251245
    },
    "Walk_Train_Uber": {
        "cost": 20.59656984667461,
        "env_tax": 0.030000000000000006,
        "route": "(24,74), (23,74), (22,74), (21,74), (20,74), (20,74), (20,73), (20,72), (20,71), (20,70)|(20,70), (21,70), (22,70), (23,70), (24,70), (25,70), (26,70), (27,70), (28,70), (29,70), (30,70), (30,70), (30,69), (30,68), (30,67), (30,66), (30,65), (30,64), (30,63), (30,62), (30,61), (30,60), (30,59), (30,58), (30,57), (30,56), (30,55), (30,54), (30,53), (30,52), (30,51), (30,50), (30,49), (30,48), (30,47), (30,46), (30,45), (30,44), (30,43), (30,42), (30,41), (30,40), (30,39), (30,38), (30,37), (30,36), (30,35), (30,34), (30,33), (30,32), (30,31), (30,30), (30,29), (30,28), (30,27), (30,26), (30,25), (30,24), (30,23), (30,22), (30,21), (30,20), (30,19), (30,18), (30,17), (30,16), (30,15), (30,14), (30,13), (30,12), (30,11), (30,10)|(30,10), (30,11), (30,12), (30,13), (31,13), (32,13)",
        "time": 611.6643496831772
    },
    "Walk_Train_Walk": {
        "cost": 7.2,
        "env_tax": 0,
        "route": "(24,74), (23,74), (22,74), (21,74), (20,74), (20,74), (20,73), (20,72), (20,71), (20,70)|(20,70), (21,70), (22,70), (23,70), (24,70), (25,70), (26,70), (27,70), (28,70), (29,70), (30,70), (30,70), (30,69), (30,68), (30,67), (30,66), (30,65), (30,64), (30,63), (30,62), (30,61), (30,60), (30,59), (30,58), (30,57), (30,56), (30,55), (30,54), (30,53), (30,52), (30,51), (30,50), (30,49), (30,48), (30,47), (30,46), (30,45), (30,44), (30,43), (30,42), (30,41), (30,40), (30,39), (30,38), (30,37), (30,36), (30,35), (30,34), (30,33), (30,32), (30,31), (30,30), (30,29), (30,28), (30,27), (30,26), (30,25), (30,24), (30,23), (30,22), (30,21), (30,20), (30,19), (30,18), (30,17), (30,16), (30,15), (30,14), (30,13), (30,12), (30,11), (30,10)|(30,10), (31,10), (32,10), (32,10), (32,11), (32,12), (32,13)",
        "time": 976.8718610924865
    }
}