{
    "Uber": {
        "cost": 30.94495734632527,
        "env_tax": 0.14500000000000002,
        "route": "(63,35), (63,34), (63,33), (63,32), (64,32), (65,32), (65,31), (66,31), (67,31), (67,30), (67,29), (67,28), (68,28), (68,27), (69,27), (70,27), (70,26), (71,26), (72,26), (73,26), (74,26), (75,26), (76,26), (77,26), (78,26), (79,26), (80,26), (81,26), (82,26)",
        "time": 13.098031372761167
    },
    "Uber_Train_Uber": {
        "cost": 33.868530329329296,
        "env_tax": 0.08000000000000002,
        "route": "(63,35), (63,34), (62,34), (61,34), (61,33), (61,32), (60,32), (60,31), (60,30)|(60,30), (61,30), (62,30), (63,30), (64,30), (65,30), (66,30), (67,30), (68,30), (69,30), (70,30), (71,30), (72,30), (73,30), (74,30), (75,30), (76,30), (77,30), (78,30), (79,30), (80,30), (80,30)|(80,30), (81,30), (82,30), (82,29), (82,28), (82,27), (82,26)",
        "time": 17.835630065459984
    },
    "Uber_Train_Walk": {
        "cost": 22.35425104613822,
        "env_tax": 0.045000000000000005,
        "route": "(63,35), (63,34), (62,34), (61,34), (61,33), (61,32), (60,32), (60,31), (60,30)|(60,30), (61,30), (62,30), (63,30), (64,30), (65,30), (66,30), (67,30), (68,30), (69,30), (70,30), (71,30), (72,30), (73,30), (74,30), (75,30), (76,30), (77,30), (78,30), (79,30), (80,30), (80,30)|(80,30), (81,30), (82,30), (82,30), (82,29), (82,28), (82,27), (82,26)",
        "time": 459.4469402774713
    },
    "Walk": {
        "cost": 0,
        "env_tax": 0,
        "route": "(63,35), (64,35), (65,35), (66,35), (67,35), (68,35), (69,35), (70,35), (71,35), (72,35), (73,35), (74,35), (75,35), (76,35), (77,35), (78,35), (79,35), (80,35), (81,35), (82,35), (82,35), (82,34), (82,33), (82,32), (82,31), (82,30), (82,29), (82,28), (82,27), (82,26)",
        "time": 2087.807205917442
    },
    "Walk_Train_Uber": {
        "cost": 17.009997006147493,
        "env_tax": 0.035,
        "route": "(63,35), (62,35), (61,35), (60,35), (60,35), (60,34), (60,33), (60,32), (60,31), (60,30)|(60,30), (61,30), (62,30), (63,30), (64,30), (65,30), (66,30), (67,30), (68,30), (69,30), (70,30), (71,30), (72,30), (73,30), (74,30), (75,30), (76,30), (77,30), (78,30), (79,30), (80,30), (80,30)|(80,30), (81,30), (82,30), (82,29), (82,28), (82,27), (82,26)",
        "time": 605.901090038281
    },
    "Walk_Train_Walk": {
        "cost": 2.2,
        "env_tax": 0,
        "route": "(63,35), (62,35), (61,35), (60,35), (60,35), (60,34), (60,33), (60,32), (60,31), (60,30)|(60,30), (61,30), (62,30), (63,30), (64,30), (65,30), (66,30), (67,30), (68,30), (69,30), (70,30), (71,30), (72,30), (73,30), (74,30), (75,30), (76,30), (77,30), (78,30), (79,30), (80,30), (80,30)|(80,30), (81,30), (82,30), (82,30), (82,29), (82,28), (82,27), (82,26)",
        "time": 1050.0394124898369
    }
}