{
    "Uber": {
        "cost": 47.47230148775298,
        "env_tax": 0.7400000000000001,
        "route": "(80,86), (79,86), (79,87), (79,88), (79,89), (79,90), (79,91), (79,92), (78,92), (77,92), (76,92), (76,93), (76,94), (75,94), (74,94), (73,94), (72,94), (71,94), (70,94), (69,94), (68,94), (67,94), (67,95), (66,95), (65,95), (64,95), (63,95), (62,95), (61,95), (60,95), (59,95), (58,95), (57,95), (56,95), (55,95), (54,95), (53,95), (52,95), (51,95), (50,95), (49,95), (48,95), (47,95), (46,95), (45,95), (45,94), (44,94), (43,94), (42,94), (42,93), (41,93), (41,92), (40,92), (39,92), (38,92), (37,92), (36,92), (35,92), (34,92), (33,92), (33,91), (32,91), (32,90), (31,90), (31,89), (30,89), (29,89), (28,89), (28,88), (28,87), (27,87), (27,86), (26,86), (26,85), (26,84), (26,83), (25,83), (24,83), (24,82), (23,82), (22,82), (21,82), (20,82), (20,81), (20,80), (20,79), (20,78), (19,78), (18,78), (17,78), (16,78), (16,77), (15,77), (14,77), (13,77), (12,77), (11,77), (11,76), (11,75), (10,75), (10,74), (9,74), (8,74), (7,74), (7,73), (6,73), (5,73), (5,72), (5,71), (5,70), (4,70), (3,70), (3,69), (2,69), (2,68), (2,67), (2,66), (2,65), (2,64), (2,63), (2,62), (2,61), (2,60), (2,59), (2,58), (2,57), (2,56), (2,55), (2,54), (2,53), (1,53), (1,52), (1,51), (1,50), (1,49), (1,48), (1,47), (1,46), (1,45), (1,44), (1,43), (1,42), (1,41), (1,40), (2,40), (2,39), (3,39), (4,39)",
        "time": 17.2156893444652
    },
    "Uber_Train_Uber": {
        "cost": 38.450284334330576,
        "env_tax": 0.065,
        "route": "(80,86), (80,87), (80,88), (80,89), (80,90)|(80,90), (79,90), (78,90), (77,90), (76,90), (75,90), (74,90), (73,90), (72,90), (71,90), (70,90), (69,90), (68,90), (67,90), (66,90), (65,90), (64,90), (63,90), (62,90), (61,90), (60,90), (59,90), (58,90), (57,90), (56,90), (55,90), (54,90), (53,90), (52,90), (51,90), (50,90), (49,90), (48,90), (47,90), (46,90), (45,90), (44,90), (43,90), (42,90), (41,90), (40,90), (39,90), (38,90), (37,90), (36,90), (35,90), (34,90), (33,90), (32,90), (31,90), (30,90), (29,90), (28,90), (27,90), (26,90), (25,90), (24,90), (23,90), (22,90), (21,90), (20,90), (19,90), (18,90), (17,90), (16,90), (15,90), (14,90), (13,90), (12,90), (11,90), (10,90), (10,90), (10,89), (10,88), (10,87), (10,86), (10,85), (10,84), (10,83), (10,82), (10,81), (10,80), (10,79), (10,78), (10,77), (10,76), (10,75), (10,74), (10,73), (10,72), (10,71), (10,70), (10,69), (10,68), (10,67), (10,66), (10,65), (10,64), (10,63), (10,62), (10,61), (10,60), (10,59), (10,58), (10,57), (10,56), (10,55), (10,54), (10,53), (10,52), (10,51), (10,50), (10,49), (10,48), (10,47), (10,46), (10,45), (10,44), (10,43), (10,42), (10,41), (10,40)|(10,40), (9,40), (8,40), (7,40), (6,40), (5,40), (5,39), (4,39)",
        "time": 19.810066478748382
    },
    "Uber_Train_Walk": {
        "cost": 24.882814854382353,
        "env_tax": 0.025,
        "route": "(80,86), (80,87), (80,88), (80,89), (80,90)|(80,90), (79,90), (78,90), (77,90), (76,90), (75,90), (74,90), (73,90), (72,90), (71,90), (70,90), (69,90), (68,90), (67,90), (66,90), (65,90), (64,90), (63,90), (62,90), (61,90), (60,90), (59,90), (58,90), (57,90), (56,90), (55,90), (54,90), (53,90), (52,90), (51,90), (50,90), (49,90), (48,90), (47,90), (46,90), (45,90), (44,90), (43,90), (42,90), (41,90), (40,90), (39,90), (38,90), (37,90), (36,90), (35,90), (34,90), (33,90), (32,90), (31,90), (30,90), (29,90), (28,90), (27,90), (26,90), (25,90), (24,90), (23,90), (22,90), (21,90), (20,90), (19,90), (18,90), (17,90), (16,90), (15,90), (14,90), (13,90), (12,90), (11,90), (10,90), (10,90), (10,89), (10,88), (10,87), (10,86), (10,85), (10,84), (10,83), (10,82), (10,81), (10,80), (10,79), (10,78), (10,77), (10,76), (10,75), (10,74), (10,73), (10,72), (10,71), (10,70), (10,69), (10,68), (10,67), (10,66), (10,65), (10,64), (10,63), (10,62), (10,61), (10,60), (10,59), (10,58), (10,57), (10,56), (10,55), (10,54), (10,53), (10,52), (10,51), (10,50), (10,49), (10,48), (10,47), (10,46), (10,45), (10,44), (10,43), (10,42), (10,41), (10,40)|(10,40), (9,40), (8,40), (7,40), (6,40), (5,40), (4,40), (4,40), (4,39)",
        "time": 535.8788578545218
    },
    "Walk": {
        "cost": 0,
        "env_tax": 0,
        "route": "(80,86), (79,86), (78,86), (77,86), (76,86), (75,86), (74,86), (73,86), (72,86), (71,86), (70,86), (69,86), (68,86), (67,86), (66,86), (65,86), (64,86), (63,86), (62,86), (61,86), (60,86), (59,86), (58,86), (57,86), (56,86), (55,86), (54,86), (53,86), (52,86), (51,86), (50,86), (49,86), (48,86), (47,86), (46,86), (45,86), (44,86), (43,86), (42,86), (41,86), (40,86), (39,86), (38,86), (37,86), (36,86), (35,86), (34,86), (33,86), (32,86), (31,86), (30,86), (29,86), (28,86), (27,86), (26,86), (25,86), (24,86), (23,86), (22,86), (21,86), (20,86), (19,86), (18,86), (17,86), (16,86), (15,86), (14,86), (13,86), (12,86), (11,86), (10,86), (9,86), (8,86), (7,86), (6,86), (5,86), (4,86), (4,86), (4,85), (4,84), (4,83), (4,82), (4,81), (4,80), (4,79), (4,78), (4,77), (4,76), (4,75), (4,74), (4,73), (4,72), (4,71), (4,70), (4,69), (4,68), (4,67), (4,66), (4,65), (4,64), (4,63), (4,62), (4,61), (4,60), (4,59), (4,58), (4,57), (4,56), (4,55), (4,54), (4,53), (4,52), (4,51), (4,50), (4,49), (4,48), (4,47), (4,46), (4,45), (4,44), (4,43), (4,42), (4,41), (4,40), (4,39)",
        "time": 9171.438797423049
    },
    "Walk_Train_Uber": {
        "cost": 26.117229644990935,
        "env_tax": 0.04000000000000001,
        "route": "(80,86), (80,86), (80,87), (80,88), (80,89), (80,90)|(80,90), (79,90), (78,90), (77,90), (76,90), (75,90), (74,90), (73,90), (72,90), (71,90), (70,90), (69,90), (68,90), (67,90), (66,90), (65,90), (64,90), (63,90), (62,90), (61,90), (60,90), (59,90), (58,90), (57,90), (56,90), (55,90), (54,90), (53,90), (52,90), (51,90), (50,90), (49,90), (48,90), (47,90), (46,90), (45,90), (44,90), (43,90), (42,90), (41,90), (40,90), (39,90), (38,90), (37,90), (36,90), (35,90), (34,90), (33,90), (32,90), (31,90), (30,90), (29,90), (28,90), (27,90), (26,90), (25,90), (24,90), (23,90), (22,90), (21,90), (20,90), (19,90), (18,90), (17,90), (16,90), (15,90), (14,90), (13,90), (12,90), (11,90), (10,90), (10,90), (10,89), (10,88), (10,87), (10,86), (10,85), (10,84), (10,83), (10,82), (10,81), (10,80), (10,79), (10,78), (10,77), (10,76), (10,75), (10,74), (10,73), (10,72), (10,71), (10,70), (10,69), (10,68), (10,67), (10,66), (10,65), (10,64), (10,63), (10,62), (10,61), (10,60), (10,59), (10,58), (10,57), (10,56), (10,55), (10,54), (10,53), (10,52), (10,51), (10,50), (10,49), (10,48), (10,47), (10,46), (10,45), (10,44), (10,43), (10,42), (10,41), (10,40)|(10,40), (9,40), (8,40), (7,40), (6,40), (5,40), (5,39), (4,39)",
        "time": 314.1947409895088
    },
    "Walk_Train_Walk": {
        "cost": 12.200000000000001,
        "env_tax": 0,