{
    "Uber": {
        "cost": 38.45018131893456,
        "env_tax": 0.10500000000000001,
        "route": "(39,52), (40,52), (41,52), (42,52), (43,52), (44,52), (44,51), (45,51), (46,51), (46,50), (46,49), (46,48), (47,48), (47,47), (47,46), (47,45), (47,44), (47,43), (47,42), (47,41), (47,40)",
        "time": 12.04999560113605
    },
    "Uber_Train_Uber": {
        "cost": 32.95621944760083,
        "env_tax": 0.04000000000000001,
        "route": "(39,52), (39,51), (40,51), (40,50)|(40,50), (41,50), (42,50), (43,50), (44,50), (45,50), (46,50), (47,50), (48,50), (49,50), (50,50), (50,50), (50,49), (50,48), (50,47), (50,46), (50,45), (50,44), (50,43), (50,42), (50,41), (50,40)|(50,40), (49,40), (48,40), (47,40)",
        "time": 28.418673913559083
    },
    "Uber_Train_Walk": {
        "cost": 17.20603156072245,
        "env_tax": 0.020000000000000004,
        "route": "(39,52), (39,51), (40,51), (40,50)|(40,50), (41,50), (42,50), (43,50), (44,50), (45,50), (46,50), (47,50), (48,50), (49,50), (50,50), (50,50), (50,49), (50,48), (50,47), (50,46), (50,45), (50,44), (50,43), (50,42), (50,41), (50,40)|(50,40), (49,40), (48,40), (47,40), (47,40)",
        "time": 235.7308207491654
    },
    "Walk": {
        "cost": 0,
        "env_tax": 0,
        "route": "(39,52), (40,52), (41,52), (42,52), (43,52), (44,52), (45,52), (46,52), (47,52), (47,52), (47,51), (47,50), (47,49), (47,48), (47,47), (47,46), (47,45), (47,44), (47,43), (47,42), (47,41), (47,40)",
        "time": 1491.2908613696013
    },
    "Walk_Train_Uber": {
        "cost": 17.169688894021323,
        "env_tax": 0.020000000000000004,
        "route": "(39,52), (40,52), (40,52), (40,51), (40,50)|(40,50), (41,50), (42,50), (43,50), (44,50), (45,50), (46,50), (47,50), (48,50), (49,50), (50,50), (50,50), (50,49), (50,48), (50,47), (50,46), (50,45), (50,44), (50,43), (50,42), (50,41), (50,40)|(50,40), (49,40), (48,40), (47,40)",
        "time": 239.56656653235905
    },
    "Walk_Train_Walk": {
        "cost": 2.2,
        "env_tax": 0,
        "route": "(39,52), (40,52), (40,52), (40,51), (40,50)|(40,50), (41,50), (42,50), (43,50), (44,50), (45,50), (46,50), (47,50), (48,50), (49,50), (50,50), (50,50), (50,49), (50,48), (50,47), (50,46), (50,45), (50,44), (50,43), (50,42), (50,41), (50,40)|(50,40), (49,40), (48,40), (47,40), (47,40)",
        "time": 454.00609587296873
    }
}