{
    "Uber": {
        "cost": 14.068875006979816,
        "env_tax": 0.07,
        "route": "(11,90), (11,89), (11,88), (11,87), (12,87), (12,86), (12,85), (13,85), (14,85), (14,84), (15,84), (15,83), (16,83), (16,82)",
        "time": 7.920863102020498
    },
    "Uber_Train_Uber": {
        "cost": 27.335856427300467,
        "env_tax": 0.045000000000000005,
        "route": "(11,90), (10,90)|(10,90), (11,90), (12,90), (13,90), (14,90), (15,90), (16,90), (17,90), (18,90), (19,90), (20,90), (20,90), (20,89), (20,88), (20,87), (20,86), (20,85), (20,84), (20,83), (20,82), (20,81), (20,80)|(20,80), (19,80), (18,80), (17,80), (17,81), (17,82), (16,82)",
        "time": 18.44353847868598
    },
    "Uber_Train_Walk": {
        "cost": 14.146958922805112,
        "env_tax": 0.010000000000000002,
        "route": "(11,90), (10,90)|(10,90), (11,90), (12,90), (13,90), (14,90), (15,90), (16,90), (17,90), (18,90), (19,90), (20,90), (20,90), (20,89), (20,88), (20,87), (20,86), (20,85), (20,84), (20,83), (20,82), (20,81), (20,80)|(20,80), (19,80), (18,80), (17,80), (16,80), (16,80), (16,81), (16,82)",
        "time": 455.8768086940217
    },
    "Walk": {
        "cost": 0,
        "env_tax": 0,
        "route": "(11,90), (12,90), (13,90), (14,90), (15,90), (16,90), (16,90), (16,89), (16,88), (16,87), (16,86), (16,85), (16,84), (16,83), (16,82)",
        "time": 969.339059890241
    },
    "Walk_Train_Uber": {
        "cost": 15.376071428968825,
        "env_tax": 0.035,
        "route": "(11,90), (10,90), (10,90)|(10,90), (11,90), (12,90), (13,90), (14,90), (15,90), (16,90), (17,90), (18,90), (19,90), (20,90), (20,90), (20,89), (20,88), (20,87), (20,86), (20,85), (20,84), (20,83), (20,82), (20,81), (20,80)|(20,80), (19,80), (18,80), (17,80), (17,81), (17,82), (16,82)",
        "time": 82.2625276225401
    },
    "Walk_Train_Walk": {
        "cost": 2.2,
        "env_tax": 0,
        "route": "(11,90), (10,90), (10,90)|(10,90), (11,90), (12,90), (13,90), (14,90), (15,90), (16,90), (17,90), (18,90), (19,90), (20,90), (20,90), (20,89), (20,88), (20,87), (20,86), (20,85), (20,84), (20,83), (20,82), (20,81), (20,80)|(20,80), (19,80), (18,80), (17,80), (16,80), (16,80), (16,81), (16,82)",
        "time": 525.6364794534599
    }
}