{
    "Uber": {
        "cost": 31.05696556281712,
        "env_tax": 0.5950000000000001,
        "route": "(99,92), (99,93), (99,94), (99,95), (98,95), (97,95), (96,95), (95,95), (94,95), (93,95), (93,96), (92,96), (91,96), (90,96), (89,96), (89,97), (88,97), (87,97), (86,97), (85,97), (84,97), (83,97), (82,97), (81,97), (81,98), (80,98), (79,98), (78,98), (77,98), (76,98), (75,98), (74,98), (73,98), (72,98), (71,98), (70,98), (69,98), (68,98), (67,98), (66,98), (65,98), (64,98), (63,98), (62,98), (61,98), (60,98), (59,98), (58,98), (57,98), (56,98), (55,98), (54,98), (53,98), (52,98), (51,98), (50,98), (49,98), (48,98), (47,98), (46,98), (45,98), (44,98), (43,98), (42,98), (41,98), (40,98), (39,98), (38,98), (37,98), (36,98), (35,98), (34,98), (33,98), (32,98), (31,98), (30,98), (29,98), (28,98), (27,98), (26,98), (25,98), (24,98), (23,98), (22,98), (21,98), (20,98), (20,97), (19,97), (18,97), (17,97), (16,97), (16,96), (15,96), (15,95), (14,95), (13,95), (12,95), (11,95), (11,94), (11,93), (11,92), (11,91), (11,90), (11,89), (10,89), (9,89), (8,89), (8,88), (8,87), (8,86), (8,85), (8,84), (8,83), (8,82), (8,81), (8,80), (8,79), (8,78), (7,78)",
        "time": 12.768241669168468
    },
    "Uber_Train_Uber": {
        "cost": 35.094491814932404,
        "env_tax": 0.09000000000000002,
        "route": "(99,92), (98,92), (97,92), (97,91), (96,91), (95,91), (94,91), (93,91), (92,91), (91,91), (91,90), (90,90)|(90,90), (89,90), (88,90), (87,90), (86,90), (85,90), (84,90), (83,90), (82,90), (81,90), (80,90), (79,90), (78,90), (77,90), (76,90), (75,90), (74,90), (73,90), (72,90), (71,90), (70,90), (69,90), (68,90), (67,90), (66,90), (65,90), (64,90), (63,90), (62,90), (61,90), (60,90), (59,90), (58,90), (57,90), (56,90), (55,90), (54,90), (53,90), (52,90), (51,90), (50,90), (49,90), (48,90), (47,90), (46,90), (45,90), (44,90), (43,90), (42,90), (41,90), (40,90), (39,90), (38,90), (37,90), (36,90), (35,90), (34,90), (33,90), (32,90), (31,90), (30,90), (29,90), (28,90), (27,90), (26,90), (25,90), (24,90), (23,90), (22,90), (21,90), (20,90), (19,90), (18,90), (17,90), (16,90), (15,90), (14,90), (13,90), (12,90), (11,90), (10,90), (10,90), (10,89), (10,88), (10,87), (10,86), (10,85), (10,84), (10,83), (10,82), (10,81), (10,80)|(10,80), (10,79), (9,79), (8,79), (8,78), (7,78)",
        "time": 22.692000268212986
    },
    "Uber_Train_Walk": {
        "cost": 22.38393906834688,
        "env_tax": 0.06000000000000001,
        "route": "(99,92), (98,92), (97,92), (97,91), (96,91), (95,91), (94,91), (93,91), (92,91), (91,91), (91,90), (90,90)|(90,90), (89,90), (88,90), (87,90), (86,90), (85,90), (84,90), (83,90), (82,90), (81,90), (80,90), (79,90), (78,90), (77,90), (76,90), (75,90), (74,90), (73,90), (72,90), (71,90), (70,90), (69,90), (68,90), (67,90), (66,90), (65,90), (64,90), (63,90), (62,90), (61,90), (60,90), (59,90), (58,90), (57,90), (56,90), (55,90), (54,90), (53,90), (52,90), (51,90), (50,90), (49,90), (48,90), (47,90), (46,90), (45,90), (44,90), (43,90), (42,90), (41,90), (40,90), (39,90), (38,90), (37,90), (36,90), (35,90), (34,90), (33,90), (32,90), (31,90), (30,90), (29,90), (28,90), (27,90), (26,90), (25,90), (24,90), (23,90), (22,90), (21,90), (20,90), (19,90), (18,90), (17,90), (16,90), (15,90), (14,90), (13,90), (12,90), (11,90), (10,90), (10,90), (10,89), (10,88), (10,87), (10,86), (10,85), (10,84), (10,83), (10,82), (10,81), (10,80)|(10,80), (9,80), (8,80), (7,80), (7,80), (7,79), (7,78)",
        "time": 383.48960955303966
    },
    "Walk": {
        "cost": 0,
        "env_tax": 0,
        "route": "(99,92), (98,92), (97,92), (96,92), (95,92), (94,92), (93,92), (92,92), (91,92), (90,92), (89,92), (88,92), (87,92), (86,92), (85,92), (84,92), (83,92), (82,92), (81,92), (80,92), (79,92), (78,92), (77,92), (76,92), (75,92), (74,92), (73,92), (72,92), (71,92), (70,92), (69,92), (68,92), (67,92), (66,92), (65,92), (64,92), (63,92), (62,92), (61,92), (60,92), (59,92), (58,92), (57,92), (56,92), (55,92), (54,92), (53,92), (52,92), (51,92), (50,92), (49,92), (48,92), (47,92), (46,92), (45,92), (44,92), (43,92), (42,92), (41,92), (40,92), (39,92), (38,92), (37,92), (36,92), (35,92), (34,92), (33,92), (32,92), (31,92), (30,92), (29,92), (28,92), (27,92), (26,92), (25,92), (24,92), (23,92), (22,92), (21,92), (20,92), (19,92), (18,92), (17,92), (16,92), (15,92), (14,92), (13,92), (12,92), (11,92), (10,92), (9,92), (8,92), (7,92), (7,92), (7,91), (7,90), (7,89), (7,88), (7,87), (7,86), (7,85), (7,84), (7,83), (7,82), (7,81), (7,80), (7,79), (7,78)",
        "time": 7903.841565258887
    },
    "Walk_Train_Uber": {
        "cost": 22.066897204297486,
        "env_tax": 0.030000000000000006,
        "route": "(99,92), (98,92), (97,92), (96,92), (95,92), (94,92), (93,92), (92,92), (91,92), (90,92), (90,92), (90,91), (90,90)|(90,90), (89,90), (88,90), (87,90), (86,90), (85,90), (84,90), (83,90), (82,90), (81,90), (80,90), (79,90), (78,90), (77,90), (76,90), (75,90), (74,90), (73,90), (72,90), (71,90), (70,90), (69,90), (68,90), (67,90), (66,90), (65,90), (64,90), (63,90), (62,90), (61,90), (60,90), (59,90), (58,90), (57,90), (56,90), (55,90), (54,90), (53,90), (52,90), (51,90), (50,90), (49,90), (48,90), (47,90), (46,90), (45,90), (44,90), (43,90), (42,90), (41,90), (40,90), (39,90), (38,90), (37,90), (36,90), (35,90), (34,90), (33,90), (32,90), (31,90), (30,90), (29,90), (28,90), (27,90), (26,90), (25,90), (24,90), (23,90), (22,90), (21,90), (20,90), (19,90), (18,90), (17,90), (16,90), (15,90), (14,90), (13,90), (12,90), (11,90), (10,90), (10,90), (10,89), (10,88), (10,87), (10,86), (10,85), (10,84), (10,83), (10,82), (10,81), (10,80)|(10,80), (10,79), (9,79), (8,79), (8,78), (7,78)",
        "time": 830.783869827099
    },
    "Walk_Train_Walk": {
        "cost": 9.200000000000001,
        "env_tax": 0,
        "route": "(99,92), (98,92), (97,92), (96,92), (95,92), (94,92), (93,92), (92,92), (91,92), (90,92), (90,92), (90,91), (90,90)|(90,90), (89,90), (88,90), (87,90), (86,90), (85,90), (84,90), (83,90), (82,90), (81,90), (80,90), (79,90), (78,90), (77,90), (76,90), (75,90), (74,90), (73,90), (72,90), (71,90), (70,90), (69,90), (68,90), (67,90), (66,90), (65,90), (64,90), (63,90), (62,90), (61,90), (60,90), (59,90), (58,90), (57,90), (56,90), (55,90), (54,90), (53,90), (52,90), (51,90), (50,90), (49,90), (48,90), (47,90), (46,90), (45,90), (44,90), (43,90), (42,90), (41,90), (40,90), (39,90), (38,90), (37,90), (36,90), (35,90), (34,90), (33,90), (32,90), (31,90), (30,90), (29,90), (28,90), (27,90), (26,90), (25,90), (24,90), (23,90), (22,90), (21,90), (20,90), (19,90), (18,90), (17,90), (16,90), (15,90), (14,90), (13,90), (12,90), (11,90), (10,90), (10,90), (10,89), (10,88), (10,87), (10,86), (10,85), (10,84), (10,83), (10,82), (10,81), (10,80)|(10,80), (9,80), (8,80), (7,80), (7,80), (7,79), (7,78)",
        "time": 1196.4679003977026
    }
}