{
    "Uber": {
        "cost": 25.61370682026431,
        "env_tax": 0.10500000000000001,
        "route": "(76,32), (76,33), (76,34), (76,35), (76,36), (76,37), (76,38), (75,38), (75,39), (74,39), (73,39), (72,39), (71,39), (70,39), (69,39), (69,40), (69,41), (68,41), (68,42), (67,42), (66,42)",
        "time": 11.24687709480687
    },
    "Uber_Train_Uber": {
        "cost": 33.079401253145555,
        "env_tax": 0.07,
        "route": "(76,32), (77,32), (78,32), (78,31), (78,30), (79,30), (80,30)|(80,30), (79,30), (78,30), (77,30), (76,30), (75,30), (74,30), (73,30), (72,30), (71,30), (70,30), (70,30), (70,31), (70,32), (70,33), (70,34), (70,35), (70,36), (70,37), (70,38), (70,39), (70,40)|(70,40), (69,40), (69,41), (68,41), (68,42), (67,42), (66,42)",
        "time": 21.888370093907255
    },
    "Uber_Train_Walk": {
        "cost": 17.21230924725561,
        "env_tax": 0.035,
        "route": "(76,32), (77,32), (78,32), (78,31), (78,30), (79,30), (80,30)|(80,30), (79,30), (78,30), (77,30), (76,30), (75,30), (74,30), (73,30), (72,30), (71,30), (70,30), (70,30), (70,31), (70,32), (70,33), (70,34), (70,35), (70,36), (70,37), (70,38), (70,39), (70,40)|(70,40), (69,40), (68,40), (67,40), (66,40), (66,40), (66,41), (66,42)",
        "time": 462.0007366485179
    },
    "Walk": {
        "cost": 0,
        "env_tax": 0,
        "route": "(76,32), (75,32), (74,32), (73,32), (72,32), (71,32), (70,32), (69,32), (68,32), (67,32), (66,32), (66,32), (66,33), (66,34), (66,35), (66,36), (66,37), (66,38), (66,39), (66,40), (66,41), (66,42)",
        "time": 1491.2908613696013
    },
    "Walk_Train_Uber": {
        "cost": 18.918021064106934,
        "env_tax": 0.035,
        "route": "(76,32), (77,32), (78,32), (79,32), (80,32), (80,32), (80,31), (80,30)|(80,30), (79,30), (78,30), (77,30), (76,30), (75,30), (74,30), (73,30), (72,30), (71,30), (70,30), (70,30), (70,31), (70,32), (70,33), (70,34), (70,35), (70,36), (70,37), (70,38), (70,39), (70,40)|(70,40), (69,40), (69,41), (68,41), (68,42), (67,42), (66,42)",
        "time": 462.73941222204445
    },
    "Walk_Train_Walk": {
        "cost": 2.2,
        "env_tax": 0,
        "route": "(76,32), (77,32), (78,32), (79,32), (80,32), (80,32), (80,31), (80,30)|(80,30), (79,30), (78,30), (77,30), (76,30), (75,30), (74,30), (73,30), (72,30), (71,30), (70,30), (70,30), (70,31), (70,32), (70,33), (70,34), (70,35), (70,36), (70,37), (70,38), (70,39), (70,40)|(70,40), (69,40), (68,40), (67,40), (66,40), (66,40), (66,41), (66,42)",
        "time": 900.1277167171806
    }
}