{
    "Uber": {
        "cost": 30.775572955471187,
        "env_tax": 0.38000000000000006,
        "route": "(79,58), (80,58), (81,58), (82,58), (83,58), (83,57), (83,56), (84,56), (85,56), (86,56), (87,56), (88,56), (89,56), (90,56), (91,56), (92,56), (93,56), (93,55), (93,54), (93,53), (93,52), (93,51), (93,50), (93,49), (93,48), (93,47), (93,46), (93,45), (93,44), (93,43), (93,42), (93,41), (93,40), (93,39), (93,38), (93,37), (93,36), (93,35), (93,34), (93,33), (93,32), (93,31), (93,30), (93,29), (93,28), (93,27), (93,26), (93,25), (93,24), (93,23), (93,22), (93,21), (92,21), (92,20), (92,19), (92,18), (92,17), (92,16), (92,15), (92,14), (92,13), (92,12), (92,11), (92,10), (92,9), (92,8), (92,7), (92,6), (91,6), (90,6), (89,6), (88,6), (87,6), (86,6), (85,6), (84,6)",
        "time": 14.899626606136692
    },
    "Uber_Train_Uber": {
        "cost": 31.880080327938018,
        "env_tax": 0.065,
        "route": "(79,58), (80,58), (80,59), (80,60)|(80,60), (80,60), (80,59), (80,58), (80,57), (80,56), (80,55), (80,54), (80,53), (80,52), (80,51), (80,50), (80,49), (80,48), (80,47), (80,46), (80,45), (80,44), (80,43), (80,42), (80,41), (80,40), (80,39), (80,38), (80,37), (80,36), (80,35), (80,34), (80,33), (80,32), (80,31), (80,30), (80,29), (80,28), (80,27), (80,26), (80,25), (80,24), (80,23), (80,22), (80,21), (80,20), (80,19), (80,18), (80,17), (80,16), (80,15), (80,14), (80,13), (80,12), (80,11), (80,10)|(80,10), (81,10), (81,9), (81,8), (81,7), (82,7), (82,6), (83,6), (84,6)",
        "time": 19.490236822376836
    },
    "Uber_Train_Walk": {
        "cost": 18.46060330924544,
        "env_tax": 0.020000000000000004,
        "route": "(79,58), (80,58), (80,59), (80,60)|(80,60), (80,60), (80,59), (80,58), (80,57), (80,56), (80,55), (80,54), (80,53), (80,52), (80,51), (80,50), (80,49), (80,48), (80,47), (80,46), (80,45), (80,44), (80,43), (80,42), (80,41), (80,40), (80,39), (80,38), (80,37), (80,36), (80,35), (80,34), (80,33), (80,32), (80,31), (80,30), (80,29), (80,28), (80,27), (80,26), (80,25), (80,24), (80,23), (80,22), (80,21), (80,20), (80,19), (80,18), (80,17), (80,16), (80,15), (80,14), (80,13), (80,12), (80,11), (80,10)|(80,10), (81,10), (82,10), (83,10), (84,10), (84,10), (84,9), (84,8), (84,7), (84,6)",
        "time": 617.0120022030087
    },
    "Walk": {
        "cost": 0,
        "env_tax": 0,
        "route": "(79,58), (80,58), (81,58), (82,58), (83,58), (84,58), (84,58), (84,57), (84,56), (84,55), (84,54), (84,53), (84,52), (84,51), (84,50), (84,49), (84,48), (84,47), (84,46), (84,45), (84,44), (84,43), (84,42), (84,41), (84,40), (84,39), (84,38), (84,37), (84,36), (84,35), (84,34), (84,33), (84,32), (84,31), (84,30), (84,29), (84,28), (84,27), (84,26), (84,25), (84,24), (84,23), (84,22), (84,21), (84,20), (84,19), (84,18), (84,17), (84,16), (84,15), (84,14), (84,13), (84,12), (84,11), (84,10), (84,9), (84,8), (84,7), (84,6)",
        "time": 4250.178954903364
    },
    "Walk_Train_Uber": {
        "cost": 18.42308547270908,
        "env_tax": 0.045000000000000005,
        "route": "(79,58), (80,58), (80,58), (80,59), (80,60)|(80,60), (80,60), (80,59), (80,58), (80,57), (80,56), (80,55), (80,54), (80,53), (80,52), (80,51), (80,50), (80,49), (80,48), (80,47), (80,46), (80,45), (80,44), (80,43), (80,42), (80,41), (80,40), (80,39), (80,38), (80,37), (80,36), (80,35), (80,34), (80,33), (80,32), (80,31), (80,30), (80,29), (80,28), (80,27), (80,26), (80,25), (80,24), (80,23), (80,22), (80,21), (80,20), (80,19), (80,18), (80,17), (80,16), (80,15), (80,14), (80,13), (80,12), (80,11), (80,10)|(80,10), (81,10), (81,9), (81,8), (81,7), (82,7), (82,6), (83,6), (84,6)",
        "time": 241.64401631438784
    },
    "Walk_Train_Walk": {
        "cost": 5.2,
        "env_tax": 0,
        "route": "(79,58), (80,58), (80,58), (80,59), (80,60)|(80,60), (80,60), (80,59), (80,58), (80,57), (80,56), (80,55), (80,54), (80,53), (80,52), (80,51), (80,50), (80,49), (80,48), (80,47), (80,46), (80,45), (80,44), (80,43), (80,42), (80,41), (80,40), (80,39), (80,38), (80,37), (80,36), (80,35), (80,34), (80,33), (80,32), (80,31), (80,30), (80,29), (80,28), (80,27), (80,26), (80,25), (80,24), (80,23), (80,22), (80,21), (80,20), (80,19), (80,18), (80,17), (80,16), (80,15), (80,14), (80,13), (80,12), (80,11), (80,10)|(80,10), (81,10), (82,10), (83,10), (84,10), (84,10), (84,9), (84,8), (84,7), (84,6)",
        "time": 829.2503704319448
    }
}