{
    "Uber": {
        "cost": 52.529507887837156,
        "env_tax": 0.7250000000000001,
        "route": "(1,28), (1,29), (1,30), (1,31), (1,32), (1,33), (1,34), (1,35), (1,36), (1,37), (1,38), (1,39), (1,40), (1,41), (1,42), (1,43), (1,44), (1,45), (1,46), (1,47), (1,48), (1,49), (1,50), (1,51), (1,52), (1,53), (2,53), (2,54), (2,55), (2,56), (2,57), (2,58), (2,59), (2,60), (2,61), (2,62), (3,62), (4,62), (4,63), (4,64), (4,65), (4,66), (4,67), (5,67), (6,67), (6,68), (7,68), (7,69), (8,69), (9,69), (9,70), (10,70), (10,71), (11,71), (12,71), (13,71), (13,72), (14,72), (15,72), (16,72), (17,72), (17,73), (18,73), (19,73), (19,74), (19,75), (19,76), (19,77), (19,78), (20,78), (21,78), (22,78), (22,79), (22,80), (23,80), (23,81), (24,81), (25,81), (26,81), (26,82), (26,83), (27,83), (28,83), (28,84), (29,84), (30,84), (30,85), (30,86), (31,86), (32,86), (33,86), (34,86), (34,87), (35,87), (35,88), (36,88), (37,88), (38,88), (38,89), (39,89), (39,90), (40,90), (41,90), (42,90), (43,90), (44,90), (45,90), (46,90), (47,90), (48,90), (49,90), (50,90), (51,90), (52,90), (53,90), (54,90), (55,90), (56,90), (57,90), (58,90), (59,90), (60,90), (61,90), (62,90), (63,90), (64,90), (65,90), (66,90), (67,90), (68,90), (69,90), (69,89), (70,89), (71,89), (72,89), (73,89), (74,89), (74,88), (74,87), (74,86), (74,85), (74,84), (74,83), (74,82), (74,81)",
        "time": 16.59723325668331
    },
    "Uber_Train_Uber": {
        "cost": 39.11627926829894,
        "env_tax": 0.09000000000000002,
        "route": "(1,28), (2,28), (3,28), (4,28), (5,28), (6,28), (7,28), (7,29), (7,30), (8,30), (9,30), (10,30)|(10,30), (11,30), (12,30), (13,30), (14,30), (15,30), (16,30), (17,30), (18,30), (19,30), (20,30), (21,30), (22,30), (23,30), (24,30), (25,30), (26,30), (27,30), (28,30), (29,30), (30,30), (31,30), (32,30), (33,30), (34,30), (35,30), (36,30), (37,30), (38,30), (39,30), (40,30), (41,30), (42,30), (43,30), (44,30), (45,30), (46,30), (47,30), (48,30), (49,30), (50,30), (51,30), (52,30), (53,30), (54,30), (55,30), (56,30), (57,30), (58,30), (59,30), (60,30), (61,30), (62,30), (63,30), (64,30), (65,30), (66,30), (67,30), (68,30), (69,30), (70,30), (70,30), (70,31), (70,32), (70,33), (70,34), (70,35), (70,36), (70,37), (70,38), (70,39), (70,40), (70,41), (70,42), (70,43), (70,44), (70,45), (70,46), (70,47), (70,48), (70,49), (70,50), (70,51), (70,52), (70,53), (70,54), (70,55), (70,56), (70,57), (70,58), (70,59), (70,60), (70,61), (70,62), (70,63), (70,64), (70,65), (70,66), (70,67), (70,68), (70,69), (70,70), (70,71), (70,72), (70,73), (70,74), (70,75), (70,76), (70,77), (70,78), (70,79), (70,80)|(70,80), (71,80), (72,80), (73,80), (73,81), (74,81)",
        "time": 16.858799524177584
    },
    "Uber_Train_Walk": {
        "cost": 25.254677008592424,
        "env_tax": 0.06000000000000001,
        "route": "(1,28), (2,28), (3,28), (4,28), (5,28), (6,28), (7,28), (7,29), (7,30), (8,30), (9,30), (10,30)|(10,30), (11,30), (12,30), (13,30), (14,30), (15,30), (16,30), (17,30), (18,30), (19,30), (20,30), (21,30), (22,30), (23,30), (24,30), (25,30), (26,30), (27,30), (28,30), (29,30), (30,30), (31,30), (32,30), (33,30), (34,30), (35,30), (36,30), (37,30), (38,30), (39,30), (40,30), (41,30), (42,30), (43,30), (44,30), (45,30), (46,30), (47,30), (48,30), (49,30), (50,30), (51,30), (52,30), (53,30), (54,30), (55,30), (56,30), (57,30), (58,30), (59,30), (60,30), (61,30), (62,30), (63,30), (64,30), (65,30), (66,30), (67,30), (68,30), (69,30), (70,30), (70,30), (70,31), (70,32), (70,33), (70,34), (70,35), (70,36), (70,37), (70,38), (70,39), (70,40), (70,41), (70,42), (70,43), (70,44), (70,45), (70,46), (70,47), (70,48), (70,49), (70,50), (70,51), (70,52), (70,53), (70,54), (70,55), (70,56), (70,57), (70,58), (70,59), (70,60), (70,61), (70,62), (70,63), (70,64), (70,65), (70,66), (70,67), (70,68), (70,69), (70,70), (70,71), (70,72), (70,73), (70,74), (70,75), (70,76), (70,77), (70,78), (70,79), (70,80)|(70,80), (71,80), (72,80), (73,80), (74,80), (74,80), (74,81)",
        "time": 388.41816015311156
    },
    "Walk": {
        "cost": 0,
        "env_tax": 0,
        "route": "(1,28), (2,28), (3,28), (4,28), (5,28), (6,28), (7,28), (8,28), (9,28), (10,28), (11,28), (12,28), (13,28), (14,28), (15,28), (16,28), (17,28), (18,28), (19,28), (20,28), (21,28), (22,28), (23,28), (24,28), (25,28), (26,28), (27,28), (28,28), (29,28), (30,28), (31,28), (32,28), (33,28), (34,28), (35,28), (36,28), (37,28), (38,28), (39,28), (40,28), (41,28), (42,28), (43,28), (44,28), (45,28), (46,28), (47,28), (48,28), (49,28), (50,28), (51,28), (52,28), (53,28), (54,28), (55,28), (56,28), (57,28), (58,28), (59,28), (60,28), (61,28), (62,28), (63,28), (64,28), (65,28), (66,28), (67,28), (68,28), (69,28), (70,28), (71,28), (72,28), (73,28), (74,28), (74,28), (74,29), (74,30), (74,31), (74,32), (74,33), (74,34), (74,35), (74,36), (74,37), (74,38), (74,39), (74,40), (74,41), (74,42), (74,43), (74,44), (74,45), (74,46), (74,47), (74,48), (74,49), (74,50), (74,51), (74,52), (74,53), (74,54), (74,55), (74,56), (74,57), (74,58), (74,59), (74,60), (74,61), (74,62), (74,63), (74,64), (74,65), (74,66), (74,67), (74,68), (74,69), (74,70), (74,71), (74,72), (74,73), (74,74), (74,75), (74,76), (74,77), (74,78), (74,79), (74,80), (74,81)",
        "time": 9395.132426628488
    },
    "Walk_Train_Uber": {
        "cost": 25.074685962581093,
        "env_tax": 0.030000000000000006,
        "route": "(1,28), (2,28), (3,28), (4,28), (5,28), (6,28), (7,28), (8,28), (9,28), (10,28), (10,28), (10,29), (10,30)|(10,30), (11,30), (12,30), (13,30), (14,30), (15,30), (16,30), (17,30), (18,30), (19,30), (20,30), (21,30), (22,30), (23,30), (24,30), (25,30), (26,30), (27,30), (28,30), (29,30), (30,30), (31,30), (32,30), (33,30), (34,30), (35,30), (36,30), (37,30), (38,30), (39,30), (40,30), (41,30), (42,30), (43,30), (44,30), (45,30), (46,30), (47,30), (48,30), (49,30), (50,30), (51,30), (52,30), (53,30), (54,30), (55,30), (56,30), (57,30), (58,30), (59,30), (60,30), (61,30), (62,30), (63,30), (64,30), (65,30), (66,30), (67,30), (68,30), (69,30), (70,30), (70,30), (70,31), (70,32), (70,33), (70,34), (70,35), (70,36), (70,37), (70,38), (70,39), (70,40), (70,41), (70,42), (70,43), (70,44), (70,45), (70,46), (70,47), (70,48), (70,49), (70,50), (70,51), (70,52), (70,53), (70,54), (70,55), (70,56), (70,57), (70,58), (70,59), (70,60), (70,61), (70,62), (70,63), (70,64), (70,65), (70,66), (70,67), (70,68), (70,69), (70,70), (70,71), (70,72), (70,73), (70,74), (70,75), (70,76), (70,77), (70,78), (70,79), (70,80)|(70,80), (71,80), (72,80), (73,80), (73,81), (74,81)",
        "time": 834.8392711206488
    },
    "Walk_Train_Walk": {
        "cost": 11.200000000000001,
        "env_tax": 0,
        "route": "(1,28), (2,28), (3,28), (4,28), (5,28), (6,28), (7,28), (8,28), (9,28), (10,28), (10,28), (10,29), (10,30)|(10,30), (11,30), (12,30), (13,30), (14,30), (15,30), (16,30), (17,30), (18,30), (19,30), (20,30), (21,30), (22,30), (23,30), (24,30), (25,30), (26,30), (27,30), (28,30), (29,30), (30,30), (31,30), (32,30), (33,30), (34,30), (35,30), (36,30), (37,30), (38,30), (39,30), (40,30), (41,30), (42,30), (43,30), (44,30), (45,30), (46,30), (47,30), (48,30), (49,30), (50,30), (51,30), (52,30), (53,30), (54,30), (55,30), (56,30), (57,30), (58,30), (59,30), (60,30), (61,30), (62,30), (63,30), (64,30), (65,30), (66,30), (67,30), (68,30), (69,30), (70,30), (70,30), (70,31), (70,32), (70,33), (70,34), (70,35), (70,36), (70,37), (70,38), (70,39), (70,40), (70,41), (70,42), (70,43), (70,44), (70,45), (70,46), (70,47), (70,48), (70,49), (70,50), (70,51), (70,52), (70,53), (70,54), (70,55), (70,56), (70,57), (70,58), (70,59), (70,60), (70,61), (70,62), (70,63), (70,64), (70,65), (70,66), (70,67), (70,68), (70,69), (70,70), (70,71), (70,72), (70,73), (70,74), (70,75), (70,76), (70,77), (70,78), (70,79), (70,80)|(70,80), (71,80), (72,80), (73,80), (74,80), (74,80), (74,81)",
        "time": 1200.2298660939505
    }
}