{
    "Uber": {
        "cost": 48.06129389555195,
        "env_tax": 0.27,
        "route": "(3,49), (4,49), (5,49), (6,49), (7,49), (8,49), (9,49), (9,48), (10,48), (11,48), (11,47), (12,47), (12,46), (12,45), (12,44), (13,44), (14,44), (15,44), (16,44), (17,44), (17,43), (18,43), (19,43), (20,43), (21,43), (22,43), (23,43), (24,43), (25,43), (26,43), (27,43), (28,43), (29,43), (30,43), (31,43), (32,43), (33,43), (34,43), (35,43), (36,43), (37,43), (38,43), (38,42), (39,42), (40,42), (41,42), (42,42), (43,42), (44,42), (45,42), (46,42), (47,42), (48,42), (49,42)",
        "time": 17.943584869363473
    },
    "Uber_Train_Uber": {
        "cost": 35.093870135781664,
        "env_tax": 0.065,
        "route": "(3,49), (4,49), (5,49), (6,49), (7,49), (8,49), (9,49), (10,49), (10,50)|(10,50), (11,50), (12,50), (13,50), (14,50), (15,50), (16,50), (17,50), (18,50), (19,50), (20,50), (21,50), (22,50), (23,50), (24,50), (25,50), (26,50), (27,50), (28,50), (29,50), (30,50), (31,50), (32,50), (33,50), (34,50), (35,50), (36,50), (37,50), (38,50), (39,50), (40,50), (41,50), (42,50), (43,50), (44,50), (45,50), (46,50), (47,50), (48,50), (49,50), (50,50), (50,50), (50,49), (50,48), (50,47), (50,46), (50,45), (50,44), (50,43), (50,42), (50,41), (50,40)|(50,40), (50,41), (49,41), (49,42)",
        "time": 19.468239747830513
    },
    "Uber_Train_Walk": {
        "cost": 19.10021290833864,
        "env_tax": 0.045000000000000005,
        "route": "(3,49), (4,49), (5,49), (6,49), (7,49), (8,49), (9,49), (10,49), (10,50)|(10,50), (11,50), (12,50), (13,50), (14,50), (15,50), (16,50), (17,50), (18,50), (19,50), (20,50), (21,50), (22,50), (23,50), (24,50), (25,50), (26,50), (27,50), (28,50), (29,50), (30,50), (31,50), (32,50), (33,50), (34,50), (35,50), (36,50), (37,50), (38,50), (39,50), (40,50), (41,50), (42,50), (43,50), (44,50), (45,50), (46,50), (47,50), (48,50), (49,50), (50,50), (50,50), (50,49), (50,48), (50,47), (50,46), (50,45), (50,44), (50,43), (50,42), (50,41), (50,40)|(50,40), (49,40), (49,40), (49,41), (49,42)",
        "time": 234.41381597186475
    },
    "Walk": {
        "cost": 0,
        "env_tax": 0,
        "route": "(3,49), (4,49), (5,49), (6,49), (7,49), (8,49), (9,49), (10,49), (11,49), (12,49), (13,49), (14,49), (15,49), (16,49), (17,49), (18,49), (19,49), (20,49), (21,49), (22,49), (23,49), (24,49), (25,49), (26,49), (27,49), (28,49), (29,49), (30,49), (31,49), (32,49), (33,49), (34,49), (35,49), (36,49), (37,49), (38,49), (39,49), (40,49), (41,49), (42,49), (43,49), (44,49), (45,49), (46,49), (47,49), (48,49), (49,49), (49,49), (49,48), (49,47), (49,46), (49,45), (49,44), (49,43), (49,42)",
        "time": 3951.9207826294437
    },
    "Walk_Train_Uber": {
        "cost": 19.922873585173328,
        "env_tax": 0.020000000000000004,
        "route": "(3,49), (4,49), (5,49), (6,49), (7,49), (8,49), (9,49), (10,49), (10,49), (10,50)|(10,50), (11,50), (12,50), (13,50), (14,50), (15,50), (16,50), (17,50), (18,50), (19,50), (20,50), (21,50), (22,50), (23,50), (24,50), (25,50), (26,50), (27,50), (28,50), (29,50), (30,50), (31,50), (32,50), (33,50), (34,50), (35,50), (36,50), (37,50), (38,50), (39,50), (40,50), (41,50), (42,50), (43,50), (44,50), (45,50), (46,50), (47,50), (48,50), (49,50), (50,50), (50,50), (50,49), (50,48), (50,47), (50,46), (50,45), (50,44), (50,43), (50,42), (50,41), (50,40)|(50,40), (50,41), (49,41), (49,42)",
        "time": 612.00335106787
    },
    "Walk_Train_Walk": {
        "cost": 5.2,
        "env_tax": 0,
        "route": "(3,49), (4,49), (5,49), (6,49), (7,49), (8,49), (9,49), (10,49), (10,49), (10,50)|(10,50), (11,50), (12,50), (13,50), (14,50), (15,50), (16,50), (17,50), (18,50), (19,50), (20,50), (21,50), (22,50), (23,50), (24,50), (25,50), (26,50), (27,50), (28,50), (29,50), (30,50), (31,50), (32,50), (33,50), (34,50), (35,50), (36,50), (37,50), (38,50), (39,50), (40,50), (41,50), (42,50), (43,50), (44,50), (45,50), (46,50), (47,50), (48,50), (49,50), (50,50), (50,50), (50,49), (50,48), (50,47), (50,46), (50,45), (50,44), (50,43), (50,42), (50,41), (50,40)|(50,40), (49,40), (49,40), (49,41), (49,42)",
        "time": 825.0654023276076
    }
}