{
    "Uber": {
        "cost": 25.181629856247426,
        "env_tax": 0.29000000000000004,
        "route": "(99,4), (98,4), (97,4), (96,4), (95,4), (94,4), (93,4), (92,4), (91,4), (90,4), (89,4), (88,4), (87,4), (86,4), (85,4), (84,4), (83,4), (82,4), (81,4), (80,4), (79,4), (78,4), (77,4), (77,5), (76,5), (75,5), (74,5), (73,5), (72,5), (71,5), (71,6), (71,7), (70,7), (69,7), (68,7), (68,8), (68,9), (67,9), (66,9), (66,10), (65,10), (65,11), (64,11), (63,11), (62,11), (62,12), (62,13), (61,13), (60,13), (59,13), (59,14), (59,15), (59,16), (59,17), (59,18), (59,19), (59,20), (59,21)",
        "time": 8.076564277840586
    },
    "Uber_Train_Uber": {
        "cost": 30.512600598165065,
        "env_tax": 0.09500000000000001,
        "route": "(99,4), (98,4), (97,4), (96,4), (95,4), (95,5), (94,5), (93,5), (93,6), (93,7), (92,7), (92,8), (91,8), (91,9), (90,9), (90,10)|(90,10), (89,10), (88,10), (87,10), (86,10), (85,10), (84,10), (83,10), (82,10), (81,10), (80,10), (79,10), (78,10), (77,10), (76,10), (75,10), (74,10), (73,10), (72,10), (71,10), (70,10), (69,10), (68,10), (67,10), (66,10), (65,10), (64,10), (63,10), (62,10), (61,10), (60,10), (60,10), (60,11), (60,12), (60,13), (60,14), (60,15), (60,16), (60,17), (60,18), (60,19), (60,20)|(60,20), (59,20), (59,21)",
        "time": 21.881573955079407
    },
    "Uber_Train_Walk": {
        "cost": 17.579303053440402,
        "env_tax": 0.08000000000000002,
        "route": "(99,4), (98,4), (97,4), (96,4), (95,4), (95,5), (94,5), (93,5), (93,6), (93,7), (92,7), (92,8), (91,8), (91,9), (90,9), (90,10)|(90,10), (89,10), (88,10), (87,10), (86,10), (85,10), (84,10), (83,10), (82,10), (81,10), (80,10), (79,10), (78,10), (77,10), (76,10), (75,10), (74,10), (73,10), (72,10), (71,10), (70,10), (69,10), (68,10), (67,10), (66,10), (65,10), (64,10), (63,10), (62,10), (61,10), (60,10), (60,10), (60,11), (60,12), (60,13), (60,14), (60,15), (60,16), (60,17), (60,18), (60,19), (60,20)|(60,20), (59,20), (59,20), (59,21)",
        "time": 160.06662715104133
    },
    "Walk": {
        "cost": 0,
        "env_tax": 0,
        "route": "(99,4), (98,4), (97,4), (96,4), (95,4), (94,4), (93,4), (92,4), (91,4), (90,4), (89,4), (88,4), (87,4), (86,4), (85,4), (84,4), (83,4), (82,4), (81,4), (80,4), (79,4), (78,4), (77,4), (76,4), (75,4), (74,4), (73,4), (72,4), (71,4), (70,4), (69,4), (68,4), (67,4), (66,4), (65,4), (64,4), (63,4), (62,4), (61,4), (60,4), (59,4), (59,4), (59,5), (59,6), (59,7), (59,8), (59,9), (59,10), (59,11), (59,12), (59,13), (59,14), (59,15), (59,16), (59,17), (59,18), (59,19), (59,20), (59,21)",
        "time": 4250.178954903364
    },
    "Walk_Train_Uber": {
        "cost": 17.440865522193654,
        "env_tax": 0.015000000000000003,
        "route": "(99,4), (98,4), (97,4), (96,4), (95,4), (94,4), (93,4), (92,4), (91,4), (90,4), (90,4), (90,5), (90,6), (90,7), (90,8), (90,9), (90,10)|(90,10), (89,10), (88,10), (87,10), (86,10), (85,10), (84,10), (83,10), (82,10), (81,10), (80,10), (79,10), (78,10), (77,10), (76,10), (75,10), (74,10), (73,10), (72,10), (71,10), (70,10), (69,10), (68,10), (67,10), (66,10), (65,10), (64,10), (63,10), (62,10), (61,10), (60,10), (60,10), (60,11), (60,12), (60,13), (60,14), (60,15), (60,16), (60,17), (60,18), (60,19), (60,20)|(60,20), (59,20), (59,21)",
        "time": 1132.9211046327448
    },
    "Walk_Train_Walk": {
        "cost": 4.2,
        "env_tax": 0,
        "route": "(99,4), (98,4), (97,4), (96,4), (95,4), (94,4), (93,4), (92,4), (91,4), (90,4), (90,4), (90,5), (90,6), (90,7), (90,8), (90,9), (90,10)|(90,10), (89,10), (88,10), (87,10), (86,10), (85,10), (84,10), (83,10), (82,10), (81,10), (80,10), (79,10), (78,10), (77,10), (76,10), (75,10), (74,10), (73,10), (72,10), (71,10), (70,10), (69,10), (68,10), (67,10), (66,10), (65,10), (64,10), (63,10), (62,10), (61,10), (60,10), (60,10), (60,11), (60,12), (60,13), (60,14), (60,15), (60,16), (60,17), (60,18), (60,19), (60,20)|(60,20), (59,20), (59,20), (59,21)",
        "time": 1273.5461376032986
    }
}