{
    "Uber": {
        "cost": 58.10428444777475,
        "env_tax": 0.30000000000000004,
        "route": "(51,54), (50,54), (49,54), (49,53), (48,53), (47,53), (46,53), (45,53), (44,53), (44,52), (43,52), (42,52), (41,52), (41,51), (40,51), (39,51), (38,51), (37,51), (36,51), (35,51), (35,50), (34,50), (33,50), (32,50), (31,50), (30,50), (29,50), (28,50), (27,50), (26,50), (25,50), (24,50), (23,50), (22,50), (22,49), (21,49), (20,49), (20,48), (19,48), (18,48), (17,48), (16,48), (15,48), (14,48), (14,47), (13,47), (12,47), (12,46), (12,45), (12,44), (12,43), (12,42), (12,41), (12,40), (12,39), (12,38), (12,37), (11,37), (11,36), (11,35)",
        "time": 22.378928987198606
    },
    "Uber_Train_Uber": {
        "cost": 38.16185311023459,
        "env_tax": 0.065,
        "route": "(51,54), (51,53), (51,52), (51,51), (50,51), (50,50)|(50,50), (49,50), (48,50), (47,50), (46,50), (45,50), (44,50), (43,50), (42,50), (41,50), (40,50), (39,50), (38,50), (37,50), (36,50), (35,50), (34,50), (33,50), (32,50), (31,50), (30,50), (29,50), (28,50), (27,50), (26,50), (25,50), (24,50), (23,50), (22,50), (21,50), (20,50), (19,50), (18,50), (17,50), (16,50), (15,50), (14,50), (13,50), (12,50), (11,50), (10,50), (10,50), (10,49), (10,48), (10,47), (10,46), (10,45), (10,44), (10,43), (10,42), (10,41), (10,40), (10,39), (10,38), (10,37), (10,36), (10,35), (10,34), (10,33), (10,32), (10,31), (10,30)|(10,30), (10,31), (10,32), (10,33), (10,34), (10,35), (11,35)",
        "time": 26.5862060190245
    },
    "Uber_Train_Walk": {
        "cost": 23.817973013475747,
        "env_tax": 0.030000000000000006,
        "route": "(51,54), (51,53), (51,52), (51,51), (50,51), (50,50)|(50,50), (49,50), (48,50), (47,50), (46,50), (45,50), (44,50), (43,50), (42,50), (41,50), (40,50), (39,50), (38,50), (37,50), (36,50), (35,50), (34,50), (33,50), (32,50), (31,50), (30,50), (29,50), (28,50), (27,50), (26,50), (25,50), (24,50), (23,50), (22,50), (21,50), (20,50), (19,50), (18,50), (17,50), (16,50), (15,50), (14,50), (13,50), (12,50), (11,50), (10,50), (10,50), (10,49), (10,48), (10,47), (10,46), (10,45), (10,44), (10,43), (10,42), (10,41), (10,40), (10,39), (10,38), (10,37), (10,36), (10,35), (10,34), (10,33), (10,32), (10,31), (10,30)|(10,30), (11,30), (11,30), (11,31), (11,32), (11,33), (11,34), (11,35)",
        "time": 463.8618820144039
    },
    "Walk": {
        "cost": 0,
        "env_tax": 0,
        "route": "(51,54), (50,54), (49,54), (48,54), (47,54), (46,54), (45,54), (44,54), (43,54), (42,54), (41,54), (40,54), (39,54), (38,54), (37,54), (36,54), (35,54), (34,54), (33,54), (32,54), (31,54), (30,54), (29,54), (28,54), (27,54), (26,54), (25,54), (24,54), (23,54), (22,54), (21,54), (20,54), (19,54), (18,54), (17,54), (16,54), (15,54), (14,54), (13,54), (12,54), (11,54), (11,54), (11,53), (11,52), (11,51), (11,50), (11,49), (11,48), (11,47), (11,46), (11,45), (11,44), (11,43), (11,42), (11,41), (11,40), (11,39), (11,38), (11,37), (11,36), (11,35)",
        "time": 4399.3080410403245
    },
    "Walk_Train_Uber": {
        "cost": 19.628646336307284,
        "env_tax": 0.035,
        "route": "(51,54), (50,54), (50,54), (50,53), (50,52), (50,51), (50,50)|(50,50), (49,50), (48,50), (47,50), (46,50), (45,50), (44,50), (43,50), (42,50), (41,50), (40,50), (39,50), (38,50), (37,50), (36,50), (35,50), (34,50), (33,50), (32,50), (31,50), (30,50), (29,50), (28,50), (27,50), (26,50), (25,50), (24,50), (23,50), (22,50), (21,50), (20,50), (19,50), (18,50), (17,50), (16,50), (15,50), (14,50), (13,50), (12,50), (11,50), (10,50), (10,50), (10,49), (10,48), (10,47), (10,46), (10,45), (10,44), (10,43), (10,42), (10,41), (10,40), (10,39), (10,38), (10,37), (10,36), (10,35), (10,34), (10,33), (10,32), (10,31), (10,30)|(10,30), (10,31), (10,32), (10,33), (10,34), (10,35), (11,35)",
        "time": 387.18598103348563
    },
    "Walk_Train_Walk": {
        "cost": 6.2,
        "env_tax": 0,
        "route": "(51,54), (50,54), (50,54), (50,53), (50,52), (50,51), (50,50)|(50,50), (49,50), (48,50), (47,50), (46,50), (45,50), (44,50), (43,50), (42,50), (41,50), (40,50), (39,50), (38,50), (37,50), (36,50), (35,50), (34,50), (33,50), (32,50), (31,50), (30,50), (29,50), (28,50), (27,50), (26,50), (25,50), (24,50), (23,50), (22,50), (21,50), (20,50), (19,50), (18,50), (17,50), (16,50), (15,50), (14,50), (13,50), (12,50), (11,50), (10,50), (10,50), (10,49), (10,48), (10,47), (10,46), (10,45), (10,44), (10,43), (10,42), (10,41), (10,40), (10,39), (10,38), (10,37), (10,36), (10,35), (10,34), (10,33), (10,32), (10,31), (10,30)|(10,30), (11,30), (11,30), (11,31), (11,32), (11,33), (11,34), (11,35)",
        "time": 825.5800347149998
    }
}