{
    "Uber": {
        "cost": 37.665326616322815,
        "env_tax": 0.7600000000000001,
        "route": "(0,48), (0,49), (0,50), (0,51), (0,52), (0,53), (0,54), (0,55), (0,56), (0,57), (0,58), (0,59), (0,60), (0,61), (0,62), (0,63), (0,64), (0,65), (0,66), (0,67), (0,68), (0,69), (0,70), (0,71), (0,72), (0,73), (0,74), (0,75), (0,76), (0,77), (0,78), (0,79), (0,80), (0,81), (1,81), (2,81), (3,81), (3,82), (3,83), (4,83), (5,83), (5,84), (6,84), (7,84), (8,84), (8,85), (9,85), (10,85), (11,85), (12,85), (12,86), (12,87), (13,87), (13,88), (14,88), (15,88), (16,88), (17,88), (18,88), (18,89), (18,90), (19,90), (19,91), (20,91), (21,91), (22,91), (23,91), (23,92), (23,93), (24,93), (25,93), (26,93), (27,93), (28,93), (28,94), (29,94), (29,95), (30,95), (31,95), (32,95), (33,95), (34,95), (35,95), (35,96), (35,97), (36,97), (37,97), (38,97), (39,97), (40,97), (41,97), (41,98), (42,98), (43,98), (44,98), (45,98), (46,98), (47,98), (48,98), (49,98), (50,98), (51,98), (52,98), (53,98), (54,98), (55,98), (56,98), (57,98), (58,98), (59,98), (60,98), (61,98), (62,98), (63,98), (64,98), (65,98), (66,98), (67,98), (68,98), (69,98), (70,98), (71,98), (72,98), (73,98), (74,98), (75,98), (76,98), (77,98), (78,98), (79,98), (80,98), (81,98), (81,97), (82,97), (83,97), (84,97), (85,97), (86,97), (87,97), (88,97), (89,97), (90,97), (91,97), (92,97), (93,97), (94,97), (95,97), (96,97), (96,98), (97,98), (98,98), (99,98)",
        "time": 12.43594691366588
    },
    "Uber_Train_Uber": {
        "cost": 40.910140125839035,
        "env_tax": 0.15500000000000003,
        "route": "(0,48), (0,49), (1,49), (2,49), (3,49), (4,49), (5,49), (6,49), (7,49), (8,49), (9,49), (10,49), (10,50)|(10,50), (11,50), (12,50), (13,50), (14,50), (15,50), (16,50), (17,50), (18,50), (19,50), (20,50), (21,50), (22,50), (23,50), (24,50), (25,50), (26,50), (27,50), (28,50), (29,50), (30,50), (31,50), (32,50), (33,50), (34,50), (35,50), (36,50), (37,50), (38,50), (39,50), (40,50), (41,50), (42,50), (43,50), (44,50), (45,50), (46,50), (47,50), (48,50), (49,50), (50,50), (51,50), (52,50), (53,50), (54,50), (55,50), (56,50), (57,50), (58,50), (59,50), (60,50), (61,50), (62,50), (63,50), (64,50), (65,50), (66,50), (67,50), (68,50), (69,50), (70,50), (71,50), (72,50), (73,50), (74,50), (75,50), (76,50), (77,50), (78,50), (79,50), (80,50), (81,50), (82,50), (83,50), (84,50), (85,50), (86,50), (87,50), (88,50), (89,50), (90,50), (90,50), (90,51), (90,52), (90,53), (90,54), (90,55), (90,56), (90,57), (90,58), (90,59), (90,60), (90,61), (90,62), (90,63), (90,64), (90,65), (90,66), (90,67), (90,68), (90,69), (90,70), (90,71), (90,72), (90,73), (90,74), (90,75), (90,76), (90,77), (90,78), (90,79), (90,80), (90,81), (90,82), (90,83), (90,84), (90,85), (90,86), (90,87), (90,88), (90,89), (90,90)|(90,90), (91,90), (91,91), (92,91), (93,91), (94,91), (95,91), (96,91), (96,92), (96,93), (96,94), (96,95), (97,95), (97,96), (97,97), (97,98), (98,98), (99,98)",
        "time": 26.269487729456472
    },
    "Uber_Train_Walk": {
        "cost": 27.010975548583215,
        "env_tax": 0.065,
        "route": "(0,48), (0,49), (1,49), (2,49), (3,49), (4,49), (5,49), (6,49), (7,49), (8,49), (9,49), (10,49), (10,50)|(10,50), (11,50), (12,50), (13,50), (14,50), (15,50), (16,50), (17,50), (18,50), (19,50), (20,50), (21,50), (22,50), (23,50), (24,50), (25,50), (26,50), (27,50), (28,50), (29,50), (30,50), (31,50), (32,50), (33,50), (34,50), (35,50), (36,50), (37,50), (38,50), (39,50), (40,50), (41,50), (42,50), (43,50), (44,50), (45,50), (46,50), (47,50), (48,50), (49,50), (50,50), (51,50), (52,50), (53,50), (54,50), (55,50), (56,50), (57,50), (58,50), (59,50), (60,50), (61,50), (62,50), (63,50), (64,50), (65,50), (66,50), (67,50), (68,50), (69,50), (70,50), (71,50), (72,50), (73,50), (74,50), (75,50), (76,50), (77,50), (78,50), (79,50), (80,50), (81,50), (82,50), (83,50), (84,50), (85,50), (86,50), (87,50), (88,50), (89,50), (90,50), (90,50), (90,51), (90,52), (90,53), (90,54), (90,55), (90,56), (90,57), (90,58), (90,59), (90,60), (90,61), (90,62), (90,63), (90,64), (90,65), (90,66), (90,67), (90,68), (90,69), (90,70), (90,71), (90,72), (90,73), (90,74), (90,75), (90,76), (90,77), (90,78), (90,79), (90,80), (90,81), (90,82), (90,83), (90,84), (90,85), (90,86), (90,87), (90,88), (90,89), (90,90)|(90,90), (91,90), (92,90), (93,90), (94,90), (95,90), (96,90), (97,90), (98,90), (99,90), (99,90), (99,91), (99,92), (99,93), (99,94), (99,95), (99,96), (99,97), (99,98)",
        "time": 1281.9318458838547
    },
    "Walk": {
        "cost": 0,
        "env_tax": 0,
        "route": "(0,48), (1,48), (2,48), (3,48), (4,48), (5,48), (6,48), (7,48), (8,48), (9,48), (10,48), (11,48), (12,48), (13,48), (14,48), (15,48), (16,48), (17,48), (18,48), (19,48), (20,48), (21,48), (22,48), (23,48), (24,48), (25,48), (26,48), (27,48), (28,48), (29,48), (30,48), (31,48), (32,48), (33,48), (34,48), (35,48), (36,48), (37,48), (38,48), (39,48), (40,48), (41,48), (42,48), (43,48), (44,48), (45,48), (46,48), (47,48), (48,48), (49,48), (50,48), (51,48), (52,48), (53,48), (54,48), (55,48), (56,48), (57,48), (58,48), (59,48), (60,48), (61,48), (62,48), (63,48), (64,48), (65,48), (66,48), (67,48), (68,48), (69,48), (70,48), (71,48), (72,48), (73,48), (74,48), (75,48), (76,48), (77,48), (78,48), (79,48), (80,48), (81,48), (82,48), (83,48), (84,48), (85,48), (86,48), (87,48), (88,48), (89,48), (90,48), (91,48), (92,48), (93,48), (94,48), (95,48), (96,48), (97,48), (98,48), (99,48), (99,48), (99,49), (99,50), (99,51), (99,52), (99,53), (99,54), (99,55), (99,56), (99,57), (99,58), (99,59), (99,60), (99,61), (99,62), (99,63), (99,64), (99,65), (99,66), (99,67), (99,68), (99,69), (99,70), (99,71), (99,72), (99,73), (99,74), (99,75), (99,76), (99,77), (99,78), (99,79), (99,80), (99,81), (99,82), (99,83), (99,84), (99,85), (99,86), (99,87), (99,88), (99,89), (99,90), (99,91), (99,92), (99,93), (99,94), (99,95), (99,96), (99,97), (99,98)",
        "time": 11110.11691720353
    },
    "Walk_Train_Uber": {
        "cost": 26.03639671244996,
        "env_tax": 0.09000000000000001,
        "route": "(0,48), (1,48), (2,48), (3,48), (4,48), (5,48), (6,48), (7,48), (8,48), (9,48), (10,48), (10,48), (10,49), (10,50)|(10,50), (11,50), (12,50), (13,50), (14,50), (15,50), (16,50), (17,50), (18,50), (19,50), (20,50), (21,50), (22,50), (23,50), (24,50), (25,50), (26,50), (27,50), (28,50), (29,50), (30,50), (31,50), (32,50), (33,50), (34,50), (35,50), (36,50), (37,50), (38,50), (39,50), (40,50), (41,50), (42,50), (43,50), (44,50), (45,50), (46,50), (47,50), (48,50), (49,50), (50,50), (51,50), (52,50), (53,50), (54,50), (55,50), (56,50), (57,50), (58,50), (59,50), (60,50), (61,50), (62,50), (63,50), (64,50), (65,50), (66,50), (67,50), (68,50), (69,50), (70,50), (71,50), (72,50), (73,50), (74,50), (75,50), (76,50), (77,50), (78,50), (79,50), (80,50), (81,50), (82,50), (83,50), (84,50), (85,50), (86,50), (87,50), (88,50), (89,50), (90,50), (90,50), (90,51), (90,52), (90,53), (90,54), (90,55), (90,56), (90,57), (90,58), (90,59), (90,60), (90,61), (90,62), (90,63), (90,64), (90,65), (90,66), (90,67), (90,68), (90,69), (90,70), (90,71), (90,72), (90,73), (90,74), (90,75), (90,76), (90,77), (90,78), (90,79), (90,80), (90,81), (90,82), (90,83), (90,84), (90,85), (90,86), (90,87), (90,88), (90,89), (90,90)|(90,90), (91,90), (91,91), (92,91), (93,91), (94,91), (95,91), (96,91), (96,92), (96,93), (96,94), (96,95), (97,95), (97,96), (97,97), (97,98), (98,98), (99,98)",
        "time": 907.7733922770199
    },
    "Walk_Train_Walk": {
        "cost": 12.200000000000001,
        "env_tax": 0,