{
    "Uber": {
        "cost": 59.87599611390566,
        "env_tax": 0.545,
        "route": "(18,91), (17,91), (16,91), (15,91), (14,91), (13,91), (12,91), (12,90), (11,90), (11,89), (11,88), (11,87), (11,86), (11,85), (11,84), (11,83), (11,82), (11,81), (11,80), (11,79), (11,78), (11,77), (11,76), (11,75), (10,75), (10,74), (9,74), (9,73), (9,72), (9,71), (9,70), (9,69), (9,68), (9,67), (9,66), (9,65), (9,64), (9,63), (9,62), (9,61), (9,60), (9,59), (9,58), (9,57), (9,56), (9,55), (9,54), (10,54), (10,53), (10,52), (10,51), (10,50), (10,49), (10,48), (11,48), (11,47), (12,47), (12,46), (12,45), (13,45), (13,44), (14,44), (14,43), (14,42), (15,42), (15,41), (15,40), (16,40), (16,39), (17,39), (17,38), (17,37), (18,37), (18,36), (19,36), (20,36), (21,36), (22,36), (23,36), (24,36), (25,36), (26,36), (27,36), (28,36), (29,36), (30,36), (31,36), (32,36), (33,36), (34,36), (35,36), (36,36), (37,36), (38,36), (39,36), (40,36), (41,36), (42,36), (43,36), (44,36), (45,36), (46,36), (46,37), (47,37), (48,37), (49,37), (50,37), (51,37), (52,37)",
        "time": 18.03040577135979
    },
    "Uber_Train_Uber": {
        "cost": 38.21779781775323,
        "env_tax": 0.05000000000000001,
        "route": "(18,91), (18,90), (19,90), (20,90)|(20,90), (21,90), (22,90), (23,90), (24,90), (25,90), (26,90), (27,90), (28,90), (29,90), (30,90), (31,90), (32,90), (33,90), (34,90), (35,90), (36,90), (37,90), (38,90), (39,90), (40,90), (41,90), (42,90), (43,90), (44,90), (45,90), (46,90), (47,90), (48,90), (49,90), (50,90), (50,90), (50,89), (50,88), (50,87), (50,86), (50,85), (50,84), (50,83), (50,82), (50,81), (50,80), (50,79), (50,78), (50,77), (50,76), (50,75), (50,74), (50,73), (50,72), (50,71), (50,70), (50,69), (50,68), (50,67), (50,66), (50,65), (50,64), (50,63), (50,62), (50,61), (50,60), (50,59), (50,58), (50,57), (50,56), (50,55), (50,54), (50,53), (50,52), (50,51), (50,50), (50,49), (50,48), (50,47), (50,46), (50,45), (50,44), (50,43), (50,42), (50,41), (50,40)|(50,40), (50,39), (51,39), (51,38), (51,37), (52,37)",
        "time": 28.958725441990815
    },
    "Uber_Train_Walk": {
        "cost": 20.57491372685316,
        "env_tax": 0.020000000000000004,
        "route": "(18,91), (18,90), (19,90), (20,90)|(20,90), (21,90), (22,90), (23,90), (24,90), (25,90), (26,90), (27,90), (28,90), (29,90), (30,90), (31,90), (32,90), (33,90), (34,90), (35,90), (36,90), (37,90), (38,90), (39,90), (40,90), (41,90), (42,90), (43,90), (44,90), (45,90), (46,90), (47,90), (48,90), (49,90), (50,90), (50,90), (50,89), (50,88), (50,87), (50,86), (50,85), (50,84), (50,83), (50,82), (50,81), (50,80), (50,79), (50,78), (50,77), (50,76), (50,75), (50,74), (50,73), (50,72), (50,71), (50,70), (50,69), (50,68), (50,67), (50,66), (50,65), (50,64), (50,63), (50,62), (50,61), (50,60), (50,59), (50,58), (50,57), (50,56), (50,55), (50,54), (50,53), (50,52), (50,51), (50,50), (50,49), (50,48), (50,47), (50,46), (50,45), (50,44), (50,43), (50,42), (50,41), (50,40)|(50,40), (51,40), (52,40), (52,40), (52,39), (52,38), (52,37)",
        "time": 386.1975867195967
    },
    "Walk": {
        "cost": 0,
        "env_tax": 0,
        "route": "(18,91), (19,91), (20,91), (21,91), (22,91), (23,91), (24,91), (25,91), (26,91), (27,91), (28,91), (29,91), (30,91), (31,91), (32,91), (33,91), (34,91), (35,91), (36,91), (37,91), (38,91), (39,91), (40,91), (41,91), (42,91), (43,91), (44,91), (45,91), (46,91), (47,91), (48,91), (49,91), (50,91), (51,91), (52,91), (52,91), (52,90), (52,89), (52,88), (52,87), (52,86), (52,85), (52,84), (52,83), (52,82), (52,81), (52,80), (52,79), (52,78), (52,77), (52,76), (52,75), (52,74), (52,73), (52,72), (52,71), (52,70), (52,69), (52,68), (52,67), (52,66), (52,65), (52,64), (52,63), (52,62), (52,61), (52,60), (52,59), (52,58), (52,57), (52,56), (52,55), (52,54), (52,53), (52,52), (52,51), (52,50), (52,49), (52,48), (52,47), (52,46), (52,45), (52,44), (52,43), (52,42), (52,41), (52,40), (52,39), (52,38), (52,37)",
        "time": 6561.679790026246
    },
    "Walk_Train_Uber": {
        "cost": 27.159562238854463,
        "env_tax": 0.030000000000000006,
        "route": "(18,91), (19,91), (20,91), (20,91), (20,90)|(20,90), (21,90), (22,90), (23,90), (24,90), (25,90), (26,90), (27,90), (28,90), (29,90), (30,90), (31,90), (32,90), (33,90), (34,90), (35,90), (36,90), (37,90), (38,90), (39,90), (40,90), (41,90), (42,90), (43,90), (44,90), (45,90), (46,90), (47,90), (48,90), (49,90), (50,90), (50,90), (50,89), (50,88), (50,87), (50,86), (50,85), (50,84), (50,83), (50,82), (50,81), (50,80), (50,79), (50,78), (50,77), (50,76), (50,75), (50,74), (50,73), (50,72), (50,71), (50,70), (50,69), (50,68), (50,67), (50,66), (50,65), (50,64), (50,63), (50,62), (50,61), (50,60), (50,59), (50,58), (50,57), (50,56), (50,55), (50,54), (50,53), (50,52), (50,51), (50,50), (50,49), (50,48), (50,47), (50,46), (50,45), (50,44), (50,43), (50,42), (50,41), (50,40)|(50,40), (50,39), (51,39), (51,38), (51,37), (52,37)",
        "time": 237.66394176839484
    },
    "Walk_Train_Walk": {
        "cost": 8.200000000000001,
        "env_tax": 0,
        "route": "(18,91), (19,91), (20,91), (20,91), (20,90)|(20,90), (21,90), (22,90), (23,90), (24,90), (25,90), (26,90), (27,90), (28,90), (29,90), (30,90), (31,90), (32,90), (33,90), (34,90), (35,90), (36,90), (37,90), (38,90), (39,90), (40,90), (41,90), (42,90), (43,90), (44,90), (45,90), (46,90), (47,90), (48,90), (49,90), (50,90), (50,90), (50,89), (50,88), (50,87), (50,86), (50,85), (50,84), (50,83), (50,82), (50,81), (50,80), (50,79), (50,78), (50,77), (50,76), (50,75), (50,74), (50,73), (50,72), (50,71), (50,70), (50,69), (50,68), (50,67), (50,66), (50,65), (50,64), (50,63), (50,62), (50,61), (50,60), (50,59), (50,58), (50,57), (50,56), (50,55), (50,54), (50,53), (50,52), (50,51), (50,50), (50,49), (50,48), (50,47), (50,46), (50,45), (50,44), (50,43), (50,42), (50,41), (50,40)|(50,40), (51,40), (52,40), (52,40), (52,39), (52,38), (52,37)",
        "time": 601.5605957765488
    }
}