{
    "Uber": {
        "cost": 26.37132648911585,
        "env_tax": 0.5,
        "route": "(33,1), (33,0), (32,0), (31,0), (30,0), (29,0), (28,0), (27,0), (26,0), (25,0), (24,0), (23,0), (22,0), (21,0), (20,0), (19,0), (18,0), (18,1), (17,1), (16,1), (15,1), (14,1), (13,1), (12,1), (11,1), (10,1), (9,1), (9,2), (9,3), (8,3), (7,3), (6,3), (5,3), (4,3), (3,3), (2,3), (2,4), (1,4), (0,4), (0,5), (0,6), (0,7), (0,8), (0,9), (0,10), (0,11), (0,12), (0,13), (0,14), (0,15), (0,16), (0,17), (0,18), (0,19), (0,20), (0,21), (0,22), (0,23), (0,24), (0,25), (0,26), (0,27), (0,28), (0,29), (0,30), (0,31), (0,32), (0,33), (0,34), (0,35), (0,36), (0,37), (0,38), (0,39), (0,40), (0,41), (1,41), (1,42), (1,43), (1,44), (1,45), (1,46), (1,47), (1,48), (1,49), (1,50), (1,51), (1,52), (1,53), (2,53), (2,54), (2,55), (2,56), (2,57), (2,58), (2,59), (2,60), (2,61), (2,62), (3,62)",
        "time": 12.14259254900514
    },
    "Uber_Train_Uber": {
        "cost": 35.74887151008929,
        "env_tax": 0.115,
        "route": "(33,1), (33,2), (33,3), (33,4), (33,5), (32,5), (32,6), (31,6), (30,6), (30,7), (30,8), (30,9), (30,10)|(30,10), (29,10), (28,10), (27,10), (26,10), (25,10), (24,10), (23,10), (22,10), (21,10), (20,10), (19,10), (18,10), (17,10), (16,10), (15,10), (14,10), (13,10), (12,10), (11,10), (10,10), (10,10), (10,11), (10,12), (10,13), (10,14), (10,15), (10,16), (10,17), (10,18), (10,19), (10,20), (10,21), (10,22), (10,23), (10,24), (10,25), (10,26), (10,27), (10,28), (10,29), (10,30), (10,31), (10,32), (10,33), (10,34), (10,35), (10,36), (10,37), (10,38), (10,39), (10,40), (10,41), (10,42), (10,43), (10,44), (10,45), (10,46), (10,47), (10,48), (10,49), (10,50), (10,51), (10,52), (10,53), (10,54), (10,55), (10,56), (10,57), (10,58), (10,59), (10,60)|(10,60), (9,60), (8,60), (7,60), (6,60), (5,60), (5,61), (4,61), (4,62), (3,62)",
        "time": 25.478463989507578
    },
    "Uber_Train_Walk": {
        "cost": 21.799700734056366,
        "env_tax": 0.065,
        "route": "(33,1), (33,2), (33,3), (33,4), (33,5), (32,5), (32,6), (31,6), (30,6), (30,7), (30,8), (30,9), (30,10)|(30,10), (29,10), (28,10), (27,10), (26,10), (25,10), (24,10), (23,10), (22,10), (21,10), (20,10), (19,10), (18,10), (17,10), (16,10), (15,10), (14,10), (13,10), (12,10), (11,10), (10,10), (10,10), (10,11), (10,12), (10,13), (10,14), (10,15), (10,16), (10,17), (10,18), (10,19), (10,20), (10,21), (10,22), (10,23), (10,24), (10,25), (10,26), (10,27), (10,28), (10,29), (10,30), (10,31), (10,32), (10,33), (10,34), (10,35), (10,36), (10,37), (10,38), (10,39), (10,40), (10,41), (10,42), (10,43), (10,44), (10,45), (10,46), (10,47), (10,48), (10,49), (10,50), (10,51), (10,52), (10,53), (10,54), (10,55), (10,56), (10,57), (10,58), (10,59), (10,60)|(10,60), (9,60), (8,60), (7,60), (6,60), (5,60), (4,60), (3,60), (3,60), (3,61), (3,62)",
        "time": 691.8607104400678
    },
    "Walk": {
        "cost": 0,
        "env_tax": 0,
        "route": "(33,1), (32,1), (31,1), (30,1), (29,1), (28,1), (27,1), (26,1), (25,1), (24,1), (23,1), (22,1), (21,1), (20,1), (19,1), (18,1), (17,1), (16,1), (15,1), (14,1), (13,1), (12,1), (11,1), (10,1), (9,1), (8,1), (7,1), (6,1), (5,1), (4,1), (3,1), (3,1), (3,2), (3,3), (3,4), (3,5), (3,6), (3,7), (3,8), (3,9), (3,10), (3,11), (3,12), (3,13), (3,14), (3,15), (3,16), (3,17), (3,18), (3,19), (3,20), (3,21), (3,22), (3,23), (3,24), (3,25), (3,26), (3,27), (3,28), (3,29), (3,30), (3,31), (3,32), (3,33), (3,34), (3,35), (3,36), (3,37), (3,38), (3,39), (3,40), (3,41), (3,42), (3,43), (3,44), (3,45), (3,46), (3,47), (3,48), (3,49), (3,50), (3,51), (3,52), (3,53), (3,54), (3,55), (3,56), (3,57), (3,58), (3,59), (3,60), (3,61), (3,62)",
        "time": 6785.373419231686
    },
    "Walk_Train_Uber": {
        "cost": 21.28509710065941,
        "env_tax": 0.05,
        "route": "(33,1), (32,1), (31,1), (30,1), (30,1), (30,2), (30,3), (30,4), (30,5), (30,6), (30,7), (30,8), (30,9), (30,10)|(30,10), (29,10), (28,10), (27,10), (26,10), (25,10), (24,10), (23,10), (22,10), (21,10), (20,10), (19,10), (18,10), (17,10), (16,10), (15,10), (14,10), (13,10), (12,10), (11,10), (10,10), (10,10), (10,11), (10,12), (10,13), (10,14), (10,15), (10,16), (10,17), (10,18), (10,19), (10,20), (10,21), (10,22), (10,23), (10,24), (10,25), (10,26), (10,27), (10,28), (10,29), (10,30), (10,31), (10,32), (10,33), (10,34), (10,35), (10,36), (10,37), (10,38), (10,39), (10,40), (10,41), (10,42), (10,43), (10,44), (10,45), (10,46), (10,47), (10,48), (10,49), (10,50), (10,51), (10,52), (10,53), (10,54), (10,55), (10,56), (10,57), (10,58), (10,59), (10,60)|(10,60), (9,60), (8,60), (7,60), (6,60), (5,60), (5,61), (4,61), (4,62), (3,62)",
        "time": 910.0297782243215
    },
    "Walk_Train_Walk": {
        "cost": 7.2,
        "env_tax": 0,
        "route": "(33,1), (32,1), (31,1), (30,1), (30,1), (30,2), (30,3), (30,4), (30,5), (30,6), (30,7), (30,8), (30,9), (30,10)|(30,10), (29,10), (28,10), (27,10), (26,10), (25,10), (24,10), (23,10), (22,10), (21,10), (20,10), (19,10), (18,10), (17,10), (16,10), (15,10), (14,10), (13,10), (12,10), (11,10), (10,10), (10,10), (10,11), (10,12), (10,13), (10,14), (10,15), (10,16), (10,17), (10,18), (10,19), (10,20), (10,21), (10,22), (10,23), (10,24), (10,25), (10,26), (10,27), (10,28), (10,29), (10,30), (10,31), (10,32), (10,33), (10,34), (10,35), (10,36), (10,37), (10,38), (10,39), (10,40), (10,41), (10,42), (10,43), (10,44), (10,45), (10,46), (10,47), (10,48), (10,49), (10,50), (10,51), (10,52), (10,53), (10,54), (10,55), (10,56), (10,57), (10,58), (10,59), (10,60)|(10,60), (9,60), (8,60), (7,60), (6,60), (5,60), (4,60), (3,60), (3,60), (3,61), (3,62)",
        "time": 1574.4843087149661
    }
}