{
    "Uber": {
        "cost": 25.5102528215335,
        "env_tax": 0.17000000000000004,
        "route": "(53,23), (53,22), (53,21), (53,20), (53,19), (53,18), (53,17), (53,16), (53,15), (52,15), (52,14), (51,14), (50,14), (50,13), (49,13), (48,13), (47,13), (47,12), (46,12), (46,11), (45,11), (45,10), (45,9), (44,9), (43,9), (43,8), (42,8), (41,8), (40,8), (39,8), (38,8), (38,7), (38,6), (37,6)",
        "time": 8.662652448492757
    },
    "Uber_Train_Uber": {
        "cost": 31.93433130696236,
        "env_tax": 0.07500000000000001,
        "route": "(53,23), (53,22), (53,21), (53,20), (52,20), (51,20), (50,20)|(50,20), (49,20), (48,20), (47,20), (46,20), (45,20), (44,20), (43,20), (42,20), (41,20), (40,20), (40,20), (40,19), (40,18), (40,17), (40,16), (40,15), (40,14), (40,13), (40,12), (40,11), (40,10)|(40,10), (39,10), (38,10), (38,9), (38,8), (38,7), (38,6), (37,6)",
        "time": 22.170516703096094
    },
    "Uber_Train_Walk": {
        "cost": 17.747833140255754,
        "env_tax": 0.035,
        "route": "(53,23), (53,22), (53,21), (53,20), (52,20), (51,20), (50,20)|(50,20), (49,20), (48,20), (47,20), (46,20), (45,20), (44,20), (43,20), (42,20), (41,20), (40,20), (40,20), (40,19), (40,18), (40,17), (40,16), (40,15), (40,14), (40,13), (40,12), (40,11), (40,10)|(40,10), (39,10), (38,10), (37,10), (37,10), (37,9), (37,8), (37,7), (37,6)",
        "time": 538.6755566633674
    },
    "Walk": {
        "cost": 0,
        "env_tax": 0,
        "route": "(53,23), (52,23), (51,23), (50,23), (49,23), (48,23), (47,23), (46,23), (45,23), (44,23), (43,23), (42,23), (41,23), (40,23), (39,23), (38,23), (37,23), (37,23), (37,22), (37,21), (37,20), (37,19), (37,18), (37,17), (37,16), (37,15), (37,14), (37,13), (37,12), (37,11), (37,10), (37,9), (37,8), (37,7), (37,6)",
        "time": 2460.6299212598424
    },
    "Walk_Train_Uber": {
        "cost": 15.884994810104828,
        "env_tax": 0.04000000000000001,
        "route": "(53,23), (52,23), (51,23), (50,23), (50,23), (50,22), (50,21), (50,20)|(50,20), (49,20), (48,20), (47,20), (46,20), (45,20), (44,20), (43,20), (42,20), (41,20), (40,20), (40,20), (40,19), (40,18), (40,17), (40,16), (40,15), (40,14), (40,13), (40,12), (40,11), (40,10)|(40,10), (39,10), (38,10), (38,9), (38,8), (38,7), (38,6), (37,6)",
        "time": 467.0344165399308
    },
    "Walk_Train_Walk": {
        "cost": 2.2,
        "env_tax": 0,
        "route": "(53,23), (52,23), (51,23), (50,23), (50,23), (50,22), (50,21), (50,20)|(50,20), (49,20), (48,20), (47,20), (46,20), (45,20), (44,20), (43,20), (42,20), (41,20), (40,20), (40,20), (40,19), (40,18), (40,17), (40,16), (40,15), (40,14), (40,13), (40,12), (40,11), (40,10)|(40,10), (39,10), (38,10), (37,10), (37,10), (37,9), (37,8), (37,7), (37,6)",
        "time": 978.6243649126858
    }
}