{
    "Uber": {
        "cost": 47.230155436727266,
        "env_tax": 0.79,
        "route": "(7,20), (6,20), (5,20), (4,20), (3,20), (2,20), (1,20), (1,21), (0,21), (0,22), (0,23), (0,24), (0,25), (0,26), (0,27), (0,28), (0,29), (0,30), (0,31), (0,32), (0,33), (0,34), (0,35), (0,36), (0,37), (0,38), (0,39), (0,40), (0,41), (1,41), (1,42), (1,43), (1,44), (1,45), (1,46), (1,47), (1,48), (1,49), (1,50), (1,51), (1,52), (1,53), (2,53), (2,54), (2,55), (2,56), (2,57), (2,58), (2,59), (2,60), (2,61), (3,61), (3,62), (4,62), (4,63), (5,63), (5,64), (6,64), (6,65), (6,66), (7,66), (7,67), (8,67), (8,68), (9,68), (9,69), (10,69), (10,70), (10,71), (11,71), (12,71), (13,71), (13,72), (14,72), (15,72), (15,73), (15,74), (16,74), (16,75), (16,76), (16,77), (16,78), (17,78), (18,78), (19,78), (20,78), (20,79), (20,80), (20,81), (20,82), (20,83), (21,83), (21,84), (22,84), (23,84), (23,85), (24,85), (24,86), (24,87), (25,87), (25,88), (25,89), (26,89), (26,90), (27,90), (28,90), (29,90), (29,91), (30,91), (31,91), (32,91), (33,91), (33,92), (33,93), (34,93), (34,94), (34,95), (35,95), (35,96), (35,97), (36,97), (37,97), (38,97), (39,97), (40,97), (41,97), (41,98), (42,98), (43,98), (44,98), (45,98), (46,98), (47,98), (48,98), (49,98), (50,98), (51,98), (52,98), (53,98), (54,98), (55,98), (56,98), (57,98), (58,98), (58,97), (59,97), (60,97), (61,97), (62,97), (62,96), (63,96), (64,96), (64,95), (65,95), (65,94), (65,93), (65,92), (65,91)",
        "time": 15.226254706564095
    },
    "Uber_Train_Uber": {
        "cost": 37.93150788940833,
        "env_tax": 0.05500000000000001,
        "route": "(7,20), (8,20), (9,20), (10,20)|(10,20), (11,20), (12,20), (13,20), (14,20), (15,20), (16,20), (17,20), (18,20), (19,20), (20,20), (21,20), (22,20), (23,20), (24,20), (25,20), (26,20), (27,20), (28,20), (29,20), (30,20), (31,20), (32,20), (33,20), (34,20), (35,20), (36,20), (37,20), (38,20), (39,20), (40,20), (41,20), (42,20), (43,20), (44,20), (45,20), (46,20), (47,20), (48,20), (49,20), (50,20), (51,20), (52,20), (53,20), (54,20), (55,20), (56,20), (57,20), (58,20), (59,20), (60,20), (60,20), (60,21), (60,22), (60,23), (60,24), (60,25), (60,26), (60,27), (60,28), (60,29), (60,30), (60,31), (60,32), (60,33), (60,34), (60,35), (60,36), (60,37), (60,38), (60,39), (60,40), (60,41), (60,42), (60,43), (60,44), (60,45), (60,46), (60,47), (60,48), (60,49), (60,50), (60,51), (60,52), (60,53), (60,54), (60,55), (60,56), (60,57), (60,58), (60,59), (60,60), (60,61), (60,62), (60,63), (60,64), (60,65), (60,66), (60,67), (60,68), (60,69), (60,70), (60,71), (60,72), (60,73), (60,74), (60,75), (60,76), (60,77), (60,78), (60,79), (60,80), (60,81), (60,82), (60,83), (60,84), (60,85), (60,86), (60,87), (60,88), (60,89), (60,90)|(60,90), (61,90), (61,91), (62,91), (63,91), (64,91), (65,91)",
        "time": 13.51526802639782
    },
    "Uber_Train_Walk": {
        "cost": 24.614792869123725,
        "env_tax": 0.020000000000000004,
        "route": "(7,20), (8,20), (9,20), (10,20)|(10,20), (11,20), (12,20), (13,20), (14,20), (15,20), (16,20), (17,20), (18,20), (19,20), (20,20), (21,20), (22,20), (23,20), (24,20), (25,20), (26,20), (27,20), (28,20), (29,20), (30,20), (31,20), (32,20), (33,20), (34,20), (35,20), (36,20), (37,20), (38,20), (39,20), (40,20), (41,20), (42,20), (43,20), (44,20), (45,20), (46,20), (47,20), (48,20), (49,20), (50,20), (51,20), (52,20), (53,20), (54,20), (55,20), (56,20), (57,20), (58,20), (59,20), (60,20), (60,20), (60,21), (60,22), (60,23), (60,24), (60,25), (60,26), (60,27), (60,28), (60,29), (60,30), (60,31), (60,32), (60,33), (60,34), (60,35), (60,36), (60,37), (60,38), (60,39), (60,40), (60,41), (60,42), (60,43), (60,44), (60,45), (60,46), (60,47), (60,48), (60,49), (60,50), (60,51), (60,52), (60,53), (60,54), (60,55), (60,56), (60,57), (60,58), (60,59), (60,60), (60,61), (60,62), (60,63), (60,64), (60,65), (60,66), (60,67), (60,68), (60,69), (60,70), (60,71), (60,72), (60,73), (60,74), (60,75), (60,76), (60,77), (60,78), (60,79), (60,80), (60,81), (60,82), (60,83), (60,84), (60,85), (60,86), (60,87), (60,88), (60,89), (60,90)|(60,90), (61,90), (62,90), (63,90), (64,90), (65,90), (65,90), (65,91)",
        "time": 465.4701788088441
    },
    "Walk": {
        "cost": 0,
        "env_tax": 0,
        "route": "(7,20), (8,20), (9,20), (10,20), (11,20), (12,20), (13,20), (14,20), (15,20), (16,20), (17,20), (18,20), (19,20), (20,20), (21,20), (22,20), (23,20), (24,20), (25,20), (26,20), (27,20), (28,20), (29,20), (30,20), (31,20), (32,20), (33,20), (34,20), (35,20), (36,20), (37,20), (38,20), (39,20), (40,20), (41,20), (42,20), (43,20), (44,20), (45,20), (46,20), (47,20), (48,20), (49,20), (50,20), (51,20), (52,20), (53,20), (54,20), (55,20), (56,20), (57,20), (58,20), (59,20), (60,20), (61,20), (62,20), (63,20), (64,20), (65,20), (65,20), (65,21), (65,22), (65,23), (65,24), (65,25), (65,26), (65,27), (65,28), (65,29), (65,30), (65,31), (65,32), (65,33), (65,34), (65,35), (65,36), (65,37), (65,38), (65,39), (65,40), (65,41), (65,42), (65,43), (65,44), (65,45), (65,46), (65,47), (65,48), (65,49), (65,50), (65,51), (65,52), (65,53), (65,54), (65,55), (65,56), (65,57), (65,58), (65,59), (65,60), (65,61), (65,62), (65,63), (65,64), (65,65), (65,66), (65,67), (65,68), (65,69), (65,70), (65,71), (65,72), (65,73), (65,74), (65,75), (65,76), (65,77), (65,78), (65,79), (65,80), (65,81), (65,82), (65,83), (65,84), (65,85), (65,86), (65,87), (65,88), (65,89), (65,90), (65,91)",
        "time": 9618.82605583393
    },
    "Walk_Train_Uber": {
        "cost": 26.25299546293815,
        "env_tax": 0.035,
        "route": "(7,20), (8,20), (9,20), (10,20), (10,20)|(10,20), (11,20), (12,20), (13,20), (14,20), (15,20), (16,20), (17,20), (18,20), (19,20), (20,20), (21,20), (22,20), (23,20), (24,20), (25,20), (26,20), (27,20), (28,20), (29,20), (30,20), (31,20), (32,20), (33,20), (34,20), (35,20), (36,20), (37,20), (38,20), (39,20), (40,20), (41,20), (42,20), (43,20), (44,20), (45,20), (46,20), (47,20), (48,20), (49,20), (50,20), (51,20), (52,20), (53,20), (54,20), (55,20), (56,20), (57,20), (58,20), (59,20), (60,20), (60,20), (60,21), (60,22), (60,23), (60,24), (60,25), (60,26), (60,27), (60,28), (60,29), (60,30), (60,31), (60,32), (60,33), (60,34), (60,35), (60,36), (60,37), (60,38), (60,39), (60,40), (60,41), (60,42), (60,43), (60,44), (60,45), (60,46), (60,47), (60,48), (60,49), (60,50), (60,51), (60,52), (60,53), (60,54), (60,55), (60,56), (60,57), (60,58), (60,59), (60,60), (60,61), (60,62), (60,63), (60,64), (60,65), (60,66), (60,67), (60,68), (60,69), (60,70), (60,71), (60,72), (60,73), (60,74), (60,75), (60,76), (60,77), (60,78), (60,79), (60,80), (60,81), (60,82), (60,83), (60,84), (60,85), (60,86), (60,87), (60,88), (60,89), (60,90)|(60,90), (61,90), (61,91), (62,91), (63,91), (64,91), (65,91)",
        "time": 244.4182981486017
    },
    "Walk_Train_Walk": {
        "cost": 12.200000000000001,
        "env_tax": 0,