{
    "Uber": {
        "cost": 32.1690858907072,
        "env_tax": 0.225,
        "route": "(30,50), (29,50), (28,50), (27,50), (26,50), (25,50), (24,50), (23,50), (22,50), (22,49), (21,49), (20,49), (20,48), (19,48), (18,48), (17,48), (16,48), (15,48), (14,48), (14,47), (13,47), (12,47), (12,46), (12,45), (12,44), (11,44), (10,44), (10,43), (10,42), (10,41), (10,40), (10,39), (10,38), (10,37), (10,36), (10,35), (10,34), (10,33), (10,32), (10,31), (10,30), (10,29), (10,28), (11,28), (11,27)",
        "time": 12.315863962473575
    },
    "Uber_Train_Uber": {
        "cost": 28.74889170631309,
        "env_tax": 0.030000000000000002,
        "route": "(30,50)|(30,50), (29,50), (28,50), (27,50), (26,50), (25,50), (24,50), (23,50), (22,50), (21,50), (20,50), (19,50), (18,50), (17,50), (16,50), (15,50), (14,50), (13,50), (12,50), (11,50), (10,50), (10,50), (10,49), (10,48), (10,47), (10,46), (10,45), (10,44), (10,43), (10,42), (10,41), (10,40), (10,39), (10,38), (10,37), (10,36), (10,35), (10,34), (10,33), (10,32), (10,31), (10,30)|(10,30), (10,29), (10,28), (11,28), (11,27)",
        "time": 15.954279682085573
    },
    "Uber_Train_Walk": {
        "cost": 16.055000000000003,
        "env_tax": 0.005000000000000001,
        "route": "(30,50)|(30,50), (29,50), (28,50), (27,50), (26,50), (25,50), (24,50), (23,50), (22,50), (21,50), (20,50), (19,50), (18,50), (17,50), (16,50), (15,50), (14,50), (13,50), (12,50), (11,50), (10,50), (10,50), (10,49), (10,48), (10,47), (10,46), (10,45), (10,44), (10,43), (10,42), (10,41), (10,40), (10,39), (10,38), (10,37), (10,36), (10,35), (10,34), (10,33), (10,32), (10,31), (10,30)|(10,30), (11,30), (11,30), (11,29), (11,28), (11,27)",
        "time": 312.54496128653454
    },
    "Walk": {
        "cost": 0,
        "env_tax": 0,
        "route": "(30,50), (29,50), (28,50), (27,50), (26,50), (25,50), (24,50), (23,50), (22,50), (21,50), (20,50), (19,50), (18,50), (17,50), (16,50), (15,50), (14,50), (13,50), (12,50), (11,50), (11,50), (11,49), (11,48), (11,47), (11,46), (11,45), (11,44), (11,43), (11,42), (11,41), (11,40), (11,39), (11,38), (11,37), (11,36), (11,35), (11,34), (11,33), (11,32), (11,31), (11,30), (11,29), (11,28), (11,27)",
        "time": 3131.710808876163
    },
    "Walk_Train_Uber": {
        "cost": 16.981976275715244,
        "env_tax": 0.025,
        "route": "(30,50), (30,50)|(30,50), (29,50), (28,50), (27,50), (26,50), (25,50), (24,50), (23,50), (22,50), (21,50), (20,50), (19,50), (18,50), (17,50), (16,50), (15,50), (14,50), (13,50), (12,50), (11,50), (10,50), (10,50), (10,49), (10,48), (10,47), (10,46), (10,45), (10,44), (10,43), (10,42), (10,41), (10,40), (10,39), (10,38), (10,37), (10,36), (10,35), (10,34), (10,33), (10,32), (10,31), (10,30)|(10,30), (10,29), (10,28), (11,28), (11,27)",
        "time": 12.145899049487522
    },
    "Walk_Train_Walk": {
        "cost": 4.2,
        "env_tax": 0,
        "route": "(30,50), (30,50)|(30,50), (29,50), (28,50), (27,50), (26,50), (25,50), (24,50), (23,50), (22,50), (21,50), (20,50), (19,50), (18,50), (17,50), (16,50), (15,50), (14,50), (13,50), (12,50), (11,50), (10,50), (10,50), (10,49), (10,48), (10,47), (10,46), (10,45), (10,44), (10,43), (10,42), (10,41), (10,40), (10,39), (10,38), (10,37), (10,36), (10,35), (10,34), (10,33), (10,32), (10,31), (10,30)|(10,30), (11,30), (11,30), (11,29), (11,28), (11,27)",
        "time": 305.1146569901623
    }
}