{
    "Uber": {
        "cost": 34.45126611635116,
        "env_tax": 0.35000000000000003,
        "route": "(81,8), (81,7), (80,7), (80,6), (80,5), (79,5), (78,5), (77,5), (76,5), (75,5), (74,5), (74,4), (73,4), (72,4), (71,4), (70,4), (69,4), (68,4), (67,4), (66,4), (65,4), (64,4), (63,4), (62,4), (61,4), (60,4), (59,4), (58,4), (57,4), (56,4), (56,5), (55,5), (54,5), (53,5), (52,5), (51,5), (51,6), (50,6), (49,6), (48,6), (47,6), (46,6), (46,7), (45,7), (45,8), (45,9), (44,9), (43,9), (43,10), (43,11), (43,12), (42,12), (42,13), (42,14), (42,15), (42,16), (42,17), (42,18), (42,19), (42,20), (42,21), (42,22), (42,23), (42,24), (42,25), (42,26), (41,26), (41,27), (41,28), (41,29)",
        "time": 14.658413177155806
    },
    "Uber_Train_Uber": {
        "cost": 31.986384612303844,
        "env_tax": 0.035,
        "route": "(81,8), (81,9), (81,10), (80,10)|(80,10), (79,10), (78,10), (77,10), (76,10), (75,10), (74,10), (73,10), (72,10), (71,10), (70,10), (69,10), (68,10), (67,10), (66,10), (65,10), (64,10), (63,10), (62,10), (61,10), (60,10), (59,10), (58,10), (57,10), (56,10), (55,10), (54,10), (53,10), (52,10), (51,10), (50,10), (49,10), (48,10), (47,10), (46,10), (45,10), (44,10), (43,10), (42,10), (41,10), (40,10), (40,10), (40,11), (40,12), (40,13), (40,14), (40,15), (40,16), (40,17), (40,18), (40,19), (40,20), (40,21), (40,22), (40,23), (40,24), (40,25), (40,26), (40,27), (40,28), (40,29), (40,30)|(40,30), (40,29), (41,29)",
        "time": 23.143700775759644
    },
    "Uber_Train_Walk": {
        "cost": 18.64868209292692,
        "env_tax": 0.020000000000000004,
        "route": "(81,8), (81,9), (81,10), (80,10)|(80,10), (79,10), (78,10), (77,10), (76,10), (75,10), (74,10), (73,10), (72,10), (71,10), (70,10), (69,10), (68,10), (67,10), (66,10), (65,10), (64,10), (63,10), (62,10), (61,10), (60,10), (59,10), (58,10), (57,10), (56,10), (55,10), (54,10), (53,10), (52,10), (51,10), (50,10), (49,10), (48,10), (47,10), (46,10), (45,10), (44,10), (43,10), (42,10), (41,10), (40,10), (40,10), (40,11), (40,12), (40,13), (40,14), (40,15), (40,16), (40,17), (40,18), (40,19), (40,20), (40,21), (40,22), (40,23), (40,24), (40,25), (40,26), (40,27), (40,28), (40,29), (40,30)|(40,30), (41,30), (41,30), (41,29)",
        "time": 162.75084077617277
    },
    "Walk": {
        "cost": 0,
        "env_tax": 0,
        "route": "(81,8), (80,8), (79,8), (78,8), (77,8), (76,8), (75,8), (74,8), (73,8), (72,8), (71,8), (70,8), (69,8), (68,8), (67,8), (66,8), (65,8), (64,8), (63,8), (62,8), (61,8), (60,8), (59,8), (58,8), (57,8), (56,8), (55,8), (54,8), (53,8), (52,8), (51,8), (50,8), (49,8), (48,8), (47,8), (46,8), (45,8), (44,8), (43,8), (42,8), (41,8), (41,8), (41,9), (41,10), (41,11), (41,12), (41,13), (41,14), (41,15), (41,16), (41,17), (41,18), (41,19), (41,20), (41,21), (41,22), (41,23), (41,24), (41,25), (41,26), (41,27), (41,28), (41,29)",
        "time": 4548.437127177284
    },
    "Walk_Train_Uber": {
        "cost": 19.76468670609461,
        "env_tax": 0.015000000000000003,
        "route": "(81,8), (80,8), (80,8), (80,9), (80,10)|(80,10), (79,10), (78,10), (77,10), (76,10), (75,10), (74,10), (73,10), (72,10), (71,10), (70,10), (69,10), (68,10), (67,10), (66,10), (65,10), (64,10), (63,10), (62,10), (61,10), (60,10), (59,10), (58,10), (57,10), (56,10), (55,10), (54,10), (53,10), (52,10), (51,10), (50,10), (49,10), (48,10), (47,10), (46,10), (45,10), (44,10), (43,10), (42,10), (41,10), (40,10), (40,10), (40,11), (40,12), (40,13), (40,14), (40,15), (40,16), (40,17), (40,18), (40,19), (40,20), (40,21), (40,22), (40,23), (40,24), (40,25), (40,26), (40,27), (40,28), (40,29), (40,30)|(40,30), (40,29), (41,29)",
        "time": 237.46579997592718
    },
    "Walk_Train_Walk": {
        "cost": 6.2,
        "env_tax": 0,
        "route": "(81,8), (80,8), (80,8), (80,9), (80,10)|(80,10), (79,10), (78,10), (77,10), (76,10), (75,10), (74,10), (73,10), (72,10), (71,10), (70,10), (69,10), (68,10), (67,10), (66,10), (65,10), (64,10), (63,10), (62,10), (61,10), (60,10), (59,10), (58,10), (57,10), (56,10), (55,10), (54,10), (53,10), (52,10), (51,10), (50,10), (49,10), (48,10), (47,10), (46,10), (45,10), (44,10), (43,10), (42,10), (41,10), (40,10), (40,10), (40,11), (40,12), (40,13), (40,14), (40,15), (40,16), (40,17), (40,18), (40,19), (40,20), (40,21), (40,22), (40,23), (40,24), (40,25), (40,26), (40,27), (40,28), (40,29), (40,30)|(40,30), (41,30), (41,30), (41,29)",
        "time": 380.12956904696
    }
}