{
    "Uber": {
        "cost": 34.7458845355831,
        "env_tax": 0.4850000000000001,
        "route": "(0,43), (0,44), (0,45), (0,46), (0,47), (0,48), (0,49), (0,50), (0,51), (0,52), (0,53), (0,54), (0,55), (0,56), (0,57), (0,58), (0,59), (0,60), (0,61), (0,62), (0,63), (0,64), (0,65), (0,66), (0,67), (0,68), (0,69), (0,70), (0,71), (0,72), (0,73), (0,74), (0,75), (0,76), (0,77), (0,78), (0,79), (0,80), (0,81), (1,81), (2,81), (3,81), (3,82), (3,83), (4,83), (5,83), (5,84), (5,85), (6,85), (7,85), (8,85), (9,85), (10,85), (11,85), (12,85), (13,85), (14,85), (14,86), (15,86), (16,86), (16,87), (17,87), (18,87), (19,87), (20,87), (21,87), (22,87), (23,87), (24,87), (25,87), (26,87), (27,87), (28,87), (29,87), (30,87), (31,87), (32,87), (33,87), (33,86), (34,86), (34,85), (35,85), (35,84), (36,84), (37,84), (38,84), (39,84), (40,84), (40,83), (41,83), (42,83), (43,83), (43,82), (43,81), (44,81), (45,81), (45,80)",
        "time": 12.592141584015163
    },
    "Uber_Train_Uber": {
        "cost": 36.77482287626141,
        "env_tax": 0.1,
        "route": "(0,43), (1,43), (1,42), (1,41), (1,40), (2,40), (3,40), (4,40), (5,40), (6,40), (7,40), (8,40), (9,40), (10,40)|(10,40), (11,40), (12,40), (13,40), (14,40), (15,40), (16,40), (17,40), (18,40), (19,40), (20,40), (21,40), (22,40), (23,40), (24,40), (25,40), (26,40), (27,40), (28,40), (29,40), (30,40), (31,40), (32,40), (33,40), (34,40), (35,40), (36,40), (37,40), (38,40), (39,40), (40,40), (40,40), (40,41), (40,42), (40,43), (40,44), (40,45), (40,46), (40,47), (40,48), (40,49), (40,50), (40,51), (40,52), (40,53), (40,54), (40,55), (40,56), (40,57), (40,58), (40,59), (40,60), (40,61), (40,62), (40,63), (40,64), (40,65), (40,66), (40,67), (40,68), (40,69), (40,70), (40,71), (40,72), (40,73), (40,74), (40,75), (40,76), (40,77), (40,78), (40,79), (40,80)|(40,80), (41,80), (42,80), (43,80), (44,80), (45,80)",
        "time": 27.903107959634852
    },
    "Uber_Train_Walk": {
        "cost": 21.887329435158936,
        "env_tax": 0.07,
        "route": "(0,43), (1,43), (1,42), (1,41), (1,40), (2,40), (3,40), (4,40), (5,40), (6,40), (7,40), (8,40), (9,40), (10,40)|(10,40), (11,40), (12,40), (13,40), (14,40), (15,40), (16,40), (17,40), (18,40), (19,40), (20,40), (21,40), (22,40), (23,40), (24,40), (25,40), (26,40), (27,40), (28,40), (29,40), (30,40), (31,40), (32,40), (33,40), (34,40), (35,40), (36,40), (37,40), (38,40), (39,40), (40,40), (40,40), (40,41), (40,42), (40,43), (40,44), (40,45), (40,46), (40,47), (40,48), (40,49), (40,50), (40,51), (40,52), (40,53), (40,54), (40,55), (40,56), (40,57), (40,58), (40,59), (40,60), (40,61), (40,62), (40,63), (40,64), (40,65), (40,66), (40,67), (40,68), (40,69), (40,70), (40,71), (40,72), (40,73), (40,74), (40,75), (40,76), (40,77), (40,78), (40,79), (40,80)|(40,80), (41,80), (42,80), (43,80), (44,80), (45,80), (45,80)",
        "time": 386.0380176447648
    },
    "Walk": {
        "cost": 0,
        "env_tax": 0,
        "route": "(0,43), (1,43), (2,43), (3,43), (4,43), (5,43), (6,43), (7,43), (8,43), (9,43), (10,43), (11,43), (12,43), (13,43), (14,43), (15,43), (16,43), (17,43), (18,43), (19,43), (20,43), (21,43), (22,43), (23,43), (24,43), (25,43), (26,43), (27,43), (28,43), (29,43), (30,43), (31,43), (32,43), (33,43), (34,43), (35,43), (36,43), (37,43), (38,43), (39,43), (40,43), (41,43), (42,43), (43,43), (44,43), (45,43), (45,43), (45,44), (45,45), (45,46), (45,47), (45,48), (45,49), (45,50), (45,51), (45,52), (45,53), (45,54), (45,55), (45,56), (45,57), (45,58), (45,59), (45,60), (45,61), (45,62), (45,63), (45,64), (45,65), (45,66), (45,67), (45,68), (45,69), (45,70), (45,71), (45,72), (45,73), (45,74), (45,75), (45,76), (45,77), (45,78), (45,79), (45,80)",
        "time": 6114.292531615366
    },
    "Walk_Train_Uber": {
        "cost": 21.881719754599754,
        "env_tax": 0.030000000000000006,
        "route": "(0,43), (1,43), (2,43), (3,43), (4,43), (5,43), (6,43), (7,43), (8,43), (9,43), (10,43), (10,43), (10,42), (10,41), (10,40)|(10,40), (11,40), (12,40), (13,40), (14,40), (15,40), (16,40), (17,40), (18,40), (19,40), (20,40), (21,40), (22,40), (23,40), (24,40), (25,40), (26,40), (27,40), (28,40), (29,40), (30,40), (31,40), (32,40), (33,40), (34,40), (35,40), (36,40), (37,40), (38,40), (39,40), (40,40), (40,40), (40,41), (40,42), (40,43), (40,44), (40,45), (40,46), (40,47), (40,48), (40,49), (40,50), (40,51), (40,52), (40,53), (40,54), (40,55), (40,56), (40,57), (40,58), (40,59), (40,60), (40,61), (40,62), (40,63), (40,64), (40,65), (40,66), (40,67), (40,68), (40,69), (40,70), (40,71), (40,72), (40,73), (40,74), (40,75), (40,76), (40,77), (40,78), (40,79), (40,80)|(40,80), (41,80), (42,80), (43,80), (44,80), (45,80)",
        "time": 982.4574634565305
    },
    "Walk_Train_Walk": {
        "cost": 7.2,
        "env_tax": 0,
        "route": "(0,43), (1,43), (2,43), (3,43), (4,43), (5,43), (6,43), (7,43), (8,43), (9,43), (10,43), (10,43), (10,42), (10,41), (10,40)|(10,40), (11,40), (12,40), (13,40), (14,40), (15,40), (16,40), (17,40), (18,40), (19,40), (20,40), (21,40), (22,40), (23,40), (24,40), (25,40), (26,40), (27,40), (28,40), (29,40), (30,40), (31,40), (32,40), (33,40), (34,40), (35,40), (36,40), (37,40), (38,40), (39,40), (40,40), (40,40), (40,41), (40,42), (40,43), (40,44), (40,45), (40,46), (40,47), (40,48), (40,49), (40,50), (40,51), (40,52), (40,53), (40,54), (40,55), (40,56), (40,57), (40,58), (40,59), (40,60), (40,61), (40,62), (40,63), (40,64), (40,65), (40,66), (40,67), (40,68), (40,69), (40,70), (40,71), (40,72), (40,73), (40,74), (40,75), (40,76), (40,77), (40,78), (40,79), (40,80)|(40,80), (41,80), (42,80), (43,80), (44,80), (45,80), (45,80)",
        "time": 1348.1186167325873
    }
}