{
    "Uber": {
        "cost": 65.24558702190181,
        "env_tax": 0.6800000000000002,
        "route": "(31,4), (32,4), (33,4), (34,4), (35,4), (36,4), (37,4), (38,4), (39,4), (40,4), (41,4), (42,4), (43,4), (44,4), (45,4), (46,4), (47,4), (48,4), (49,4), (50,4), (51,4), (52,4), (53,4), (54,4), (55,4), (56,4), (57,4), (58,4), (59,4), (60,4), (61,4), (62,4), (63,4), (64,4), (64,5), (64,6), (65,6), (65,7), (65,8), (65,9), (66,9), (66,10), (67,10), (68,10), (68,11), (68,12), (69,12), (69,13), (69,14), (70,14), (70,15), (70,16), (71,16), (71,17), (71,18), (72,18), (72,19), (72,20), (72,21), (73,21), (73,22), (73,23), (73,24), (74,24), (75,24), (75,25), (75,26), (76,26), (76,27), (76,28), (76,29), (76,30), (77,30), (78,30), (78,31), (78,32), (78,33), (79,33), (79,34), (79,35), (79,36), (79,37), (79,38), (80,38), (80,39), (80,40), (80,41), (80,42), (80,43), (80,44), (80,45), (80,46), (80,47), (80,48), (80,49), (80,50), (80,51), (80,52), (80,53), (80,54), (80,55), (80,56), (80,57), (80,58), (80,59), (80,60), (80,61), (80,62), (80,63), (80,64), (80,65), (80,66), (80,67), (80,68), (80,69), (80,70), (80,71), (80,72), (80,73), (80,74), (80,75), (80,76), (80,77), (80,78), (80,79), (80,80), (79,80), (78,80), (78,81), (78,82), (78,83), (77,83), (76,83), (75,83), (74,83), (73,83)",
        "time": 22.273213620876582
    },
    "Uber_Train_Uber": {
        "cost": 38.611598038949374,
        "env_tax": 0.07500000000000001,
        "route": "(31,4), (30,4), (30,5), (30,6), (30,7), (30,8), (30,9), (30,10)|(30,10), (31,10), (32,10), (33,10), (34,10), (35,10), (36,10), (37,10), (38,10), (39,10), (40,10), (41,10), (42,10), (43,10), (44,10), (45,10), (46,10), (47,10), (48,10), (49,10), (50,10), (51,10), (52,10), (53,10), (54,10), (55,10), (56,10), (57,10), (58,10), (59,10), (60,10), (61,10), (62,10), (63,10), (64,10), (65,10), (66,10), (67,10), (68,10), (69,10), (70,10), (70,10), (70,11), (70,12), (70,13), (70,14), (70,15), (70,16), (70,17), (70,18), (70,19), (70,20), (70,21), (70,22), (70,23), (70,24), (70,25), (70,26), (70,27), (70,28), (70,29), (70,30), (70,31), (70,32), (70,33), (70,34), (70,35), (70,36), (70,37), (70,38), (70,39), (70,40), (70,41), (70,42), (70,43), (70,44), (70,45), (70,46), (70,47), (70,48), (70,49), (70,50), (70,51), (70,52), (70,53), (70,54), (70,55), (70,56), (70,57), (70,58), (70,59), (70,60), (70,61), (70,62), (70,63), (70,64), (70,65), (70,66), (70,67), (70,68), (70,69), (70,70), (70,71), (70,72), (70,73), (70,74), (70,75), (70,76), (70,77), (70,78), (70,79), (70,80)|(70,80), (71,80), (71,81), (71,82), (71,83), (72,83), (73,83)",
        "time": 19.573001363947217
    },
    "Uber_Train_Walk": {
        "cost": 24.414405087991472,
        "env_tax": 0.04000000000000001,
        "route": "(31,4), (30,4), (30,5), (30,6), (30,7), (30,8), (30,9), (30,10)|(30,10), (31,10), (32,10), (33,10), (34,10), (35,10), (36,10), (37,10), (38,10), (39,10), (40,10), (41,10), (42,10), (43,10), (44,10), (45,10), (46,10), (47,10), (48,10), (49,10), (50,10), (51,10), (52,10), (53,10), (54,10), (55,10), (56,10), (57,10), (58,10), (59,10), (60,10), (61,10), (62,10), (63,10), (64,10), (65,10), (66,10), (67,10), (68,10), (69,10), (70,10), (70,10), (70,11), (70,12), (70,13), (70,14), (70,15), (70,16), (70,17), (70,18), (70,19), (70,20), (70,21), (70,22), (70,23), (70,24), (70,25), (70,26), (70,27), (70,28), (70,29), (70,30), (70,31), (70,32), (70,33), (70,34), (70,35), (70,36), (70,37), (70,38), (70,39), (70,40), (70,41), (70,42), (70,43), (70,44), (70,45), (70,46), (70,47), (70,48), (70,49), (70,50), (70,51), (70,52), (70,53), (70,54), (70,55), (70,56), (70,57), (70,58), (70,59), (70,60), (70,61), (70,62), (70,63), (70,64), (70,65), (70,66), (70,67), (70,68), (70,69), (70,70), (70,71), (70,72), (70,73), (70,74), (70,75), (70,76), (70,77), (70,78), (70,79), (70,80)|(70,80), (71,80), (72,80), (73,80), (73,80), (73,81), (73,82), (73,83)",
        "time": 462.21030175062947
    },
    "Walk": {
        "cost": 0,
        "env_tax": 0,
        "route": "(31,4), (32,4), (33,4), (34,4), (35,4), (36,4), (37,4), (38,4), (39,4), (40,4), (41,4), (42,4), (43,4), (44,4), (45,4), (46,4), (47,4), (48,4), (49,4), (50,4), (51,4), (52,4), (53,4), (54,4), (55,4), (56,4), (57,4), (58,4), (59,4), (60,4), (61,4), (62,4), (63,4), (64,4), (65,4), (66,4), (67,4), (68,4), (69,4), (70,4), (71,4), (72,4), (73,4), (73,4), (73,5), (73,6), (73,7), (73,8), (73,9), (73,10), (73,11), (73,12), (73,13), (73,14), (73,15), (73,16), (73,17), (73,18), (73,19), (73,20), (73,21), (73,22), (73,23), (73,24), (73,25), (73,26), (73,27), (73,28), (73,29), (73,30), (73,31), (73,32), (73,33), (73,34), (73,35), (73,36), (73,37), (73,38), (73,39), (73,40), (73,41), (73,42), (73,43), (73,44), (73,45), (73,46), (73,47), (73,48), (73,49), (73,50), (73,51), (73,52), (73,53), (73,54), (73,55), (73,56), (73,57), (73,58), (73,59), (73,60), (73,61), (73,62), (73,63), (73,64), (73,65), (73,66), (73,67), (73,68), (73,69), (73,70), (73,71), (73,72), (73,73), (73,74), (73,75), (73,76), (73,77), (73,78), (73,79), (73,80), (73,81), (73,82), (73,83)",
        "time": 9022.309711286089
    },
    "Walk_Train_Uber": {
        "cost": 25.313068574261113,
        "env_tax": 0.035,
        "route": "(31,4), (30,4), (30,4), (30,5), (30,6), (30,7), (30,8), (30,9), (30,10)|(30,10), (31,10), (32,10), (33,10), (34,10), (35,10), (36,10), (37,10), (38,10), (39,10), (40,10), (41,10), (42,10), (43,10), (44,10), (45,10), (46,10), (47,10), (48,10), (49,10), (50,10), (51,10), (52,10), (53,10), (54,10), (55,10), (56,10), (57,10), (58,10), (59,10), (60,10), (61,10), (62,10), (63,10), (64,10), (65,10), (66,10), (67,10), (68,10), (69,10), (70,10), (70,10), (70,11), (70,12), (70,13), (70,14), (70,15), (70,16), (70,17), (70,18), (70,19), (70,20), (70,21), (70,22), (70,23), (70,24), (70,25), (70,26), (70,27), (70,28), (70,29), (70,30), (70,31), (70,32), (70,33), (70,34), (70,35), (70,36), (70,37), (70,38), (70,39), (70,40), (70,41), (70,42), (70,43), (70,44), (70,45), (70,46), (70,47), (70,48), (70,49), (70,50), (70,51), (70,52), (70,53), (70,54), (70,55), (70,56), (70,57), (70,58), (70,59), (70,60), (70,61), (70,62), (70,63), (70,64), (70,65), (70,66), (70,67), (70,68), (70,69), (70,70), (70,71), (70,72), (70,73), (70,74), (70,75), (70,76), (70,77), (70,78), (70,79), (70,80)|(70,80), (71,80), (71,81), (71,82), (71,83), (72,83), (73,83)",
        "time": 534.967893180507
    },
    "Walk_Train_Walk": {
        "cost": 11.200000000000001,
        "env_tax": 0,
        "route": "(31,4), (30,4), (30,4), (30,5), (30,6), (30,7), (30,8), (30,9), (30,10)|(30,10), (31,10), (32,10), (33,10), (34,10), (35,10), (36,10), (37,10), (38,10), (39,10), (40,10), (41,10), (42,10), (43,10), (44,10), (45,10), (46,10), (47,10), (48,10), (49,10), (50,10), (51,10), (52,10), (53,10), (54,10), (55,10), (56,10), (57,10), (58,10), (59,10), (60,10), (61,10), (62,10), (63,10), (64,10), (65,10), (66,10), (67,10), (68,10), (69,10), (70,10), (70,10), (70,11), (70,12), (70,13), (70,14), (70,15), (70,16), (70,17), (70,18), (70,19), (70,20), (70,21), (70,22), (70,23), (70,24), (70,25), (70,26), (70,27), (70,28), (70,29), (70,30), (70,31), (70,32), (70,33), (70,34), (70,35), (70,36), (70,37), (70,38), (70,39), (70,40), (70,41), (70,42), (70,43), (70,44), (70,45), (70,46), (70,47), (70,48), (70,49), (70,50), (70,51), (70,52), (70,53), (70,54), (70,55), (70,56), (70,57), (70,58), (70,59), (70,60), (70,61), (70,62), (70,63), (70,64), (70,65), (70,66), (70,67), (70,68), (70,69), (70,70), (70,71), (70,72), (70,73), (70,74), (70,75), (70,76), (70,77), (70,78), (70,79), (70,80)|(70,80), (71,80), (72,80), (73,80), (73,80), (73,81), (73,82), (73,83)",
        "time": 977.3660028580055
    }
}