{
    "Uber": {
        "cost": 41.036279255098705,
        "env_tax": 0.335,
        "route": "(46,72), (45,72), (44,72), (43,72), (42,72), (42,73), (41,73), (40,73), (39,73), (38,73), (37,73), (36,73), (35,73), (35,74), (34,74), (33,74), (32,74), (31,74), (30,74), (29,74), (28,74), (27,74), (26,74), (25,74), (24,74), (23,74), (23,73), (22,73), (21,73), (20,73), (19,73), (18,73), (17,73), (17,72), (16,72), (15,72), (14,72), (13,72), (13,71), (12,71), (11,71), (10,71), (9,71), (9,70), (9,69), (9,68), (9,67), (9,66), (9,65), (9,64), (9,63), (9,62), (9,61), (9,60), (9,59), (9,58), (8,58), (8,57), (8,56), (8,55), (8,54), (8,53), (8,52), (8,51), (8,50), (8,49), (8,48)",
        "time": 13.193888585467999
    },
    "Uber_Train_Uber": {
        "cost": 36.222139345681086,
        "env_tax": 0.060000000000000005,
        "route": "(46,72), (47,72), (47,71), (47,70), (48,70), (49,70), (50,70)|(50,70), (49,70), (48,70), (47,70), (46,70), (45,70), (44,70), (43,70), (42,70), (41,70), (40,70), (39,70), (38,70), (37,70), (36,70), (35,70), (34,70), (33,70), (32,70), (31,70), (30,70), (29,70), (28,70), (27,70), (26,70), (25,70), (24,70), (23,70), (22,70), (21,70), (20,70), (19,70), (18,70), (17,70), (16,70), (15,70), (14,70), (13,70), (12,70), (11,70), (10,70), (10,70), (10,69), (10,68), (10,67), (10,66), (10,65), (10,64), (10,63), (10,62), (10,61), (10,60), (10,59), (10,58), (10,57), (10,56), (10,55), (10,54), (10,53), (10,52), (10,51), (10,50)|(10,50), (10,49), (9,49), (9,48), (8,48)",
        "time": 22.865804745950914
    },
    "Uber_Train_Walk": {
        "cost": 24.49008128832117,
        "env_tax": 0.035,
        "route": "(46,72), (47,72), (47,71), (47,70), (48,70), (49,70), (50,70)|(50,70), (49,70), (48,70), (47,70), (46,70), (45,70), (44,70), (43,70), (42,70), (41,70), (40,70), (39,70), (38,70), (37,70), (36,70), (35,70), (34,70), (33,70), (32,70), (31,70), (30,70), (29,70), (28,70), (27,70), (26,70), (25,70), (24,70), (23,70), (22,70), (21,70), (20,70), (19,70), (18,70), (17,70), (16,70), (15,70), (14,70), (13,70), (12,70), (11,70), (10,70), (10,70), (10,69), (10,68), (10,67), (10,66), (10,65), (10,64), (10,63), (10,62), (10,61), (10,60), (10,59), (10,58), (10,57), (10,56), (10,55), (10,54), (10,53), (10,52), (10,51), (10,50)|(10,50), (9,50), (8,50), (8,50), (8,49), (8,48)",
        "time": 310.6339358704216
    },
    "Walk": {
        "cost": 0,
        "env_tax": 0,
        "route": "(46,72), (45,72), (44,72), (43,72), (42,72), (41,72), (40,72), (39,72), (38,72), (37,72), (36,72), (35,72), (34,72), (33,72), (32,72), (31,72), (30,72), (29,72), (28,72), (27,72), (26,72), (25,72), (24,72), (23,72), (22,72), (21,72), (20,72), (19,72), (18,72), (17,72), (16,72), (15,72), (14,72), (13,72), (12,72), (11,72), (10,72), (9,72), (8,72), (8,72), (8,71), (8,70), (8,69), (8,68), (8,67), (8,66), (8,65), (8,64), (8,63), (8,62), (8,61), (8,60), (8,59), (8,58), (8,57), (8,56), (8,55), (8,54), (8,53), (8,52), (8,51), (8,50), (8,49), (8,48)",
        "time": 4623.001670245764
    },
    "Walk_Train_Uber": {
        "cost": 19.36483602026355,
        "env_tax": 0.025,
        "route": "(46,72), (47,72), (48,72), (49,72), (50,72), (50,72), (50,71), (50,70)|(50,70), (49,70), (48,70), (47,70), (46,70), (45,70), (44,70), (43,70), (42,70), (41,70), (40,70), (39,70), (38,70), (37,70), (36,70), (35,70), (34,70), (33,70), (32,70), (31,70), (30,70), (29,70), (28,70), (27,70), (26,70), (25,70), (24,70), (23,70), (22,70), (21,70), (20,70), (19,70), (18,70), (17,70), (16,70), (15,70), (14,70), (13,70), (12,70), (11,70), (10,70), (10,70), (10,69), (10,68), (10,67), (10,66), (10,65), (10,64), (10,63), (10,62), (10,61), (10,60), (10,59), (10,58), (10,57), (10,56), (10,55), (10,54), (10,53), (10,52), (10,51), (10,50)|(10,50), (10,49), (9,49), (9,48), (8,48)",
        "time": 459.6951482727174
    },
    "Walk_Train_Walk": {
        "cost": 6.2,
        "env_tax": 0,
        "route": "(46,72), (47,72), (48,72), (49,72), (50,72), (50,72), (50,71), (50,70)|(50,70), (49,70), (48,70), (47,70), (46,70), (45,70), (44,70), (43,70), (42,70), (41,70), (40,70), (39,70), (38,70), (37,70), (36,70), (35,70), (34,70), (33,70), (32,70), (31,70), (30,70), (29,70), (28,70), (27,70), (26,70), (25,70), (24,70), (23,70), (22,70), (21,70), (20,70), (19,70), (18,70), (17,70), (16,70), (15,70), (14,70), (13,70), (12,70), (11,70), (10,70), (10,70), (10,69), (10,68), (10,67), (10,66), (10,65), (10,64), (10,63), (10,62), (10,61), (10,60), (10,59), (10,58), (10,57), (10,56), (10,55), (10,54), (10,53), (10,52), (10,51), (10,50)|(10,50), (9,50), (8,50), (8,50), (8,49), (8,48)",
        "time": 751.2694638069593
    }
}