{
    "Uber": {
        "cost": 44.4550426606995,
        "env_tax": 0.17500000000000002,
        "route": "(59,36), (58,36), (57,36), (56,36), (55,36), (54,36), (53,36), (52,36), (51,36), (51,37), (50,37), (49,37), (48,37), (47,37), (46,37), (46,36), (45,36), (44,36), (43,36), (42,36), (41,36), (40,36), (39,36), (38,36), (37,36), (37,37), (36,37), (35,37), (34,37), (33,37), (32,37), (32,38), (31,38), (30,38), (29,38)",
        "time": 15.796495353142266
    },
    "Uber_Train_Uber": {
        "cost": 33.71854787085871,
        "env_tax": 0.05000000000000001,
        "route": "(59,36), (59,37), (59,38), (60,38), (60,39), (60,40)|(60,40), (59,40), (58,40), (57,40), (56,40), (55,40), (54,40), (53,40), (52,40), (51,40), (50,40), (49,40), (48,40), (47,40), (46,40), (45,40), (44,40), (43,40), (42,40), (41,40), (40,40), (39,40), (38,40), (37,40), (36,40), (35,40), (34,40), (33,40), (32,40), (31,40), (30,40), (30,40)|(30,40), (30,39), (30,38), (29,38)",
        "time": 18.00078251245686
    },
    "Uber_Train_Walk": {
        "cost": 19.45592775487012,
        "env_tax": 0.030000000000000006,
        "route": "(59,36), (59,37), (59,38), (60,38), (60,39), (60,40)|(60,40), (59,40), (58,40), (57,40), (56,40), (55,40), (54,40), (53,40), (52,40), (51,40), (50,40), (49,40), (48,40), (47,40), (46,40), (45,40), (44,40), (43,40), (42,40), (41,40), (40,40), (39,40), (38,40), (37,40), (36,40), (35,40), (34,40), (33,40), (32,40), (31,40), (30,40), (30,40)|(30,40), (29,40), (29,40), (29,39), (29,38)",
        "time": 237.1275448646105
    },
    "Walk": {
        "cost": 0,
        "env_tax": 0,
        "route": "(59,36), (58,36), (57,36), (56,36), (55,36), (54,36), (53,36), (52,36), (51,36), (50,36), (49,36), (48,36), (47,36), (46,36), (45,36), (44,36), (43,36), (42,36), (41,36), (40,36), (39,36), (38,36), (37,36), (36,36), (35,36), (34,36), (33,36), (32,36), (31,36), (30,36), (29,36), (29,36), (29,37), (29,38)",
        "time": 2386.0653781913625
    },
    "Walk_Train_Uber": {
        "cost": 18.001064782290992,
        "env_tax": 0.020000000000000004,
        "route": "(59,36), (60,36), (60,36), (60,37), (60,38), (60,39), (60,40)|(60,40), (59,40), (58,40), (57,40), (56,40), (55,40), (54,40), (53,40), (52,40), (51,40), (50,40), (49,40), (48,40), (47,40), (46,40), (45,40), (44,40), (43,40), (42,40), (41,40), (40,40), (39,40), (38,40), (37,40), (36,40), (35,40), (34,40), (33,40), (32,40), (31,40), (30,40), (30,40)|(30,40), (30,39), (30,38), (29,38)",
        "time": 383.1181591345705
    },
    "Walk_Train_Walk": {
        "cost": 3.2,
        "env_tax": 0,
        "route": "(59,36), (60,36), (60,36), (60,37), (60,38), (60,39), (60,40)|(60,40), (59,40), (58,40), (57,40), (56,40), (55,40), (54,40), (53,40), (52,40), (51,40), (50,40), (49,40), (48,40), (47,40), (46,40), (45,40), (44,40), (43,40), (42,40), (41,40), (40,40), (39,40), (38,40), (37,40), (36,40), (35,40), (34,40), (33,40), (32,40), (31,40), (30,40), (30,40)|(30,40), (29,40), (29,40), (29,39), (29,38)",
        "time": 603.2999174217898
    }
}