{
    "Uber": {
        "cost": 32.87145472854956,
        "env_tax": 0.56,
        "route": "(84,5), (85,5), (86,5), (87,5), (88,5), (89,5), (90,5), (91,5), (92,5), (92,6), (92,7), (92,8), (92,9), (92,10), (92,11), (92,12), (92,13), (92,14), (92,15), (92,16), (92,17), (92,18), (92,19), (92,20), (92,21), (93,21), (93,22), (93,23), (93,24), (93,25), (93,26), (93,27), (93,28), (93,29), (93,30), (93,31), (93,32), (93,33), (93,34), (93,35), (93,36), (93,37), (93,38), (93,39), (93,40), (93,41), (93,42), (93,43), (93,44), (93,45), (93,46), (93,47), (93,48), (93,49), (93,50), (93,51), (93,52), (93,53), (93,54), (93,55), (93,56), (93,57), (93,58), (93,59), (93,60), (93,61), (93,62), (93,63), (93,64), (93,65), (93,66), (93,67), (93,68), (93,69), (93,70), (93,71), (93,72), (93,73), (93,74), (93,75), (93,76), (93,77), (93,78), (93,79), (93,80), (93,81), (93,82), (93,83), (93,84), (94,84), (94,85), (94,86), (94,87), (94,88), (94,89), (94,90), (94,91), (94,92), (93,92), (93,93), (92,93), (91,93), (90,93), (90,94), (89,94), (88,94), (87,94), (86,94), (85,94), (84,94), (84,95), (83,95)",
        "time": 10.23469700464323
    },
    "Uber_Train_Uber": {
        "cost": 34.59580747668712,
        "env_tax": 0.095,
        "route": "(84,5), (84,6), (83,6), (82,6), (82,7), (81,7), (81,8), (81,9), (81,10), (80,10)|(80,10), (80,10), (80,11), (80,12), (80,13), (80,14), (80,15), (80,16), (80,17), (80,18), (80,19), (80,20), (80,21), (80,22), (80,23), (80,24), (80,25), (80,26), (80,27), (80,28), (80,29), (80,30), (80,31), (80,32), (80,33), (80,34), (80,35), (80,36), (80,37), (80,38), (80,39), (80,40), (80,41), (80,42), (80,43), (80,44), (80,45), (80,46), (80,47), (80,48), (80,49), (80,50), (80,51), (80,52), (80,53), (80,54), (80,55), (80,56), (80,57), (80,58), (80,59), (80,60), (80,61), (80,62), (80,63), (80,64), (80,65), (80,66), (80,67), (80,68), (80,69), (80,70), (80,71), (80,72), (80,73), (80,74), (80,75), (80,76), (80,77), (80,78), (80,79), (80,80), (80,81), (80,82), (80,83), (80,84), (80,85), (80,86), (80,87), (80,88), (80,89), (80,90)|(80,90), (81,90), (81,91), (81,92), (81,93), (82,93), (82,94), (82,95), (83,95)",
        "time": 23.176208249887534
    },
    "Uber_Train_Walk": {
        "cost": 21.448306043071085,
        "env_tax": 0.05,
        "route": "(84,5), (84,6), (83,6), (82,6), (82,7), (81,7), (81,8), (81,9), (81,10), (80,10)|(80,10), (80,10), (80,11), (80,12), (80,13), (80,14), (80,15), (80,16), (80,17), (80,18), (80,19), (80,20), (80,21), (80,22), (80,23), (80,24), (80,25), (80,26), (80,27), (80,28), (80,29), (80,30), (80,31), (80,32), (80,33), (80,34), (80,35), (80,36), (80,37), (80,38), (80,39), (80,40), (80,41), (80,42), (80,43), (80,44), (80,45), (80,46), (80,47), (80,48), (80,49), (80,50), (80,51), (80,52), (80,53), (80,54), (80,55), (80,56), (80,57), (80,58), (80,59), (80,60), (80,61), (80,62), (80,63), (80,64), (80,65), (80,66), (80,67), (80,68), (80,69), (80,70), (80,71), (80,72), (80,73), (80,74), (80,75), (80,76), (80,77), (80,78), (80,79), (80,80), (80,81), (80,82), (80,83), (80,84), (80,85), (80,86), (80,87), (80,88), (80,89), (80,90)|(80,90), (81,90), (82,90), (83,90), (83,90), (83,91), (83,92), (83,93), (83,94), (83,95)",
        "time": 609.0705089339214
    },
    "Walk": {
        "cost": 0,
        "env_tax": 0,
        "route": "(84,5), (83,5), (83,5), (83,6), (83,7), (83,8), (83,9), (83,10), (83,11), (83,12), (83,13), (83,14), (83,15), (83,16), (83,17), (83,18), (83,19), (83,20), (83,21), (83,22), (83,23), (83,24), (83,25), (83,26), (83,27), (83,28), (83,29), (83,30), (83,31), (83,32), (83,33), (83,34), (83,35), (83,36), (83,37), (83,38), (83,39), (83,40), (83,41), (83,42), (83,43), (83,44), (83,45), (83,46), (83,47), (83,48), (83,49), (83,50), (83,51), (83,52), (83,53), (83,54), (83,55), (83,56), (83,57), (83,58), (83,59), (83,60), (83,61), (83,62), (83,63), (83,64), (83,65), (83,66), (83,67), (83,68), (83,69), (83,70), (83,71), (83,72), (83,73), (83,74), (83,75), (83,76), (83,77), (83,78), (83,79), (83,80), (83,81), (83,82), (83,83), (83,84), (83,85), (83,86), (83,87), (83,88), (83,89), (83,90), (83,91), (83,92), (83,93), (83,94), (83,95)",
        "time": 6785.373419231686
    },
    "Walk_Train_Uber": {
        "cost": 21.446141287340264,
        "env_tax": 0.045000000000000005,
        "route": "(84,5), (83,5), (82,5), (81,5), (80,5), (80,5), (80,6), (80,7), (80,8), (80,9), (80,10)|(80,10), (80,10), (80,11), (80,12), (80,13), (80,14), (80,15), (80,16), (80,17), (80,18), (80,19), (80,20), (80,21), (80,22), (80,23), (80,24), (80,25), (80,26), (80,27), (80,28), (80,29), (80,30), (80,31), (80,32), (80,33), (80,34), (80,35), (80,36), (80,37), (80,38), (80,39), (80,40), (80,41), (80,42), (80,43), (80,44), (80,45), (80,46), (80,47), (80,48), (80,49), (80,50), (80,51), (80,52), (80,53), (80,54), (80,55), (80,56), (80,57), (80,58), (80,59), (80,60), (80,61), (80,62), (80,63), (80,64), (80,65), (80,66), (80,67), (80,68), (80,69), (80,70), (80,71), (80,72), (80,73), (80,74), (80,75), (80,76), (80,77), (80,78), (80,79), (80,80), (80,81), (80,82), (80,83), (80,84), (80,85), (80,86), (80,87), (80,88), (80,89), (80,90)|(80,90), (81,90), (81,91), (81,92), (81,93), (82,93), (82,94), (82,95), (83,95)",
        "time": 683.645655883055
    },
    "Walk_Train_Walk": {
        "cost": 8.200000000000001,
        "env_tax": 0,
        "route": "(84,5), (83,5), (82,5), (81,5), (80,5), (80,5), (80,6), (80,7), (80,8), (80,9), (80,10)|(80,10), (80,10), (80,11), (80,12), (80,13), (80,14), (80,15), (80,16), (80,17), (80,18), (80,19), (80,20), (80,21), (80,22), (80,23), (80,24), (80,25), (80,26), (80,27), (80,28), (80,29), (80,30), (80,31), (80,32), (80,33), (80,34), (80,35), (80,36), (80,37), (80,38), (80,39), (80,40), (80,41), (80,42), (80,43), (80,44), (80,45), (80,46), (80,47), (80,48), (80,49), (80,50), (80,51), (80,52), (80,53), (80,54), (80,55), (80,56), (80,57), (80,58), (80,59), (80,60), (80,61), (80,62), (80,63), (80,64), (80,65), (80,66), (80,67), (80,68), (80,69), (80,70), (80,71), (80,72), (80,73), (80,74), (80,75), (80,76), (80,77), (80,78), (80,79), (80,80), (80,81), (80,82), (80,83), (80,84), (80,85), (80,86), (80,87), (80,88), (80,89), (80,90)|(80,90), (81,90), (82,90), (83,90), (83,90), (83,91), (83,92), (83,93), (83,94), (83,95)",
        "time": 1271.9246020428327
    }
}