{
    "Uber": {
        "cost": 55.10290291674035,
        "env_tax": 0.5900000000000001,
        "route": "(71,68), (71,67), (72,67), (73,67), (74,67), (75,67), (75,66), (76,66), (77,66), (78,66), (79,66), (80,66), (80,65), (80,64), (80,63), (80,62), (80,61), (80,60), (80,59), (80,58), (80,57), (80,56), (80,55), (80,54), (80,53), (80,52), (80,51), (80,50), (80,49), (80,48), (80,47), (80,46), (80,45), (80,44), (81,44), (81,43), (81,42), (81,41), (81,40), (81,39), (81,38), (81,37), (81,36), (81,35), (81,34), (81,33), (81,32), (81,31), (81,30), (81,29), (81,28), (81,27), (81,26), (81,25), (81,24), (81,23), (81,22), (80,22), (80,21), (80,20), (80,19), (80,18), (80,17), (80,16), (80,15), (80,14), (80,13), (80,12), (80,11), (80,10), (79,10), (79,9), (79,8), (78,8), (78,7), (78,6), (77,6), (77,5), (77,4), (77,3), (76,3), (75,3), (74,3), (74,2), (74,1), (73,1), (72,1), (71,1), (70,1), (70,0), (69,0), (68,0), (67,0), (66,0), (65,0), (64,0), (63,0), (62,0), (61,0), (60,0), (59,0), (58,0), (57,0), (56,0), (55,0), (54,0), (53,0), (52,0), (51,0), (50,0), (49,0), (49,1), (48,1), (48,2), (48,3), (47,3), (46,3), (45,3)",
        "time": 19.374144979874785
    },
    "Uber_Train_Uber": {
        "cost": 38.229402429116455,
        "env_tax": 0.085,
        "route": "(71,68), (70,68), (70,69), (70,70)|(70,70), (69,70), (68,70), (67,70), (66,70), (65,70), (64,70), (63,70), (62,70), (61,70), (60,70), (59,70), (58,70), (57,70), (56,70), (55,70), (54,70), (53,70), (52,70), (51,70), (50,70), (49,70), (48,70), (47,70), (46,70), (45,70), (44,70), (43,70), (42,70), (41,70), (40,70), (40,70), (40,69), (40,68), (40,67), (40,66), (40,65), (40,64), (40,63), (40,62), (40,61), (40,60), (40,59), (40,58), (40,57), (40,56), (40,55), (40,54), (40,53), (40,52), (40,51), (40,50), (40,49), (40,48), (40,47), (40,46), (40,45), (40,44), (40,43), (40,42), (40,41), (40,40), (40,39), (40,38), (40,37), (40,36), (40,35), (40,34), (40,33), (40,32), (40,31), (40,30), (40,29), (40,28), (40,27), (40,26), (40,25), (40,24), (40,23), (40,22), (40,21), (40,20), (40,19), (40,18), (40,17), (40,16), (40,15), (40,14), (40,13), (40,12), (40,11), (40,10)|(40,10), (40,9), (41,9), (41,8), (42,8), (42,7), (42,6), (42,5), (43,5), (44,5), (44,4), (45,4), (45,3)",
        "time": 20.692463664978206
    },
    "Uber_Train_Walk": {
        "cost": 23.117231953024813,
        "env_tax": 0.020000000000000004,
        "route": "(71,68), (70,68), (70,69), (70,70)|(70,70), (69,70), (68,70), (67,70), (66,70), (65,70), (64,70), (63,70), (62,70), (61,70), (60,70), (59,70), (58,70), (57,70), (56,70), (55,70), (54,70), (53,70), (52,70), (51,70), (50,70), (49,70), (48,70), (47,70), (46,70), (45,70), (44,70), (43,70), (42,70), (41,70), (40,70), (40,70), (40,69), (40,68), (40,67), (40,66), (40,65), (40,64), (40,63), (40,62), (40,61), (40,60), (40,59), (40,58), (40,57), (40,56), (40,55), (40,54), (40,53), (40,52), (40,51), (40,50), (40,49), (40,48), (40,47), (40,46), (40,45), (40,44), (40,43), (40,42), (40,41), (40,40), (40,39), (40,38), (40,37), (40,36), (40,35), (40,34), (40,33), (40,32), (40,31), (40,30), (40,29), (40,28), (40,27), (40,26), (40,25), (40,24), (40,23), (40,22), (40,21), (40,20), (40,19), (40,18), (40,17), (40,16), (40,15), (40,14), (40,13), (40,12), (40,11), (40,10)|(40,10), (41,10), (42,10), (43,10), (44,10), (45,10), (45,10), (45,9), (45,8), (45,7), (45,6), (45,5), (45,4), (45,3)",
        "time": 913.4796697494953
    },
    "Walk": {
        "cost": 0,
        "env_tax": 0,
        "route": "(71,68), (70,68), (69,68), (68,68), (67,68), (66,68), (65,68), (64,68), (63,68), (62,68), (61,68), (60,68), (59,68), (58,68), (57,68), (56,68), (55,68), (54,68), (53,68), (52,68), (51,68), (50,68), (49,68), (48,68), (47,68), (46,68), (45,68), (45,68), (45,67), (45,66), (45,65), (45,64), (45,63), (45,62), (45,61), (45,60), (45,59), (45,58), (45,57), (45,56), (45,55), (45,54), (45,53), (45,52), (45,51), (45,50), (45,49), (45,48), (45,47), (45,46), (45,45), (45,44), (45,43), (45,42), (45,41), (45,40), (45,39), (45,38), (45,37), (45,36), (45,35), (45,34), (45,33), (45,32), (45,31), (45,30), (45,29), (45,28), (45,27), (45,26), (45,25), (45,24), (45,23), (45,22), (45,21), (45,20), (45,19), (45,18), (45,17), (45,16), (45,15), (45,14), (45,13), (45,12), (45,11), (45,10), (45,9), (45,8), (45,7), (45,6), (45,5), (45,4), (45,3)",
        "time": 6785.373419231686
    },
    "Walk_Train_Uber": {
        "cost": 24.255801359797584,
        "env_tax": 0.065,
        "route": "(71,68), (70,68), (70,68), (70,69), (70,70)|(70,70), (69,70), (68,70), (67,70), (66,70), (65,70), (64,70), (63,70), (62,70), (61,70), (60,70), (59,70), (58,70), (57,70), (56,70), (55,70), (54,70), (53,70), (52,70), (51,70), (50,70), (49,70), (48,70), (47,70), (46,70), (45,70), (44,70), (43,70), (42,70), (41,70), (40,70), (40,70), (40,69), (40,68), (40,67), (40,66), (40,65), (40,64), (40,63), (40,62), (40,61), (40,60), (40,59), (40,58), (40,57), (40,56), (40,55), (40,54), (40,53), (40,52), (40,51), (40,50), (40,49), (40,48), (40,47), (40,46), (40,45), (40,44), (40,43), (40,42), (40,41), (40,40), (40,39), (40,38), (40,37), (40,36), (40,35), (40,34), (40,33), (40,32), (40,31), (40,30), (40,29), (40,28), (40,27), (40,26), (40,25), (40,24), (40,23), (40,22), (40,21), (40,20), (40,19), (40,18), (40,17), (40,16), (40,15), (40,14), (40,13), (40,12), (40,11), (40,10)|(40,10), (40,9), (41,9), (41,8), (42,8), (42,7), (42,6), (42,5), (43,5), (44,5), (44,4), (45,4), (45,3)",
        "time": 240.21567651247796
    },
    "Walk_Train_Walk": {
        "cost": 9.200000000000001,
        "env_tax": 0,
        "route": "(71,68), (70,68), (70,68), (70,69), (70,70)|(70,70), (69,70), (68,70), (67,70), (66,70), (65,70), (64,70), (63,70), (62,70), (61,70), (60,70), (59,70), (58,70), (57,70), (56,70), (55,70), (54,70), (53,70), (52,70), (51,70), (50,70), (49,70), (48,70), (47,70), (46,70), (45,70), (44,70), (43,70), (42,70), (41,70), (40,70), (40,70), (40,69), (40,68), (40,67), (40,66), (40,65), (40,64), (40,63), (40,62), (40,61), (40,60), (40,59), (40,58), (40,57), (40,56), (40,55), (40,54), (40,53), (40,52), (40,51), (40,50), (40,49), (40,48), (40,47), (40,46), (40,45), (40,44), (40,43), (40,42), (40,41), (40,40), (40,39), (40,38), (40,37), (40,36), (40,35), (40,34), (40,33), (40,32), (40,31), (40,30), (40,29), (40,28), (40,27), (40,26), (40,25), (40,24), (40,23), (40,22), (40,21), (40,20), (40,19), (40,18), (40,17), (40,16), (40,15), (40,14), (40,13), (40,12), (40,11), (40,10)|(40,10), (41,10), (42,10), (43,10), (44,10), (45,10), (45,10), (45,9), (45,8), (45,7), (45,6), (45,5), (45,4), (45,3)",
        "time": 1127.4604858286243
    }
}