{
    "Uber": {
        "cost": 42.20932106062626,
        "env_tax": 0.7100000000000001,
        "route": "(9,35), (8,35), (7,35), (6,35), (5,35), (5,36), (5,37), (4,37), (4,38), (4,39), (3,39), (2,39), (2,40), (1,40), (1,41), (1,42), (1,43), (1,44), (1,45), (1,46), (1,47), (1,48), (1,49), (1,50), (1,51), (1,52), (1,53), (2,53), (2,54), (2,55), (2,56), (2,57), (2,58), (2,59), (2,60), (2,61), (2,62), (2,63), (2,64), (2,65), (2,66), (2,67), (2,68), (2,69), (3,69), (3,70), (4,70), (5,70), (5,71), (5,72), (5,73), (6,73), (7,73), (7,74), (8,74), (9,74), (10,74), (10,75), (11,75), (11,76), (11,77), (11,78), (11,79), (12,79), (12,80), (13,80), (13,81), (14,81), (15,81), (15,82), (15,83), (16,83), (17,83), (18,83), (18,84), (18,85), (19,85), (20,85), (20,86), (20,87), (21,87), (21,88), (22,88), (23,88), (23,89), (24,89), (25,89), (26,89), (26,90), (27,90), (28,90), (29,90), (29,91), (30,91), (31,91), (32,91), (33,91), (33,92), (33,93), (34,93), (34,94), (34,95), (35,95), (35,96), (35,97), (36,97), (37,97), (38,97), (39,97), (40,97), (41,97), (41,98), (42,98), (43,98), (44,98), (45,98), (46,98), (47,98), (48,98), (49,98), (50,98), (51,98), (52,98), (53,98), (54,98), (55,98), (56,98), (57,98), (58,98), (59,98), (60,98), (61,98), (62,98), (63,98), (64,98), (65,98), (66,98), (67,98), (68,98), (68,97), (68,96), (68,95)",
        "time": 15.232192035201123
    },
    "Uber_Train_Uber": {
        "cost": 38.659108186861175,
        "env_tax": 0.07500000000000001,
        "route": "(9,35), (10,35), (10,34), (10,33), (10,32), (10,31), (10,30)|(10,30), (11,30), (12,30), (13,30), (14,30), (15,30), (16,30), (17,30), (18,30), (19,30), (20,30), (21,30), (22,30), (23,30), (24,30), (25,30), (26,30), (27,30), (28,30), (29,30), (30,30), (31,30), (32,30), (33,30), (34,30), (35,30), (36,30), (37,30), (38,30), (39,30), (40,30), (41,30), (42,30), (43,30), (44,30), (45,30), (46,30), (47,30), (48,30), (49,30), (50,30), (51,30), (52,30), (53,30), (54,30), (55,30), (56,30), (57,30), (58,30), (59,30), (60,30), (61,30), (62,30), (63,30), (64,30), (65,30), (66,30), (67,30), (68,30), (69,30), (70,30), (70,30), (70,31), (70,32), (70,33), (70,34), (70,35), (70,36), (70,37), (70,38), (70,39), (70,40), (70,41), (70,42), (70,43), (70,44), (70,45), (70,46), (70,47), (70,48), (70,49), (70,50), (70,51), (70,52), (70,53), (70,54), (70,55), (70,56), (70,57), (70,58), (70,59), (70,60), (70,61), (70,62), (70,63), (70,64), (70,65), (70,66), (70,67), (70,68), (70,69), (70,70), (70,71), (70,72), (70,73), (70,74), (70,75), (70,76), (70,77), (70,78), (70,79), (70,80), (70,81), (70,82), (70,83), (70,84), (70,85), (70,86), (70,87), (70,88), (70,89), (70,90)|(70,90), (69,90), (69,91), (69,92), (69,93), (68,93), (68,94), (68,95)",
        "time": 19.427601813352123
    },
    "Uber_Train_Walk": {
        "cost": 25.963119080439576,
        "env_tax": 0.035,
        "route": "(9,35), (10,35), (10,34), (10,33), (10,32), (10,31), (10,30)|(10,30), (11,30), (12,30), (13,30), (14,30), (15,30), (16,30), (17,30), (18,30), (19,30), (20,30), (21,30), (22,30), (23,30), (24,30), (25,30), (26,30), (27,30), (28,30), (29,30), (30,30), (31,30), (32,30), (33,30), (34,30), (35,30), (36,30), (37,30), (38,30), (39,30), (40,30), (41,30), (42,30), (43,30), (44,30), (45,30), (46,30), (47,30), (48,30), (49,30), (50,30), (51,30), (52,30), (53,30), (54,30), (55,30), (56,30), (57,30), (58,30), (59,30), (60,30), (61,30), (62,30), (63,30), (64,30), (65,30), (66,30), (67,30), (68,30), (69,30), (70,30), (70,30), (70,31), (70,32), (70,33), (70,34), (70,35), (70,36), (70,37), (70,38), (70,39), (70,40), (70,41), (70,42), (70,43), (70,44), (70,45), (70,46), (70,47), (70,48), (70,49), (70,50), (70,51), (70,52), (70,53), (70,54), (70,55), (70,56), (70,57), (70,58), (70,59), (70,60), (70,61), (70,62), (70,63), (70,64), (70,65), (70,66), (70,67), (70,68), (70,69), (70,70), (70,71), (70,72), (70,73), (70,74), (70,75), (70,76), (70,77), (70,78), (70,79), (70,80), (70,81), (70,82), (70,83), (70,84), (70,85), (70,86), (70,87), (70,88), (70,89), (70,90)|(70,90), (69,90), (68,90), (68,90), (68,91), (68,92), (68,93), (68,94), (68,95)",
        "time": 538.5658009033677
    },
    "Walk": {
        "cost": 0,
        "env_tax": 0,
        "route": "(9,35), (10,35), (11,35), (12,35), (13,35), (14,35), (15,35), (16,35), (17,35), (18,35), (19,35), (20,35), (21,35), (22,35), (23,35), (24,35), (25,35), (26,35), (27,35), (28,35), (29,35), (30,35), (31,35), (32,35), (33,35), (34,35), (35,35), (36,35), (37,35), (38,35), (39,35), (40,35), (41,35), (42,35), (43,35), (44,35), (45,35), (46,35), (47,35), (48,35), (49,35), (50,35), (51,35), (52,35), (53,35), (54,35), (55,35), (56,35), (57,35), (58,35), (59,35), (60,35), (61,35), (62,35), (63,35), (64,35), (65,35), (66,35), (67,35), (68,35), (68,35), (68,36), (68,37), (68,38), (68,39), (68,40), (68,41), (68,42), (68,43), (68,44), (68,45), (68,46), (68,47), (68,48), (68,49), (68,50), (68,51), (68,52), (68,53), (68,54), (68,55), (68,56), (68,57), (68,58), (68,59), (68,60), (68,61), (68,62), (68,63), (68,64), (68,65), (68,66), (68,67), (68,68), (68,69), (68,70), (68,71), (68,72), (68,73), (68,74), (68,75), (68,76), (68,77), (68,78), (68,79), (68,80), (68,81), (68,82), (68,83), (68,84), (68,85), (68,86), (68,87), (68,88), (68,89), (68,90), (68,91), (68,92), (68,93), (68,94), (68,95)",
        "time": 8873.180625149129
    },
    "Walk_Train_Uber": {
        "cost": 25.666625295591068,
        "env_tax": 0.04000000000000001,
        "route": "(9,35), (10,35), (10,35), (10,34), (10,33), (10,32), (10,31), (10,30)|(10,30), (11,30), (12,30), (13,30), (14,30), (15,30), (16,30), (17,30), (18,30), (19,30), (20,30), (21,30), (22,30), (23,30), (24,30), (25,30), (26,30), (27,30), (28,30), (29,30), (30,30), (31,30), (32,30), (33,30), (34,30), (35,30), (36,30), (37,30), (38,30), (39,30), (40,30), (41,30), (42,30), (43,30), (44,30), (45,30), (46,30), (47,30), (48,30), (49,30), (50,30), (51,30), (52,30), (53,30), (54,30), (55,30), (56,30), (57,30), (58,30), (59,30), (60,30), (61,30), (62,30), (63,30), (64,30), (65,30), (66,30), (67,30), (68,30), (69,30), (70,30), (70,30), (70,31), (70,32), (70,33), (70,34), (70,35), (70,36), (70,37), (70,38), (70,39), (70,40), (70,41), (70,42), (70,43), (70,44), (70,45), (70,46), (70,47), (70,48), (70,49), (70,50), (70,51), (70,52), (70,53), (70,54), (70,55), (70,56), (70,57), (70,58), (70,59), (70,60), (70,61), (70,62), (70,63), (70,64), (70,65), (70,66), (70,67), (70,68), (70,69), (70,70), (70,71), (70,72), (70,73), (70,74), (70,75), (70,76), (70,77), (70,78), (70,79), (70,80), (70,81), (70,82), (70,83), (70,84), (70,85), (70,86), (70,87), (70,88), (70,89), (70,90)|(70,90), (69,90), (69,91), (69,92), (69,93), (68,93), (68,94), (68,95)",
        "time": 461.93710229407907
    },
    "Walk_Train_Walk": {
        "cost": 12.200000000000001,
        "env_tax": 0,