{
    "Uber": {
        "cost": 43.12442767752246,
        "env_tax": 0.515,
        "route": "(65,38), (65,37), (65,36), (65,35), (65,34), (65,33), (65,32), (65,31), (65,30), (65,29), (65,28), (65,27), (65,26), (65,25), (65,24), (65,23), (65,22), (65,21), (65,20), (64,20), (64,19), (64,18), (64,17), (64,16), (64,15), (64,14), (64,13), (63,13), (62,13), (62,12), (62,11), (61,11), (61,10), (61,9), (61,8), (61,7), (60,7), (60,6), (59,6), (59,5), (58,5), (57,5), (56,5), (55,5), (54,5), (53,5), (52,5), (52,4), (51,4), (50,4), (49,4), (48,4), (47,4), (46,4), (45,4), (44,4), (43,4), (42,4), (41,4), (40,4), (39,4), (38,4), (37,4), (36,4), (35,4), (35,5), (34,5), (33,5), (32,5), (31,5), (30,5), (29,5), (28,5), (27,5), (26,5), (25,5), (24,5), (23,5), (22,5), (21,5), (20,5), (19,5), (18,5), (18,6), (17,6), (16,6), (16,7), (15,7), (14,7), (14,8), (14,9), (13,9), (12,9), (11,9), (11,10), (10,10), (9,10), (8,10), (8,11), (7,11), (6,11), (6,12), (5,12)",
        "time": 18.165649380557426
    },
    "Uber_Train_Uber": {
        "cost": 39.14821116210848,
        "env_tax": 0.08000000000000002,
        "route": "(65,38), (64,38), (64,39), (63,39), (62,39), (61,39), (60,39), (60,40)|(60,40), (59,40), (58,40), (57,40), (56,40), (55,40), (54,40), (53,40), (52,40), (51,40), (50,40), (49,40), (48,40), (47,40), (46,40), (45,40), (44,40), (43,40), (42,40), (41,40), (40,40), (39,40), (38,40), (37,40), (36,40), (35,40), (34,40), (33,40), (32,40), (31,40), (30,40), (29,40), (28,40), (27,40), (26,40), (25,40), (24,40), (23,40), (22,40), (21,40), (20,40), (19,40), (18,40), (17,40), (16,40), (15,40), (14,40), (13,40), (12,40), (11,40), (10,40), (10,40), (10,39), (10,38), (10,37), (10,36), (10,35), (10,34), (10,33), (10,32), (10,31), (10,30), (10,29), (10,28), (10,27), (10,26), (10,25), (10,24), (10,23), (10,22), (10,21), (10,20), (10,19), (10,18), (10,17), (10,16), (10,15), (10,14), (10,13), (10,12), (10,11), (10,10)|(10,10), (9,10), (8,10), (8,11), (7,11), (6,11), (6,12), (5,12)",
        "time": 24.51316767433382
    },
    "Uber_Train_Walk": {
        "cost": 27.38967291369694,
        "env_tax": 0.04000000000000001,
        "route": "(65,38), (64,38), (64,39), (63,39), (62,39), (61,39), (60,39), (60,40)|(60,40), (59,40), (58,40), (57,40), (56,40), (55,40), (54,40), (53,40), (52,40), (51,40), (50,40), (49,40), (48,40), (47,40), (46,40), (45,40), (44,40), (43,40), (42,40), (41,40), (40,40), (39,40), (38,40), (37,40), (36,40), (35,40), (34,40), (33,40), (32,40), (31,40), (30,40), (29,40), (28,40), (27,40), (26,40), (25,40), (24,40), (23,40), (22,40), (21,40), (20,40), (19,40), (18,40), (17,40), (16,40), (15,40), (14,40), (13,40), (12,40), (11,40), (10,40), (10,40), (10,39), (10,38), (10,37), (10,36), (10,35), (10,34), (10,33), (10,32), (10,31), (10,30), (10,29), (10,28), (10,27), (10,26), (10,25), (10,24), (10,23), (10,22), (10,21), (10,20), (10,19), (10,18), (10,17), (10,16), (10,15), (10,14), (10,13), (10,12), (10,11), (10,10)|(10,10), (9,10), (8,10), (7,10), (6,10), (5,10), (5,10), (5,11), (5,12)",
        "time": 537.063767279587
    },
    "Walk": {
        "cost": 0,
        "env_tax": 0,
        "route": "(65,38), (64,38), (63,38), (62,38), (61,38), (60,38), (59,38), (58,38), (57,38), (56,38), (55,38), (54,38), (53,38), (52,38), (51,38), (50,38), (49,38), (48,38), (47,38), (46,38), (45,38), (44,38), (43,38), (42,38), (41,38), (40,38), (39,38), (38,38), (37,38), (36,38), (35,38), (34,38), (33,38), (32,38), (31,38), (30,38), (29,38), (28,38), (27,38), (26,38), (25,38), (24,38), (23,38), (22,38), (21,38), (20,38), (19,38), (18,38), (17,38), (16,38), (15,38), (14,38), (13,38), (12,38), (11,38), (10,38), (9,38), (8,38), (7,38), (6,38), (5,38), (5,38), (5,37), (5,36), (5,35), (5,34), (5,33), (5,32), (5,31), (5,30), (5,29), (5,28), (5,27), (5,26), (5,25), (5,24), (5,23), (5,22), (5,21), (5,20), (5,19), (5,18), (5,17), (5,16), (5,15), (5,14), (5,13), (5,12)",
        "time": 6412.5507038892865
    },
    "Walk_Train_Uber": {
        "cost": 20.896720281103036,
        "env_tax": 0.04000000000000001,
        "route": "(65,38), (64,38), (63,38), (62,38), (61,38), (60,38), (60,38), (60,39), (60,40)|(60,40), (59,40), (58,40), (57,40), (56,40), (55,40), (54,40), (53,40), (52,40), (51,40), (50,40), (49,40), (48,40), (47,40), (46,40), (45,40), (44,40), (43,40), (42,40), (41,40), (40,40), (39,40), (38,40), (37,40), (36,40), (35,40), (34,40), (33,40), (32,40), (31,40), (30,40), (29,40), (28,40), (27,40), (26,40), (25,40), (24,40), (23,40), (22,40), (21,40), (20,40), (19,40), (18,40), (17,40), (16,40), (15,40), (14,40), (13,40), (12,40), (11,40), (10,40), (10,40), (10,39), (10,38), (10,37), (10,36), (10,35), (10,34), (10,33), (10,32), (10,31), (10,30), (10,29), (10,28), (10,27), (10,26), (10,25), (10,24), (10,23), (10,22), (10,21), (10,20), (10,19), (10,18), (10,17), (10,16), (10,15), (10,14), (10,13), (10,12), (10,11), (10,10)|(10,10), (9,10), (8,10), (8,11), (7,11), (6,11), (6,12), (5,12)",
        "time": 538.007101995191
    },
    "Walk_Train_Walk": {
        "cost": 8.200000000000001,
        "env_tax": 0,
        "route": "(65,38), (64,38), (63,38), (62,38), (61,38), (60,38), (60,38), (60,39), (60,40)|(60,40), (59,40), (58,40), (57,40), (56,40), (55,40), (54,40), (53,40), (52,40), (51,40), (50,40), (49,40), (48,40), (47,40), (46,40), (45,40), (44,40), (43,40), (42,40), (41,40), (40,40), (39,40), (38,40), (37,40), (36,40), (35,40), (34,40), (33,40), (32,40), (31,40), (30,40), (29,40), (28,40), (27,40), (26,40), (25,40), (24,40), (23,40), (22,40), (21,40), (20,40), (19,40), (18,40), (17,40), (16,40), (15,40), (14,40), (13,40), (12,40), (11,40), (10,40), (10,40), (10,39), (10,38), (10,37), (10,36), (10,35), (10,34), (10,33), (10,32), (10,31), (10,30), (10,29), (10,28), (10,27), (10,26), (10,25), (10,24), (10,23), (10,22), (10,21), (10,20), (10,19), (10,18), (10,17), (10,16), (10,15), (10,14), (10,13), (10,12), (10,11), (10,10)|(10,10), (9,10), (8,10), (7,10), (6,10), (5,10), (5,10), (5,11), (5,12)",
        "time": 1051.5337550434103
    }
}