{
    "Uber": {
        "cost": 23.435208244944384,
        "env_tax": 0.23500000000000001,
        "route": "(31,18), (31,17), (31,16), (31,15), (31,14), (31,13), (31,12), (31,11), (31,10), (31,9), (31,8), (31,7), (31,6), (32,6), (32,5), (33,5), (34,5), (35,5), (35,4), (36,4), (37,4), (38,4), (39,4), (40,4), (41,4), (42,4), (43,4), (44,4), (45,4), (46,4), (47,4), (48,4), (49,4), (50,4), (51,4), (52,4), (52,5), (53,5), (54,5), (55,5), (56,5), (57,5), (58,5), (59,5), (59,6), (60,6), (61,6)",
        "time": 10.371654391156136
    },
    "Uber_Train_Uber": {
        "cost": 30.700610966810704,
        "env_tax": 0.05000000000000001,
        "route": "(31,18), (30,18), (30,19), (30,20)|(30,20), (31,20), (32,20), (33,20), (34,20), (35,20), (36,20), (37,20), (38,20), (39,20), (40,20), (41,20), (42,20), (43,20), (44,20), (45,20), (46,20), (47,20), (48,20), (49,20), (50,20), (51,20), (52,20), (53,20), (54,20), (55,20), (56,20), (57,20), (58,20), (59,20), (60,20), (60,20), (60,19), (60,18), (60,17), (60,16), (60,15), (60,14), (60,13), (60,12), (60,11), (60,10)|(60,10), (60,9), (60,8), (60,7), (61,7), (61,6)",
        "time": 21.801761317384997
    },
    "Uber_Train_Walk": {
        "cost": 17.337746724595743,
        "env_tax": 0.020000000000000004,
        "route": "(31,18), (30,18), (30,19), (30,20)|(30,20), (31,20), (32,20), (33,20), (34,20), (35,20), (36,20), (37,20), (38,20), (39,20), (40,20), (41,20), (42,20), (43,20), (44,20), (45,20), (46,20), (47,20), (48,20), (49,20), (50,20), (51,20), (52,20), (53,20), (54,20), (55,20), (56,20), (57,20), (58,20), (59,20), (60,20), (60,20), (60,19), (60,18), (60,17), (60,16), (60,15), (60,14), (60,13), (60,12), (60,11), (60,10)|(60,10), (61,10), (61,10), (61,9), (61,8), (61,7), (61,6)",
        "time": 388.2245448310916
    },
    "Walk": {
        "cost": 0,
        "env_tax": 0,
        "route": "(31,18), (32,18), (33,18), (34,18), (35,18), (36,18), (37,18), (38,18), (39,18), (40,18), (41,18), (42,18), (43,18), (44,18), (45,18), (46,18), (47,18), (48,18), (49,18), (50,18), (51,18), (52,18), (53,18), (54,18), (55,18), (56,18), (57,18), (58,18), (59,18), (60,18), (61,18), (61,18), (61,17), (61,16), (61,15), (61,14), (61,13), (61,12), (61,11), (61,10), (61,9), (61,8), (61,7), (61,6)",
        "time": 3131.710808876163
    },
    "Walk_Train_Uber": {
        "cost": 17.472599224396262,
        "env_tax": 0.030000000000000006,
        "route": "(31,18), (30,18), (30,18), (30,19), (30,20)|(30,20), (31,20), (32,20), (33,20), (34,20), (35,20), (36,20), (37,20), (38,20), (39,20), (40,20), (41,20), (42,20), (43,20), (44,20), (45,20), (46,20), (47,20), (48,20), (49,20), (50,20), (51,20), (52,20), (53,20), (54,20), (55,20), (56,20), (57,20), (58,20), (59,20), (60,20), (60,20), (60,19), (60,18), (60,17), (60,16), (60,15), (60,14), (60,13), (60,12), (60,11), (60,10)|(60,10), (60,9), (60,8), (60,7), (61,7), (61,6)",
        "time": 232.3934759635723
    },
    "Walk_Train_Walk": {
        "cost": 4.2,
        "env_tax": 0,
        "route": "(31,18), (30,18), (30,18), (30,19), (30,20)|(30,20), (31,20), (32,20), (33,20), (34,20), (35,20), (36,20), (37,20), (38,20), (39,20), (40,20), (41,20), (42,20), (43,20), (44,20), (45,20), (46,20), (47,20), (48,20), (49,20), (50,20), (51,20), (52,20), (53,20), (54,20), (55,20), (56,20), (57,20), (58,20), (59,20), (60,20), (60,20), (60,19), (60,18), (60,17), (60,16), (60,15), (60,14), (60,13), (60,12), (60,11), (60,10)|(60,10), (61,10), (61,10), (61,9), (61,8), (61,7), (61,6)",
        "time": 601.7738595648186
    }
}