{
    "Uber": {
        "cost": 40.03120428097282,
        "env_tax": 0.7450000000000001,
        "route": "(0,9), (0,10), (0,11), (0,12), (0,13), (0,14), (0,15), (0,16), (0,17), (0,18), (0,19), (0,20), (0,21), (0,22), (0,23), (0,24), (0,25), (0,26), (0,27), (0,28), (0,29), (0,30), (0,31), (0,32), (0,33), (0,34), (0,35), (0,36), (0,37), (0,38), (0,39), (0,40), (0,41), (0,42), (0,43), (0,44), (0,45), (0,46), (0,47), (0,48), (0,49), (0,50), (0,51), (0,52), (0,53), (0,54), (0,55), (0,56), (0,57), (0,58), (0,59), (0,60), (0,61), (0,62), (0,63), (0,64), (0,65), (1,65), (2,65), (2,66), (2,67), (3,67), (4,67), (4,68), (5,68), (5,69), (5,70), (5,71), (5,72), (5,73), (6,73), (7,73), (7,74), (8,74), (9,74), (10,74), (10,75), (11,75), (11,76), (11,77), (11,78), (11,79), (11,80), (11,81), (12,81), (12,82), (12,83), (13,83), (13,84), (14,84), (15,84), (16,84), (16,85), (16,86), (16,87), (17,87), (17,88), (18,88), (18,89), (18,90), (19,90), (19,91), (20,91), (20,92), (20,93), (21,93), (21,94), (21,95), (21,96), (22,96), (22,97), (22,98), (23,98), (24,98), (25,98), (26,98), (27,98), (28,98), (29,98), (30,98), (31,98), (32,98), (33,98), (34,98), (34,97), (35,97), (36,97), (37,97), (38,97), (39,97), (40,97), (40,96), (41,96), (42,96), (43,96), (43,95), (44,95), (45,95), (46,95), (47,95), (48,95), (49,95), (50,95), (51,95), (51,94), (51,93), (51,92), (51,91), (51,90)",
        "time": 13.589355818895044
    },
    "Uber_Train_Uber": {
        "cost": 37.16386040197265,
        "env_tax": 0.07,
        "route": "(0,9), (1,9), (1,10), (2,10), (3,10), (4,10), (5,10), (6,10), (7,10), (8,10), (9,10), (10,10)|(10,10), (11,10), (12,10), (13,10), (14,10), (15,10), (16,10), (17,10), (18,10), (19,10), (20,10), (21,10), (22,10), (23,10), (24,10), (25,10), (26,10), (27,10), (28,10), (29,10), (30,10), (31,10), (32,10), (33,10), (34,10), (35,10), (36,10), (37,10), (38,10), (39,10), (40,10), (41,10), (42,10), (43,10), (44,10), (45,10), (46,10), (47,10), (48,10), (49,10), (50,10), (50,10), (50,11), (50,12), (50,13), (50,14), (50,15), (50,16), (50,17), (50,18), (50,19), (50,20), (50,21), (50,22), (50,23), (50,24), (50,25), (50,26), (50,27), (50,28), (50,29), (50,30), (50,31), (50,32), (50,33), (50,34), (50,35), (50,36), (50,37), (50,38), (50,39), (50,40), (50,41), (50,42), (50,43), (50,44), (50,45), (50,46), (50,47), (50,48), (50,49), (50,50), (50,51), (50,52), (50,53), (50,54), (50,55), (50,56), (50,57), (50,58), (50,59), (50,60), (50,61), (50,62), (50,63), (50,64), (50,65), (50,66), (50,67), (50,68), (50,69), (50,70), (50,71), (50,72), (50,73), (50,74), (50,75), (50,76), (50,77), (50,78), (50,79), (50,80), (50,81), (50,82), (50,83), (50,84), (50,85), (50,86), (50,87), (50,88), (50,89), (50,90)|(50,90), (51,90)",
        "time": 19.794905315951308
    },
    "Uber_Train_Walk": {
        "cost": 25.333356757517095,
        "env_tax": 0.06000000000000001,
        "route": "(0,9), (1,9), (1,10), (2,10), (3,10), (4,10), (5,10), (6,10), (7,10), (8,10), (9,10), (10,10)|(10,10), (11,10), (12,10), (13,10), (14,10), (15,10), (16,10), (17,10), (18,10), (19,10), (20,10), (21,10), (22,10), (23,10), (24,10), (25,10), (26,10), (27,10), (28,10), (29,10), (30,10), (31,10), (32,10), (33,10), (34,10), (35,10), (36,10), (37,10), (38,10), (39,10), (40,10), (41,10), (42,10), (43,10), (44,10), (45,10), (46,10), (47,10), (48,10), (49,10), (50,10), (50,10), (50,11), (50,12), (50,13), (50,14), (50,15), (50,16), (50,17), (50,18), (50,19), (50,20), (50,21), (50,22), (50,23), (50,24), (50,25), (50,26), (50,27), (50,28), (50,29), (50,30), (50,31), (50,32), (50,33), (50,34), (50,35), (50,36), (50,37), (50,38), (50,39), (50,40), (50,41), (50,42), (50,43), (50,44), (50,45), (50,46), (50,47), (50,48), (50,49), (50,50), (50,51), (50,52), (50,53), (50,54), (50,55), (50,56), (50,57), (50,58), (50,59), (50,60), (50,61), (50,62), (50,63), (50,64), (50,65), (50,66), (50,67), (50,68), (50,69), (50,70), (50,71), (50,72), (50,73), (50,74), (50,75), (50,76), (50,77), (50,78), (50,79), (50,80), (50,81), (50,82), (50,83), (50,84), (50,85), (50,86), (50,87), (50,88), (50,89), (50,90)|(50,90), (51,90), (51,90)",
        "time": 93.65452345963115
    },
    "Walk": {
        "cost": 0,
        "env_tax": 0,
        "route": "(0,9), (1,9), (2,9), (3,9), (4,9), (5,9), (6,9), (7,9), (8,9), (9,9), (10,9), (11,9), (12,9), (13,9), (14,9), (15,9), (16,9), (17,9), (18,9), (19,9), (20,9), (21,9), (22,9), (23,9), (24,9), (25,9), (26,9), (27,9), (28,9), (29,9), (30,9), (31,9), (32,9), (33,9), (34,9), (35,9), (36,9), (37,9), (38,9), (39,9), (40,9), (41,9), (42,9), (43,9), (44,9), (45,9), (46,9), (47,9), (48,9), (49,9), (50,9), (51,9), (51,9), (51,10), (51,11), (51,12), (51,13), (51,14), (51,15), (51,16), (51,17), (51,18), (51,19), (51,20), (51,21), (51,22), (51,23), (51,24), (51,25), (51,26), (51,27), (51,28), (51,29), (51,30), (51,31), (51,32), (51,33), (51,34), (51,35), (51,36), (51,37), (51,38), (51,39), (51,40), (51,41), (51,42), (51,43), (51,44), (51,45), (51,46), (51,47), (51,48), (51,49), (51,50), (51,51), (51,52), (51,53), (51,54), (51,55), (51,56), (51,57), (51,58), (51,59), (51,60), (51,61), (51,62), (51,63), (51,64), (51,65), (51,66), (51,67), (51,68), (51,69), (51,70), (51,71), (51,72), (51,73), (51,74), (51,75), (51,76), (51,77), (51,78), (51,79), (51,80), (51,81), (51,82), (51,83), (51,84), (51,85), (51,86), (51,87), (51,88), (51,89), (51,90)",
        "time": 9842.51968503937
    },
    "Walk_Train_Uber": {
        "cost": 24.400922324576843,
        "env_tax": 0.010000000000000002,
        "route": "(0,9), (1,9), (2,9), (3,9), (4,9), (5,9), (6,9), (7,9), (8,9), (9,9), (10,9), (10,9), (10,10)|(10,10), (11,10), (12,10), (13,10), (14,10), (15,10), (16,10), (17,10), (18,10), (19,10), (20,10), (21,10), (22,10), (23,10), (24,10), (25,10), (26,10), (27,10), (28,10), (29,10), (30,10), (31,10), (32,10), (33,10), (34,10), (35,10), (36,10), (37,10), (38,10), (39,10), (40,10), (41,10), (42,10), (43,10), (44,10), (45,10), (46,10), (47,10), (48,10), (49,10), (50,10), (50,10), (50,11), (50,12), (50,13), (50,14), (50,15), (50,16), (50,17), (50,18), (50,19), (50,20), (50,21), (50,22), (50,23), (50,24), (50,25), (50,26), (50,27), (50,28), (50,29), (50,30), (50,31), (50,32), (50,33), (50,34), (50,35), (50,36), (50,37), (50,38), (50,39), (50,40), (50,41), (50,42), (50,43), (50,44), (50,45), (50,46), (50,47), (50,48), (50,49), (50,50), (50,51), (50,52), (50,53), (50,54), (50,55), (50,56), (50,57), (50,58), (50,59), (50,60), (50,61), (50,62), (50,63), (50,64), (50,65), (50,66), (50,67), (50,68), (50,69), (50,70), (50,71), (50,72), (50,73), (50,74), (50,75), (50,76), (50,77), (50,78), (50,79), (50,80), (50,81), (50,82), (50,83), (50,84), (50,85), (50,86), (50,87), (50,88), (50,89), (50,90)|(50,90), (51,90)",
        "time": 838.9238495930502
    },
    "Walk_Train_Walk": {
        "cost": 12.200000000000001,
        "env_tax": 0,