{
    "Uber": {
        "cost": 47.17555920742464,
        "env_tax": 0.5300000000000001,
        "route": "(22,26), (22,25), (22,24), (22,23), (22,22), (22,21), (22,20), (23,20), (24,20), (24,19), (25,19), (26,19), (26,18), (27,18), (27,17), (28,17), (28,16), (29,16), (30,16), (31,16), (32,16), (33,16), (34,16), (35,16), (36,16), (37,16), (38,16), (39,16), (40,16), (41,16), (42,16), (43,16), (44,16), (45,16), (46,16), (47,16), (48,16), (49,16), (50,16), (51,16), (52,16), (53,16), (54,16), (55,16), (56,16), (57,16), (58,16), (59,16), (60,16), (61,16), (62,16), (63,16), (64,16), (65,16), (66,16), (67,16), (68,16), (69,16), (70,16), (71,16), (72,16), (72,17), (73,17), (74,17), (75,17), (76,17), (77,17), (78,17), (79,17), (80,17), (80,18), (81,18), (82,18), (83,18), (84,18), (85,18), (86,18), (87,18), (88,18), (89,18), (90,18), (91,18), (92,18), (92,19), (92,20), (92,21), (93,21), (93,22), (93,23), (93,24), (93,25), (93,26), (93,27), (93,28), (93,29), (93,30), (94,30), (94,31), (94,32), (95,32), (95,33), (95,34), (95,35), (95,36), (95,37), (95,38)",
        "time": 17.692725266117087
    },
    "Uber_Train_Uber": {
        "cost": 35.87174710030903,
        "env_tax": 0.07500000000000001,
        "route": "(22,26), (21,26), (20,26), (20,27), (20,28), (20,29), (20,30)|(20,30), (21,30), (22,30), (23,30), (24,30), (25,30), (26,30), (27,30), (28,30), (29,30), (30,30), (31,30), (32,30), (33,30), (34,30), (35,30), (36,30), (37,30), (38,30), (39,30), (40,30), (41,30), (42,30), (43,30), (44,30), (45,30), (46,30), (47,30), (48,30), (49,30), (50,30), (51,30), (52,30), (53,30), (54,30), (55,30), (56,30), (57,30), (58,30), (59,30), (60,30), (61,30), (62,30), (63,30), (64,30), (65,30), (66,30), (67,30), (68,30), (69,30), (70,30), (71,30), (72,30), (73,30), (74,30), (75,30), (76,30), (77,30), (78,30), (79,30), (80,30), (81,30), (82,30), (83,30), (84,30), (85,30), (86,30), (87,30), (88,30), (89,30), (90,30), (90,30), (90,31), (90,32), (90,33), (90,34), (90,35), (90,36), (90,37), (90,38), (90,39), (90,40)|(90,40), (91,40), (92,40), (93,40), (94,40), (94,39), (95,39), (95,38)",
        "time": 23.645013840277777
    },
    "Uber_Train_Walk": {
        "cost": 22.62238740380147,
        "env_tax": 0.035,
        "route": "(22,26), (21,26), (20,26), (20,27), (20,28), (20,29), (20,30)|(20,30), (21,30), (22,30), (23,30), (24,30), (25,30), (26,30), (27,30), (28,30), (29,30), (30,30), (31,30), (32,30), (33,30), (34,30), (35,30), (36,30), (37,30), (38,30), (39,30), (40,30), (41,30), (42,30), (43,30), (44,30), (45,30), (46,30), (47,30), (48,30), (49,30), (50,30), (51,30), (52,30), (53,30), (54,30), (55,30), (56,30), (57,30), (58,30), (59,30), (60,30), (61,30), (62,30), (63,30), (64,30), (65,30), (66,30), (67,30), (68,30), (69,30), (70,30), (71,30), (72,30), (73,30), (74,30), (75,30), (76,30), (77,30), (78,30), (79,30), (80,30), (81,30), (82,30), (83,30), (84,30), (85,30), (86,30), (87,30), (88,30), (89,30), (90,30), (90,30), (90,31), (90,32), (90,33), (90,34), (90,35), (90,36), (90,37), (90,38), (90,39), (90,40)|(90,40), (91,40), (92,40), (93,40), (94,40), (95,40), (95,40), (95,39), (95,38)",
        "time": 537.5648496633391
    },
    "Walk": {
        "cost": 0,
        "env_tax": 0,
        "route": "(22,26), (23,26), (24,26), (25,26), (26,26), (27,26), (28,26), (29,26), (30,26), (31,26), (32,26), (33,26), (34,26), (35,26), (36,26), (37,26), (38,26), (39,26), (40,26), (41,26), (42,26), (43,26), (44,26), (45,26), (46,26), (47,26), (48,26), (49,26), (50,26), (51,26), (52,26), (53,26), (54,26), (55,26), (56,26), (57,26), (58,26), (59,26), (60,26), (61,26), (62,26), (63,26), (64,26), (65,26), (66,26), (67,26), (68,26), (69,26), (70,26), (71,26), (72,26), (73,26), (74,26), (75,26), (76,26), (77,26), (78,26), (79,26), (80,26), (81,26), (82,26), (83,26), (84,26), (85,26), (86,26), (87,26), (88,26), (89,26), (90,26), (91,26), (92,26), (93,26), (94,26), (95,26), (95,26), (95,27), (95,28), (95,29), (95,30), (95,31), (95,32), (95,33), (95,34), (95,35), (95,36), (95,37), (95,38)",
        "time": 6337.986160820806
    },
    "Walk_Train_Uber": {
        "cost": 22.028356373386167,
        "env_tax": 0.04000000000000001,
        "route": "(22,26), (21,26), (20,26), (20,26), (20,27), (20,28), (20,29), (20,30)|(20,30), (21,30), (22,30), (23,30), (24,30), (25,30), (26,30), (27,30), (28,30), (29,30), (30,30), (31,30), (32,30), (33,30), (34,30), (35,30), (36,30), (37,30), (38,30), (39,30), (40,30), (41,30), (42,30), (43,30), (44,30), (45,30), (46,30), (47,30), (48,30), (49,30), (50,30), (51,30), (52,30), (53,30), (54,30), (55,30), (56,30), (57,30), (58,30), (59,30), (60,30), (61,30), (62,30), (63,30), (64,30), (65,30), (66,30), (67,30), (68,30), (69,30), (70,30), (71,30), (72,30), (73,30), (74,30), (75,30), (76,30), (77,30), (78,30), (79,30), (80,30), (81,30), (82,30), (83,30), (84,30), (85,30), (86,30), (87,30), (88,30), (89,30), (90,30), (90,30), (90,31), (90,32), (90,33), (90,34), (90,35), (90,36), (90,37), (90,38), (90,39), (90,40)|(90,40), (91,40), (92,40), (93,40), (94,40), (94,39), (95,39), (95,38)",
        "time": 463.56913350669186
    },
    "Walk_Train_Walk": {
        "cost": 8.200000000000001,
        "env_tax": 0,
        "route": "(22,26), (21,26), (20,26), (20,26), (20,27), (20,28), (20,29), (20,30)|(20,30), (21,30), (22,30), (23,30), (24,30), (25,30), (26,30), (27,30), (28,30), (29,30), (30,30), (31,30), (32,30), (33,30), (34,30), (35,30), (36,30), (37,30), (38,30), (39,30), (40,30), (41,30), (42,30), (43,30), (44,30), (45,30), (46,30), (47,30), (48,30), (49,30), (50,30), (51,30), (52,30), (53,30), (54,30), (55,30), (56,30), (57,30), (58,30), (59,30), (60,30), (61,30), (62,30), (63,30), (64,30), (65,30), (66,30), (67,30), (68,30), (69,30), (70,30), (71,30), (72,30), (73,30), (74,30), (75,30), (76,30), (77,30), (78,30), (79,30), (80,30), (81,30), (82,30), (83,30), (84,30), (85,30), (86,30), (87,30), (88,30), (89,30), (90,30), (90,30), (90,31), (90,32), (90,33), (90,34), (90,35), (90,36), (90,37), (90,38), (90,39), (90,40)|(90,40), (91,40), (92,40), (93,40), (94,40), (95,40), (95,40), (95,39), (95,38)",
        "time": 975.3338184063539
    }
}