{
    "Uber": {
        "cost": 43.8663900872518,
        "env_tax": 0.4100000000000001,
        "route": "(54,75), (55,75), (56,75), (57,75), (58,75), (59,75), (60,75), (61,75), (62,75), (63,75), (64,75), (65,75), (66,75), (67,75), (68,75), (69,75), (70,75), (71,75), (72,75), (73,75), (74,75), (75,75), (75,74), (76,74), (77,74), (78,74), (79,74), (80,74), (81,74), (82,74), (83,74), (84,74), (85,74), (86,74), (87,74), (88,74), (89,74), (90,74), (91,74), (91,73), (91,72), (91,71), (92,71), (93,71), (93,70), (93,69), (93,68), (93,67), (93,66), (93,65), (93,64), (93,63), (93,62), (93,61), (93,60), (93,59), (93,58), (93,57), (93,56), (93,55), (93,54), (93,53), (93,52), (92,52), (92,51), (92,50), (92,49), (92,48), (92,47), (92,46), (92,45), (92,44), (92,43), (92,42), (92,41), (92,40), (92,39), (91,39), (90,39), (89,39), (88,39), (87,39)",
        "time": 15.855647334733657
    },
    "Uber_Train_Uber": {
        "cost": 38.47941558187963,
        "env_tax": 0.07500000000000001,
        "route": "(54,75), (54,74), (54,73), (53,73), (53,72), (52,72), (51,72), (51,71), (50,71), (50,70)|(50,70), (51,70), (52,70), (53,70), (54,70), (55,70), (56,70), (57,70), (58,70), (59,70), (60,70), (61,70), (62,70), (63,70), (64,70), (65,70), (66,70), (67,70), (68,70), (69,70), (70,70), (71,70), (72,70), (73,70), (74,70), (75,70), (76,70), (77,70), (78,70), (79,70), (80,70), (81,70), (82,70), (83,70), (84,70), (85,70), (86,70), (87,70), (88,70), (89,70), (90,70), (90,70), (90,69), (90,68), (90,67), (90,66), (90,65), (90,64), (90,63), (90,62), (90,61), (90,60), (90,59), (90,58), (90,57), (90,56), (90,55), (90,54), (90,53), (90,52), (90,51), (90,50), (90,49), (90,48), (90,47), (90,46), (90,45), (90,44), (90,43), (90,42), (90,41), (90,40)|(90,40), (90,39), (89,39), (88,39), (87,39)",
        "time": 23.43407043545549
    },
    "Uber_Train_Walk": {
        "cost": 25.99778401950832,
        "env_tax": 0.05,
        "route": "(54,75), (54,74), (54,73), (53,73), (53,72), (52,72), (51,72), (51,71), (50,71), (50,70)|(50,70), (51,70), (52,70), (53,70), (54,70), (55,70), (56,70), (57,70), (58,70), (59,70), (60,70), (61,70), (62,70), (63,70), (64,70), (65,70), (66,70), (67,70), (68,70), (69,70), (70,70), (71,70), (72,70), (73,70), (74,70), (75,70), (76,70), (77,70), (78,70), (79,70), (80,70), (81,70), (82,70), (83,70), (84,70), (85,70), (86,70), (87,70), (88,70), (89,70), (90,70), (90,70), (90,69), (90,68), (90,67), (90,66), (90,65), (90,64), (90,63), (90,62), (90,61), (90,60), (90,59), (90,58), (90,57), (90,56), (90,55), (90,54), (90,53), (90,52), (90,51), (90,50), (90,49), (90,48), (90,47), (90,46), (90,45), (90,44), (90,43), (90,42), (90,41), (90,40)|(90,40), (89,40), (88,40), (87,40), (87,40), (87,39)",
        "time": 313.93583981536125
    },
    "Walk": {
        "cost": 0,
        "env_tax": 0,
        "route": "(54,75), (55,75), (56,75), (57,75), (58,75), (59,75), (60,75), (61,75), (62,75), (63,75), (64,75), (65,75), (66,75), (67,75), (68,75), (69,75), (70,75), (71,75), (72,75), (73,75), (74,75), (75,75), (76,75), (77,75), (78,75), (79,75), (80,75), (81,75), (82,75), (83,75), (84,75), (85,75), (86,75), (87,75), (87,75), (87,74), (87,73), (87,72), (87,71), (87,70), (87,69), (87,68), (87,67), (87,66), (87,65), (87,64), (87,63), (87,62), (87,61), (87,60), (87,59), (87,58), (87,57), (87,56), (87,55), (87,54), (87,53), (87,52), (87,51), (87,50), (87,49), (87,48), (87,47), (87,46), (87,45), (87,44), (87,43), (87,42), (87,41), (87,40), (87,39)",
        "time": 5144.9534717251245
    },
    "Walk_Train_Uber": {
        "cost": 20.176429147001194,
        "env_tax": 0.025,
        "route": "(54,75), (53,75), (52,75), (51,75), (50,75), (50,75), (50,74), (50,73), (50,72), (50,71), (50,70)|(50,70), (51,70), (52,70), (53,70), (54,70), (55,70), (56,70), (57,70), (58,70), (59,70), (60,70), (61,70), (62,70), (63,70), (64,70), (65,70), (66,70), (67,70), (68,70), (69,70), (70,70), (71,70), (72,70), (73,70), (74,70), (75,70), (76,70), (77,70), (78,70), (79,70), (80,70), (81,70), (82,70), (83,70), (84,70), (85,70), (86,70), (87,70), (88,70), (89,70), (90,70), (90,70), (90,69), (90,68), (90,67), (90,66), (90,65), (90,64), (90,63), (90,62), (90,61), (90,60), (90,59), (90,58), (90,57), (90,56), (90,55), (90,54), (90,53), (90,52), (90,51), (90,50), (90,49), (90,48), (90,47), (90,46), (90,45), (90,44), (90,43), (90,42), (90,41), (90,40)|(90,40), (90,39), (89,39), (88,39), (87,39)",
        "time": 684.1602630975228
    },
    "Walk_Train_Walk": {
        "cost": 7.2,
        "env_tax": 0,
        "route": "(54,75), (53,75), (52,75), (51,75), (50,75), (50,75), (50,74), (50,73), (50,72), (50,71), (50,70)|(50,70), (51,70), (52,70), (53,70), (54,70), (55,70), (56,70), (57,70), (58,70), (59,70), (60,70), (61,70), (62,70), (63,70), (64,70), (65,70), (66,70), (67,70), (68,70), (69,70), (70,70), (71,70), (72,70), (73,70), (74,70), (75,70), (76,70), (77,70), (78,70), (79,70), (80,70), (81,70), (82,70), (83,70), (84,70), (85,70), (86,70), (87,70), (88,70), (89,70), (90,70), (90,70), (90,69), (90,68), (90,67), (90,66), (90,65), (90,64), (90,63), (90,62), (90,61), (90,60), (90,59), (90,58), (90,57), (90,56), (90,55), (90,54), (90,53), (90,52), (90,51), (90,50), (90,49), (90,48), (90,47), (90,46), (90,45), (90,44), (90,43), (90,42), (90,41), (90,40)|(90,40), (89,40), (88,40), (87,40), (87,40), (87,39)",
        "time": 975.0032025455505
    }
}