{
    "Uber": {
        "cost": 30.83158869411653,
        "env_tax": 0.23000000000000004,
        "route": "(19,48), (19,47), (19,46), (19,45), (19,44), (19,43), (18,43), (18,42), (18,41), (18,40), (18,39), (18,38), (18,37), (18,36), (18,35), (18,34), (18,33), (18,32), (18,31), (18,30), (18,29), (18,28), (18,27), (18,26), (18,25), (18,24), (18,23), (19,23), (20,23), (20,22), (21,22), (22,22), (22,21), (22,20), (23,20), (24,20), (25,20), (26,20), (27,20), (28,20), (29,20), (30,20), (31,20), (32,20), (33,20), (33,19)",
        "time": 16.643442621699553
    },
    "Uber_Train_Uber": {
        "cost": 31.577414109113164,
        "env_tax": 0.045000000000000005,
        "route": "(19,48), (20,48), (20,49), (20,50)|(20,50), (21,50), (22,50), (23,50), (24,50), (25,50), (26,50), (27,50), (28,50), (29,50), (30,50), (30,50), (30,49), (30,48), (30,47), (30,46), (30,45), (30,44), (30,43), (30,42), (30,41), (30,40), (30,39), (30,38), (30,37), (30,36), (30,35), (30,34), (30,33), (30,32), (30,31), (30,30), (30,29), (30,28), (30,27), (30,26), (30,25), (30,24), (30,23), (30,22), (30,21), (30,20)|(30,20), (31,20), (32,20), (33,20), (33,19)",
        "time": 20.84186819899943
    },
    "Uber_Train_Walk": {
        "cost": 17.914794834237615,
        "env_tax": 0.020000000000000004,
        "route": "(19,48), (20,48), (20,49), (20,50)|(20,50), (21,50), (22,50), (23,50), (24,50), (25,50), (26,50), (27,50), (28,50), (29,50), (30,50), (30,50), (30,49), (30,48), (30,47), (30,46), (30,45), (30,44), (30,43), (30,42), (30,41), (30,40), (30,39), (30,38), (30,37), (30,36), (30,35), (30,34), (30,33), (30,32), (30,31), (30,30), (30,29), (30,28), (30,27), (30,26), (30,25), (30,24), (30,23), (30,22), (30,21), (30,20)|(30,20), (31,20), (32,20), (33,20), (33,20), (33,19)",
        "time": 314.0885873734679
    },
    "Walk": {
        "cost": 0,
        "env_tax": 0,
        "route": "(19,48), (20,48), (21,48), (22,48), (23,48), (24,48), (25,48), (26,48), (27,48), (28,48), (29,48), (30,48), (31,48), (32,48), (33,48), (33,48), (33,47), (33,46), (33,45), (33,44), (33,43), (33,42), (33,41), (33,40), (33,39), (33,38), (33,37), (33,36), (33,35), (33,34), (33,33), (33,32), (33,31), (33,30), (33,29), (33,28), (33,27), (33,26), (33,25), (33,24), (33,23), (33,22), (33,21), (33,20), (33,19)",
        "time": 3206.2753519446433
    },
    "Walk_Train_Uber": {
        "cost": 18.09091717511961,
        "env_tax": 0.025,
        "route": "(19,48), (20,48), (20,48), (20,49), (20,50)|(20,50), (21,50), (22,50), (23,50), (24,50), (25,50), (26,50), (27,50), (28,50), (29,50), (30,50), (30,50), (30,49), (30,48), (30,47), (30,46), (30,45), (30,44), (30,43), (30,42), (30,41), (30,40), (30,39), (30,38), (30,37), (30,36), (30,35), (30,34), (30,33), (30,32), (30,31), (30,30), (30,29), (30,28), (30,27), (30,26), (30,25), (30,24), (30,23), (30,22), (30,21), (30,20)|(30,20), (31,20), (32,20), (33,20), (33,19)",
        "time": 237.4494002495771
    },
    "Walk_Train_Walk": {
        "cost": 4.2,
        "env_tax": 0,
        "route": "(19,48), (20,48), (20,48), (20,49), (20,50)|(20,50), (21,50), (22,50), (23,50), (24,50), (25,50), (26,50), (27,50), (28,50), (29,50), (30,50), (30,50), (30,49), (30,48), (30,47), (30,46), (30,45), (30,44), (30,43), (30,42), (30,41), (30,40), (30,39), (30,38), (30,37), (30,36), (30,35), (30,34), (30,33), (30,32), (30,31), (30,30), (30,29), (30,28), (30,27), (30,26), (30,25), (30,24), (30,23), (30,22), (30,21), (30,20)|(30,20), (31,20), (32,20), (33,20), (33,20), (33,19)",
        "time": 530.3162309433496
    }
}