{
    "Uber": {
        "cost": 51.01246951854503,
        "env_tax": 0.31500000000000006,
        "route": "(34,41), (34,42), (34,43), (33,43), (32,43), (32,44), (32,45), (32,46), (32,47), (31,47), (30,47), (30,48), (30,49), (30,50), (30,51), (30,52), (30,53), (30,54), (30,55), (30,56), (30,57), (30,58), (30,59), (30,60), (30,61), (30,62), (30,63), (30,64), (29,64), (29,65), (29,66), (29,67), (29,68), (29,69), (29,70), (29,71), (29,72), (29,73), (29,74), (29,75), (29,76), (29,77), (29,78), (29,79), (29,80), (29,81), (29,82), (29,83), (29,84), (30,84), (30,85), (30,86), (30,87), (31,87), (32,87), (33,87), (33,88), (34,88), (35,88), (36,88), (37,88), (38,88), (39,88)",
        "time": 17.509946857323403
    },
    "Uber_Train_Uber": {
        "cost": 35.445606741545916,
        "env_tax": 0.05000000000000001,
        "route": "(34,41), (33,41), (32,41), (31,41), (31,40), (30,40)|(30,40), (31,40), (32,40), (33,40), (34,40), (35,40), (36,40), (37,40), (38,40), (39,40), (40,40), (40,40), (40,41), (40,42), (40,43), (40,44), (40,45), (40,46), (40,47), (40,48), (40,49), (40,50), (40,51), (40,52), (40,53), (40,54), (40,55), (40,56), (40,57), (40,58), (40,59), (40,60), (40,61), (40,62), (40,63), (40,64), (40,65), (40,66), (40,67), (40,68), (40,69), (40,70), (40,71), (40,72), (40,73), (40,74), (40,75), (40,76), (40,77), (40,78), (40,79), (40,80), (40,81), (40,82), (40,83), (40,84), (40,85), (40,86), (40,87), (40,88), (40,89), (40,90)|(40,90), (39,90), (39,89), (39,88)",
        "time": 25.37276720891316
    },
    "Uber_Train_Walk": {
        "cost": 23.409756272386574,
        "env_tax": 0.030000000000000006,
        "route": "(34,41), (33,41), (32,41), (31,41), (31,40), (30,40)|(30,40), (31,40), (32,40), (33,40), (34,40), (35,40), (36,40), (37,40), (38,40), (39,40), (40,40), (40,40), (40,41), (40,42), (40,43), (40,44), (40,45), (40,46), (40,47), (40,48), (40,49), (40,50), (40,51), (40,52), (40,53), (40,54), (40,55), (40,56), (40,57), (40,58), (40,59), (40,60), (40,61), (40,62), (40,63), (40,64), (40,65), (40,66), (40,67), (40,68), (40,69), (40,70), (40,71), (40,72), (40,73), (40,74), (40,75), (40,76), (40,77), (40,78), (40,79), (40,80), (40,81), (40,82), (40,83), (40,84), (40,85), (40,86), (40,87), (40,88), (40,89), (40,90)|(40,90), (39,90), (39,90), (39,89), (39,88)",
        "time": 240.41500772323442
    },
    "Walk": {
        "cost": 0,
        "env_tax": 0,
        "route": "(34,41), (35,41), (36,41), (37,41), (38,41), (39,41), (39,41), (39,42), (39,43), (39,44), (39,45), (39,46), (39,47), (39,48), (39,49), (39,50), (39,51), (39,52), (39,53), (39,54), (39,55), (39,56), (39,57), (39,58), (39,59), (39,60), (39,61), (39,62), (39,63), (39,64), (39,65), (39,66), (39,67), (39,68), (39,69), (39,70), (39,71), (39,72), (39,73), (39,74), (39,75), (39,76), (39,77), (39,78), (39,79), (39,80), (39,81), (39,82), (39,83), (39,84), (39,85), (39,86), (39,87), (39,88)",
        "time": 3877.356239560964
    },
    "Walk_Train_Uber": {
        "cost": 19.106190063118003,
        "env_tax": 0.020000000000000004,
        "route": "(34,41), (33,41), (32,41), (31,41), (30,41), (30,41), (30,40)|(30,40), (31,40), (32,40), (33,40), (34,40), (35,40), (36,40), (37,40), (38,40), (39,40), (40,40), (40,40), (40,41), (40,42), (40,43), (40,44), (40,45), (40,46), (40,47), (40,48), (40,49), (40,50), (40,51), (40,52), (40,53), (40,54), (40,55), (40,56), (40,57), (40,58), (40,59), (40,60), (40,61), (40,62), (40,63), (40,64), (40,65), (40,66), (40,67), (40,68), (40,69), (40,70), (40,71), (40,72), (40,73), (40,74), (40,75), (40,76), (40,77), (40,78), (40,79), (40,80), (40,81), (40,82), (40,83), (40,84), (40,85), (40,86), (40,87), (40,88), (40,89), (40,90)|(40,90), (39,90), (39,89), (39,88)",
        "time": 384.3628729894572
    },
    "Walk_Train_Walk": {
        "cost": 6.2,
        "env_tax": 0,
        "route": "(34,41), (33,41), (32,41), (31,41), (30,41), (30,41), (30,40)|(30,40), (31,40), (32,40), (33,40), (34,40), (35,40), (36,40), (37,40), (38,40), (39,40), (40,40), (40,40), (40,41), (40,42), (40,43), (40,44), (40,45), (40,46), (40,47), (40,48), (40,49), (40,50), (40,51), (40,52), (40,53), (40,54), (40,55), (40,56), (40,57), (40,58), (40,59), (40,60), (40,61), (40,62), (40,63), (40,64), (40,65), (40,66), (40,67), (40,68), (40,69), (40,70), (40,71), (40,72), (40,73), (40,74), (40,75), (40,76), (40,77), (40,78), (40,79), (40,80), (40,81), (40,82), (40,83), (40,84), (40,85), (40,86), (40,87), (40,88), (40,89), (40,90)|(40,90), (39,90), (39,90), (39,89), (39,88)",
        "time": 604.300984655074
    }
}