{
    "Uber": {
        "cost": 20.395255300765083,
        "env_tax": 0.2,
        "route": "(4,31), (4,32), (4,33), (3,33), (3,34), (2,34), (2,35), (2,36), (2,37), (2,38), (2,39), (2,40), (1,40), (1,41), (1,42), (1,43), (1,44), (1,45), (1,46), (1,47), (1,48), (1,49), (1,50), (1,51), (1,52), (1,53), (2,53), (2,54), (2,55), (2,56), (3,56), (4,56), (5,56), (5,57), (6,57), (7,57), (8,57), (9,57), (10,57), (11,57)",
        "time": 5.49666317074425
    },
    "Uber_Train_Uber": {
        "cost": 29.61373144497497,
        "env_tax": 0.065,
        "route": "(4,31), (5,31), (6,31), (6,30), (7,30), (8,30), (9,30), (10,30)|(10,30), (10,30), (10,31), (10,32), (10,33), (10,34), (10,35), (10,36), (10,37), (10,38), (10,39), (10,40), (10,41), (10,42), (10,43), (10,44), (10,45), (10,46), (10,47), (10,48), (10,49), (10,50), (10,51), (10,52), (10,53), (10,54), (10,55), (10,56), (10,57), (10,58), (10,59), (10,60)|(10,60), (10,59), (10,58), (11,58), (11,57)",
        "time": 27.707284941425254
    },
    "Uber_Train_Walk": {
        "cost": 16.717845677202625,
        "env_tax": 0.04000000000000001,
        "route": "(4,31), (5,31), (6,31), (6,30), (7,30), (8,30), (9,30), (10,30)|(10,30), (10,30), (10,31), (10,32), (10,33), (10,34), (10,35), (10,36), (10,37), (10,38), (10,39), (10,40), (10,41), (10,42), (10,43), (10,44), (10,45), (10,46), (10,47), (10,48), (10,49), (10,50), (10,51), (10,52), (10,53), (10,54), (10,55), (10,56), (10,57), (10,58), (10,59), (10,60)|(10,60), (11,60), (11,60), (11,59), (11,58), (11,57)",
        "time": 313.54604256635156
    },
    "Walk": {
        "cost": 0,
        "env_tax": 0,
        "route": "(4,31), (5,31), (6,31), (7,31), (8,31), (9,31), (10,31), (11,31), (11,31), (11,32), (11,33), (11,34), (11,35), (11,36), (11,37), (11,38), (11,39), (11,40), (11,41), (11,42), (11,43), (11,44), (11,45), (11,46), (11,47), (11,48), (11,49), (11,50), (11,51), (11,52), (11,53), (11,54), (11,55), (11,56), (11,57)",
        "time": 2460.6299212598424
    },
    "Walk_Train_Uber": {
        "cost": 16.470113702930536,
        "env_tax": 0.025,
        "route": "(4,31), (5,31), (6,31), (7,31), (8,31), (9,31), (10,31), (10,31), (10,30)|(10,30), (10,30), (10,31), (10,32), (10,33), (10,34), (10,35), (10,36), (10,37), (10,38), (10,39), (10,40), (10,41), (10,42), (10,43), (10,44), (10,45), (10,46), (10,47), (10,48), (10,49), (10,50), (10,51), (10,52), (10,53), (10,54), (10,55), (10,56), (10,57), (10,58), (10,59), (10,60)|(10,60), (10,59), (10,58), (11,58), (11,57)",
        "time": 532.0660170975875
    },
    "Walk_Train_Walk": {
        "cost": 3.2,
        "env_tax": 0,
        "route": "(4,31), (5,31), (6,31), (7,31), (8,31), (9,31), (10,31), (10,31), (10,30)|(10,30), (10,30), (10,31), (10,32), (10,33), (10,34), (10,35), (10,36), (10,37), (10,38), (10,39), (10,40), (10,41), (10,42), (10,43), (10,44), (10,45), (10,46), (10,47), (10,48), (10,49), (10,50), (10,51), (10,52), (10,53), (10,54), (10,55), (10,56), (10,57), (10,58), (10,59), (10,60)|(10,60), (11,60), (11,60), (11,59), (11,58), (11,57)",
        "time": 825.3130021231377
    }
}