{
    "Uber": {
        "cost": 49.234062765757805,
        "env_tax": 0.26,
        "route": "(56,35), (55,35), (55,34), (54,34), (53,34), (52,34), (51,34), (50,34), (49,34), (48,34), (47,34), (46,34), (45,34), (44,34), (43,34), (42,34), (41,34), (40,34), (39,34), (38,34), (37,34), (36,34), (35,34), (34,34), (33,34), (32,34), (31,34), (30,34), (29,34), (28,34), (27,34), (26,34), (25,34), (24,34), (23,34), (22,34), (21,34), (20,34), (19,34), (19,35), (18,35), (18,36), (18,37), (18,38), (18,39), (18,40), (18,41), (18,42), (17,42), (17,43), (17,44), (16,44)",
        "time": 17.071205739798508
    },
    "Uber_Train_Uber": {
        "cost": 40.307388386709924,
        "env_tax": 0.095,
        "route": "(56,35), (57,35), (58,35), (58,34), (58,33), (58,32), (59,32), (60,32), (60,31), (60,30)|(60,30), (59,30), (58,30), (57,30), (56,30), (55,30), (54,30), (53,30), (52,30), (51,30), (50,30), (49,30), (48,30), (47,30), (46,30), (45,30), (44,30), (43,30), (42,30), (41,30), (40,30), (39,30), (38,30), (37,30), (36,30), (35,30), (34,30), (33,30), (32,30), (31,30), (30,30), (29,30), (28,30), (27,30), (26,30), (25,30), (24,30), (23,30), (22,30), (21,30), (20,30), (20,30), (20,31), (20,32), (20,33), (20,34), (20,35), (20,36), (20,37), (20,38), (20,39), (20,40)|(20,40), (19,40), (18,40), (18,41), (18,42), (17,42), (17,43), (17,44), (16,44)",
        "time": 23.004747748037104
    },
    "Uber_Train_Walk": {
        "cost": 25.28514185036829,
        "env_tax": 0.05,
        "route": "(56,35), (57,35), (58,35), (58,34), (58,33), (58,32), (59,32), (60,32), (60,31), (60,30)|(60,30), (59,30), (58,30), (57,30), (56,30), (55,30), (54,30), (53,30), (52,30), (51,30), (50,30), (49,30), (48,30), (47,30), (46,30), (45,30), (44,30), (43,30), (42,30), (41,30), (40,30), (39,30), (38,30), (37,30), (36,30), (35,30), (34,30), (33,30), (32,30), (31,30), (30,30), (29,30), (28,30), (27,30), (26,30), (25,30), (24,30), (23,30), (22,30), (21,30), (20,30), (20,30), (20,31), (20,32), (20,33), (20,34), (20,35), (20,36), (20,37), (20,38), (20,39), (20,40)|(20,40), (19,40), (18,40), (17,40), (16,40), (16,40), (16,41), (16,42), (16,43), (16,44)",
        "time": 611.2701639287459
    },
    "Walk": {
        "cost": 0,
        "env_tax": 0,
        "route": "(56,35), (55,35), (54,35), (53,35), (52,35), (51,35), (50,35), (49,35), (48,35), (47,35), (46,35), (45,35), (44,35), (43,35), (42,35), (41,35), (40,35), (39,35), (38,35), (37,35), (36,35), (35,35), (34,35), (33,35), (32,35), (31,35), (30,35), (29,35), (28,35), (27,35), (26,35), (25,35), (24,35), (23,35), (22,35), (21,35), (20,35), (19,35), (18,35), (17,35), (16,35), (16,35), (16,36), (16,37), (16,38), (16,39), (16,40), (16,41), (16,42), (16,43), (16,44)",
        "time": 3653.6626103555236
    },
    "Walk_Train_Uber": {
        "cost": 21.065611539174252,
        "env_tax": 0.045000000000000005,
        "route": "(56,35), (57,35), (58,35), (59,35), (60,35), (60,35), (60,34), (60,33), (60,32), (60,31), (60,30)|(60,30), (59,30), (58,30), (57,30), (56,30), (55,30), (54,30), (53,30), (52,30), (51,30), (50,30), (49,30), (48,30), (47,30), (46,30), (45,30), (44,30), (43,30), (42,30), (41,30), (40,30), (39,30), (38,30), (37,30), (36,30), (35,30), (34,30), (33,30), (32,30), (31,30), (30,30), (29,30), (28,30), (27,30), (26,30), (25,30), (24,30), (23,30), (22,30), (21,30), (20,30), (20,30), (20,31), (20,32), (20,33), (20,34), (20,35), (20,36), (20,37), (20,38), (20,39), (20,40)|(20,40), (19,40), (18,40), (18,41), (18,42), (17,42), (17,43), (17,44), (16,44)",
        "time": 687.5855374003484
    },
    "Walk_Train_Walk": {
        "cost": 5.2,
        "env_tax": 0,
        "route": "(56,35), (57,35), (58,35), (59,35), (60,35), (60,35), (60,34), (60,33), (60,32), (60,31), (60,30)|(60,30), (59,30), (58,30), (57,30), (56,30), (55,30), (54,30), (53,30), (52,30), (51,30), (50,30), (49,30), (48,30), (47,30), (46,30), (45,30), (44,30), (43,30), (42,30), (41,30), (40,30), (39,30), (38,30), (37,30), (36,30), (35,30), (34,30), (33,30), (32,30), (31,30), (30,30), (29,30), (28,30), (27,30), (26,30), (25,30), (24,30), (23,30), (22,30), (21,30), (20,30), (20,30), (20,31), (20,32), (20,33), (20,34), (20,35), (20,36), (20,37), (20,38), (20,39), (20,40)|(20,40), (19,40), (18,40), (17,40), (16,40), (16,40), (16,41), (16,42), (16,43), (16,44)",
        "time": 1274.9443780303266
    }
}