{
    "Uber": {
        "cost": 12.737828452623514,
        "env_tax": 0.045000000000000005,
        "route": "(93,6), (92,6), (91,6), (90,6), (89,6), (88,6), (87,6), (86,6), (86,7)",
        "time": 6.9557891405115155
    },
    "Uber_Train_Uber": {
        "cost": 25.755248871272247,
        "env_tax": 0.08000000000000002,
        "route": "(93,6), (93,7), (92,7), (92,8), (91,8), (91,9), (90,9), (90,10)|(90,10), (90,10)|(90,10), (90,9), (89,9), (88,9), (88,8), (87,8), (87,7), (86,7)",
        "time": 14.75270395128834
    },
    "Uber_Train_Walk": {
        "cost": 12.809807189859802,
        "env_tax": 0.04000000000000001,
        "route": "(93,6), (93,7), (92,7), (92,8), (91,8), (91,9), (90,9), (90,10)|(90,10), (90,10)|(90,10), (89,10), (88,10), (87,10), (86,10), (86,10), (86,9), (86,8), (86,7)",
        "time": 537.7852483343737
    },
    "Walk": {
        "cost": 0,
        "env_tax": 0,
        "route": "(93,6), (92,6), (91,6), (90,6), (89,6), (88,6), (87,6), (86,6), (86,6), (86,7)",
        "time": 596.5163445478406
    },
    "Walk_Train_Uber": {
        "cost": 13.135533182666604,
        "env_tax": 0.04000000000000001,
        "route": "(93,6), (92,6), (91,6), (90,6), (90,6), (90,7), (90,8), (90,9), (90,10)|(90,10), (90,10)|(90,10), (90,9), (89,9), (88,9), (88,8), (87,8), (87,7), (86,7)",
        "time": 534.9575583278361
    },
    "Walk_Train_Walk": {
        "cost": 0.2,
        "env_tax": 0,
        "route": "(93,6), (92,6), (91,6), (90,6), (90,6), (90,7), (90,8), (90,9), (90,10)|(90,10), (90,10)|(90,10), (89,10), (88,10), (87,10), (86,10), (86,10), (86,9), (86,8), (86,7)",
        "time": 1052.4349032342975
    }
}