{
    "Uber": {
        "cost": 55.83134599574997,
        "env_tax": 0.26,
        "route": "(53,52), (53,51), (54,51), (54,50), (54,49), (54,48), (54,47), (54,46), (54,45), (55,45), (55,44), (55,43), (55,42), (55,41), (55,40), (55,39), (55,38), (55,37), (55,36), (55,35), (55,34), (55,33), (55,32), (55,31), (55,30), (55,29), (55,28), (55,27), (55,26), (55,25), (55,24), (56,24), (57,24), (58,24), (59,24), (59,23), (59,22), (59,21), (59,20), (59,19), (59,18), (59,17), (59,16), (59,15), (59,14), (59,13), (59,12), (59,11), (59,10), (59,9), (59,8), (60,8)",
        "time": 20.758466959573532
    },
    "Uber_Train_Uber": {
        "cost": 35.73259077172177,
        "env_tax": 0.04500000000000001,
        "route": "(53,52), (52,52), (52,51), (51,51), (50,51), (50,50)|(50,50), (51,50), (52,50), (53,50), (54,50), (55,50), (56,50), (57,50), (58,50), (59,50), (60,50), (60,50), (60,49), (60,48), (60,47), (60,46), (60,45), (60,44), (60,43), (60,42), (60,41), (60,40), (60,39), (60,38), (60,37), (60,36), (60,35), (60,34), (60,33), (60,32), (60,31), (60,30), (60,29), (60,28), (60,27), (60,26), (60,25), (60,24), (60,23), (60,22), (60,21), (60,20), (60,19), (60,18), (60,17), (60,16), (60,15), (60,14), (60,13), (60,12), (60,11), (60,10)|(60,10), (60,9), (60,8)",
        "time": 20.784756608464647
    },
    "Uber_Train_Walk": {
        "cost": 23.316173450114793,
        "env_tax": 0.030000000000000006,
        "route": "(53,52), (52,52), (52,51), (51,51), (50,51), (50,50)|(50,50), (51,50), (52,50), (53,50), (54,50), (55,50), (56,50), (57,50), (58,50), (59,50), (60,50), (60,50), (60,49), (60,48), (60,47), (60,46), (60,45), (60,44), (60,43), (60,42), (60,41), (60,40), (60,39), (60,38), (60,37), (60,36), (60,35), (60,34), (60,33), (60,32), (60,31), (60,30), (60,29), (60,28), (60,27), (60,26), (60,25), (60,24), (60,23), (60,22), (60,21), (60,20), (60,19), (60,18), (60,17), (60,16), (60,15), (60,14), (60,13), (60,12), (60,11), (60,10)|(60,10), (60,10), (60,9), (60,8)",
        "time": 163.14070317416065
    },
    "Walk": {
        "cost": 0,
        "env_tax": 0,
        "route": "(53,52), (54,52), (55,52), (56,52), (57,52), (58,52), (59,52), (60,52), (60,52), (60,51), (60,50), (60,49), (60,48), (60,47), (60,46), (60,45), (60,44), (60,43), (60,42), (60,41), (60,40), (60,39), (60,38), (60,37), (60,36), (60,35), (60,34), (60,33), (60,32), (60,31), (60,30), (60,29), (60,28), (60,27), (60,26), (60,25), (60,24), (60,23), (60,22), (60,21), (60,20), (60,19), (60,18), (60,17), (60,16), (60,15), (60,14), (60,13), (60,12), (60,11), (60,10), (60,9), (60,8)",
        "time": 3802.7916964924834
    },
    "Walk_Train_Uber": {
        "cost": 17.64947988144077,
        "env_tax": 0.015000000000000003,
        "route": "(53,52), (52,52), (51,52), (50,52), (50,52), (50,51), (50,50)|(50,50), (51,50), (52,50), (53,50), (54,50), (55,50), (56,50), (57,50), (58,50), (59,50), (60,50), (60,50), (60,49), (60,48), (60,47), (60,46), (60,45), (60,44), (60,43), (60,42), (60,41), (60,40), (60,39), (60,38), (60,37), (60,36), (60,35), (60,34), (60,33), (60,32), (60,31), (60,30), (60,29), (60,28), (60,27), (60,26), (60,25), (60,24), (60,23), (60,22), (60,21), (60,20), (60,19), (60,18), (60,17), (60,16), (60,15), (60,14), (60,13), (60,12), (60,11), (60,10)|(60,10), (60,9), (60,8)",
        "time": 388.50051097931583
    },
    "Walk_Train_Walk": {
        "cost": 5.2,
        "env_tax": 0,
        "route": "(53,52), (52,52), (51,52), (50,52), (50,52), (50,51), (50,50)|(50,50), (51,50), (52,50), (53,50), (54,50), (55,50), (56,50), (57,50), (58,50), (59,50), (60,50), (60,50), (60,49), (60,48), (60,47), (60,46), (60,45), (60,44), (60,43), (60,42), (60,41), (60,40), (60,39), (60,38), (60,37), (60,36), (60,35), (60,34), (60,33), (60,32), (60,31), (60,30), (60,29), (60,28), (60,27), (60,26), (60,25), (60,24), (60,23), (60,22), (60,21), (60,20), (60,19), (60,18), (60,17), (60,16), (60,15), (60,14), (60,13), (60,12), (60,11), (60,10)|(60,10), (60,10), (60,9), (60,8)",
        "time": 527.6528636319099
    }
}