{
    "Uber": {
        "cost": 34.15976184168381,
        "env_tax": 0.5100000000000001,
        "route": "(90,40), (90,39), (90,38), (91,38), (92,38), (93,38), (93,37), (93,36), (93,35), (93,34), (93,33), (93,32), (93,31), (93,30), (93,29), (93,28), (93,27), (93,26), (93,25), (93,24), (93,23), (93,22), (93,21), (92,21), (92,20), (92,19), (92,18), (92,17), (92,16), (92,15), (92,14), (92,13), (92,12), (92,11), (92,10), (92,9), (91,9), (90,9), (89,9), (88,9), (88,8), (87,8), (87,7), (86,7), (86,6), (85,6), (84,6), (83,6), (82,6), (81,6), (80,6), (80,5), (79,5), (78,5), (77,5), (76,5), (75,5), (74,5), (73,5), (72,5), (71,5), (70,5), (69,5), (68,5), (67,5), (66,5), (65,5), (64,5), (63,5), (62,5), (61,5), (60,5), (59,5), (58,5), (57,5), (56,5), (55,5), (54,5), (53,5), (52,5), (51,5), (51,6), (50,6), (49,6), (48,6), (47,6), (46,6), (46,7), (45,7), (45,8), (45,9), (44,9), (43,9), (43,10), (43,11), (43,12), (42,12), (42,13), (42,14), (41,14), (40,14), (40,15)",
        "time": 14.5158584937852
    },
    "Uber_Train_Uber": {
        "cost": 34.2910398504446,
        "env_tax": 0.04500000000000001,
        "route": "(90,40)|(90,40), (89,40), (88,40), (87,40), (86,40), (85,40), (84,40), (83,40), (82,40), (81,40), (80,40), (79,40), (78,40), (77,40), (76,40), (75,40), (74,40), (73,40), (72,40), (71,40), (70,40), (69,40), (68,40), (67,40), (66,40), (65,40), (64,40), (63,40), (62,40), (61,40), (60,40), (59,40), (58,40), (57,40), (56,40), (55,40), (54,40), (53,40), (52,40), (51,40), (50,40), (49,40), (48,40), (47,40), (46,40), (45,40), (44,40), (43,40), (42,40), (41,40), (40,40), (40,40), (40,39), (40,38), (40,37), (40,36), (40,35), (40,34), (40,33), (40,32), (40,31), (40,30), (40,29), (40,28), (40,27), (40,26), (40,25), (40,24), (40,23), (40,22), (40,21), (40,20), (40,19), (40,18), (40,17), (40,16), (40,15), (40,14), (40,13), (40,12), (40,11), (40,10)|(40,10), (39,10), (39,11), (39,12), (39,13), (39,14), (39,15), (40,15)",
        "time": 14.699236160369097
    },
    "Uber_Train_Walk": {
        "cost": 20.055000000000003,
        "env_tax": 0.005000000000000001,
        "route": "(90,40)|(90,40), (89,40), (88,40), (87,40), (86,40), (85,40), (84,40), (83,40), (82,40), (81,40), (80,40), (79,40), (78,40), (77,40), (76,40), (75,40), (74,40), (73,40), (72,40), (71,40), (70,40), (69,40), (68,40), (67,40), (66,40), (65,40), (64,40), (63,40), (62,40), (61,40), (60,40), (59,40), (58,40), (57,40), (56,40), (55,40), (54,40), (53,40), (52,40), (51,40), (50,40), (49,40), (48,40), (47,40), (46,40), (45,40), (44,40), (43,40), (42,40), (41,40), (40,40), (40,40), (40,39), (40,38), (40,37), (40,36), (40,35), (40,34), (40,33), (40,32), (40,31), (40,30), (40,29), (40,28), (40,27), (40,26), (40,25), (40,24), (40,23), (40,22), (40,21), (40,20), (40,19), (40,18), (40,17), (40,16), (40,15), (40,14), (40,13), (40,12), (40,11), (40,10)|(40,10), (40,10), (40,11), (40,12), (40,13), (40,14), (40,15)",
        "time": 382.80578441979236
    },
    "Walk": {
        "cost": 0,
        "env_tax": 0,
        "route": "(90,40), (89,40), (88,40), (87,40), (86,40), (85,40), (84,40), (83,40), (82,40), (81,40), (80,40), (79,40), (78,40), (77,40), (76,40), (75,40), (74,40), (73,40), (72,40), (71,40), (70,40), (69,40), (68,40), (67,40), (66,40), (65,40), (64,40), (63,40), (62,40), (61,40), (60,40), (59,40), (58,40), (57,40), (56,40), (55,40), (54,40), (53,40), (52,40), (51,40), (50,40), (49,40), (48,40), (47,40), (46,40), (45,40), (44,40), (43,40), (42,40), (41,40), (40,40), (40,40), (40,39), (40,38), (40,37), (40,36), (40,35), (40,34), (40,33), (40,32), (40,31), (40,30), (40,29), (40,28), (40,27), (40,26), (40,25), (40,24), (40,23), (40,22), (40,21), (40,20), (40,19), (40,18), (40,17), (40,16), (40,15)",
        "time": 5592.340730136006
    },
    "Walk_Train_Uber": {
        "cost": 22.84403613174748,
        "env_tax": 0.04000000000000001,
        "route": "(90,40), (90,40)|(90,40), (89,40), (88,40), (87,40), (86,40), (85,40), (84,40), (83,40), (82,40), (81,40), (80,40), (79,40), (78,40), (77,40), (76,40), (75,40), (74,40), (73,40), (72,40), (71,40), (70,40), (69,40), (68,40), (67,40), (66,40), (65,40), (64,40), (63,40), (62,40), (61,40), (60,40), (59,40), (58,40), (57,40), (56,40), (55,40), (54,40), (53,40), (52,40), (51,40), (50,40), (49,40), (48,40), (47,40), (46,40), (45,40), (44,40), (43,40), (42,40), (41,40), (40,40), (40,40), (40,39), (40,38), (40,37), (40,36), (40,35), (40,34), (40,33), (40,32), (40,31), (40,30), (40,29), (40,28), (40,27), (40,26), (40,25), (40,24), (40,23), (40,22), (40,21), (40,20), (40,19), (40,18), (40,17), (40,16), (40,15), (40,14), (40,13), (40,12), (40,11), (40,10)|(40,10), (39,10), (39,11), (39,12), (39,13), (39,14), (39,15), (40,15)",
        "time": 8.92801037143295
    },
    "Walk_Train_Walk": {
        "cost": 8.200000000000001,
        "env_tax": 0,
        "route": "(90,40), (90,40)|(90,40), (89,40), (88,40), (87,40), (86,40), (85,40), (84,40), (83,40), (82,40), (81,40), (80,40), (79,40), (78,40), (77,40), (76,40), (75,40), (74,40), (73,40), (72,40), (71,40), (70,40), (69,40), (68,40), (67,40), (66,40), (65,40), (64,40), (63,40), (62,40), (61,40), (60,40), (59,40), (58,40), (57,40), (56,40), (55,40), (54,40), (53,40), (52,40), (51,40), (50,40), (49,40), (48,40), (47,40), (46,40), (45,40), (44,40), (43,40), (42,40), (41,40), (40,40), (40,40), (40,39), (40,38), (40,37), (40,36), (40,35), (40,34), (40,33), (40,32), (40,31), (40,30), (40,29), (40,28), (40,27), (40,26), (40,25), (40,24), (40,23), (40,22), (40,21), (40,20), (40,19), (40,18), (40,17), (40,16), (40,15), (40,14), (40,13), (40,12), (40,11), (40,10)|(40,10), (40,10), (40,11), (40,12), (40,13), (40,14), (40,15)",
        "time": 378.552642921249
    }
}