{
    "Uber": {
        "cost": 73.00406110299731,
        "env_tax": 0.8950000000000001,
        "route": "(90,99), (89,99), (88,99), (87,99), (86,99), (85,99), (84,99), (83,99), (82,99), (81,99), (80,99), (79,99), (78,99), (77,99), (76,99), (76,98), (75,98), (74,98), (73,98), (72,98), (71,98), (70,98), (69,98), (68,98), (67,98), (66,98), (65,98), (64,98), (63,98), (62,98), (62,97), (61,97), (60,97), (60,96), (59,96), (58,96), (57,96), (56,96), (55,96), (54,96), (53,96), (53,95), (52,95), (51,95), (50,95), (49,95), (48,95), (47,95), (47,94), (47,93), (46,93), (46,92), (46,91), (46,90), (46,89), (45,89), (44,89), (43,89), (42,89), (42,88), (42,87), (42,86), (42,85), (41,85), (40,85), (40,84), (40,83), (40,82), (39,82), (38,82), (38,81), (38,80), (37,80), (37,79), (36,79), (35,79), (34,79), (34,78), (34,77), (33,77), (33,76), (32,76), (31,76), (31,75), (31,74), (30,74), (29,74), (29,73), (29,72), (29,71), (29,70), (29,69), (29,68), (29,67), (28,67), (27,67), (26,67), (25,67), (25,66), (24,66), (24,65), (24,64), (23,64), (22,64), (21,64), (21,63), (21,62), (21,61), (20,61), (20,60), (20,59), (19,59), (18,59), (17,59), (17,58), (17,57), (17,56), (16,56), (15,56), (15,55), (14,55), (13,55), (13,54), (12,54), (12,53), (12,52), (12,51), (11,51), (11,50), (11,49), (11,48), (10,48), (9,48), (9,47), (9,46), (9,45), (9,44), (9,43), (8,43), (7,43), (7,42), (7,41), (7,40), (7,39), (7,38), (7,37), (7,36), (7,35), (7,34), (7,33), (7,32), (7,31), (7,30), (7,29), (7,28), (7,27), (7,26), (7,25), (7,24), (7,23), (7,22), (7,21), (7,20), (7,19), (7,18), (7,17), (7,16), (7,15), (7,14), (7,13), (8,13), (9,13), (10,13), (11,13), (12,13), (13,13), (14,13), (15,13), (16,13)",
        "time": 25.623651203435895
    },
    "Uber_Train_Uber": {
        "cost": 41.232097069228395,
        "env_tax": 0.09000000000000001,
        "route": "(90,99), (90,98), (90,97), (90,96), (90,95), (90,94), (90,93), (90,92), (90,91), (90,90)|(90,90), (89,90), (88,90), (87,90), (86,90), (85,90), (84,90), (83,90), (82,90), (81,90), (80,90), (79,90), (78,90), (77,90), (76,90), (75,90), (74,90), (73,90), (72,90), (71,90), (70,90), (69,90), (68,90), (67,90), (66,90), (65,90), (64,90), (63,90), (62,90), (61,90), (60,90), (59,90), (58,90), (57,90), (56,90), (55,90), (54,90), (53,90), (52,90), (51,90), (50,90), (49,90), (48,90), (47,90), (46,90), (45,90), (44,90), (43,90), (42,90), (41,90), (40,90), (39,90), (38,90), (37,90), (36,90), (35,90), (34,90), (33,90), (32,90), (31,90), (30,90), (29,90), (28,90), (27,90), (26,90), (25,90), (24,90), (23,90), (22,90), (21,90), (20,90), (20,90), (20,89), (20,88), (20,87), (20,86), (20,85), (20,84), (20,83), (20,82), (20,81), (20,80), (20,79), (20,78), (20,77), (20,76), (20,75), (20,74), (20,73), (20,72), (20,71), (20,70), (20,69), (20,68), (20,67), (20,66), (20,65), (20,64), (20,63), (20,62), (20,61), (20,60), (20,59), (20,58), (20,57), (20,56), (20,55), (20,54), (20,53), (20,52), (20,51), (20,50), (20,49), (20,48), (20,47), (20,46), (20,45), (20,44), (20,43), (20,42), (20,41), (20,40), (20,39), (20,38), (20,37), (20,36), (20,35), (20,34), (20,33), (20,32), (20,31), (20,30), (20,29), (20,28), (20,27), (20,26), (20,25), (20,24), (20,23), (20,22), (20,21), (20,20), (20,19), (20,18), (20,17), (20,16), (20,15), (20,14), (20,13), (20,12), (20,11), (20,10)|(20,10), (19,10), (18,10), (17,10), (16,10), (16,11), (16,12), (16,13)",
        "time": 18.805780663305647
    },
    "Uber_Train_Walk": {
        "cost": 28.029839818533993,
        "env_tax": 0.05,
        "route": "(90,99), (90,98), (90,97), (90,96), (90,95), (90,94), (90,93), (90,92), (90,91), (90,90)|(90,90), (89,90), (88,90), (87,90), (86,90), (85,90), (84,90), (83,90), (82,90), (81,90), (80,90), (79,90), (78,90), (77,90), (76,90), (75,90), (74,90), (73,90), (72,90), (71,90), (70,90), (69,90), (68,90), (67,90), (66,90), (65,90), (64,90), (63,90), (62,90), (61,90), (60,90), (59,90), (58,90), (57,90), (56,90), (55,90), (54,90), (53,90), (52,90), (51,90), (50,90), (49,90), (48,90), (47,90), (46,90), (45,90), (44,90), (43,90), (42,90), (41,90), (40,90), (39,90), (38,90), (37,90), (36,90), (35,90), (34,90), (33,90), (32,90), (31,90), (30,90), (29,90), (28,90), (27,90), (26,90), (25,90), (24,90), (23,90), (22,90), (21,90), (20,90), (20,90), (20,89), (20,88), (20,87), (20,86), (20,85), (20,84), (20,83), (20,82), (20,81), (20,80), (20,79), (20,78), (20,77), (20,76), (20,75), (20,74), (20,73), (20,72), (20,71), (20,70), (20,69), (20,68), (20,67), (20,66), (20,65), (20,64), (20,63), (20,62), (20,61), (20,60), (20,59), (20,58), (20,57), (20,56), (20,55), (20,54), (20,53), (20,52), (20,51), (20,50), (20,49), (20,48), (20,47), (20,46), (20,45), (20,44), (20,43), (20,42), (20,41), (20,40), (20,39), (20,38), (20,37), (20,36), (20,35), (20,34), (20,33), (20,32), (20,31), (20,30), (20,29), (20,28), (20,27), (20,26), (20,25), (20,24), (20,23), (20,22), (20,21), (20,20), (20,19), (20,18), (20,17), (20,16), (20,15), (20,14), (20,13), (20,12), (20,11), (20,10)|(20,10), (19,10), (18,10), (17,10), (16,10), (16,10), (16,11), (16,12), (16,13)",
        "time": 536.254253165349
    },
    "Walk": {
        "cost": 0,
        "env_tax": 0,
        "route": "(90,99), (89,99), (88,99), (87,99), (86,99), (85,99), (84,99), (83,99), (82,99), (81,99), (80,99), (79,99), (78,99), (77,99), (76,99), (75,99), (74,99), (73,99), (72,99), (71,99), (70,99), (69,99), (68,99), (67,99), (66,99), (65,99), (64,99), (63,99), (62,99), (61,99), (60,99), (59,99), (58,99), (57,99), (56,99), (55,99), (54,99), (53,99), (52,99), (51,99), (50,99), (49,99), (48,99), (47,99), (46,99), (45,99), (44,99), (43,99), (42,99), (41,99), (40,99), (39,99), (38,99), (37,99), (36,99), (35,99), (34,99), (33,99), (32,99), (31,99), (30,99), (29,99), (28,99), (27,99), (26,99), (25,99), (24,99), (23,99), (22,99), (21,99), (20,99), (19,99), (18,99), (17,99), (16,99), (16,99), (16,98), (16,97), (16,96), (16,95), (16,94), (16,93), (16,92), (16,91), (16,90), (16,89), (16,88), (16,87), (16,86), (16,85), (16,84), (16,83), (16,82), (16,81), (16,80), (16,79), (16,78), (16,77), (16,76), (16,75), (16,74), (16,73), (16,72), (16,71), (16,70), (16,69), (16,68), (16,67), (16,66), (16,65), (16,64), (16,63), (16,62), (16,61), (16,60), (16,59), (16,58), (16,57), (16,56), (16,55), (16,54), (16,53), (16,52), (16,51), (16,50), (16,49), (16,48), (16,47), (16,46), (16,45), (16,44), (16,43), (16,42), (16,41), (16,40), (16,39), (16,38), (16,37), (16,36), (16,35), (16,34), (16,33), (16,32), (16,31), (16,30), (16,29), (16,28), (16,27), (16,26), (16,25), (16,24), (16,23), (16,22), (16,21), (16,20), (16,19), (16,18), (16,17), (16,16), (16,15), (16,14), (16,13)",
        "time": 11930.32689095681
    },
    "Walk_Train_Uber": {
        "cost": 28.269209527492002,
        "env_tax": 0.04000000000000001,