{
    "Uber": {
        "cost": 19.106959938333283,
        "env_tax": 0.18000000000000002,
        "route": "(13,37), (12,37), (11,37), (11,36), (10,36), (10,35), (10,34), (10,33), (10,32), (9,32), (9,31), (9,30), (9,29), (9,28), (9,27), (9,26), (9,25), (9,24), (9,23), (9,22), (8,22), (8,21), (7,21), (7,20), (7,19), (7,18), (7,17), (7,16), (7,15), (7,14), (7,13), (6,13), (6,12), (5,12), (4,12), (4,11)",
        "time": 7.422962717566713
    },
    "Uber_Train_Uber": {
        "cost": 29.777701167262276,
        "env_tax": 0.07500000000000001,
        "route": "(13,37), (13,38), (13,39), (12,39), (12,40), (11,40), (10,40)|(10,40), (10,40), (10,39), (10,38), (10,37), (10,36), (10,35), (10,34), (10,33), (10,32), (10,31), (10,30), (10,29), (10,28), (10,27), (10,26), (10,25), (10,24), (10,23), (10,22), (10,21), (10,20), (10,19), (10,18), (10,17), (10,16), (10,15), (10,14), (10,13), (10,12), (10,11), (10,10)|(10,10), (9,10), (8,10), (8,11), (7,11), (6,11), (5,11), (4,11)",
        "time": 19.314428937641374
    },
    "Uber_Train_Walk": {
        "cost": 17.213370060178686,
        "env_tax": 0.035,
        "route": "(13,37), (13,38), (13,39), (12,39), (12,40), (11,40), (10,40)|(10,40), (10,40), (10,39), (10,38), (10,37), (10,36), (10,35), (10,34), (10,33), (10,32), (10,31), (10,30), (10,29), (10,28), (10,27), (10,26), (10,25), (10,24), (10,23), (10,22), (10,21), (10,20), (10,19), (10,18), (10,17), (10,16), (10,15), (10,14), (10,13), (10,12), (10,11), (10,10)|(10,10), (9,10), (8,10), (7,10), (6,10), (5,10), (4,10), (4,10), (4,11)",
        "time": 533.2248282921115
    },
    "Walk": {
        "cost": 0,
        "env_tax": 0,
        "route": "(13,37), (12,37), (11,37), (10,37), (9,37), (8,37), (7,37), (6,37), (5,37), (4,37), (4,37), (4,36), (4,35), (4,34), (4,33), (4,32), (4,31), (4,30), (4,29), (4,28), (4,27), (4,26), (4,25), (4,24), (4,23), (4,22), (4,21), (4,20), (4,19), (4,18), (4,17), (4,16), (4,15), (4,14), (4,13), (4,12), (4,11)",
        "time": 2609.7590073968026
    },
    "Walk_Train_Uber": {
        "cost": 16.103696668195912,
        "env_tax": 0.04000000000000001,
        "route": "(13,37), (12,37), (11,37), (10,37), (10,37), (10,38), (10,39), (10,40)|(10,40), (10,40), (10,39), (10,38), (10,37), (10,36), (10,35), (10,34), (10,33), (10,32), (10,31), (10,30), (10,29), (10,28), (10,27), (10,26), (10,25), (10,24), (10,23), (10,22), (10,21), (10,20), (10,19), (10,18), (10,17), (10,16), (10,15), (10,14), (10,13), (10,12), (10,11), (10,10)|(10,10), (9,10), (8,10), (8,11), (7,11), (6,11), (5,11), (4,11)",
        "time": 462.6093169694882
    },
    "Walk_Train_Walk": {
        "cost": 3.2,
        "env_tax": 0,
        "route": "(13,37), (12,37), (11,37), (10,37), (10,37), (10,38), (10,39), (10,40)|(10,40), (10,40), (10,39), (10,38), (10,37), (10,36), (10,35), (10,34), (10,33), (10,32), (10,31), (10,30), (10,29), (10,28), (10,27), (10,26), (10,25), (10,24), (10,23), (10,22), (10,21), (10,20), (10,19), (10,18), (10,17), (10,16), (10,15), (10,14), (10,13), (10,12), (10,11), (10,10)|(10,10), (9,10), (8,10), (7,10), (6,10), (5,10), (4,10), (4,10), (4,11)",
        "time": 977.0258547945646
    }
}