{
    "Uber": {
        "cost": 75.54973645530075,
        "env_tax": 0.625,
        "route": "(86,86), (86,87), (86,88), (86,89), (86,90), (86,91), (86,92), (85,92), (85,93), (84,93), (83,93), (82,93), (81,93), (80,93), (79,93), (78,93), (77,93), (76,93), (75,93), (74,93), (73,93), (72,93), (71,93), (70,93), (69,93), (68,93), (67,93), (67,92), (66,92), (65,92), (64,92), (63,92), (62,92), (61,92), (61,91), (61,90), (60,90), (59,90), (58,90), (57,90), (56,90), (55,90), (54,90), (53,90), (52,90), (52,89), (52,88), (51,88), (50,88), (50,87), (49,87), (48,87), (48,86), (48,85), (47,85), (46,85), (46,84), (45,84), (44,84), (44,83), (43,83), (42,83), (41,83), (41,82), (41,81), (40,81), (40,80), (39,80), (38,80), (37,80), (37,79), (37,78), (37,77), (37,76), (36,76), (35,76), (35,75), (35,74), (35,73), (35,72), (34,72), (34,71), (33,71), (33,70), (32,70), (31,70), (31,69), (31,68), (31,67), (31,66), (31,65), (31,64), (30,64), (30,63), (30,62), (30,61), (30,60), (30,59), (30,58), (30,57), (30,56), (30,55), (30,54), (30,53), (30,52), (30,51), (30,50), (30,49), (30,48), (30,47), (30,46), (30,45), (30,44), (31,44), (31,43), (31,42), (31,41), (31,40), (31,39), (31,38), (32,38), (32,37), (33,37), (33,36), (33,35)",
        "time": 23.500431536635734
    },
    "Uber_Train_Uber": {
        "cost": 42.52100222329573,
        "env_tax": 0.09000000000000001,
        "route": "(86,86), (87,86), (87,87), (88,87), (88,88), (89,88), (90,88), (90,89), (90,90)|(90,90), (89,90), (88,90), (87,90), (86,90), (85,90), (84,90), (83,90), (82,90), (81,90), (80,90), (79,90), (78,90), (77,90), (76,90), (75,90), (74,90), (73,90), (72,90), (71,90), (70,90), (69,90), (68,90), (67,90), (66,90), (65,90), (64,90), (63,90), (62,90), (61,90), (60,90), (59,90), (58,90), (57,90), (56,90), (55,90), (54,90), (53,90), (52,90), (51,90), (50,90), (49,90), (48,90), (47,90), (46,90), (45,90), (44,90), (43,90), (42,90), (41,90), (40,90), (39,90), (38,90), (37,90), (36,90), (35,90), (34,90), (33,90), (32,90), (31,90), (30,90), (30,90), (30,89), (30,88), (30,87), (30,86), (30,85), (30,84), (30,83), (30,82), (30,81), (30,80), (30,79), (30,78), (30,77), (30,76), (30,75), (30,74), (30,73), (30,72), (30,71), (30,70), (30,69), (30,68), (30,67), (30,66), (30,65), (30,64), (30,63), (30,62), (30,61), (30,60), (30,59), (30,58), (30,57), (30,56), (30,55), (30,54), (30,53), (30,52), (30,51), (30,50), (30,49), (30,48), (30,47), (30,46), (30,45), (30,44), (30,43), (30,42), (30,41), (30,40), (30,39), (30,38), (30,37), (30,36), (30,35), (30,34), (30,33), (30,32), (30,31), (30,30)|(30,30), (30,31), (30,32), (30,33), (30,34), (31,34), (32,34), (33,34), (33,35)",
        "time": 19.229532682026807
    },
    "Uber_Train_Walk": {
        "cost": 25.41484048262002,
        "env_tax": 0.045000000000000005,
        "route": "(86,86), (87,86), (87,87), (88,87), (88,88), (89,88), (90,88), (90,89), (90,90)|(90,90), (89,90), (88,90), (87,90), (86,90), (85,90), (84,90), (83,90), (82,90), (81,90), (80,90), (79,90), (78,90), (77,90), (76,90), (75,90), (74,90), (73,90), (72,90), (71,90), (70,90), (69,90), (68,90), (67,90), (66,90), (65,90), (64,90), (63,90), (62,90), (61,90), (60,90), (59,90), (58,90), (57,90), (56,90), (55,90), (54,90), (53,90), (52,90), (51,90), (50,90), (49,90), (48,90), (47,90), (46,90), (45,90), (44,90), (43,90), (42,90), (41,90), (40,90), (39,90), (38,90), (37,90), (36,90), (35,90), (34,90), (33,90), (32,90), (31,90), (30,90), (30,90), (30,89), (30,88), (30,87), (30,86), (30,85), (30,84), (30,83), (30,82), (30,81), (30,80), (30,79), (30,78), (30,77), (30,76), (30,75), (30,74), (30,73), (30,72), (30,71), (30,70), (30,69), (30,68), (30,67), (30,66), (30,65), (30,64), (30,63), (30,62), (30,61), (30,60), (30,59), (30,58), (30,57), (30,56), (30,55), (30,54), (30,53), (30,52), (30,51), (30,50), (30,49), (30,48), (30,47), (30,46), (30,45), (30,44), (30,43), (30,42), (30,41), (30,40), (30,39), (30,38), (30,37), (30,36), (30,35), (30,34), (30,33), (30,32), (30,31), (30,30)|(30,30), (31,30), (32,30), (33,30), (33,30), (33,31), (33,32), (33,33), (33,34), (33,35)",
        "time": 613.099168290272
    },
    "Walk": {
        "cost": 0,
        "env_tax": 0,
        "route": "(86,86), (85,86), (84,86), (83,86), (82,86), (81,86), (80,86), (79,86), (78,86), (77,86), (76,86), (75,86), (74,86), (73,86), (72,86), (71,86), (70,86), (69,86), (68,86), (67,86), (66,86), (65,86), (64,86), (63,86), (62,86), (61,86), (60,86), (59,86), (58,86), (57,86), (56,86), (55,86), (54,86), (53,86), (52,86), (51,86), (50,86), (49,86), (48,86), (47,86), (46,86), (45,86), (44,86), (43,86), (42,86), (41,86), (40,86), (39,86), (38,86), (37,86), (36,86), (35,86), (34,86), (33,86), (33,86), (33,85), (33,84), (33,83), (33,82), (33,81), (33,80), (33,79), (33,78), (33,77), (33,76), (33,75), (33,74), (33,73), (33,72), (33,71), (33,70), (33,69), (33,68), (33,67), (33,66), (33,65), (33,64), (33,63), (33,62), (33,61), (33,60), (33,59), (33,58), (33,57), (33,56), (33,55), (33,54), (33,53), (33,52), (33,51), (33,50), (33,49), (33,48), (33,47), (33,46), (33,45), (33,44), (33,43), (33,42), (33,41), (33,40), (33,39), (33,38), (33,37), (33,36), (33,35)",
        "time": 7754.712479121928
    },
    "Walk_Train_Uber": {
        "cost": 29.28932272201851,
        "env_tax": 0.045000000000000005,
        "route": "(86,86), (87,86), (88,86), (89,86), (90,86), (90,86), (90,87), (90,88), (90,89), (90,90)|(90,90), (89,90), (88,90), (87,90), (86,90), (85,90), (84,90), (83,90), (82,90), (81,90), (80,90), (79,90), (78,90), (77,90), (76,90), (75,90), (74,90), (73,90), (72,90), (71,90), (70,90), (69,90), (68,90), (67,90), (66,90), (65,90), (64,90), (63,90), (62,90), (61,90), (60,90), (59,90), (58,90), (57,90), (56,90), (55,90), (54,90), (53,90), (52,90), (51,90), (50,90), (49,90), (48,90), (47,90), (46,90), (45,90), (44,90), (43,90), (42,90), (41,90), (40,90), (39,90), (38,90), (37,90), (36,90), (35,90), (34,90), (33,90), (32,90), (31,90), (30,90), (30,90), (30,89), (30,88), (30,87), (30,86), (30,85), (30,84), (30,83), (30,82), (30,81), (30,80), (30,79), (30,78), (30,77), (30,76), (30,75), (30,74), (30,73), (30,72), (30,71), (30,70), (30,69), (30,68), (30,67), (30,66), (30,65), (30,64), (30,63), (30,62), (30,61), (30,60), (30,59), (30,58), (30,57), (30,56), (30,55), (30,54), (30,53), (30,52), (30,51), (30,50), (30,49), (30,48), (30,47), (30,46), (30,45), (30,44), (30,43), (30,42), (30,41), (30,40), (30,39), (30,38), (30,37), (30,36), (30,35), (30,34), (30,33), (30,32), (30,31), (30,30)|(30,30), (30,31), (30,32), (30,33), (30,34), (31,34), (32,34), (33,34), (33,35)",
        "time": 613.865010028236
    },
    "Walk_Train_Walk": {
        "cost": 12.200000000000001,
        "env_tax": 0,