{
    "Uber": {
        "cost": 53.630108346585345,
        "env_tax": 0.7050000000000001,
        "route": "(12,35), (11,35), (10,35), (9,35), (8,35), (7,35), (6,35), (5,35), (5,36), (5,37), (4,37), (4,38), (4,39), (3,39), (2,39), (2,40), (2,41), (2,42), (2,43), (2,44), (2,45), (2,46), (2,47), (2,48), (2,49), (2,50), (2,51), (2,52), (2,53), (2,54), (2,55), (2,56), (2,57), (2,58), (2,59), (2,60), (2,61), (2,62), (3,62), (4,62), (4,63), (4,64), (4,65), (4,66), (5,66), (6,66), (7,66), (7,67), (7,68), (7,69), (8,69), (9,69), (9,70), (10,70), (10,71), (11,71), (12,71), (13,71), (13,72), (14,72), (15,72), (15,73), (15,74), (16,74), (16,75), (16,76), (17,76), (18,76), (19,76), (19,77), (19,78), (20,78), (20,79), (21,79), (21,80), (22,80), (23,80), (23,81), (24,81), (24,82), (25,82), (25,83), (26,83), (27,83), (28,83), (28,84), (28,85), (29,85), (30,85), (30,86), (30,87), (31,87), (32,87), (33,87), (33,88), (34,88), (35,88), (36,88), (37,88), (38,88), (38,89), (39,89), (40,89), (41,89), (42,89), (43,89), (44,89), (45,89), (46,89), (47,89), (48,89), (49,89), (50,89), (51,89), (52,89), (53,89), (54,89), (55,89), (56,89), (57,89), (58,89), (59,89), (60,89), (61,89), (62,89), (63,89), (63,88), (64,88), (65,88), (66,88), (66,87), (66,86), (67,86), (67,85), (67,84), (67,83), (67,82), (67,81), (67,80), (68,80), (68,79)",
        "time": 18.40522126118674
    },
    "Uber_Train_Uber": {
        "cost": 38.322405673942995,
        "env_tax": 0.06000000000000001,
        "route": "(12,35), (11,35), (10,35), (10,34), (10,33), (10,32), (10,31), (10,30)|(10,30), (11,30), (12,30), (13,30), (14,30), (15,30), (16,30), (17,30), (18,30), (19,30), (20,30), (21,30), (22,30), (23,30), (24,30), (25,30), (26,30), (27,30), (28,30), (29,30), (30,30), (31,30), (32,30), (33,30), (34,30), (35,30), (36,30), (37,30), (38,30), (39,30), (40,30), (41,30), (42,30), (43,30), (44,30), (45,30), (46,30), (47,30), (48,30), (49,30), (50,30), (51,30), (52,30), (53,30), (54,30), (55,30), (56,30), (57,30), (58,30), (59,30), (60,30), (61,30), (62,30), (63,30), (64,30), (65,30), (66,30), (67,30), (68,30), (69,30), (70,30), (70,30), (70,31), (70,32), (70,33), (70,34), (70,35), (70,36), (70,37), (70,38), (70,39), (70,40), (70,41), (70,42), (70,43), (70,44), (70,45), (70,46), (70,47), (70,48), (70,49), (70,50), (70,51), (70,52), (70,53), (70,54), (70,55), (70,56), (70,57), (70,58), (70,59), (70,60), (70,61), (70,62), (70,63), (70,64), (70,65), (70,66), (70,67), (70,68), (70,69), (70,70), (70,71), (70,72), (70,73), (70,74), (70,75), (70,76), (70,77), (70,78), (70,79), (70,80)|(70,80), (70,79), (69,79), (68,79)",
        "time": 22.61787808838887
    },
    "Uber_Train_Walk": {
        "cost": 25.144892857335343,
        "env_tax": 0.04000000000000001,
        "route": "(12,35), (11,35), (10,35), (10,34), (10,33), (10,32), (10,31), (10,30)|(10,30), (11,30), (12,30), (13,30), (14,30), (15,30), (16,30), (17,30), (18,30), (19,30), (20,30), (21,30), (22,30), (23,30), (24,30), (25,30), (26,30), (27,30), (28,30), (29,30), (30,30), (31,30), (32,30), (33,30), (34,30), (35,30), (36,30), (37,30), (38,30), (39,30), (40,30), (41,30), (42,30), (43,30), (44,30), (45,30), (46,30), (47,30), (48,30), (49,30), (50,30), (51,30), (52,30), (53,30), (54,30), (55,30), (56,30), (57,30), (58,30), (59,30), (60,30), (61,30), (62,30), (63,30), (64,30), (65,30), (66,30), (67,30), (68,30), (69,30), (70,30), (70,30), (70,31), (70,32), (70,33), (70,34), (70,35), (70,36), (70,37), (70,38), (70,39), (70,40), (70,41), (70,42), (70,43), (70,44), (70,45), (70,46), (70,47), (70,48), (70,49), (70,50), (70,51), (70,52), (70,53), (70,54), (70,55), (70,56), (70,57), (70,58), (70,59), (70,60), (70,61), (70,62), (70,63), (70,64), (70,65), (70,66), (70,67), (70,68), (70,69), (70,70), (70,71), (70,72), (70,73), (70,74), (70,75), (70,76), (70,77), (70,78), (70,79), (70,80)|(70,80), (69,80), (68,80), (68,80), (68,79)",
        "time": 237.44669917239503
    },
    "Walk": {
        "cost": 0,
        "env_tax": 0,
        "route": "(12,35), (13,35), (14,35), (15,35), (16,35), (17,35), (18,35), (19,35), (20,35), (21,35), (22,35), (23,35), (24,35), (25,35), (26,35), (27,35), (28,35), (29,35), (30,35), (31,35), (32,35), (33,35), (34,35), (35,35), (36,35), (37,35), (38,35), (39,35), (40,35), (41,35), (42,35), (43,35), (44,35), (45,35), (46,35), (47,35), (48,35), (49,35), (50,35), (51,35), (52,35), (53,35), (54,35), (55,35), (56,35), (57,35), (58,35), (59,35), (60,35), (61,35), (62,35), (63,35), (64,35), (65,35), (66,35), (67,35), (68,35), (68,35), (68,36), (68,37), (68,38), (68,39), (68,40), (68,41), (68,42), (68,43), (68,44), (68,45), (68,46), (68,47), (68,48), (68,49), (68,50), (68,51), (68,52), (68,53), (68,54), (68,55), (68,56), (68,57), (68,58), (68,59), (68,60), (68,61), (68,62), (68,63), (68,64), (68,65), (68,66), (68,67), (68,68), (68,69), (68,70), (68,71), (68,72), (68,73), (68,74), (68,75), (68,76), (68,77), (68,78), (68,79)",
        "time": 7456.454306848007
    },
    "Walk_Train_Uber": {
        "cost": 24.451096422478802,
        "env_tax": 0.020000000000000004,
        "route": "(12,35), (11,35), (10,35), (10,35), (10,34), (10,33), (10,32), (10,31), (10,30)|(10,30), (11,30), (12,30), (13,30), (14,30), (15,30), (16,30), (17,30), (18,30), (19,30), (20,30), (21,30), (22,30), (23,30), (24,30), (25,30), (26,30), (27,30), (28,30), (29,30), (30,30), (31,30), (32,30), (33,30), (34,30), (35,30), (36,30), (37,30), (38,30), (39,30), (40,30), (41,30), (42,30), (43,30), (44,30), (45,30), (46,30), (47,30), (48,30), (49,30), (50,30), (51,30), (52,30), (53,30), (54,30), (55,30), (56,30), (57,30), (58,30), (59,30), (60,30), (61,30), (62,30), (63,30), (64,30), (65,30), (66,30), (67,30), (68,30), (69,30), (70,30), (70,30), (70,31), (70,32), (70,33), (70,34), (70,35), (70,36), (70,37), (70,38), (70,39), (70,40), (70,41), (70,42), (70,43), (70,44), (70,45), (70,46), (70,47), (70,48), (70,49), (70,50), (70,51), (70,52), (70,53), (70,54), (70,55), (70,56), (70,57), (70,58), (70,59), (70,60), (70,61), (70,62), (70,63), (70,64), (70,65), (70,66), (70,67), (70,68), (70,69), (70,70), (70,71), (70,72), (70,73), (70,74), (70,75), (70,76), (70,77), (70,78), (70,79), (70,80)|(70,80), (70,79), (69,79), (68,79)",
        "time": 535.9830248206108
    },
    "Walk_Train_Walk": {
        "cost": 11.200000000000001,
        "env_tax": 0,
        "route": "(12,35), (11,35), (10,35), (10,35), (10,34), (10,33), (10,32), (10,31), (10,30)|(10,30), (11,30), (12,30), (13,30), (14,30), (15,30), (16,30), (17,30), (18,30), (19,30), (20,30), (21,30), (22,30), (23,30), (24,30), (25,30), (26,30), (27,30), (28,30), (29,30), (30,30), (31,30), (32,30), (33,30), (34,30), (35,30), (36,30), (37,30), (38,30), (39,30), (40,30), (41,30), (42,30), (43,30), (44,30), (45,30), (46,30), (47,30), (48,30), (49,30), (50,30), (51,30), (52,30), (53,30), (54,30), (55,30), (56,30), (57,30), (58,30), (59,30), (60,30), (61,30), (62,30), (63,30), (64,30), (65,30), (66,30), (67,30), (68,30), (69,30), (70,30), (70,30), (70,31), (70,32), (70,33), (70,34), (70,35), (70,36), (70,37), (70,38), (70,39), (70,40), (70,41), (70,42), (70,43), (70,44), (70,45), (70,46), (70,47), (70,48), (70,49), (70,50), (70,51), (70,52), (70,53), (70,54), (70,55), (70,56), (70,57), (70,58), (70,59), (70,60), (70,61), (70,62), (70,63), (70,64), (70,65), (70,66), (70,67), (70,68), (70,69), (70,70), (70,71), (70,72), (70,73), (70,74), (70,75), (70,76), (70,77), (70,78), (70,79), (70,80)|(70,80), (69,80), (68,80), (68,80), (68,79)",
        "time": 751.0280483244129
    }
}