{
    "Uber": {
        "cost": 18.806772976852642,
        "env_tax": 0.2,
        "route": "(84,87), (84,88), (84,89), (84,90), (84,91), (84,92), (84,93), (84,94), (84,95), (84,96), (84,97), (83,97), (82,97), (81,97), (81,98), (80,98), (79,98), (78,98), (77,98), (76,98), (75,98), (74,98), (73,98), (72,98), (71,98), (70,98), (69,98), (68,98), (67,98), (66,98), (65,98), (64,98), (63,98), (62,98), (61,98), (60,98), (59,98), (58,98), (57,98), (56,98)",
        "time": 9.648154434845722
    },
    "Uber_Train_Uber": {
        "cost": 30.16935081724324,
        "env_tax": 0.10500000000000001,
        "route": "(84,87), (84,88), (83,88), (83,89), (83,90), (82,90), (81,90), (80,90)|(80,90), (79,90), (78,90), (77,90), (76,90), (75,90), (74,90), (73,90), (72,90), (71,90), (70,90), (69,90), (68,90), (67,90), (66,90), (65,90), (64,90), (63,90), (62,90), (61,90), (60,90), (60,90)|(60,90), (59,90), (58,90), (58,91), (58,92), (58,93), (58,94), (58,95), (58,96), (58,97), (58,98), (57,98), (56,98)",
        "time": 25.127651466285577
    },
    "Uber_Train_Walk": {
        "cost": 15.3590362182089,
        "env_tax": 0.04000000000000001,
        "route": "(84,87), (84,88), (83,88), (83,89), (83,90), (82,90), (81,90), (80,90)|(80,90), (79,90), (78,90), (77,90), (76,90), (75,90), (74,90), (73,90), (72,90), (71,90), (70,90), (69,90), (68,90), (67,90), (66,90), (65,90), (64,90), (63,90), (62,90), (61,90), (60,90), (60,90)|(60,90), (59,90), (58,90), (57,90), (56,90), (56,90), (56,91), (56,92), (56,93), (56,94), (56,95), (56,96), (56,97), (56,98)",
        "time": 910.4748671799049
    },
    "Walk": {
        "cost": 0,
        "env_tax": 0,
        "route": "(84,87), (83,87), (82,87), (81,87), (80,87), (79,87), (78,87), (77,87), (76,87), (75,87), (74,87), (73,87), (72,87), (71,87), (70,87), (69,87), (68,87), (67,87), (66,87), (65,87), (64,87), (63,87), (62,87), (61,87), (60,87), (59,87), (58,87), (57,87), (56,87), (56,87), (56,88), (56,89), (56,90), (56,91), (56,92), (56,93), (56,94), (56,95), (56,96), (56,97), (56,98)",
        "time": 2908.0171796707227
    },
    "Walk_Train_Uber": {
        "cost": 17.72347356498339,
        "env_tax": 0.065,
        "route": "(84,87), (83,87), (82,87), (81,87), (80,87), (80,87), (80,88), (80,89), (80,90)|(80,90), (79,90), (78,90), (77,90), (76,90), (75,90), (74,90), (73,90), (72,90), (71,90), (70,90), (69,90), (68,90), (67,90), (66,90), (65,90), (64,90), (63,90), (62,90), (61,90), (60,90), (60,90)|(60,90), (59,90), (58,90), (58,91), (58,92), (58,93), (58,94), (58,95), (58,96), (58,97), (58,98), (57,98), (56,98)",
        "time": 537.3077377485839
    },
    "Walk_Train_Walk": {
        "cost": 2.2,
        "env_tax": 0,
        "route": "(84,87), (83,87), (82,87), (81,87), (80,87), (80,87), (80,88), (80,89), (80,90)|(80,90), (79,90), (78,90), (77,90), (76,90), (75,90), (74,90), (73,90), (72,90), (71,90), (70,90), (69,90), (68,90), (67,90), (66,90), (65,90), (64,90), (63,90), (62,90), (61,90), (60,90), (60,90)|(60,90), (59,90), (58,90), (57,90), (56,90), (56,90), (56,91), (56,92), (56,93), (56,94), (56,95), (56,96), (56,97), (56,98)",
        "time": 1423.460450584333
    }
}