{
    "Uber": {
        "cost": 49.76568831047274,
        "env_tax": 0.5850000000000001,
        "route": "(70,58), (71,58), (71,59), (71,60), (71,61), (71,62), (71,63), (71,64), (71,65), (71,66), (71,67), (71,68), (71,69), (71,70), (71,71), (71,72), (71,73), (71,74), (71,75), (71,76), (71,77), (71,78), (71,79), (71,80), (71,81), (71,82), (71,83), (71,84), (71,85), (71,86), (70,86), (70,87), (70,88), (70,89), (69,89), (69,90), (68,90), (67,90), (66,90), (65,90), (64,90), (63,90), (62,90), (61,90), (60,90), (59,90), (58,90), (58,91), (58,92), (57,92), (56,92), (55,92), (54,92), (53,92), (52,92), (52,93), (51,93), (50,93), (49,93), (48,93), (47,93), (46,93), (45,93), (44,93), (43,93), (42,93), (41,93), (40,93), (39,93), (38,93), (37,93), (36,93), (35,93), (34,93), (33,93), (32,93), (31,93), (30,93), (29,93), (28,93), (27,93), (26,93), (25,93), (24,93), (23,93), (22,93), (21,93), (20,93), (19,93), (18,93), (17,93), (16,93), (15,93), (14,93), (13,93), (12,93), (11,93), (10,93), (9,93), (8,93), (7,93), (6,93), (5,93), (4,93), (3,93), (2,93), (2,92), (1,92), (1,91), (1,90), (1,89), (0,89), (0,88), (0,87), (0,86), (0,85), (0,84)",
        "time": 18.899032705104915
    },
    "Uber_Train_Uber": {
        "cost": 35.22414246709632,
        "env_tax": 0.09000000000000001,
        "route": "(70,58), (70,59), (70,60)|(70,60), (69,60), (68,60), (67,60), (66,60), (65,60), (64,60), (63,60), (62,60), (61,60), (60,60), (59,60), (58,60), (57,60), (56,60), (55,60), (54,60), (53,60), (52,60), (51,60), (50,60), (49,60), (48,60), (47,60), (46,60), (45,60), (44,60), (43,60), (42,60), (41,60), (40,60), (39,60), (38,60), (37,60), (36,60), (35,60), (34,60), (33,60), (32,60), (31,60), (30,60), (29,60), (28,60), (27,60), (26,60), (25,60), (24,60), (23,60), (22,60), (21,60), (20,60), (19,60), (18,60), (17,60), (16,60), (15,60), (14,60), (13,60), (12,60), (11,60), (10,60), (10,60), (10,61), (10,62), (10,63), (10,64), (10,65), (10,66), (10,67), (10,68), (10,69), (10,70), (10,71), (10,72), (10,73), (10,74), (10,75), (10,76), (10,77), (10,78), (10,79), (10,80)|(10,80), (10,81), (9,81), (8,81), (7,81), (7,82), (6,82), (5,82), (4,82), (4,83), (3,83), (3,84), (2,84), (1,84), (0,84)",
        "time": 27.876949710514133
    },
    "Uber_Train_Walk": {
        "cost": 21.731768659025583,
        "env_tax": 0.015000000000000003,
        "route": "(70,58), (70,59), (70,60)|(70,60), (69,60), (68,60), (67,60), (66,60), (65,60), (64,60), (63,60), (62,60), (61,60), (60,60), (59,60), (58,60), (57,60), (56,60), (55,60), (54,60), (53,60), (52,60), (51,60), (50,60), (49,60), (48,60), (47,60), (46,60), (45,60), (44,60), (43,60), (42,60), (41,60), (40,60), (39,60), (38,60), (37,60), (36,60), (35,60), (34,60), (33,60), (32,60), (31,60), (30,60), (29,60), (28,60), (27,60), (26,60), (25,60), (24,60), (23,60), (22,60), (21,60), (20,60), (19,60), (18,60), (17,60), (16,60), (15,60), (14,60), (13,60), (12,60), (11,60), (10,60), (10,60), (10,61), (10,62), (10,63), (10,64), (10,65), (10,66), (10,67), (10,68), (10,69), (10,70), (10,71), (10,72), (10,73), (10,74), (10,75), (10,76), (10,77), (10,78), (10,79), (10,80)|(10,80), (9,80), (8,80), (7,80), (6,80), (5,80), (4,80), (3,80), (2,80), (1,80), (0,80), (0,80), (0,81), (0,82), (0,83), (0,84)",
        "time": 1056.429253649537
    },
    "Walk": {
        "cost": 0,
        "env_tax": 0,
        "route": "(70,58), (69,58), (68,58), (67,58), (66,58), (65,58), (64,58), (63,58), (62,58), (61,58), (60,58), (59,58), (58,58), (57,58), (56,58), (55,58), (54,58), (53,58), (52,58), (51,58), (50,58), (49,58), (48,58), (47,58), (46,58), (45,58), (44,58), (43,58), (42,58), (41,58), (40,58), (39,58), (38,58), (37,58), (36,58), (35,58), (34,58), (33,58), (32,58), (31,58), (30,58), (29,58), (28,58), (27,58), (26,58), (25,58), (24,58), (23,58), (22,58), (21,58), (20,58), (19,58), (18,58), (17,58), (16,58), (15,58), (14,58), (13,58), (12,58), (11,58), (10,58), (9,58), (8,58), (7,58), (6,58), (5,58), (4,58), (3,58), (2,58), (1,58), (0,58), (0,58), (0,59), (0,60), (0,61), (0,62), (0,63), (0,64), (0,65), (0,66), (0,67), (0,68), (0,69), (0,70), (0,71), (0,72), (0,73), (0,74), (0,75), (0,76), (0,77), (0,78), (0,79), (0,80), (0,81), (0,82), (0,83), (0,84)",
        "time": 7158.1961345740865
    },
    "Walk_Train_Uber": {
        "cost": 22.20261234753521,
        "env_tax": 0.07500000000000001,
        "route": "(70,58), (70,58), (70,59), (70,60)|(70,60), (69,60), (68,60), (67,60), (66,60), (65,60), (64,60), (63,60), (62,60), (61,60), (60,60), (59,60), (58,60), (57,60), (56,60), (55,60), (54,60), (53,60), (52,60), (51,60), (50,60), (49,60), (48,60), (47,60), (46,60), (45,60), (44,60), (43,60), (42,60), (41,60), (40,60), (39,60), (38,60), (37,60), (36,60), (35,60), (34,60), (33,60), (32,60), (31,60), (30,60), (29,60), (28,60), (27,60), (26,60), (25,60), (24,60), (23,60), (22,60), (21,60), (20,60), (19,60), (18,60), (17,60), (16,60), (15,60), (14,60), (13,60), (12,60), (11,60), (10,60), (10,60), (10,61), (10,62), (10,63), (10,64), (10,65), (10,66), (10,67), (10,68), (10,69), (10,70), (10,71), (10,72), (10,73), (10,74), (10,75), (10,76), (10,77), (10,78), (10,79), (10,80)|(10,80), (10,81), (9,81), (8,81), (7,81), (7,82), (6,82), (5,82), (4,82), (4,83), (3,83), (3,84), (2,84), (1,84), (0,84)",
        "time": 161.30692252078455
    },
    "Walk_Train_Walk": {
        "cost": 8.200000000000001,
        "env_tax": 0,
        "route": "(70,58), (70,58), (70,59), (70,60)|(70,60), (69,60), (68,60), (67,60), (66,60), (65,60), (64,60), (63,60), (62,60), (61,60), (60,60), (59,60), (58,60), (57,60), (56,60), (55,60), (54,60), (53,60), (52,60), (51,60), (50,60), (49,60), (48,60), (47,60), (46,60), (45,60), (44,60), (43,60), (42,60), (41,60), (40,60), (39,60), (38,60), (37,60), (36,60), (35,60), (34,60), (33,60), (32,60), (31,60), (30,60), (29,60), (28,60), (27,60), (26,60), (25,60), (24,60), (23,60), (22,60), (21,60), (20,60), (19,60), (18,60), (17,60), (16,60), (15,60), (14,60), (13,60), (12,60), (11,60), (10,60), (10,60), (10,61), (10,62), (10,63), (10,64), (10,65), (10,66), (10,67), (10,68), (10,69), (10,70), (10,71), (10,72), (10,73), (10,74), (10,75), (10,76), (10,77), (10,78), (10,79), (10,80)|(10,80), (9,80), (8,80), (7,80), (6,80), (5,80), (4,80), (3,80), (2,80), (1,80), (0,80), (0,80), (0,81), (0,82), (0,83), (0,84)",
        "time": 1197.2262440550219
    }
}