{
    "Uber": {
        "cost": 76.57372923626,
        "env_tax": 0.6350000000000001,
        "route": "(96,61), (95,61), (95,62), (95,63), (95,64), (95,65), (95,66), (95,67), (95,68), (95,69), (94,69), (93,69), (93,70), (93,71), (92,71), (91,71), (90,71), (89,71), (88,71), (87,71), (86,71), (85,71), (84,71), (83,71), (82,71), (81,71), (80,71), (79,71), (78,71), (77,71), (76,71), (75,71), (74,71), (73,71), (72,71), (71,71), (70,71), (69,71), (68,71), (67,71), (66,71), (65,71), (64,71), (63,71), (62,71), (61,71), (60,71), (59,71), (58,71), (57,71), (56,71), (55,71), (54,71), (53,71), (52,71), (51,71), (50,71), (49,71), (48,71), (47,71), (46,71), (45,71), (44,71), (43,71), (42,71), (41,71), (40,71), (39,71), (38,71), (37,71), (36,71), (35,71), (34,71), (33,71), (33,70), (32,70), (31,70), (30,70), (29,70), (28,70), (27,70), (26,70), (25,70), (25,69), (24,69), (24,68), (23,68), (22,68), (21,68), (20,68), (19,68), (18,68), (17,68), (16,68), (16,67), (15,67), (15,66), (14,66), (13,66), (13,65), (13,64), (12,64), (12,63), (11,63), (10,63), (10,62), (10,61), (10,60), (10,59), (10,58), (10,57), (10,56), (10,55), (10,54), (10,53), (10,52), (10,51), (10,50), (10,49), (10,48), (11,48), (11,47), (11,46), (11,45), (11,44), (11,43), (11,42)",
        "time": 23.575322615838584
    },
    "Uber_Train_Uber": {
        "cost": 36.73548375324764,
        "env_tax": 0.06000000000000001,
        "route": "(96,61), (95,61), (94,61), (93,61), (92,61), (92,60), (91,60), (90,60)|(90,60), (89,60), (88,60), (87,60), (86,60), (85,60), (84,60), (83,60), (82,60), (81,60), (80,60), (79,60), (78,60), (77,60), (76,60), (75,60), (74,60), (73,60), (72,60), (71,60), (70,60), (69,60), (68,60), (67,60), (66,60), (65,60), (64,60), (63,60), (62,60), (61,60), (60,60), (59,60), (58,60), (57,60), (56,60), (55,60), (54,60), (53,60), (52,60), (51,60), (50,60), (49,60), (48,60), (47,60), (46,60), (45,60), (44,60), (43,60), (42,60), (41,60), (40,60), (39,60), (38,60), (37,60), (36,60), (35,60), (34,60), (33,60), (32,60), (31,60), (30,60), (29,60), (28,60), (27,60), (26,60), (25,60), (24,60), (23,60), (22,60), (21,60), (20,60), (19,60), (18,60), (17,60), (16,60), (15,60), (14,60), (13,60), (12,60), (11,60), (10,60), (10,60), (10,59), (10,58), (10,57), (10,56), (10,55), (10,54), (10,53), (10,52), (10,51), (10,50), (10,49), (10,48), (10,47), (10,46), (10,45), (10,44), (10,43), (10,42), (10,41), (10,40)|(10,40), (10,41), (11,41), (11,42)",
        "time": 21.065419471016714
    },
    "Uber_Train_Walk": {
        "cost": 24.163336416157215,
        "env_tax": 0.04000000000000001,
        "route": "(96,61), (95,61), (94,61), (93,61), (92,61), (92,60), (91,60), (90,60)|(90,60), (89,60), (88,60), (87,60), (86,60), (85,60), (84,60), (83,60), (82,60), (81,60), (80,60), (79,60), (78,60), (77,60), (76,60), (75,60), (74,60), (73,60), (72,60), (71,60), (70,60), (69,60), (68,60), (67,60), (66,60), (65,60), (64,60), (63,60), (62,60), (61,60), (60,60), (59,60), (58,60), (57,60), (56,60), (55,60), (54,60), (53,60), (52,60), (51,60), (50,60), (49,60), (48,60), (47,60), (46,60), (45,60), (44,60), (43,60), (42,60), (41,60), (40,60), (39,60), (38,60), (37,60), (36,60), (35,60), (34,60), (33,60), (32,60), (31,60), (30,60), (29,60), (28,60), (27,60), (26,60), (25,60), (24,60), (23,60), (22,60), (21,60), (20,60), (19,60), (18,60), (17,60), (16,60), (15,60), (14,60), (13,60), (12,60), (11,60), (10,60), (10,60), (10,59), (10,58), (10,57), (10,56), (10,55), (10,54), (10,53), (10,52), (10,51), (10,50), (10,49), (10,48), (10,47), (10,46), (10,45), (10,44), (10,43), (10,42), (10,41), (10,40)|(10,40), (11,40), (11,40), (11,41), (11,42)",
        "time": 241.5411820362571
    },
    "Walk": {
        "cost": 0,
        "env_tax": 0,
        "route": "(96,61), (95,61), (94,61), (93,61), (92,61), (91,61), (90,61), (89,61), (88,61), (87,61), (86,61), (85,61), (84,61), (83,61), (82,61), (81,61), (80,61), (79,61), (78,61), (77,61), (76,61), (75,61), (74,61), (73,61), (72,61), (71,61), (70,61), (69,61), (68,61), (67,61), (66,61), (65,61), (64,61), (63,61), (62,61), (61,61), (60,61), (59,61), (58,61), (57,61), (56,61), (55,61), (54,61), (53,61), (52,61), (51,61), (50,61), (49,61), (48,61), (47,61), (46,61), (45,61), (44,61), (43,61), (42,61), (41,61), (40,61), (39,61), (38,61), (37,61), (36,61), (35,61), (34,61), (33,61), (32,61), (31,61), (30,61), (29,61), (28,61), (27,61), (26,61), (25,61), (24,61), (23,61), (22,61), (21,61), (20,61), (19,61), (18,61), (17,61), (16,61), (15,61), (14,61), (13,61), (12,61), (11,61), (11,61), (11,60), (11,59), (11,58), (11,57), (11,56), (11,55), (11,54), (11,53), (11,52), (11,51), (11,50), (11,49), (11,48), (11,47), (11,46), (11,45), (11,44), (11,43), (11,42)",
        "time": 7754.712479121928
    },
    "Walk_Train_Uber": {
        "cost": 23.095654463478322,
        "env_tax": 0.020000000000000004,
        "route": "(96,61), (95,61), (94,61), (93,61), (92,61), (91,61), (90,61), (90,61), (90,60)|(90,60), (89,60), (88,60), (87,60), (86,60), (85,60), (84,60), (83,60), (82,60), (81,60), (80,60), (79,60), (78,60), (77,60), (76,60), (75,60), (74,60), (73,60), (72,60), (71,60), (70,60), (69,60), (68,60), (67,60), (66,60), (65,60), (64,60), (63,60), (62,60), (61,60), (60,60), (59,60), (58,60), (57,60), (56,60), (55,60), (54,60), (53,60), (52,60), (51,60), (50,60), (49,60), (48,60), (47,60), (46,60), (45,60), (44,60), (43,60), (42,60), (41,60), (40,60), (39,60), (38,60), (37,60), (36,60), (35,60), (34,60), (33,60), (32,60), (31,60), (30,60), (29,60), (28,60), (27,60), (26,60), (25,60), (24,60), (23,60), (22,60), (21,60), (20,60), (19,60), (18,60), (17,60), (16,60), (15,60), (14,60), (13,60), (12,60), (11,60), (10,60), (10,60), (10,59), (10,58), (10,57), (10,56), (10,55), (10,54), (10,53), (10,52), (10,51), (10,50), (10,49), (10,48), (10,47), (10,46), (10,45), (10,44), (10,43), (10,42), (10,41), (10,40)|(10,40), (10,41), (11,41), (11,42)",
        "time": 540.2914741786979
    },
    "Walk_Train_Walk": {
        "cost": 10.200000000000001,
        "env_tax": 0,
        "route": "(96,61), (95,61), (94,61), (93,61), (92,61), (91,61), (90,61), (90,61), (90,60)|(90,60), (89,60), (88,60), (87,60), (86,60), (85,60), (84,60), (83,60), (82,60), (81,60), (80,60), (79,60), (78,60), (77,60), (76,60), (75,60), (74,60), (73,60), (72,60), (71,60), (70,60), (69,60), (68,60), (67,60), (66,60), (65,60), (64,60), (63,60), (62,60), (61,60), (60,60), (59,60), (58,60), (57,60), (56,60), (55,60), (54,60), (53,60), (52,60), (51,60), (50,60), (49,60), (48,60), (47,60), (46,60), (45,60), (44,60), (43,60), (42,60), (41,60), (40,60), (39,60), (38,60), (37,60), (36,60), (35,60), (34,60), (33,60), (32,60), (31,60), (30,60), (29,60), (28,60), (27,60), (26,60), (25,60), (24,60), (23,60), (22,60), (21,60), (20,60), (19,60), (18,60), (17,60), (16,60), (15,60), (14,60), (13,60), (12,60), (11,60), (10,60), (10,60), (10,59), (10,58), (10,57), (10,56), (10,55), (10,54), (10,53), (10,52), (10,51), (10,50), (10,49), (10,48), (10,47), (10,46), (10,45), (10,44), (10,43), (10,42), (10,41), (10,40)|(10,40), (11,40), (11,40), (11,41), (11,42)",
        "time": 754.7816252238763
    }
}