{
    "Uber": {
        "cost": 59.273353295639026,
        "env_tax": 0.7400000000000001,
        "route": "(84,26), (85,26), (86,26), (86,27), (87,27), (88,27), (89,27), (90,27), (91,27), (92,27), (93,27), (93,28), (93,29), (93,30), (93,31), (93,32), (93,33), (93,34), (93,35), (93,36), (93,37), (93,38), (93,39), (93,40), (93,41), (93,42), (93,43), (93,44), (93,45), (93,46), (93,47), (93,48), (93,49), (93,50), (93,51), (93,52), (93,53), (93,54), (93,55), (93,56), (93,57), (93,58), (93,59), (92,59), (92,60), (91,60), (91,61), (91,62), (90,62), (89,62), (88,62), (87,62), (87,63), (87,64), (86,64), (86,65), (85,65), (84,65), (83,65), (83,66), (83,67), (83,68), (82,68), (81,68), (81,69), (81,70), (80,70), (80,71), (80,72), (80,73), (79,73), (79,74), (78,74), (78,75), (77,75), (77,76), (76,76), (76,77), (76,78), (75,78), (74,78), (73,78), (73,79), (73,80), (72,80), (71,80), (71,81), (71,82), (71,83), (70,83), (69,83), (69,84), (68,84), (68,85), (67,85), (67,86), (66,86), (66,87), (66,88), (65,88), (64,88), (63,88), (63,89), (62,89), (61,89), (60,89), (59,89), (59,90), (58,90), (58,91), (58,92), (57,92), (56,92), (55,92), (54,92), (53,92), (52,92), (51,92), (50,92), (49,92), (48,92), (47,92), (46,92), (45,92), (44,92), (43,92), (42,92), (41,92), (40,92), (39,92), (38,92), (37,92), (36,92), (35,92), (34,92), (33,92), (33,91), (32,91), (32,90), (31,90), (31,89), (31,88), (31,87), (31,86), (31,85), (31,84), (31,83), (31,82)",
        "time": 20.490172105888572
    },
    "Uber_Train_Uber": {
        "cost": 37.81745904552751,
        "env_tax": 0.065,
        "route": "(84,26), (83,26), (83,27), (83,28), (82,28), (82,29), (82,30), (81,30), (80,30)|(80,30), (79,30), (78,30), (77,30), (76,30), (75,30), (74,30), (73,30), (72,30), (71,30), (70,30), (69,30), (68,30), (67,30), (66,30), (65,30), (64,30), (63,30), (62,30), (61,30), (60,30), (59,30), (58,30), (57,30), (56,30), (55,30), (54,30), (53,30), (52,30), (51,30), (50,30), (49,30), (48,30), (47,30), (46,30), (45,30), (44,30), (43,30), (42,30), (41,30), (40,30), (39,30), (38,30), (37,30), (36,30), (35,30), (34,30), (33,30), (32,30), (31,30), (30,30), (30,30), (30,31), (30,32), (30,33), (30,34), (30,35), (30,36), (30,37), (30,38), (30,39), (30,40), (30,41), (30,42), (30,43), (30,44), (30,45), (30,46), (30,47), (30,48), (30,49), (30,50), (30,51), (30,52), (30,53), (30,54), (30,55), (30,56), (30,57), (30,58), (30,59), (30,60), (30,61), (30,62), (30,63), (30,64), (30,65), (30,66), (30,67), (30,68), (30,69), (30,70), (30,71), (30,72), (30,73), (30,74), (30,75), (30,76), (30,77), (30,78), (30,79), (30,80)|(30,80), (30,81), (30,82), (31,82)",
        "time": 21.91146082574784
    },
    "Uber_Train_Walk": {
        "cost": 24.669621129593537,
        "env_tax": 0.045000000000000005,
        "route": "(84,26), (83,26), (83,27), (83,28), (82,28), (82,29), (82,30), (81,30), (80,30)|(80,30), (79,30), (78,30), (77,30), (76,30), (75,30), (74,30), (73,30), (72,30), (71,30), (70,30), (69,30), (68,30), (67,30), (66,30), (65,30), (64,30), (63,30), (62,30), (61,30), (60,30), (59,30), (58,30), (57,30), (56,30), (55,30), (54,30), (53,30), (52,30), (51,30), (50,30), (49,30), (48,30), (47,30), (46,30), (45,30), (44,30), (43,30), (42,30), (41,30), (40,30), (39,30), (38,30), (37,30), (36,30), (35,30), (34,30), (33,30), (32,30), (31,30), (30,30), (30,30), (30,31), (30,32), (30,33), (30,34), (30,35), (30,36), (30,37), (30,38), (30,39), (30,40), (30,41), (30,42), (30,43), (30,44), (30,45), (30,46), (30,47), (30,48), (30,49), (30,50), (30,51), (30,52), (30,53), (30,54), (30,55), (30,56), (30,57), (30,58), (30,59), (30,60), (30,61), (30,62), (30,63), (30,64), (30,65), (30,66), (30,67), (30,68), (30,69), (30,70), (30,71), (30,72), (30,73), (30,74), (30,75), (30,76), (30,77), (30,78), (30,79), (30,80)|(30,80), (31,80), (31,80), (31,81), (31,82)",
        "time": 242.02822823664332
    },
    "Walk": {
        "cost": 0,
        "env_tax": 0,
        "route": "(84,26), (83,26), (82,26), (81,26), (80,26), (79,26), (78,26), (77,26), (76,26), (75,26), (74,26), (73,26), (72,26), (71,26), (70,26), (69,26), (68,26), (67,26), (66,26), (65,26), (64,26), (63,26), (62,26), (61,26), (60,26), (59,26), (58,26), (57,26), (56,26), (55,26), (54,26), (53,26), (52,26), (51,26), (50,26), (49,26), (48,26), (47,26), (46,26), (45,26), (44,26), (43,26), (42,26), (41,26), (40,26), (39,26), (38,26), (37,26), (36,26), (35,26), (34,26), (33,26), (32,26), (31,26), (31,26), (31,27), (31,28), (31,29), (31,30), (31,31), (31,32), (31,33), (31,34), (31,35), (31,36), (31,37), (31,38), (31,39), (31,40), (31,41), (31,42), (31,43), (31,44), (31,45), (31,46), (31,47), (31,48), (31,49), (31,50), (31,51), (31,52), (31,53), (31,54), (31,55), (31,56), (31,57), (31,58), (31,59), (31,60), (31,61), (31,62), (31,63), (31,64), (31,65), (31,66), (31,67), (31,68), (31,69), (31,70), (31,71), (31,72), (31,73), (31,74), (31,75), (31,76), (31,77), (31,78), (31,79), (31,80), (31,81), (31,82)",
        "time": 8127.535194464328
    },
    "Walk_Train_Uber": {
        "cost": 23.44122210665039,
        "env_tax": 0.020000000000000004,
        "route": "(84,26), (83,26), (82,26), (81,26), (80,26), (80,26), (80,27), (80,28), (80,29), (80,30)|(80,30), (79,30), (78,30), (77,30), (76,30), (75,30), (74,30), (73,30), (72,30), (71,30), (70,30), (69,30), (68,30), (67,30), (66,30), (65,30), (64,30), (63,30), (62,30), (61,30), (60,30), (59,30), (58,30), (57,30), (56,30), (55,30), (54,30), (53,30), (52,30), (51,30), (50,30), (49,30), (48,30), (47,30), (46,30), (45,30), (44,30), (43,30), (42,30), (41,30), (40,30), (39,30), (38,30), (37,30), (36,30), (35,30), (34,30), (33,30), (32,30), (31,30), (30,30), (30,30), (30,31), (30,32), (30,33), (30,34), (30,35), (30,36), (30,37), (30,38), (30,39), (30,40), (30,41), (30,42), (30,43), (30,44), (30,45), (30,46), (30,47), (30,48), (30,49), (30,50), (30,51), (30,52), (30,53), (30,54), (30,55), (30,56), (30,57), (30,58), (30,59), (30,60), (30,61), (30,62), (30,63), (30,64), (30,65), (30,66), (30,67), (30,68), (30,69), (30,70), (30,71), (30,72), (30,73), (30,74), (30,75), (30,76), (30,77), (30,78), (30,79), (30,80)|(30,80), (30,81), (30,82), (31,82)",
        "time": 616.442824309323
    },
    "Walk_Train_Walk": {
        "cost": 10.200000000000001,
        "env_tax": 0,
        "route": "(84,26), (83,26), (82,26), (81,26), (80,26), (80,26), (80,27), (80,28), (80,29), (80,30)|(80,30), (79,30), (78,30), (77,30), (76,30), (75,30), (74,30), (73,30), (72,30), (71,30), (70,30), (69,30), (68,30), (67,30), (66,30), (65,30), (64,30), (63,30), (62,30), (61,30), (60,30), (59,30), (58,30), (57,30), (56,30), (55,30), (54,30), (53,30), (52,30), (51,30), (50,30), (49,30), (48,30), (47,30), (46,30), (45,30), (44,30), (43,30), (42,30), (41,30), (40,30), (39,30), (38,30), (37,30), (36,30), (35,30), (34,30), (33,30), (32,30), (31,30), (30,30), (30,30), (30,31), (30,32), (30,33), (30,34), (30,35), (30,36), (30,37), (30,38), (30,39), (30,40), (30,41), (30,42), (30,43), (30,44), (30,45), (30,46), (30,47), (30,48), (30,49), (30,50), (30,51), (30,52), (30,53), (30,54), (30,55), (30,56), (30,57), (30,58), (30,59), (30,60), (30,61), (30,62), (30,63), (30,64), (30,65), (30,66), (30,67), (30,68), (30,69), (30,70), (30,71), (30,72), (30,73), (30,74), (30,75), (30,76), (30,77), (30,78), (30,79), (30,80)|(30,80), (31,80), (31,80), (31,81), (31,82)",
        "time": 830.3043067912979
    }
}