{
    "Uber": {
        "cost": 63.542591347745166,
        "env_tax": 0.7600000000000001,
        "route": "(93,83), (93,84), (94,84), (94,85), (94,86), (94,87), (94,88), (94,89), (94,90), (94,91), (94,92), (93,92), (93,93), (92,93), (91,93), (90,93), (89,93), (88,93), (87,93), (86,93), (85,93), (84,93), (83,93), (82,93), (81,93), (80,93), (79,93), (78,93), (77,93), (76,93), (75,93), (74,93), (73,93), (72,93), (71,93), (70,93), (69,93), (68,93), (67,93), (67,92), (66,92), (65,92), (64,92), (63,92), (62,92), (61,92), (61,91), (61,90), (60,90), (59,90), (58,90), (57,90), (56,90), (55,90), (54,90), (53,90), (52,90), (52,89), (52,88), (51,88), (50,88), (50,87), (49,87), (48,87), (48,86), (48,85), (47,85), (46,85), (46,84), (45,84), (44,84), (44,83), (43,83), (42,83), (41,83), (41,82), (40,82), (39,82), (38,82), (38,81), (38,80), (37,80), (37,79), (36,79), (35,79), (34,79), (33,79), (32,79), (31,79), (30,79), (29,79), (29,78), (29,77), (28,77), (27,77), (26,77), (25,77), (25,76), (25,75), (25,74), (24,74), (23,74), (23,73), (22,73), (21,73), (20,73), (19,73), (18,73), (17,73), (17,72), (16,72), (15,72), (15,71), (15,70), (14,70), (13,70), (13,69), (13,68), (13,67), (13,66), (13,65), (13,64), (13,63), (13,62), (13,61), (13,60), (13,59), (13,58), (13,57), (13,56), (13,55), (13,54), (13,53), (13,52), (13,51), (13,50), (13,49), (13,48), (13,47), (14,47), (14,46), (15,46), (15,45), (15,44), (16,44), (17,44), (17,43), (17,42), (18,42), (18,41), (18,40), (19,40)",
        "time": 20.54542705012301
    },
    "Uber_Train_Uber": {
        "cost": 36.60710449279912,
        "env_tax": 0.045000000000000005,
        "route": "(93,83), (92,83), (91,83), (91,82), (91,81), (90,81), (90,80)|(90,80), (89,80), (88,80), (87,80), (86,80), (85,80), (84,80), (83,80), (82,80), (81,80), (80,80), (79,80), (78,80), (77,80), (76,80), (75,80), (74,80), (73,80), (72,80), (71,80), (70,80), (69,80), (68,80), (67,80), (66,80), (65,80), (64,80), (63,80), (62,80), (61,80), (60,80), (59,80), (58,80), (57,80), (56,80), (55,80), (54,80), (53,80), (52,80), (51,80), (50,80), (49,80), (48,80), (47,80), (46,80), (45,80), (44,80), (43,80), (42,80), (41,80), (40,80), (39,80), (38,80), (37,80), (36,80), (35,80), (34,80), (33,80), (32,80), (31,80), (30,80), (29,80), (28,80), (27,80), (26,80), (25,80), (24,80), (23,80), (22,80), (21,80), (20,80), (20,80), (20,79), (20,78), (20,77), (20,76), (20,75), (20,74), (20,73), (20,72), (20,71), (20,70), (20,69), (20,68), (20,67), (20,66), (20,65), (20,64), (20,63), (20,62), (20,61), (20,60), (20,59), (20,58), (20,57), (20,56), (20,55), (20,54), (20,53), (20,52), (20,51), (20,50), (20,49), (20,48), (20,47), (20,46), (20,45), (20,44), (20,43), (20,42), (20,41), (20,40)|(20,40), (19,40)",
        "time": 21.970002765928403
    },
    "Uber_Train_Walk": {
        "cost": 24.066718561968806,
        "env_tax": 0.035,
        "route": "(93,83), (92,83), (91,83), (91,82), (91,81), (90,81), (90,80)|(90,80), (89,80), (88,80), (87,80), (86,80), (85,80), (84,80), (83,80), (82,80), (81,80), (80,80), (79,80), (78,80), (77,80), (76,80), (75,80), (74,80), (73,80), (72,80), (71,80), (70,80), (69,80), (68,80), (67,80), (66,80), (65,80), (64,80), (63,80), (62,80), (61,80), (60,80), (59,80), (58,80), (57,80), (56,80), (55,80), (54,80), (53,80), (52,80), (51,80), (50,80), (49,80), (48,80), (47,80), (46,80), (45,80), (44,80), (43,80), (42,80), (41,80), (40,80), (39,80), (38,80), (37,80), (36,80), (35,80), (34,80), (33,80), (32,80), (31,80), (30,80), (29,80), (28,80), (27,80), (26,80), (25,80), (24,80), (23,80), (22,80), (21,80), (20,80), (20,80), (20,79), (20,78), (20,77), (20,76), (20,75), (20,74), (20,73), (20,72), (20,71), (20,70), (20,69), (20,68), (20,67), (20,66), (20,65), (20,64), (20,63), (20,62), (20,61), (20,60), (20,59), (20,58), (20,57), (20,56), (20,55), (20,54), (20,53), (20,52), (20,51), (20,50), (20,49), (20,48), (20,47), (20,46), (20,45), (20,44), (20,43), (20,42), (20,41), (20,40)|(20,40), (19,40), (19,40)",
        "time": 85.97732556482005
    },
    "Walk": {
        "cost": 0,
        "env_tax": 0,
        "route": "(93,83), (92,83), (91,83), (90,83), (89,83), (88,83), (87,83), (86,83), (85,83), (84,83), (83,83), (82,83), (81,83), (80,83), (79,83), (78,83), (77,83), (76,83), (75,83), (74,83), (73,83), (72,83), (71,83), (70,83), (69,83), (68,83), (67,83), (66,83), (65,83), (64,83), (63,83), (62,83), (61,83), (60,83), (59,83), (58,83), (57,83), (56,83), (55,83), (54,83), (53,83), (52,83), (51,83), (50,83), (49,83), (48,83), (47,83), (46,83), (45,83), (44,83), (43,83), (42,83), (41,83), (40,83), (39,83), (38,83), (37,83), (36,83), (35,83), (34,83), (33,83), (32,83), (31,83), (30,83), (29,83), (28,83), (27,83), (26,83), (25,83), (24,83), (23,83), (22,83), (21,83), (20,83), (19,83), (19,83), (19,82), (19,81), (19,80), (19,79), (19,78), (19,77), (19,76), (19,75), (19,74), (19,73), (19,72), (19,71), (19,70), (19,69), (19,68), (19,67), (19,66), (19,65), (19,64), (19,63), (19,62), (19,61), (19,60), (19,59), (19,58), (19,57), (19,56), (19,55), (19,54), (19,53), (19,52), (19,51), (19,50), (19,49), (19,48), (19,47), (19,46), (19,45), (19,44), (19,43), (19,42), (19,41), (19,40)",
        "time": 8724.051539012169
    },
    "Walk_Train_Uber": {
        "cost": 23.453723933638305,
        "env_tax": 0.010000000000000002,
        "route": "(93,83), (92,83), (91,83), (90,83), (90,83), (90,82), (90,81), (90,80)|(90,80), (89,80), (88,80), (87,80), (86,80), (85,80), (84,80), (83,80), (82,80), (81,80), (80,80), (79,80), (78,80), (77,80), (76,80), (75,80), (74,80), (73,80), (72,80), (71,80), (70,80), (69,80), (68,80), (67,80), (66,80), (65,80), (64,80), (63,80), (62,80), (61,80), (60,80), (59,80), (58,80), (57,80), (56,80), (55,80), (54,80), (53,80), (52,80), (51,80), (50,80), (49,80), (48,80), (47,80), (46,80), (45,80), (44,80), (43,80), (42,80), (41,80), (40,80), (39,80), (38,80), (37,80), (36,80), (35,80), (34,80), (33,80), (32,80), (31,80), (30,80), (29,80), (28,80), (27,80), (26,80), (25,80), (24,80), (23,80), (22,80), (21,80), (20,80), (20,80), (20,79), (20,78), (20,77), (20,76), (20,75), (20,74), (20,73), (20,72), (20,71), (20,70), (20,69), (20,68), (20,67), (20,66), (20,65), (20,64), (20,63), (20,62), (20,61), (20,60), (20,59), (20,58), (20,57), (20,56), (20,55), (20,54), (20,53), (20,52), (20,51), (20,50), (20,49), (20,48), (20,47), (20,46), (20,45), (20,44), (20,43), (20,42), (20,41), (20,40)|(20,40), (19,40)",
        "time": 461.43642086831346
    },
    "Walk_Train_Walk": {
        "cost": 11.200000000000001,
        "env_tax": 0,
        "route": "(93,83), (92,83), (91,83), (90,83), (90,83), (90,82), (90,81), (90,80)|(90,80), (89,80), (88,80), (87,80), (86,80), (85,80), (84,80), (83,80), (82,80), (81,80), (80,80), (79,80), (78,80), (77,80), (76,80), (75,80), (74,80), (73,80), (72,80), (71,80), (70,80), (69,80), (68,80), (67,80), (66,80), (65,80), (64,80), (63,80), (62,80), (61,80), (60,80), (59,80), (58,80), (57,80), (56,80), (55,80), (54,80), (53,80), (52,80), (51,80), (50,80), (49,80), (48,80), (47,80), (46,80), (45,80), (44,80), (43,80), (42,80), (41,80), (40,80), (39,80), (38,80), (37,80), (36,80), (35,80), (34,80), (33,80), (32,80), (31,80), (30,80), (29,80), (28,80), (27,80), (26,80), (25,80), (24,80), (23,80), (22,80), (21,80), (20,80), (20,80), (20,79), (20,78), (20,77), (20,76), (20,75), (20,74), (20,73), (20,72), (20,71), (20,70), (20,69), (20,68), (20,67), (20,66), (20,65), (20,64), (20,63), (20,62), (20,61), (20,60), (20,59), (20,58), (20,57), (20,56), (20,55), (20,54), (20,53), (20,52), (20,51), (20,50), (20,49), (20,48), (20,47), (20,46), (20,45), (20,44), (20,43), (20,42), (20,41), (20,40)|(20,40), (19,40), (19,40)",
        "time": 528.1568702078328
    }
}