{
    "Uber": {
        "cost": 64.3250727937359,
        "env_tax": 0.535,
        "route": "(98,75), (97,75), (97,76), (97,77), (97,78), (97,79), (96,79), (95,79), (95,80), (94,80), (93,80), (93,81), (92,81), (91,81), (90,81), (90,82), (90,83), (89,83), (89,84), (88,84), (87,84), (86,84), (85,84), (84,84), (83,84), (82,84), (81,84), (81,85), (80,85), (79,85), (78,85), (77,85), (76,85), (75,85), (74,85), (73,85), (72,85), (71,85), (70,85), (69,85), (68,85), (67,85), (66,85), (65,85), (64,85), (63,85), (62,85), (61,85), (60,85), (59,85), (58,85), (57,85), (56,85), (55,85), (54,85), (53,85), (52,85), (51,85), (50,85), (49,85), (48,85), (47,85), (46,85), (46,84), (45,84), (44,84), (44,83), (43,83), (43,82), (43,81), (43,80), (42,80), (42,79), (42,78), (41,78), (41,77), (41,76), (41,75), (41,74), (40,74), (40,73), (39,73), (39,72), (38,72), (38,71), (38,70), (38,69), (38,68), (38,67), (37,67), (37,66), (37,65), (36,65), (36,64), (36,63), (36,62), (36,61), (36,60), (36,59), (36,58), (36,57), (36,56), (36,55), (36,54), (36,53), (36,52), (35,52)",
        "time": 22.088707768872023
    },
    "Uber_Train_Uber": {
        "cost": 40.39788417656064,
        "env_tax": 0.11000000000000001,
        "route": "(98,75), (97,75), (96,75), (96,74), (95,74), (95,73), (94,73), (93,73), (93,72), (93,71), (92,71), (91,71), (91,70), (90,70)|(90,70), (89,70), (88,70), (87,70), (86,70), (85,70), (84,70), (83,70), (82,70), (81,70), (80,70), (79,70), (78,70), (77,70), (76,70), (75,70), (74,70), (73,70), (72,70), (71,70), (70,70), (69,70), (68,70), (67,70), (66,70), (65,70), (64,70), (63,70), (62,70), (61,70), (60,70), (59,70), (58,70), (57,70), (56,70), (55,70), (54,70), (53,70), (52,70), (51,70), (50,70), (49,70), (48,70), (47,70), (46,70), (45,70), (44,70), (43,70), (42,70), (41,70), (40,70), (39,70), (38,70), (37,70), (36,70), (35,70), (34,70), (33,70), (32,70), (31,70), (30,70), (30,70), (30,69), (30,68), (30,67), (30,66), (30,65), (30,64), (30,63), (30,62), (30,61), (30,60), (30,59), (30,58), (30,57), (30,56), (30,55), (30,54), (30,53), (30,52), (30,51), (30,50)|(30,50), (31,50), (32,50), (33,50), (34,50), (35,50), (35,51), (35,52)",
        "time": 24.612644495051416
    },
    "Uber_Train_Walk": {
        "cost": 22.733752412087313,
        "env_tax": 0.07,
        "route": "(98,75), (97,75), (96,75), (96,74), (95,74), (95,73), (94,73), (93,73), (93,72), (93,71), (92,71), (91,71), (91,70), (90,70)|(90,70), (89,70), (88,70), (87,70), (86,70), (85,70), (84,70), (83,70), (82,70), (81,70), (80,70), (79,70), (78,70), (77,70), (76,70), (75,70), (74,70), (73,70), (72,70), (71,70), (70,70), (69,70), (68,70), (67,70), (66,70), (65,70), (64,70), (63,70), (62,70), (61,70), (60,70), (59,70), (58,70), (57,70), (56,70), (55,70), (54,70), (53,70), (52,70), (51,70), (50,70), (49,70), (48,70), (47,70), (46,70), (45,70), (44,70), (43,70), (42,70), (41,70), (40,70), (39,70), (38,70), (37,70), (36,70), (35,70), (34,70), (33,70), (32,70), (31,70), (30,70), (30,70), (30,69), (30,68), (30,67), (30,66), (30,65), (30,64), (30,63), (30,62), (30,61), (30,60), (30,59), (30,58), (30,57), (30,56), (30,55), (30,54), (30,53), (30,52), (30,51), (30,50)|(30,50), (31,50), (32,50), (33,50), (34,50), (35,50), (35,50), (35,51), (35,52)",
        "time": 534.178862573402
    },
    "Walk": {
        "cost": 0,
        "env_tax": 0,
        "route": "(98,75), (97,75), (96,75), (95,75), (94,75), (93,75), (92,75), (91,75), (90,75), (89,75), (88,75), (87,75), (86,75), (85,75), (84,75), (83,75), (82,75), (81,75), (80,75), (79,75), (78,75), (77,75), (76,75), (75,75), (74,75), (73,75), (72,75), (71,75), (70,75), (69,75), (68,75), (67,75), (66,75), (65,75), (64,75), (63,75), (62,75), (61,75), (60,75), (59,75), (58,75), (57,75), (56,75), (55,75), (54,75), (53,75), (52,75), (51,75), (50,75), (49,75), (48,75), (47,75), (46,75), (45,75), (44,75), (43,75), (42,75), (41,75), (40,75), (39,75), (38,75), (37,75), (36,75), (35,75), (35,75), (35,74), (35,73), (35,72), (35,71), (35,70), (35,69), (35,68), (35,67), (35,66), (35,65), (35,64), (35,63), (35,62), (35,61), (35,60), (35,59), (35,58), (35,57), (35,56), (35,55), (35,54), (35,53), (35,52)",
        "time": 6412.5507038892865
    },
    "Walk_Train_Uber": {
        "cost": 27.396151594350478,
        "env_tax": 0.04000000000000001,
        "route": "(98,75), (97,75), (96,75), (95,75), (94,75), (93,75), (92,75), (91,75), (90,75), (90,75), (90,74), (90,73), (90,72), (90,71), (90,70)|(90,70), (89,70), (88,70), (87,70), (86,70), (85,70), (84,70), (83,70), (82,70), (81,70), (80,70), (79,70), (78,70), (77,70), (76,70), (75,70), (74,70), (73,70), (72,70), (71,70), (70,70), (69,70), (68,70), (67,70), (66,70), (65,70), (64,70), (63,70), (62,70), (61,70), (60,70), (59,70), (58,70), (57,70), (56,70), (55,70), (54,70), (53,70), (52,70), (51,70), (50,70), (49,70), (48,70), (47,70), (46,70), (45,70), (44,70), (43,70), (42,70), (41,70), (40,70), (39,70), (38,70), (37,70), (36,70), (35,70), (34,70), (33,70), (32,70), (31,70), (30,70), (30,70), (30,69), (30,68), (30,67), (30,66), (30,65), (30,64), (30,63), (30,62), (30,61), (30,60), (30,59), (30,58), (30,57), (30,56), (30,55), (30,54), (30,53), (30,52), (30,51), (30,50)|(30,50), (31,50), (32,50), (33,50), (34,50), (35,50), (35,51), (35,52)",
        "time": 981.6891989429012
    },
    "Walk_Train_Walk": {
        "cost": 8.200000000000001,
        "env_tax": 0,
        "route": "(98,75), (97,75), (96,75), (95,75), (94,75), (93,75), (92,75), (91,75), (90,75), (90,75), (90,74), (90,73), (90,72), (90,71), (90,70)|(90,70), (89,70), (88,70), (87,70), (86,70), (85,70), (84,70), (83,70), (82,70), (81,70), (80,70), (79,70), (78,70), (77,70), (76,70), (75,70), (74,70), (73,70), (72,70), (71,70), (70,70), (69,70), (68,70), (67,70), (66,70), (65,70), (64,70), (63,70), (62,70), (61,70), (60,70), (59,70), (58,70), (57,70), (56,70), (55,70), (54,70), (53,70), (52,70), (51,70), (50,70), (49,70), (48,70), (47,70), (46,70), (45,70), (44,70), (43,70), (42,70), (41,70), (40,70), (39,70), (38,70), (37,70), (36,70), (35,70), (34,70), (33,70), (32,70), (31,70), (30,70), (30,70), (30,69), (30,68), (30,67), (30,66), (30,65), (30,64), (30,63), (30,62), (30,61), (30,60), (30,59), (30,58), (30,57), (30,56), (30,55), (30,54), (30,53), (30,52), (30,51), (30,50)|(30,50), (31,50), (32,50), (33,50), (34,50), (35,50), (35,50), (35,51), (35,52)",
        "time": 1495.4443645679016
    }
}