{
    "Uber": {
        "cost": 26.162130884848537,
        "env_tax": 0.42000000000000004,
        "route": "(9,64), (9,63), (8,63), (7,63), (6,63), (5,63), (4,63), (4,62), (3,62), (2,62), (2,61), (2,60), (2,59), (2,58), (2,57), (2,56), (2,55), (2,54), (2,53), (1,53), (1,52), (1,51), (1,50), (1,49), (1,48), (1,47), (1,46), (1,45), (1,44), (1,43), (1,42), (1,41), (0,41), (0,40), (0,39), (0,38), (0,37), (0,36), (0,35), (0,34), (0,33), (0,32), (0,31), (0,30), (0,29), (0,28), (0,27), (0,26), (0,25), (0,24), (0,23), (0,22), (0,21), (0,20), (0,19), (0,18), (1,18), (2,18), (2,17), (2,16), (3,16), (3,15), (4,15), (5,15), (6,15), (7,15), (7,14), (7,13), (7,12), (7,11), (8,11), (8,10), (9,10), (10,10), (11,10), (11,9), (12,9), (13,9), (14,9), (15,9), (16,9), (16,8), (17,8), (18,8)",
        "time": 9.368684946344784
    },
    "Uber_Train_Uber": {
        "cost": 31.60667792518658,
        "env_tax": 0.05500000000000001,
        "route": "(9,64), (9,63), (9,62), (9,61), (9,60), (10,60)|(10,60), (11,60), (12,60), (13,60), (14,60), (15,60), (16,60), (17,60), (18,60), (19,60), (20,60), (20,60), (20,59), (20,58), (20,57), (20,56), (20,55), (20,54), (20,53), (20,52), (20,51), (20,50), (20,49), (20,48), (20,47), (20,46), (20,45), (20,44), (20,43), (20,42), (20,41), (20,40), (20,39), (20,38), (20,37), (20,36), (20,35), (20,34), (20,33), (20,32), (20,31), (20,30), (20,29), (20,28), (20,27), (20,26), (20,25), (20,24), (20,23), (20,22), (20,21), (20,20), (20,19), (20,18), (20,17), (20,16), (20,15), (20,14), (20,13), (20,12), (20,11), (20,10)|(20,10), (20,9), (19,9), (18,9), (18,8)",
        "time": 17.54973175093135
    },
    "Uber_Train_Walk": {
        "cost": 19.766913861661347,
        "env_tax": 0.030000000000000006,
        "route": "(9,64), (9,63), (9,62), (9,61), (9,60), (10,60)|(10,60), (11,60), (12,60), (13,60), (14,60), (15,60), (16,60), (17,60), (18,60), (19,60), (20,60), (20,60), (20,59), (20,58), (20,57), (20,56), (20,55), (20,54), (20,53), (20,52), (20,51), (20,50), (20,49), (20,48), (20,47), (20,46), (20,45), (20,44), (20,43), (20,42), (20,41), (20,40), (20,39), (20,38), (20,37), (20,36), (20,35), (20,34), (20,33), (20,32), (20,31), (20,30), (20,29), (20,28), (20,27), (20,26), (20,25), (20,24), (20,23), (20,22), (20,21), (20,20), (20,19), (20,18), (20,17), (20,16), (20,15), (20,14), (20,13), (20,12), (20,11), (20,10)|(20,10), (19,10), (18,10), (18,10), (18,9), (18,8)",
        "time": 310.05245499749765
    },
    "Walk": {
        "cost": 0,
        "env_tax": 0,
        "route": "(9,64), (10,64), (11,64), (12,64), (13,64), (14,64), (15,64), (16,64), (17,64), (18,64), (18,64), (18,63), (18,62), (18,61), (18,60), (18,59), (18,58), (18,57), (18,56), (18,55), (18,54), (18,53), (18,52), (18,51), (18,50), (18,49), (18,48), (18,47), (18,46), (18,45), (18,44), (18,43), (18,42), (18,41), (18,40), (18,39), (18,38), (18,37), (18,36), (18,35), (18,34), (18,33), (18,32), (18,31), (18,30), (18,29), (18,28), (18,27), (18,26), (18,25), (18,24), (18,23), (18,22), (18,21), (18,20), (18,19), (18,18), (18,17), (18,16), (18,15), (18,14), (18,13), (18,12), (18,11), (18,10), (18,9), (18,8)",
        "time": 4846.695299451205
    },
    "Walk_Train_Uber": {
        "cost": 18.687544335330085,
        "env_tax": 0.025,
        "route": "(9,64), (10,64), (10,64), (10,63), (10,62), (10,61), (10,60)|(10,60), (11,60), (12,60), (13,60), (14,60), (15,60), (16,60), (17,60), (18,60), (19,60), (20,60), (20,60), (20,59), (20,58), (20,57), (20,56), (20,55), (20,54), (20,53), (20,52), (20,51), (20,50), (20,49), (20,48), (20,47), (20,46), (20,45), (20,44), (20,43), (20,42), (20,41), (20,40), (20,39), (20,38), (20,37), (20,36), (20,35), (20,34), (20,33), (20,32), (20,31), (20,30), (20,29), (20,28), (20,27), (20,26), (20,25), (20,24), (20,23), (20,22), (20,21), (20,20), (20,19), (20,18), (20,17), (20,16), (20,15), (20,14), (20,13), (20,12), (20,11), (20,10)|(20,10), (20,9), (19,9), (18,9), (18,8)",
        "time": 382.42222738649286
    },
    "Walk_Train_Walk": {
        "cost": 6.2,
        "env_tax": 0,
        "route": "(9,64), (10,64), (10,64), (10,63), (10,62), (10,61), (10,60)|(10,60), (11,60), (12,60), (13,60), (14,60), (15,60), (16,60), (17,60), (18,60), (19,60), (20,60), (20,60), (20,59), (20,58), (20,57), (20,56), (20,55), (20,54), (20,53), (20,52), (20,51), (20,50), (20,49), (20,48), (20,47), (20,46), (20,45), (20,44), (20,43), (20,42), (20,41), (20,40), (20,39), (20,38), (20,37), (20,36), (20,35), (20,34), (20,33), (20,32), (20,31), (20,30), (20,29), (20,28), (20,27), (20,26), (20,25), (20,24), (20,23), (20,22), (20,21), (20,20), (20,19), (20,18), (20,17), (20,16), (20,15), (20,14), (20,13), (20,12), (20,11), (20,10)|(20,10), (19,10), (18,10), (18,10), (18,9), (18,8)",
        "time": 676.7309916249201
    }
}