{
    "Uber": {
        "cost": 76.4971689423281,
        "env_tax": 0.5850000000000001,
        "route": "(63,75), (63,76), (63,77), (62,77), (61,77), (60,77), (60,78), (60,79), (60,80), (59,80), (58,80), (57,80), (56,80), (55,80), (54,80), (53,80), (52,80), (51,80), (50,80), (49,80), (48,80), (47,80), (46,80), (45,80), (44,80), (43,80), (42,80), (41,80), (40,80), (39,80), (38,80), (37,80), (37,79), (36,79), (35,79), (34,79), (33,79), (32,79), (32,78), (32,77), (32,76), (31,76), (31,75), (31,74), (30,74), (29,74), (29,73), (29,72), (29,71), (29,70), (29,69), (29,68), (29,67), (28,67), (27,67), (26,67), (25,67), (25,66), (24,66), (24,65), (24,64), (24,63), (23,63), (23,62), (23,61), (23,60), (23,59), (23,58), (23,57), (23,56), (23,55), (23,54), (23,53), (23,52), (23,51), (23,50), (23,49), (23,48), (23,47), (23,46), (23,45), (23,44), (23,43), (23,42), (23,41), (23,40), (23,39), (23,38), (23,37), (23,36), (23,35), (23,34), (23,33), (23,32), (23,31), (23,30), (23,29), (24,29), (24,28), (24,27), (24,26), (24,25), (24,24), (24,23), (24,22), (25,22), (26,22), (26,21), (26,20), (26,19), (26,18), (27,18), (27,17), (28,17), (29,17), (30,17), (31,17)",
        "time": 26.83360966731604
    },
    "Uber_Train_Uber": {
        "cost": 38.8282290637444,
        "env_tax": 0.07,
        "route": "(63,75), (63,74), (62,74), (61,74), (60,74), (60,73), (60,72), (60,71), (60,70)|(60,70), (59,70), (58,70), (57,70), (56,70), (55,70), (54,70), (53,70), (52,70), (51,70), (50,70), (49,70), (48,70), (47,70), (46,70), (45,70), (44,70), (43,70), (42,70), (41,70), (40,70), (39,70), (38,70), (37,70), (36,70), (35,70), (34,70), (33,70), (32,70), (31,70), (30,70), (30,70), (30,69), (30,68), (30,67), (30,66), (30,65), (30,64), (30,63), (30,62), (30,61), (30,60), (30,59), (30,58), (30,57), (30,56), (30,55), (30,54), (30,53), (30,52), (30,51), (30,50), (30,49), (30,48), (30,47), (30,46), (30,45), (30,44), (30,43), (30,42), (30,41), (30,40), (30,39), (30,38), (30,37), (30,36), (30,35), (30,34), (30,33), (30,32), (30,31), (30,30), (30,29), (30,28), (30,27), (30,26), (30,25), (30,24), (30,23), (30,22), (30,21), (30,20)|(30,20), (30,19), (30,18), (30,17), (31,17)",
        "time": 25.317807123092628
    },
    "Uber_Train_Walk": {
        "cost": 25.611950657711134,
        "env_tax": 0.045000000000000005,
        "route": "(63,75), (63,74), (62,74), (61,74), (60,74), (60,73), (60,72), (60,71), (60,70)|(60,70), (59,70), (58,70), (57,70), (56,70), (55,70), (54,70), (53,70), (52,70), (51,70), (50,70), (49,70), (48,70), (47,70), (46,70), (45,70), (44,70), (43,70), (42,70), (41,70), (40,70), (39,70), (38,70), (37,70), (36,70), (35,70), (34,70), (33,70), (32,70), (31,70), (30,70), (30,70), (30,69), (30,68), (30,67), (30,66), (30,65), (30,64), (30,63), (30,62), (30,61), (30,60), (30,59), (30,58), (30,57), (30,56), (30,55), (30,54), (30,53), (30,52), (30,51), (30,50), (30,49), (30,48), (30,47), (30,46), (30,45), (30,44), (30,43), (30,42), (30,41), (30,40), (30,39), (30,38), (30,37), (30,36), (30,35), (30,34), (30,33), (30,32), (30,31), (30,30), (30,29), (30,28), (30,27), (30,26), (30,25), (30,24), (30,23), (30,22), (30,21), (30,20)|(30,20), (31,20), (31,20), (31,19), (31,18), (31,17)",
        "time": 315.2246351797131
    },
    "Walk": {
        "cost": 0,
        "env_tax": 0,
        "route": "(63,75), (62,75), (61,75), (60,75), (59,75), (58,75), (57,75), (56,75), (55,75), (54,75), (53,75), (52,75), (51,75), (50,75), (49,75), (48,75), (47,75), (46,75), (45,75), (44,75), (43,75), (42,75), (41,75), (40,75), (39,75), (38,75), (37,75), (36,75), (35,75), (34,75), (33,75), (32,75), (31,75), (31,75), (31,74), (31,73), (31,72), (31,71), (31,70), (31,69), (31,68), (31,67), (31,66), (31,65), (31,64), (31,63), (31,62), (31,61), (31,60), (31,59), (31,58), (31,57), (31,56), (31,55), (31,54), (31,53), (31,52), (31,51), (31,50), (31,49), (31,48), (31,47), (31,46), (31,45), (31,44), (31,43), (31,42), (31,41), (31,40), (31,39), (31,38), (31,37), (31,36), (31,35), (31,34), (31,33), (31,32), (31,31), (31,30), (31,29), (31,28), (31,27), (31,26), (31,25), (31,24), (31,23), (31,22), (31,21), (31,20), (31,19), (31,18), (31,17)",
        "time": 6710.808876163206
    },
    "Walk_Train_Uber": {
        "cost": 21.754849509290665,
        "env_tax": 0.025,
        "route": "(63,75), (62,75), (61,75), (60,75), (60,75), (60,74), (60,73), (60,72), (60,71), (60,70)|(60,70), (59,70), (58,70), (57,70), (56,70), (55,70), (54,70), (53,70), (52,70), (51,70), (50,70), (49,70), (48,70), (47,70), (46,70), (45,70), (44,70), (43,70), (42,70), (41,70), (40,70), (39,70), (38,70), (37,70), (36,70), (35,70), (34,70), (33,70), (32,70), (31,70), (30,70), (30,70), (30,69), (30,68), (30,67), (30,66), (30,65), (30,64), (30,63), (30,62), (30,61), (30,60), (30,59), (30,58), (30,57), (30,56), (30,55), (30,54), (30,53), (30,52), (30,51), (30,50), (30,49), (30,48), (30,47), (30,46), (30,45), (30,44), (30,43), (30,42), (30,41), (30,40), (30,39), (30,38), (30,37), (30,36), (30,35), (30,34), (30,33), (30,32), (30,31), (30,30), (30,29), (30,28), (30,27), (30,26), (30,25), (30,24), (30,23), (30,22), (30,21), (30,20)|(30,20), (30,19), (30,18), (30,17), (31,17)",
        "time": 613.0461046828069
    },
    "Walk_Train_Walk": {
        "cost": 8.200000000000001,
        "env_tax": 0,
        "route": "(63,75), (62,75), (61,75), (60,75), (60,75), (60,74), (60,73), (60,72), (60,71), (60,70)|(60,70), (59,70), (58,70), (57,70), (56,70), (55,70), (54,70), (53,70), (52,70), (51,70), (50,70), (49,70), (48,70), (47,70), (46,70), (45,70), (44,70), (43,70), (42,70), (41,70), (40,70), (39,70), (38,70), (37,70), (36,70), (35,70), (34,70), (33,70), (32,70), (31,70), (30,70), (30,70), (30,69), (30,68), (30,67), (30,66), (30,65), (30,64), (30,63), (30,62), (30,61), (30,60), (30,59), (30,58), (30,57), (30,56), (30,55), (30,54), (30,53), (30,52), (30,51), (30,50), (30,49), (30,48), (30,47), (30,46), (30,45), (30,44), (30,43), (30,42), (30,41), (30,40), (30,39), (30,38), (30,37), (30,36), (30,35), (30,34), (30,33), (30,32), (30,31), (30,30), (30,29), (30,28), (30,27), (30,26), (30,25), (30,24), (30,23), (30,22), (30,21), (30,20)|(30,20), (31,20), (31,20), (31,19), (31,18), (31,17)",
        "time": 901.2693265837528
    }
}