{
    "Uber": {
        "cost": 26.41924232266318,
        "env_tax": 0.39000000000000007,
        "route": "(22,11), (22,10), (22,9), (22,8), (23,8), (23,7), (23,6), (23,5), (24,5), (25,5), (26,5), (27,5), (28,5), (29,5), (30,5), (31,5), (32,5), (33,5), (34,5), (35,5), (35,4), (36,4), (37,4), (37,3), (38,3), (39,3), (40,3), (41,3), (42,3), (43,3), (44,3), (45,3), (46,3), (47,3), (48,3), (49,3), (50,3), (51,3), (52,3), (53,3), (53,2), (54,2), (55,2), (56,2), (57,2), (58,2), (59,2), (60,2), (61,2), (62,2), (63,2), (64,2), (65,2), (66,2), (67,2), (68,2), (69,2), (70,2), (71,2), (72,2), (73,2), (74,2), (74,3), (75,3), (76,3), (77,3), (78,3), (78,4), (78,5), (78,6), (78,7), (78,8), (78,9), (78,10), (78,11), (78,12), (78,13), (78,14)",
        "time": 9.817788519220239
    },
    "Uber_Train_Uber": {
        "cost": 32.03209750468297,
        "env_tax": 0.05500000000000001,
        "route": "(22,11), (21,11), (20,11), (20,10)|(20,10), (21,10), (22,10), (23,10), (24,10), (25,10), (26,10), (27,10), (28,10), (29,10), (30,10), (31,10), (32,10), (33,10), (34,10), (35,10), (36,10), (37,10), (38,10), (39,10), (40,10), (41,10), (42,10), (43,10), (44,10), (45,10), (46,10), (47,10), (48,10), (49,10), (50,10), (51,10), (52,10), (53,10), (54,10), (55,10), (56,10), (57,10), (58,10), (59,10), (60,10), (61,10), (62,10), (63,10), (64,10), (65,10), (66,10), (67,10), (68,10), (69,10), (70,10), (71,10), (72,10), (73,10), (74,10), (75,10), (76,10), (77,10), (78,10), (79,10), (80,10), (80,10)|(80,10), (79,10), (78,10), (78,11), (78,12), (78,13), (78,14)",
        "time": 22.015357680314402
    },
    "Uber_Train_Walk": {
        "cost": 18.826961623152947,
        "env_tax": 0.020000000000000004,
        "route": "(22,11), (21,11), (20,11), (20,10)|(20,10), (21,10), (22,10), (23,10), (24,10), (25,10), (26,10), (27,10), (28,10), (29,10), (30,10), (31,10), (32,10), (33,10), (34,10), (35,10), (36,10), (37,10), (38,10), (39,10), (40,10), (41,10), (42,10), (43,10), (44,10), (45,10), (46,10), (47,10), (48,10), (49,10), (50,10), (51,10), (52,10), (53,10), (54,10), (55,10), (56,10), (57,10), (58,10), (59,10), (60,10), (61,10), (62,10), (63,10), (64,10), (65,10), (66,10), (67,10), (68,10), (69,10), (70,10), (71,10), (72,10), (73,10), (74,10), (75,10), (76,10), (77,10), (78,10), (79,10), (80,10), (80,10)|(80,10), (79,10), (78,10), (78,10), (78,11), (78,12), (78,13), (78,14)",
        "time": 458.6229779327789
    },
    "Walk": {
        "cost": 0,
        "env_tax": 0,
        "route": "(22,11), (23,11), (24,11), (25,11), (26,11), (27,11), (28,11), (29,11), (30,11), (31,11), (32,11), (33,11), (34,11), (35,11), (36,11), (37,11), (38,11), (39,11), (40,11), (41,11), (42,11), (43,11), (44,11), (45,11), (46,11), (47,11), (48,11), (49,11), (50,11), (51,11), (52,11), (53,11), (54,11), (55,11), (56,11), (57,11), (58,11), (59,11), (60,11), (61,11), (62,11), (63,11), (64,11), (65,11), (66,11), (67,11), (68,11), (69,11), (70,11), (71,11), (72,11), (73,11), (74,11), (75,11), (76,11), (77,11), (78,11), (78,11), (78,12), (78,13), (78,14)",
        "time": 4399.3080410403245
    },
    "Walk_Train_Uber": {
        "cost": 19.02935480076514,
        "env_tax": 0.035,
        "route": "(22,11), (21,11), (20,11), (20,11), (20,10)|(20,10), (21,10), (22,10), (23,10), (24,10), (25,10), (26,10), (27,10), (28,10), (29,10), (30,10), (31,10), (32,10), (33,10), (34,10), (35,10), (36,10), (37,10), (38,10), (39,10), (40,10), (41,10), (42,10), (43,10), (44,10), (45,10), (46,10), (47,10), (48,10), (49,10), (50,10), (51,10), (52,10), (53,10), (54,10), (55,10), (56,10), (57,10), (58,10), (59,10), (60,10), (61,10), (62,10), (63,10), (64,10), (65,10), (66,10), (67,10), (68,10), (69,10), (70,10), (71,10), (72,10), (73,10), (74,10), (75,10), (76,10), (77,10), (78,10), (79,10), (80,10), (80,10)|(80,10), (79,10), (78,10), (78,11), (78,12), (78,13), (78,14)",
        "time": 237.26767254792108
    },
    "Walk_Train_Walk": {
        "cost": 6.2,
        "env_tax": 0,
        "route": "(22,11), (21,11), (20,11), (20,11), (20,10)|(20,10), (21,10), (22,10), (23,10), (24,10), (25,10), (26,10), (27,10), (28,10), (29,10), (30,10), (31,10), (32,10), (33,10), (34,10), (35,10), (36,10), (37,10), (38,10), (39,10), (40,10), (41,10), (42,10), (43,10), (44,10), (45,10), (46,10), (47,10), (48,10), (49,10), (50,10), (51,10), (52,10), (53,10), (54,10), (55,10), (56,10), (57,10), (58,10), (59,10), (60,10), (61,10), (62,10), (63,10), (64,10), (65,10), (66,10), (67,10), (68,10), (69,10), (70,10), (71,10), (72,10), (73,10), (74,10), (75,10), (76,10), (77,10), (78,10), (79,10), (80,10), (80,10)|(80,10), (79,10), (78,10), (78,10), (78,11), (78,12), (78,13), (78,14)",
        "time": 677.8298012146721
    }
}