{
    "Uber": {
        "cost": 46.207270185148396,
        "env_tax": 0.4850000000000001,
        "route": "(16,70), (15,70), (14,70), (13,70), (12,70), (11,70), (10,70), (9,70), (9,69), (9,68), (9,67), (9,66), (9,65), (9,64), (9,63), (9,62), (9,61), (9,60), (9,59), (9,58), (8,58), (8,57), (8,56), (8,55), (8,54), (8,53), (8,52), (8,51), (8,50), (8,49), (8,48), (8,47), (8,46), (8,45), (8,44), (8,43), (7,43), (7,42), (7,41), (7,40), (7,39), (7,38), (7,37), (7,36), (7,35), (7,34), (7,33), (7,32), (7,31), (7,30), (8,30), (9,30), (9,29), (9,28), (9,27), (9,26), (9,25), (10,25), (11,25), (11,24), (11,23), (12,23), (13,23), (14,23), (15,23), (16,23), (17,23), (18,23), (19,23), (20,23), (21,23), (22,23), (23,23), (24,23), (25,23), (26,23), (27,23), (28,23), (29,23), (29,24), (29,25), (30,25), (31,25), (32,25), (33,25), (34,25), (35,25), (36,25), (37,25), (38,25), (39,25), (40,25), (40,26), (41,26), (42,26), (43,26), (43,27)",
        "time": 13.22063385464217
    },
    "Uber_Train_Uber": {
        "cost": 36.39018836749923,
        "env_tax": 0.060000000000000005,
        "route": "(16,70), (17,70), (18,70), (19,70), (20,70)|(20,70), (21,70), (22,70), (23,70), (24,70), (25,70), (26,70), (27,70), (28,70), (29,70), (30,70), (31,70), (32,70), (33,70), (34,70), (35,70), (36,70), (37,70), (38,70), (39,70), (40,70), (40,70), (40,69), (40,68), (40,67), (40,66), (40,65), (40,64), (40,63), (40,62), (40,61), (40,60), (40,59), (40,58), (40,57), (40,56), (40,55), (40,54), (40,53), (40,52), (40,51), (40,50), (40,49), (40,48), (40,47), (40,46), (40,45), (40,44), (40,43), (40,42), (40,41), (40,40), (40,39), (40,38), (40,37), (40,36), (40,35), (40,34), (40,33), (40,32), (40,31), (40,30)|(40,30), (40,29), (40,28), (41,28), (41,27), (42,27), (43,27)",
        "time": 19.37549100841132
    },
    "Uber_Train_Walk": {
        "cost": 19.38278860634555,
        "env_tax": 0.025,
        "route": "(16,70), (17,70), (18,70), (19,70), (20,70)|(20,70), (21,70), (22,70), (23,70), (24,70), (25,70), (26,70), (27,70), (28,70), (29,70), (30,70), (31,70), (32,70), (33,70), (34,70), (35,70), (36,70), (37,70), (38,70), (39,70), (40,70), (40,70), (40,69), (40,68), (40,67), (40,66), (40,65), (40,64), (40,63), (40,62), (40,61), (40,60), (40,59), (40,58), (40,57), (40,56), (40,55), (40,54), (40,53), (40,52), (40,51), (40,50), (40,49), (40,48), (40,47), (40,46), (40,45), (40,44), (40,43), (40,42), (40,41), (40,40), (40,39), (40,38), (40,37), (40,36), (40,35), (40,34), (40,33), (40,32), (40,31), (40,30)|(40,30), (41,30), (42,30), (43,30), (43,30), (43,29), (43,28), (43,27)",
        "time": 464.60462788583425
    },
    "Walk": {
        "cost": 0,
        "env_tax": 0,
        "route": "(16,70), (17,70), (18,70), (19,70), (20,70), (21,70), (22,70), (23,70), (24,70), (25,70), (26,70), (27,70), (28,70), (29,70), (30,70), (31,70), (32,70), (33,70), (34,70), (35,70), (36,70), (37,70), (38,70), (39,70), (40,70), (41,70), (42,70), (43,70), (43,70), (43,69), (43,68), (43,67), (43,66), (43,65), (43,64), (43,63), (43,62), (43,61), (43,60), (43,59), (43,58), (43,57), (43,56), (43,55), (43,54), (43,53), (43,52), (43,51), (43,50), (43,49), (43,48), (43,47), (43,46), (43,45), (43,44), (43,43), (43,42), (43,41), (43,40), (43,39), (43,38), (43,37), (43,36), (43,35), (43,34), (43,33), (43,32), (43,31), (43,30), (43,29), (43,28), (43,27)",
        "time": 5219.518014793605
    },
    "Walk_Train_Uber": {
        "cost": 23.031826789522434,
        "env_tax": 0.035,
        "route": "(16,70), (17,70), (18,70), (19,70), (20,70), (20,70)|(20,70), (21,70), (22,70), (23,70), (24,70), (25,70), (26,70), (27,70), (28,70), (29,70), (30,70), (31,70), (32,70), (33,70), (34,70), (35,70), (36,70), (37,70), (38,70), (39,70), (40,70), (40,70), (40,69), (40,68), (40,67), (40,66), (40,65), (40,64), (40,63), (40,62), (40,61), (40,60), (40,59), (40,58), (40,57), (40,56), (40,55), (40,54), (40,53), (40,52), (40,51), (40,50), (40,49), (40,48), (40,47), (40,46), (40,45), (40,44), (40,43), (40,42), (40,41), (40,40), (40,39), (40,38), (40,37), (40,36), (40,35), (40,34), (40,33), (40,32), (40,31), (40,30)|(40,30), (40,29), (40,28), (41,28), (41,27), (42,27), (43,27)",
        "time": 315.2647266298867
    },
    "Walk_Train_Walk": {
        "cost": 6.2,
        "env_tax": 0,
        "route": "(16,70), (17,70), (18,70), (19,70), (20,70), (20,70)|(20,70), (21,70), (22,70), (23,70), (24,70), (25,70), (26,70), (27,70), (28,70), (29,70), (30,70), (31,70), (32,70), (33,70), (34,70), (35,70), (36,70), (37,70), (38,70), (39,70), (40,70), (40,70), (40,69), (40,68), (40,67), (40,66), (40,65), (40,64), (40,63), (40,62), (40,61), (40,60), (40,59), (40,58), (40,57), (40,56), (40,55), (40,54), (40,53), (40,52), (40,51), (40,50), (40,49), (40,48), (40,47), (40,46), (40,45), (40,44), (40,43), (40,42), (40,41), (40,40), (40,39), (40,38), (40,37), (40,36), (40,35), (40,34), (40,33), (40,32), (40,31), (40,30)|(40,30), (41,30), (42,30), (43,30), (43,30), (43,29), (43,28), (43,27)",
        "time": 753.691357421719
    }
}