{
    "Uber": {
        "cost": 28.87311300522893,
        "env_tax": 0.12000000000000002,
        "route": "(40,33), (40,32), (39,32), (38,32), (37,32), (36,32), (35,32), (34,32), (34,31), (33,31), (32,31), (31,31), (30,31), (30,30), (29,30), (28,30), (27,30), (26,30), (25,30), (24,30), (24,29), (23,29), (22,29), (22,28)",
        "time": 13.365691967703807
    },
    "Uber_Train_Uber": {
        "cost": 30.35458075213732,
        "env_tax": 0.045000000000000005,
        "route": "(40,33), (40,32), (40,31), (40,30)|(40,30), (39,30), (38,30), (37,30), (36,30), (35,30), (34,30), (33,30), (32,30), (31,30), (30,30), (29,30), (28,30), (27,30), (26,30), (25,30), (24,30), (23,30), (22,30), (21,30), (20,30), (20,30)|(20,30), (20,29), (21,29), (22,29), (22,28)",
        "time": 22.83992570804627
    },
    "Uber_Train_Walk": {
        "cost": 16.699376662488305,
        "env_tax": 0.020000000000000004,
        "route": "(40,33), (40,32), (40,31), (40,30)|(40,30), (39,30), (38,30), (37,30), (36,30), (35,30), (34,30), (33,30), (32,30), (31,30), (30,30), (29,30), (28,30), (27,30), (26,30), (25,30), (24,30), (23,30), (22,30), (21,30), (20,30), (20,30)|(20,30), (21,30), (22,30), (22,30), (22,29), (22,28)",
        "time": 311.7972995818385
    },
    "Walk": {
        "cost": 0,
        "env_tax": 0,
        "route": "(40,33), (39,33), (38,33), (37,33), (36,33), (35,33), (34,33), (33,33), (32,33), (31,33), (30,33), (29,33), (28,33), (27,33), (26,33), (25,33), (24,33), (23,33), (22,33), (22,33), (22,32), (22,31), (22,30), (22,29), (22,28)",
        "time": 1714.9844905750417
    },
    "Walk_Train_Uber": {
        "cost": 15.963875041012292,
        "env_tax": 0.025,
        "route": "(40,33), (40,33), (40,32), (40,31), (40,30)|(40,30), (39,30), (38,30), (37,30), (36,30), (35,30), (34,30), (33,30), (32,30), (31,30), (30,30), (29,30), (28,30), (27,30), (26,30), (25,30), (24,30), (23,30), (22,30), (21,30), (20,30), (20,30)|(20,30), (20,29), (21,29), (22,29), (22,28)",
        "time": 236.60468774467276
    },
    "Walk_Train_Walk": {
        "cost": 2.2,
        "env_tax": 0,
        "route": "(40,33), (40,33), (40,32), (40,31), (40,30)|(40,30), (39,30), (38,30), (37,30), (36,30), (35,30), (34,30), (33,30), (32,30), (31,30), (30,30), (29,30), (28,30), (27,30), (26,30), (25,30), (24,30), (23,30), (22,30), (21,30), (20,30), (20,30)|(20,30), (21,30), (22,30), (22,30), (22,29), (22,28)",
        "time": 525.0586497859567
    }
}