{
    "Uber": {
        "cost": 73.77900863479819,
        "env_tax": 0.29000000000000004,
        "route": "(49,32), (49,33), (48,33), (47,33), (47,34), (47,35), (47,36), (47,37), (47,38), (47,39), (47,40), (47,41), (47,42), (47,43), (47,44), (47,45), (47,46), (47,47), (47,48), (47,49), (47,50), (47,51), (47,52), (47,53), (47,54), (47,55), (47,56), (47,57), (47,58), (47,59), (47,60), (47,61), (46,61), (46,62), (46,63), (45,63), (45,64), (45,65), (44,65), (43,65), (43,66), (43,67), (42,67), (42,68), (42,69), (42,70), (42,71), (42,72), (42,73), (42,74), (42,75), (41,75), (41,76), (41,77), (41,78), (41,79), (40,79), (40,80)",
        "time": 25.431478594181172
    },
    "Uber_Train_Uber": {
        "cost": 32.40689982476114,
        "env_tax": 0.025000000000000005,
        "route": "(49,32), (49,31), (50,31), (50,30)|(50,30), (49,30), (48,30), (47,30), (46,30), (45,30), (44,30), (43,30), (42,30), (41,30), (40,30), (40,30), (40,31), (40,32), (40,33), (40,34), (40,35), (40,36), (40,37), (40,38), (40,39), (40,40), (40,41), (40,42), (40,43), (40,44), (40,45), (40,46), (40,47), (40,48), (40,49), (40,50), (40,51), (40,52), (40,53), (40,54), (40,55), (40,56), (40,57), (40,58), (40,59), (40,60), (40,61), (40,62), (40,63), (40,64), (40,65), (40,66), (40,67), (40,68), (40,69), (40,70), (40,71), (40,72), (40,73), (40,74), (40,75), (40,76), (40,77), (40,78), (40,79), (40,80)|(40,80)",
        "time": 19.45780959381689
    },
    "Uber_Train_Walk": {
        "cost": 21.468210909862794,
        "env_tax": 0.020000000000000004,
        "route": "(49,32), (49,31), (50,31), (50,30)|(50,30), (49,30), (48,30), (47,30), (46,30), (45,30), (44,30), (43,30), (42,30), (41,30), (40,30), (40,30), (40,31), (40,32), (40,33), (40,34), (40,35), (40,36), (40,37), (40,38), (40,39), (40,40), (40,41), (40,42), (40,43), (40,44), (40,45), (40,46), (40,47), (40,48), (40,49), (40,50), (40,51), (40,52), (40,53), (40,54), (40,55), (40,56), (40,57), (40,58), (40,59), (40,60), (40,61), (40,62), (40,63), (40,64), (40,65), (40,66), (40,67), (40,68), (40,69), (40,70), (40,71), (40,72), (40,73), (40,74), (40,75), (40,76), (40,77), (40,78), (40,79), (40,80)|(40,80), (40,80)",
        "time": 15.522541425794943
    },
    "Walk": {
        "cost": 0,
        "env_tax": 0,
        "route": "(49,32), (48,32), (47,32), (46,32), (45,32), (44,32), (43,32), (42,32), (41,32), (40,32), (40,32), (40,33), (40,34), (40,35), (40,36), (40,37), (40,38), (40,39), (40,40), (40,41), (40,42), (40,43), (40,44), (40,45), (40,46), (40,47), (40,48), (40,49), (40,50), (40,51), (40,52), (40,53), (40,54), (40,55), (40,56), (40,57), (40,58), (40,59), (40,60), (40,61), (40,62), (40,63), (40,64), (40,65), (40,66), (40,67), (40,68), (40,69), (40,70), (40,71), (40,72), (40,73), (40,74), (40,75), (40,76), (40,77), (40,78), (40,79), (40,80)",
        "time": 4250.178954903364
    },
    "Walk_Train_Uber": {
        "cost": 18.055,
        "env_tax": 0.005000000000000001,
        "route": "(49,32), (50,32), (50,32), (50,31), (50,30)|(50,30), (49,30), (48,30), (47,30), (46,30), (45,30), (44,30), (43,30), (42,30), (41,30), (40,30), (40,30), (40,31), (40,32), (40,33), (40,34), (40,35), (40,36), (40,37), (40,38), (40,39), (40,40), (40,41), (40,42), (40,43), (40,44), (40,45), (40,46), (40,47), (40,48), (40,49), (40,50), (40,51), (40,52), (40,53), (40,54), (40,55), (40,56), (40,57), (40,58), (40,59), (40,60), (40,61), (40,62), (40,63), (40,64), (40,65), (40,66), (40,67), (40,68), (40,69), (40,70), (40,71), (40,72), (40,73), (40,74), (40,75), (40,76), (40,77), (40,78), (40,79), (40,80)|(40,80)",
        "time": 236.45188864259202
    },
    "Walk_Train_Walk": {
        "cost": 6.2,
        "env_tax": 0,
        "route": "(49,32), (50,32), (50,32), (50,31), (50,30)|(50,30), (49,30), (48,30), (47,30), (46,30), (45,30), (44,30), (43,30), (42,30), (41,30), (40,30), (40,30), (40,31), (40,32), (40,33), (40,34), (40,35), (40,36), (40,37), (40,38), (40,39), (40,40), (40,41), (40,42), (40,43), (40,44), (40,45), (40,46), (40,47), (40,48), (40,49), (40,50), (40,51), (40,52), (40,53), (40,54), (40,55), (40,56), (40,57), (40,58), (40,59), (40,60), (40,61), (40,62), (40,63), (40,64), (40,65), (40,66), (40,67), (40,68), (40,69), (40,70), (40,71), (40,72), (40,73), (40,74), (40,75), (40,76), (40,77), (40,78), (40,79), (40,80)|(40,80), (40,80)",
        "time": 229.09743791291092
    }
}