{
    "Uber": {
        "cost": 29.74224677059388,
        "env_tax": 0.11500000000000002,
        "route": "(45,64), (45,65), (44,65), (43,65), (43,66), (43,67), (42,67), (42,68), (41,68), (41,69), (40,69), (39,69), (38,69), (38,70), (38,71), (37,71), (36,71), (35,71), (35,72), (34,72), (33,72), (32,72), (32,73)",
        "time": 11.66985255416509
    },
    "Uber_Train_Uber": {
        "cost": 38.31168109749082,
        "env_tax": 0.08000000000000002,
        "route": "(45,64), (45,63), (44,63), (43,63), (43,62), (42,62), (42,61), (41,61), (40,61), (40,60)|(40,60), (39,60), (38,60), (37,60), (36,60), (35,60), (34,60), (33,60), (32,60), (31,60), (30,60), (30,60), (30,61), (30,62), (30,63), (30,64), (30,65), (30,66), (30,67), (30,68), (30,69), (30,70)|(30,70), (30,71), (30,72), (30,73), (31,73), (32,73)",
        "time": 21.338878204804352
    },
    "Uber_Train_Walk": {
        "cost": 24.401404929076403,
        "env_tax": 0.05,
        "route": "(45,64), (45,63), (44,63), (43,63), (43,62), (42,62), (42,61), (41,61), (40,61), (40,60)|(40,60), (39,60), (38,60), (37,60), (36,60), (35,60), (34,60), (33,60), (32,60), (31,60), (30,60), (30,60), (30,61), (30,62), (30,63), (30,64), (30,65), (30,66), (30,67), (30,68), (30,69), (30,70)|(30,70), (31,70), (32,70), (32,70), (32,71), (32,72), (32,73)",
        "time": 389.1290419890655
    },
    "Walk": {
        "cost": 0,
        "env_tax": 0,
        "route": "(45,64), (44,64), (43,64), (42,64), (41,64), (40,64), (39,64), (38,64), (37,64), (36,64), (35,64), (34,64), (33,64), (32,64), (32,64), (32,65), (32,66), (32,67), (32,68), (32,69), (32,70), (32,71), (32,72), (32,73)",
        "time": 1640.4199475065616
    },
    "Walk_Train_Uber": {
        "cost": 17.00495143011457,
        "env_tax": 0.030000000000000006,
        "route": "(45,64), (44,64), (43,64), (42,64), (41,64), (40,64), (40,64), (40,63), (40,62), (40,61), (40,60)|(40,60), (39,60), (38,60), (37,60), (36,60), (35,60), (34,60), (33,60), (32,60), (31,60), (30,60), (30,60), (30,61), (30,62), (30,63), (30,64), (30,65), (30,66), (30,67), (30,68), (30,69), (30,70)|(30,70), (30,71), (30,72), (30,73), (31,73), (32,73)",
        "time": 686.971988607188
    },
    "Walk_Train_Walk": {
        "cost": 2.2,
        "env_tax": 0,
        "route": "(45,64), (44,64), (43,64), (42,64), (41,64), (40,64), (40,64), (40,63), (40,62), (40,61), (40,60)|(40,60), (39,60), (38,60), (37,60), (36,60), (35,60), (34,60), (33,60), (32,60), (31,60), (30,60), (30,60), (30,61), (30,62), (30,63), (30,64), (30,65), (30,66), (30,67), (30,68), (30,69), (30,70)|(30,70), (31,70), (32,70), (32,70), (32,71), (32,72), (32,73)",
        "time": 1052.8624986195164
    }
}