{
    "Uber": {
        "cost": 55.39006994140489,
        "env_tax": 0.5650000000000001,
        "route": "(10,57), (9,57), (8,57), (7,57), (6,57), (5,57), (5,56), (5,55), (5,54), (5,53), (5,52), (5,51), (5,50), (4,50), (4,49), (4,48), (4,47), (4,46), (4,45), (4,44), (4,43), (4,42), (4,41), (4,40), (4,39), (4,38), (4,37), (5,37), (5,36), (5,35), (5,34), (6,34), (6,33), (6,32), (7,32), (7,31), (7,30), (8,30), (9,30), (9,29), (9,28), (9,27), (9,26), (9,25), (10,25), (11,25), (11,24), (12,24), (13,24), (14,24), (14,23), (14,22), (15,22), (16,22), (17,22), (18,22), (19,22), (20,22), (21,22), (22,22), (23,22), (24,22), (25,22), (26,22), (26,21), (27,21), (28,21), (29,21), (30,21), (31,21), (32,21), (33,21), (34,21), (35,21), (36,21), (37,21), (38,21), (39,21), (40,21), (41,21), (42,21), (43,21), (44,21), (45,21), (46,21), (47,21), (48,21), (49,21), (50,21), (51,21), (52,21), (53,21), (54,21), (55,21), (56,21), (57,21), (58,21), (59,21), (59,22), (60,22), (61,22), (62,22), (62,23), (63,23), (63,24), (64,24), (64,25), (64,26), (64,27), (64,28), (64,29), (64,30), (64,31)",
        "time": 16.592027219284446
    },
    "Uber_Train_Uber": {
        "cost": 37.11421285094156,
        "env_tax": 0.05000000000000001,
        "route": "(10,57), (10,58), (10,59), (10,60)|(10,60), (11,60), (12,60), (13,60), (14,60), (15,60), (16,60), (17,60), (18,60), (19,60), (20,60), (21,60), (22,60), (23,60), (24,60), (25,60), (26,60), (27,60), (28,60), (29,60), (30,60), (31,60), (32,60), (33,60), (34,60), (35,60), (36,60), (37,60), (38,60), (39,60), (40,60), (41,60), (42,60), (43,60), (44,60), (45,60), (46,60), (47,60), (48,60), (49,60), (50,60), (51,60), (52,60), (53,60), (54,60), (55,60), (56,60), (57,60), (58,60), (59,60), (60,60), (60,60), (60,59), (60,58), (60,57), (60,56), (60,55), (60,54), (60,53), (60,52), (60,51), (60,50), (60,49), (60,48), (60,47), (60,46), (60,45), (60,44), (60,43), (60,42), (60,41), (60,40), (60,39), (60,38), (60,37), (60,36), (60,35), (60,34), (60,33), (60,32), (60,31), (60,30)|(60,30), (61,30), (62,30), (62,31), (63,31), (64,31)",
        "time": 19.151636234413296
    },
    "Uber_Train_Walk": {
        "cost": 21.257521534566806,
        "env_tax": 0.020000000000000004,
        "route": "(10,57), (10,58), (10,59), (10,60)|(10,60), (11,60), (12,60), (13,60), (14,60), (15,60), (16,60), (17,60), (18,60), (19,60), (20,60), (21,60), (22,60), (23,60), (24,60), (25,60), (26,60), (27,60), (28,60), (29,60), (30,60), (31,60), (32,60), (33,60), (34,60), (35,60), (36,60), (37,60), (38,60), (39,60), (40,60), (41,60), (42,60), (43,60), (44,60), (45,60), (46,60), (47,60), (48,60), (49,60), (50,60), (51,60), (52,60), (53,60), (54,60), (55,60), (56,60), (57,60), (58,60), (59,60), (60,60), (60,60), (60,59), (60,58), (60,57), (60,56), (60,55), (60,54), (60,53), (60,52), (60,51), (60,50), (60,49), (60,48), (60,47), (60,46), (60,45), (60,44), (60,43), (60,42), (60,41), (60,40), (60,39), (60,38), (60,37), (60,36), (60,35), (60,34), (60,33), (60,32), (60,31), (60,30)|(60,30), (61,30), (62,30), (63,30), (64,30), (64,30), (64,31)",
        "time": 385.06525524893846
    },
    "Walk": {
        "cost": 0,
        "env_tax": 0,
        "route": "(10,57), (11,57), (12,57), (13,57), (14,57), (15,57), (16,57), (17,57), (18,57), (19,57), (20,57), (21,57), (22,57), (23,57), (24,57), (25,57), (26,57), (27,57), (28,57), (29,57), (30,57), (31,57), (32,57), (33,57), (34,57), (35,57), (36,57), (37,57), (38,57), (39,57), (40,57), (41,57), (42,57), (43,57), (44,57), (45,57), (46,57), (47,57), (48,57), (49,57), (50,57), (51,57), (52,57), (53,57), (54,57), (55,57), (56,57), (57,57), (58,57), (59,57), (60,57), (61,57), (62,57), (63,57), (64,57), (64,57), (64,56), (64,55), (64,54), (64,53), (64,52), (64,51), (64,50), (64,49), (64,48), (64,47), (64,46), (64,45), (64,44), (64,43), (64,42), (64,41), (64,40), (64,39), (64,38), (64,37), (64,36), (64,35), (64,34), (64,33), (64,32), (64,31)",
        "time": 5965.163445478405
    },
    "Walk_Train_Uber": {
        "cost": 23.843336487141254,
        "env_tax": 0.030000000000000006,
        "route": "(10,57), (10,57), (10,58), (10,59), (10,60)|(10,60), (11,60), (12,60), (13,60), (14,60), (15,60), (16,60), (17,60), (18,60), (19,60), (20,60), (21,60), (22,60), (23,60), (24,60), (25,60), (26,60), (27,60), (28,60), (29,60), (30,60), (31,60), (32,60), (33,60), (34,60), (35,60), (36,60), (37,60), (38,60), (39,60), (40,60), (41,60), (42,60), (43,60), (44,60), (45,60), (46,60), (47,60), (48,60), (49,60), (50,60), (51,60), (52,60), (53,60), (54,60), (55,60), (56,60), (57,60), (58,60), (59,60), (60,60), (60,60), (60,59), (60,58), (60,57), (60,56), (60,55), (60,54), (60,53), (60,52), (60,51), (60,50), (60,49), (60,48), (60,47), (60,46), (60,45), (60,44), (60,43), (60,42), (60,41), (60,40), (60,39), (60,38), (60,37), (60,36), (60,35), (60,34), (60,33), (60,32), (60,31), (60,30)|(60,30), (61,30), (62,30), (62,31), (63,31), (64,31)",
        "time": 238.60133361844967
    },
    "Walk_Train_Walk": {
        "cost": 8.200000000000001,
        "env_tax": 0,
        "route": "(10,57), (10,57), (10,58), (10,59), (10,60)|(10,60), (11,60), (12,60), (13,60), (14,60), (15,60), (16,60), (17,60), (18,60), (19,60), (20,60), (21,60), (22,60), (23,60), (24,60), (25,60), (26,60), (27,60), (28,60), (29,60), (30,60), (31,60), (32,60), (33,60), (34,60), (35,60), (36,60), (37,60), (38,60), (39,60), (40,60), (41,60), (42,60), (43,60), (44,60), (45,60), (46,60), (47,60), (48,60), (49,60), (50,60), (51,60), (52,60), (53,60), (54,60), (55,60), (56,60), (57,60), (58,60), (59,60), (60,60), (60,60), (60,59), (60,58), (60,57), (60,56), (60,55), (60,54), (60,53), (60,52), (60,51), (60,50), (60,49), (60,48), (60,47), (60,46), (60,45), (60,44), (60,43), (60,42), (60,41), (60,40), (60,39), (60,38), (60,37), (60,36), (60,35), (60,34), (60,33), (60,32), (60,31), (60,30)|(60,30), (61,30), (62,30), (63,30), (64,30), (64,30), (64,31)",
        "time": 603.8502960462321
    }
}