{
    "Uber": {
        "cost": 27.678300980981284,
        "env_tax": 0.49000000000000005,
        "route": "(84,11), (83,11), (82,11), (82,10), (81,10), (81,9), (81,8), (81,7), (80,7), (80,6), (80,5), (79,5), (78,5), (78,4), (78,3), (77,3), (76,3), (75,3), (74,3), (74,2), (73,2), (72,2), (71,2), (70,2), (69,2), (68,2), (67,2), (66,2), (65,2), (64,2), (63,2), (62,2), (62,1), (61,1), (60,1), (59,1), (58,1), (57,1), (56,1), (55,1), (54,1), (53,1), (52,1), (51,1), (50,1), (49,1), (48,1), (47,1), (46,1), (45,1), (44,1), (43,1), (42,1), (41,1), (40,1), (39,1), (38,1), (37,1), (36,1), (35,1), (34,1), (33,1), (32,1), (31,1), (30,1), (29,1), (28,1), (27,1), (26,1), (25,1), (24,1), (23,1), (22,1), (21,1), (20,1), (19,1), (18,1), (17,1), (16,1), (15,1), (14,1), (13,1), (12,1), (11,1), (10,1), (9,1), (9,2), (9,3), (9,4), (9,5), (9,6), (9,7), (9,8), (9,9), (8,9), (8,10), (8,11), (8,12)",
        "time": 10.926504227461969
    },
    "Uber_Train_Uber": {
        "cost": 32.15609658159341,
        "env_tax": 0.05500000000000001,
        "route": "(84,11), (83,11), (82,11), (82,10), (81,10), (80,10)|(80,10), (79,10), (78,10), (77,10), (76,10), (75,10), (74,10), (73,10), (72,10), (71,10), (70,10), (69,10), (68,10), (67,10), (66,10), (65,10), (64,10), (63,10), (62,10), (61,10), (60,10), (59,10), (58,10), (57,10), (56,10), (55,10), (54,10), (53,10), (52,10), (51,10), (50,10), (49,10), (48,10), (47,10), (46,10), (45,10), (44,10), (43,10), (42,10), (41,10), (40,10), (39,10), (38,10), (37,10), (36,10), (35,10), (34,10), (33,10), (32,10), (31,10), (30,10), (29,10), (28,10), (27,10), (26,10), (25,10), (24,10), (23,10), (22,10), (21,10), (20,10), (19,10), (18,10), (17,10), (16,10), (15,10), (14,10), (13,10), (12,10), (11,10), (10,10), (10,10)|(10,10), (9,10), (8,10), (8,11), (8,12)",
        "time": 20.746943818030765
    },
    "Uber_Train_Walk": {
        "cost": 19.80244711104324,
        "env_tax": 0.030000000000000006,
        "route": "(84,11), (83,11), (82,11), (82,10), (81,10), (80,10)|(80,10), (79,10), (78,10), (77,10), (76,10), (75,10), (74,10), (73,10), (72,10), (71,10), (70,10), (69,10), (68,10), (67,10), (66,10), (65,10), (64,10), (63,10), (62,10), (61,10), (60,10), (59,10), (58,10), (57,10), (56,10), (55,10), (54,10), (53,10), (52,10), (51,10), (50,10), (49,10), (48,10), (47,10), (46,10), (45,10), (44,10), (43,10), (42,10), (41,10), (40,10), (39,10), (38,10), (37,10), (36,10), (35,10), (34,10), (33,10), (32,10), (31,10), (30,10), (29,10), (28,10), (27,10), (26,10), (25,10), (24,10), (23,10), (22,10), (21,10), (20,10), (19,10), (18,10), (17,10), (16,10), (15,10), (14,10), (13,10), (12,10), (11,10), (10,10), (10,10)|(10,10), (9,10), (8,10), (8,10), (8,11), (8,12)",
        "time": 313.5246432830913
    },
    "Walk": {
        "cost": 0,
        "env_tax": 0,
        "route": "(84,11), (83,11), (82,11), (81,11), (80,11), (79,11), (78,11), (77,11), (76,11), (75,11), (74,11), (73,11), (72,11), (71,11), (70,11), (69,11), (68,11), (67,11), (66,11), (65,11), (64,11), (63,11), (62,11), (61,11), (60,11), (59,11), (58,11), (57,11), (56,11), (55,11), (54,11), (53,11), (52,11), (51,11), (50,11), (49,11), (48,11), (47,11), (46,11), (45,11), (44,11), (43,11), (42,11), (41,11), (40,11), (39,11), (38,11), (37,11), (36,11), (35,11), (34,11), (33,11), (32,11), (31,11), (30,11), (29,11), (28,11), (27,11), (26,11), (25,11), (24,11), (23,11), (22,11), (21,11), (20,11), (19,11), (18,11), (17,11), (16,11), (15,11), (14,11), (13,11), (12,11), (11,11), (10,11), (9,11), (8,11), (8,11), (8,12)",
        "time": 5741.4698162729655
    },
    "Walk_Train_Uber": {
        "cost": 19.545749204121535,
        "env_tax": 0.025,
        "route": "(84,11), (83,11), (82,11), (81,11), (80,11), (80,11), (80,10)|(80,10), (79,10), (78,10), (77,10), (76,10), (75,10), (74,10), (73,10), (72,10), (71,10), (70,10), (69,10), (68,10), (67,10), (66,10), (65,10), (64,10), (63,10), (62,10), (61,10), (60,10), (59,10), (58,10), (57,10), (56,10), (55,10), (54,10), (53,10), (52,10), (51,10), (50,10), (49,10), (48,10), (47,10), (46,10), (45,10), (44,10), (43,10), (42,10), (41,10), (40,10), (39,10), (38,10), (37,10), (36,10), (35,10), (34,10), (33,10), (32,10), (31,10), (30,10), (29,10), (28,10), (27,10), (26,10), (25,10), (24,10), (23,10), (22,10), (21,10), (20,10), (19,10), (18,10), (17,10), (16,10), (15,10), (14,10), (13,10), (12,10), (11,10), (10,10), (10,10)|(10,10), (9,10), (8,10), (8,11), (8,12)",
        "time": 388.8987851466439
    },
    "Walk_Train_Walk": {
        "cost": 7.2,
        "env_tax": 0,
        "route": "(84,11), (83,11), (82,11), (81,11), (80,11), (80,11), (80,10)|(80,10), (79,10), (78,10), (77,10), (76,10), (75,10), (74,10), (73,10), (72,10), (71,10), (70,10), (69,10), (68,10), (67,10), (66,10), (65,10), (64,10), (63,10), (62,10), (61,10), (60,10), (59,10), (58,10), (57,10), (56,10), (55,10), (54,10), (53,10), (52,10), (51,10), (50,10), (49,10), (48,10), (47,10), (46,10), (45,10), (44,10), (43,10), (42,10), (41,10), (40,10), (39,10), (38,10), (37,10), (36,10), (35,10), (34,10), (33,10), (32,10), (31,10), (30,10), (29,10), (28,10), (27,10), (26,10), (25,10), (24,10), (23,10), (22,10), (21,10), (20,10), (19,10), (18,10), (17,10), (16,10), (15,10), (14,10), (13,10), (12,10), (11,10), (10,10), (10,10)|(10,10), (9,10), (8,10), (8,10), (8,11), (8,12)",
        "time": 679.4178439624634
    }
}