{
    "Uber": {
        "cost": 68.97375864125088,
        "env_tax": 0.6550000000000001,
        "route": "(6,53), (5,53), (5,52), (5,51), (5,50), (4,50), (4,49), (4,48), (4,47), (4,46), (4,45), (4,44), (4,43), (4,42), (4,41), (4,40), (4,39), (4,38), (4,37), (5,37), (5,36), (5,35), (5,34), (6,34), (6,33), (6,32), (7,32), (7,31), (7,30), (8,30), (9,30), (9,29), (9,28), (9,27), (10,27), (11,27), (12,27), (13,27), (14,27), (15,27), (16,27), (17,27), (18,27), (19,27), (20,27), (21,27), (22,27), (23,27), (24,27), (25,27), (26,27), (27,27), (28,27), (29,27), (30,27), (31,27), (32,27), (33,27), (33,26), (34,26), (35,26), (36,26), (37,26), (38,26), (39,26), (40,26), (41,26), (42,26), (43,26), (44,26), (45,26), (46,26), (47,26), (48,26), (49,26), (50,26), (51,26), (52,26), (53,26), (54,26), (55,26), (56,26), (57,26), (58,26), (59,26), (60,26), (61,26), (62,26), (63,26), (64,26), (65,26), (66,26), (67,26), (68,26), (69,26), (70,26), (71,26), (72,26), (73,26), (74,26), (75,26), (76,26), (77,26), (78,26), (79,26), (80,26), (81,26), (82,26), (83,26), (84,26), (85,26), (86,26), (86,27), (87,27), (88,27), (89,27), (90,27), (91,27), (92,27), (93,27), (93,28), (93,29), (93,30), (94,30), (94,31), (94,32), (95,32), (95,33), (95,34), (95,35), (95,36)",
        "time": 19.819421823029945
    },
    "Uber_Train_Uber": {
        "cost": 37.36567439081471,
        "env_tax": 0.09000000000000001,
        "route": "(6,53), (7,53), (8,53), (9,53), (10,53), (10,52), (10,51), (10,50)|(10,50), (11,50), (12,50), (13,50), (14,50), (15,50), (16,50), (17,50), (18,50), (19,50), (20,50), (21,50), (22,50), (23,50), (24,50), (25,50), (26,50), (27,50), (28,50), (29,50), (30,50), (31,50), (32,50), (33,50), (34,50), (35,50), (36,50), (37,50), (38,50), (39,50), (40,50), (41,50), (42,50), (43,50), (44,50), (45,50), (46,50), (47,50), (48,50), (49,50), (50,50), (51,50), (52,50), (53,50), (54,50), (55,50), (56,50), (57,50), (58,50), (59,50), (60,50), (61,50), (62,50), (63,50), (64,50), (65,50), (66,50), (67,50), (68,50), (69,50), (70,50), (71,50), (72,50), (73,50), (74,50), (75,50), (76,50), (77,50), (78,50), (79,50), (80,50), (81,50), (82,50), (83,50), (84,50), (85,50), (86,50), (87,50), (88,50), (89,50), (90,50), (90,50), (90,49), (90,48), (90,47), (90,46), (90,45), (90,44), (90,43), (90,42), (90,41), (90,40)|(90,40), (90,39), (90,38), (91,38), (92,38), (93,38), (93,37), (94,37), (95,37), (95,36)",
        "time": 24.784870265854682
    },
    "Uber_Train_Walk": {
        "cost": 23.518247941409225,
        "env_tax": 0.04000000000000001,
        "route": "(6,53), (7,53), (8,53), (9,53), (10,53), (10,52), (10,51), (10,50)|(10,50), (11,50), (12,50), (13,50), (14,50), (15,50), (16,50), (17,50), (18,50), (19,50), (20,50), (21,50), (22,50), (23,50), (24,50), (25,50), (26,50), (27,50), (28,50), (29,50), (30,50), (31,50), (32,50), (33,50), (34,50), (35,50), (36,50), (37,50), (38,50), (39,50), (40,50), (41,50), (42,50), (43,50), (44,50), (45,50), (46,50), (47,50), (48,50), (49,50), (50,50), (51,50), (52,50), (53,50), (54,50), (55,50), (56,50), (57,50), (58,50), (59,50), (60,50), (61,50), (62,50), (63,50), (64,50), (65,50), (66,50), (67,50), (68,50), (69,50), (70,50), (71,50), (72,50), (73,50), (74,50), (75,50), (76,50), (77,50), (78,50), (79,50), (80,50), (81,50), (82,50), (83,50), (84,50), (85,50), (86,50), (87,50), (88,50), (89,50), (90,50), (90,50), (90,49), (90,48), (90,47), (90,46), (90,45), (90,44), (90,43), (90,42), (90,41), (90,40)|(90,40), (91,40), (92,40), (93,40), (94,40), (95,40), (95,40), (95,39), (95,38), (95,37), (95,36)",
        "time": 682.1472165083695
    },
    "Walk": {
        "cost": 0,
        "env_tax": 0,
        "route": "(6,53), (7,53), (8,53), (9,53), (10,53), (11,53), (12,53), (13,53), (14,53), (15,53), (16,53), (17,53), (18,53), (19,53), (20,53), (21,53), (22,53), (23,53), (24,53), (25,53), (26,53), (27,53), (28,53), (29,53), (30,53), (31,53), (32,53), (33,53), (34,53), (35,53), (36,53), (37,53), (38,53), (39,53), (40,53), (41,53), (42,53), (43,53), (44,53), (45,53), (46,53), (47,53), (48,53), (49,53), (50,53), (51,53), (52,53), (53,53), (54,53), (55,53), (56,53), (57,53), (58,53), (59,53), (60,53), (61,53), (62,53), (63,53), (64,53), (65,53), (66,53), (67,53), (68,53), (69,53), (70,53), (71,53), (72,53), (73,53), (74,53), (75,53), (76,53), (77,53), (78,53), (79,53), (80,53), (81,53), (82,53), (83,53), (84,53), (85,53), (86,53), (87,53), (88,53), (89,53), (90,53), (91,53), (92,53), (93,53), (94,53), (95,53), (95,53), (95,52), (95,51), (95,50), (95,49), (95,48), (95,47), (95,46), (95,45), (95,44), (95,43), (95,42), (95,41), (95,40), (95,39), (95,38), (95,37), (95,36)",
        "time": 7903.841565258887
    },
    "Walk_Train_Uber": {
        "cost": 23.95965995755101,
        "env_tax": 0.05,
        "route": "(6,53), (7,53), (8,53), (9,53), (10,53), (10,53), (10,52), (10,51), (10,50)|(10,50), (11,50), (12,50), (13,50), (14,50), (15,50), (16,50), (17,50), (18,50), (19,50), (20,50), (21,50), (22,50), (23,50), (24,50), (25,50), (26,50), (27,50), (28,50), (29,50), (30,50), (31,50), (32,50), (33,50), (34,50), (35,50), (36,50), (37,50), (38,50), (39,50), (40,50), (41,50), (42,50), (43,50), (44,50), (45,50), (46,50), (47,50), (48,50), (49,50), (50,50), (51,50), (52,50), (53,50), (54,50), (55,50), (56,50), (57,50), (58,50), (59,50), (60,50), (61,50), (62,50), (63,50), (64,50), (65,50), (66,50), (67,50), (68,50), (69,50), (70,50), (71,50), (72,50), (73,50), (74,50), (75,50), (76,50), (77,50), (78,50), (79,50), (80,50), (81,50), (82,50), (83,50), (84,50), (85,50), (86,50), (87,50), (88,50), (89,50), (90,50), (90,50), (90,49), (90,48), (90,47), (90,46), (90,45), (90,44), (90,43), (90,42), (90,41), (90,40)|(90,40), (90,39), (90,38), (91,38), (92,38), (93,38), (93,37), (94,37), (95,37), (95,36)",
        "time": 536.2965873470223
    },
    "Walk_Train_Walk": {
        "cost": 9.200000000000001,
        "env_tax": 0,
        "route": "(6,53), (7,53), (8,53), (9,53), (10,53), (10,53), (10,52), (10,51), (10,50)|(10,50), (11,50), (12,50), (13,50), (14,50), (15,50), (16,50), (17,50), (18,50), (19,50), (20,50), (21,50), (22,50), (23,50), (24,50), (25,50), (26,50), (27,50), (28,50), (29,50), (30,50), (31,50), (32,50), (33,50), (34,50), (35,50), (36,50), (37,50), (38,50), (39,50), (40,50), (41,50), (42,50), (43,50), (44,50), (45,50), (46,50), (47,50), (48,50), (49,50), (50,50), (51,50), (52,50), (53,50), (54,50), (55,50), (56,50), (57,50), (58,50), (59,50), (60,50), (61,50), (62,50), (63,50), (64,50), (65,50), (66,50), (67,50), (68,50), (69,50), (70,50), (71,50), (72,50), (73,50), (74,50), (75,50), (76,50), (77,50), (78,50), (79,50), (80,50), (81,50), (82,50), (83,50), (84,50), (85,50), (86,50), (87,50), (88,50), (89,50), (90,50), (90,50), (90,49), (90,48), (90,47), (90,46), (90,45), (90,44), (90,43), (90,42), (90,41), (90,40)|(90,40), (91,40), (92,40), (93,40), (94,40), (95,40), (95,40), (95,39), (95,38), (95,37), (95,36)",
        "time": 1197.5040109925094
    }
}