{
    "Uber": {
        "cost": 29.110316402609378,
        "env_tax": 0.26500000000000007,
        "route": "(10,78), (9,78), (9,77), (9,76), (9,75), (9,74), (9,73), (9,72), (9,71), (9,70), (9,69), (9,68), (9,67), (9,66), (9,65), (9,64), (9,63), (9,62), (9,61), (9,60), (9,59), (9,58), (9,57), (9,56), (9,55), (9,54), (10,54), (10,53), (10,52), (10,51), (10,50), (10,49), (10,48), (11,48), (11,47), (12,47), (12,46), (12,45), (12,44), (13,44), (14,44), (15,44), (16,44), (17,44), (17,43), (18,43), (19,43), (20,43), (21,43), (22,43), (23,43), (24,43), (25,43)",
        "time": 15.792959977001875
    },
    "Uber_Train_Uber": {
        "cost": 33.96425980891474,
        "env_tax": 0.06000000000000001,
        "route": "(10,78), (10,79), (10,80)|(10,80), (11,80), (12,80), (13,80), (14,80), (15,80), (16,80), (17,80), (18,80), (19,80), (20,80), (20,80), (20,79), (20,78), (20,77), (20,76), (20,75), (20,74), (20,73), (20,72), (20,71), (20,70), (20,69), (20,68), (20,67), (20,66), (20,65), (20,64), (20,63), (20,62), (20,61), (20,60), (20,59), (20,58), (20,57), (20,56), (20,55), (20,54), (20,53), (20,52), (20,51), (20,50), (20,49), (20,48), (20,47), (20,46), (20,45), (20,44), (20,43), (20,42), (20,41), (20,40)|(20,40), (21,40), (22,40), (23,40), (23,41), (24,41), (24,42), (25,42), (25,43)",
        "time": 21.304562606772627
    },
    "Uber_Train_Walk": {
        "cost": 17.512728001362113,
        "env_tax": 0.015000000000000003,
        "route": "(10,78), (10,79), (10,80)|(10,80), (11,80), (12,80), (13,80), (14,80), (15,80), (16,80), (17,80), (18,80), (19,80), (20,80), (20,80), (20,79), (20,78), (20,77), (20,76), (20,75), (20,74), (20,73), (20,72), (20,71), (20,70), (20,69), (20,68), (20,67), (20,66), (20,65), (20,64), (20,63), (20,62), (20,61), (20,60), (20,59), (20,58), (20,57), (20,56), (20,55), (20,54), (20,53), (20,52), (20,51), (20,50), (20,49), (20,48), (20,47), (20,46), (20,45), (20,44), (20,43), (20,42), (20,41), (20,40)|(20,40), (21,40), (22,40), (23,40), (24,40), (25,40), (25,40), (25,41), (25,42), (25,43)",
        "time": 610.4158610171701
    },
    "Walk": {
        "cost": 0,
        "env_tax": 0,
        "route": "(10,78), (11,78), (12,78), (13,78), (14,78), (15,78), (16,78), (17,78), (18,78), (19,78), (20,78), (21,78), (22,78), (23,78), (24,78), (25,78), (25,78), (25,77), (25,76), (25,75), (25,74), (25,73), (25,72), (25,71), (25,70), (25,69), (25,68), (25,67), (25,66), (25,65), (25,64), (25,63), (25,62), (25,61), (25,60), (25,59), (25,58), (25,57), (25,56), (25,55), (25,54), (25,53), (25,52), (25,51), (25,50), (25,49), (25,48), (25,47), (25,46), (25,45), (25,44), (25,43)",
        "time": 3728.2271534240035
    },
    "Walk_Train_Uber": {
        "cost": 21.125703672709697,
        "env_tax": 0.045000000000000005,
        "route": "(10,78), (10,78), (10,79), (10,80)|(10,80), (11,80), (12,80), (13,80), (14,80), (15,80), (16,80), (17,80), (18,80), (19,80), (20,80), (20,80), (20,79), (20,78), (20,77), (20,76), (20,75), (20,74), (20,73), (20,72), (20,71), (20,70), (20,69), (20,68), (20,67), (20,66), (20,65), (20,64), (20,63), (20,62), (20,61), (20,60), (20,59), (20,58), (20,57), (20,56), (20,55), (20,54), (20,53), (20,52), (20,51), (20,50), (20,49), (20,48), (20,47), (20,46), (20,45), (20,44), (20,43), (20,42), (20,41), (20,40)|(20,40), (21,40), (22,40), (23,40), (23,41), (24,41), (24,42), (25,42), (25,43)",
        "time": 160.32384087382124
    },
    "Walk_Train_Walk": {
        "cost": 5.2,
        "env_tax": 0,
        "route": "(10,78), (10,78), (10,79), (10,80)|(10,80), (11,80), (12,80), (13,80), (14,80), (15,80), (16,80), (17,80), (18,80), (19,80), (20,80), (20,80), (20,79), (20,78), (20,77), (20,76), (20,75), (20,74), (20,73), (20,72), (20,71), (20,70), (20,69), (20,68), (20,67), (20,66), (20,65), (20,64), (20,63), (20,62), (20,61), (20,60), (20,59), (20,58), (20,57), (20,56), (20,55), (20,54), (20,53), (20,52), (20,51), (20,50), (20,49), (20,48), (20,47), (20,46), (20,45), (20,44), (20,43), (20,42), (20,41), (20,40)|(20,40), (21,40), (22,40), (23,40), (24,40), (25,40), (25,40), (25,41), (25,42), (25,43)",
        "time": 750.537409443737
    }
}