{
    "Uber": {
        "cost": 80.19693603331278,
        "env_tax": 0.5100000000000001,
        "route": "(48,16), (49,16), (50,16), (51,16), (52,16), (53,16), (54,16), (55,16), (55,17), (55,18), (56,18), (56,19), (57,19), (58,19), (58,20), (59,20), (59,21), (59,22), (60,22), (61,22), (62,22), (62,23), (63,23), (63,24), (64,24), (64,25), (64,26), (65,26), (65,27), (65,28), (66,28), (67,28), (67,29), (67,30), (68,30), (68,31), (68,32), (68,33), (68,34), (68,35), (68,36), (68,37), (68,38), (68,39), (68,40), (68,41), (68,42), (68,43), (68,44), (68,45), (68,46), (68,47), (68,48), (68,49), (68,50), (68,51), (68,52), (68,53), (68,54), (68,55), (68,56), (68,57), (67,57), (67,58), (67,59), (67,60), (67,61), (67,62), (67,63), (67,64), (67,65), (67,66), (67,67), (67,68), (67,69), (67,70), (67,71), (67,72), (67,73), (67,74), (67,75), (67,76), (67,77), (67,78), (67,79), (67,80), (67,81), (67,82), (67,83), (67,84), (67,85), (67,86), (66,86), (66,87), (66,88), (65,88), (64,88), (63,88), (63,89), (62,89), (61,89), (60,89)",
        "time": 27.365961414266536
    },
    "Uber_Train_Uber": {
        "cost": 34.96137691124959,
        "env_tax": 0.045000000000000005,
        "route": "(48,16), (48,17), (48,18), (49,18), (49,19), (50,19), (50,20)|(50,20), (51,20), (52,20), (53,20), (54,20), (55,20), (56,20), (57,20), (58,20), (59,20), (60,20), (60,20), (60,21), (60,22), (60,23), (60,24), (60,25), (60,26), (60,27), (60,28), (60,29), (60,30), (60,31), (60,32), (60,33), (60,34), (60,35), (60,36), (60,37), (60,38), (60,39), (60,40), (60,41), (60,42), (60,43), (60,44), (60,45), (60,46), (60,47), (60,48), (60,49), (60,50), (60,51), (60,52), (60,53), (60,54), (60,55), (60,56), (60,57), (60,58), (60,59), (60,60), (60,61), (60,62), (60,63), (60,64), (60,65), (60,66), (60,67), (60,68), (60,69), (60,70), (60,71), (60,72), (60,73), (60,74), (60,75), (60,76), (60,77), (60,78), (60,79), (60,80), (60,81), (60,82), (60,83), (60,84), (60,85), (60,86), (60,87), (60,88), (60,89), (60,90)|(60,90), (60,89)",
        "time": 21.310404570483268
    },
    "Uber_Train_Walk": {
        "cost": 23.60988011131712,
        "env_tax": 0.035,
        "route": "(48,16), (48,17), (48,18), (49,18), (49,19), (50,19), (50,20)|(50,20), (51,20), (52,20), (53,20), (54,20), (55,20), (56,20), (57,20), (58,20), (59,20), (60,20), (60,20), (60,21), (60,22), (60,23), (60,24), (60,25), (60,26), (60,27), (60,28), (60,29), (60,30), (60,31), (60,32), (60,33), (60,34), (60,35), (60,36), (60,37), (60,38), (60,39), (60,40), (60,41), (60,42), (60,43), (60,44), (60,45), (60,46), (60,47), (60,48), (60,49), (60,50), (60,51), (60,52), (60,53), (60,54), (60,55), (60,56), (60,57), (60,58), (60,59), (60,60), (60,61), (60,62), (60,63), (60,64), (60,65), (60,66), (60,67), (60,68), (60,69), (60,70), (60,71), (60,72), (60,73), (60,74), (60,75), (60,76), (60,77), (60,78), (60,79), (60,80), (60,81), (60,82), (60,83), (60,84), (60,85), (60,86), (60,87), (60,88), (60,89), (60,90)|(60,90), (60,90), (60,89)",
        "time": 92.17422472823218
    },
    "Walk": {
        "cost": 0,
        "env_tax": 0,
        "route": "(48,16), (49,16), (50,16), (51,16), (52,16), (53,16), (54,16), (55,16), (56,16), (57,16), (58,16), (59,16), (60,16), (60,16), (60,17), (60,18), (60,19), (60,20), (60,21), (60,22), (60,23), (60,24), (60,25), (60,26), (60,27), (60,28), (60,29), (60,30), (60,31), (60,32), (60,33), (60,34), (60,35), (60,36), (60,37), (60,38), (60,39), (60,40), (60,41), (60,42), (60,43), (60,44), (60,45), (60,46), (60,47), (60,48), (60,49), (60,50), (60,51), (60,52), (60,53), (60,54), (60,55), (60,56), (60,57), (60,58), (60,59), (60,60), (60,61), (60,62), (60,63), (60,64), (60,65), (60,66), (60,67), (60,68), (60,69), (60,70), (60,71), (60,72), (60,73), (60,74), (60,75), (60,76), (60,77), (60,78), (60,79), (60,80), (60,81), (60,82), (60,83), (60,84), (60,85), (60,86), (60,87), (60,88), (60,89)",
        "time": 6337.986160820806
    },
    "Walk_Train_Uber": {
        "cost": 20.504178485586397,
        "env_tax": 0.010000000000000002,
        "route": "(48,16), (49,16), (50,16), (50,16), (50,17), (50,18), (50,19), (50,20)|(50,20), (51,20), (52,20), (53,20), (54,20), (55,20), (56,20), (57,20), (58,20), (59,20), (60,20), (60,20), (60,21), (60,22), (60,23), (60,24), (60,25), (60,26), (60,27), (60,28), (60,29), (60,30), (60,31), (60,32), (60,33), (60,34), (60,35), (60,36), (60,37), (60,38), (60,39), (60,40), (60,41), (60,42), (60,43), (60,44), (60,45), (60,46), (60,47), (60,48), (60,49), (60,50), (60,51), (60,52), (60,53), (60,54), (60,55), (60,56), (60,57), (60,58), (60,59), (60,60), (60,61), (60,62), (60,63), (60,64), (60,65), (60,66), (60,67), (60,68), (60,69), (60,70), (60,71), (60,72), (60,73), (60,74), (60,75), (60,76), (60,77), (60,78), (60,79), (60,80), (60,81), (60,82), (60,83), (60,84), (60,85), (60,86), (60,87), (60,88), (60,89), (60,90)|(60,90), (60,89)",
        "time": 461.4709626616489
    },
    "Walk_Train_Walk": {
        "cost": 8.200000000000001,
        "env_tax": 0,
        "route": "(48,16), (49,16), (50,16), (50,16), (50,17), (50,18), (50,19), (50,20)|(50,20), (51,20), (52,20), (53,20), (54,20), (55,20), (56,20), (57,20), (58,20), (59,20), (60,20), (60,20), (60,21), (60,22), (60,23), (60,24), (60,25), (60,26), (60,27), (60,28), (60,29), (60,30), (60,31), (60,32), (60,33), (60,34), (60,35), (60,36), (60,37), (60,38), (60,39), (60,40), (60,41), (60,42), (60,43), (60,44), (60,45), (60,46), (60,47), (60,48), (60,49), (60,50), (60,51), (60,52), (60,53), (60,54), (60,55), (60,56), (60,57), (60,58), (60,59), (60,60), (60,61), (60,62), (60,63), (60,64), (60,65), (60,66), (60,67), (60,68), (60,69), (60,70), (60,71), (60,72), (60,73), (60,74), (60,75), (60,76), (60,77), (60,78), (60,79), (60,80), (60,81), (60,82), (60,83), (60,84), (60,85), (60,86), (60,87), (60,88), (60,89), (60,90)|(60,90), (60,90), (60,89)",
        "time": 530.4714126840769
    }
}