{
    "Uber": {
        "cost": 40.816073853704545,
        "env_tax": 0.24500000000000002,
        "route": "(52,38), (51,38), (51,37), (50,37), (50,36), (50,35), (50,34), (50,33), (50,32), (50,31), (50,30), (50,29), (49,29), (48,29), (48,28), (48,27), (48,26), (48,25), (48,24), (48,23), (48,22), (47,22), (47,21), (47,20), (47,19), (47,18), (46,18), (46,17), (46,16), (46,15), (45,15), (45,14), (44,14), (43,14), (43,13), (42,13), (41,13), (40,13), (39,13), (39,12), (38,12), (38,11), (37,11), (36,11), (35,11), (35,10), (34,10), (33,10), (32,10)",
        "time": 14.567505020260654
    },
    "Uber_Train_Uber": {
        "cost": 34.062065364628076,
        "env_tax": 0.04000000000000001,
        "route": "(52,38), (51,38), (51,39), (50,39), (50,40)|(50,40), (49,40), (48,40), (47,40), (46,40), (45,40), (44,40), (43,40), (42,40), (41,40), (40,40), (39,40), (38,40), (37,40), (36,40), (35,40), (34,40), (33,40), (32,40), (31,40), (30,40), (30,40), (30,39), (30,38), (30,37), (30,36), (30,35), (30,34), (30,33), (30,32), (30,31), (30,30), (30,29), (30,28), (30,27), (30,26), (30,25), (30,24), (30,23), (30,22), (30,21), (30,20), (30,19), (30,18), (30,17), (30,16), (30,15), (30,14), (30,13), (30,12), (30,11), (30,10)|(30,10), (31,10), (32,10)",
        "time": 23.87340047056894
    },
    "Uber_Train_Walk": {
        "cost": 22.205497799978797,
        "env_tax": 0.025,
        "route": "(52,38), (51,38), (51,39), (50,39), (50,40)|(50,40), (49,40), (48,40), (47,40), (46,40), (45,40), (44,40), (43,40), (42,40), (41,40), (40,40), (39,40), (38,40), (37,40), (36,40), (35,40), (34,40), (33,40), (32,40), (31,40), (30,40), (30,40), (30,39), (30,38), (30,37), (30,36), (30,35), (30,34), (30,33), (30,32), (30,31), (30,30), (30,29), (30,28), (30,27), (30,26), (30,25), (30,24), (30,23), (30,22), (30,21), (30,20), (30,19), (30,18), (30,17), (30,16), (30,15), (30,14), (30,13), (30,12), (30,11), (30,10)|(30,10), (31,10), (32,10), (32,10)",
        "time": 164.13381536491013
    },
    "Walk": {
        "cost": 0,
        "env_tax": 0,
        "route": "(52,38), (51,38), (50,38), (49,38), (48,38), (47,38), (46,38), (45,38), (44,38), (43,38), (42,38), (41,38), (40,38), (39,38), (38,38), (37,38), (36,38), (35,38), (34,38), (33,38), (32,38), (32,38), (32,37), (32,36), (32,35), (32,34), (32,33), (32,32), (32,31), (32,30), (32,29), (32,28), (32,27), (32,26), (32,25), (32,24), (32,23), (32,22), (32,21), (32,20), (32,19), (32,18), (32,17), (32,16), (32,15), (32,14), (32,13), (32,12), (32,11), (32,10)",
        "time": 3579.0980672870432
    },
    "Walk_Train_Uber": {
        "cost": 17.618300328063118,
        "env_tax": 0.015000000000000003,
        "route": "(52,38), (51,38), (50,38), (50,38), (50,39), (50,40)|(50,40), (49,40), (48,40), (47,40), (46,40), (45,40), (44,40), (43,40), (42,40), (41,40), (40,40), (39,40), (38,40), (37,40), (36,40), (35,40), (34,40), (33,40), (32,40), (31,40), (30,40), (30,40), (30,39), (30,38), (30,37), (30,36), (30,35), (30,34), (30,33), (30,32), (30,31), (30,30), (30,29), (30,28), (30,27), (30,26), (30,25), (30,24), (30,23), (30,22), (30,21), (30,20), (30,19), (30,18), (30,17), (30,16), (30,15), (30,14), (30,13), (30,12), (30,11), (30,10)|(30,10), (31,10), (32,10)",
        "time": 315.1628130589783
    },
    "Walk_Train_Walk": {
        "cost": 5.2,
        "env_tax": 0,
        "route": "(52,38), (51,38), (50,38), (50,38), (50,39), (50,40)|(50,40), (49,40), (48,40), (47,40), (46,40), (45,40), (44,40), (43,40), (42,40), (41,40), (40,40), (39,40), (38,40), (37,40), (36,40), (35,40), (34,40), (33,40), (32,40), (31,40), (30,40), (30,40), (30,39), (30,38), (30,37), (30,36), (30,35), (30,34), (30,33), (30,32), (30,31), (30,30), (30,29), (30,28), (30,27), (30,26), (30,25), (30,24), (30,23), (30,22), (30,21), (30,20), (30,19), (30,18), (30,17), (30,16), (30,15), (30,14), (30,13), (30,12), (30,11), (30,10)|(30,10), (31,10), (32,10), (32,10)",
        "time": 453.80711669442167
    }
}