{
    "Uber": {
        "cost": 39.20493303091889,
        "env_tax": 0.7000000000000001,
        "route": "(97,34), (98,34), (98,35), (98,36), (98,37), (98,38), (98,39), (98,40), (98,41), (98,42), (98,43), (98,44), (98,45), (98,46), (98,47), (98,48), (98,49), (98,50), (98,51), (98,52), (99,52), (99,53), (99,54), (99,55), (99,56), (99,57), (99,58), (99,59), (99,60), (99,61), (99,62), (99,63), (99,64), (99,65), (99,66), (99,67), (99,68), (99,69), (99,70), (99,71), (99,72), (98,72), (98,73), (97,73), (96,73), (95,73), (95,74), (95,75), (95,76), (94,76), (93,76), (92,76), (91,76), (90,76), (89,76), (89,77), (89,78), (89,79), (89,80), (89,81), (88,81), (88,82), (87,82), (86,82), (86,83), (86,84), (85,84), (84,84), (83,84), (82,84), (81,84), (81,85), (80,85), (80,86), (79,86), (79,87), (79,88), (79,89), (79,90), (78,90), (78,91), (77,91), (77,92), (76,92), (76,93), (75,93), (75,94), (74,94), (73,94), (72,94), (72,95), (72,96), (71,96), (70,96), (69,96), (68,96), (68,97), (68,98), (67,98), (66,98), (65,98), (64,98), (63,98), (62,98), (61,98), (60,98), (59,98), (58,98), (57,98), (56,98), (55,98), (54,98), (53,98), (52,98), (51,98), (50,98), (49,98), (48,98), (47,98), (46,98), (45,98), (44,98), (43,98), (42,98), (41,98), (40,98), (39,98), (38,98), (37,98), (36,98), (35,98), (34,98), (33,98), (32,98), (31,98), (30,98), (29,98), (28,98), (28,97), (28,96)",
        "time": 11.357724016564703
    },
    "Uber_Train_Uber": {
        "cost": 39.85508044098897,
        "env_tax": 0.10500000000000001,
        "route": "(97,34), (96,34), (96,33), (95,33), (95,32), (94,32), (94,31), (94,30), (93,30), (92,30), (91,30), (90,30)|(90,30), (89,30), (88,30), (87,30), (86,30), (85,30), (84,30), (83,30), (82,30), (81,30), (80,30), (79,30), (78,30), (77,30), (76,30), (75,30), (74,30), (73,30), (72,30), (71,30), (70,30), (69,30), (68,30), (67,30), (66,30), (65,30), (64,30), (63,30), (62,30), (61,30), (60,30), (59,30), (58,30), (57,30), (56,30), (55,30), (54,30), (53,30), (52,30), (51,30), (50,30), (49,30), (48,30), (47,30), (46,30), (45,30), (44,30), (43,30), (42,30), (41,30), (40,30), (39,30), (38,30), (37,30), (36,30), (35,30), (34,30), (33,30), (32,30), (31,30), (30,30), (30,30), (30,31), (30,32), (30,33), (30,34), (30,35), (30,36), (30,37), (30,38), (30,39), (30,40), (30,41), (30,42), (30,43), (30,44), (30,45), (30,46), (30,47), (30,48), (30,49), (30,50), (30,51), (30,52), (30,53), (30,54), (30,55), (30,56), (30,57), (30,58), (30,59), (30,60), (30,61), (30,62), (30,63), (30,64), (30,65), (30,66), (30,67), (30,68), (30,69), (30,70), (30,71), (30,72), (30,73), (30,74), (30,75), (30,76), (30,77), (30,78), (30,79), (30,80), (30,81), (30,82), (30,83), (30,84), (30,85), (30,86), (30,87), (30,88), (30,89), (30,90)|(30,90), (30,91), (30,92), (30,93), (29,93), (29,94), (28,94), (28,95), (28,96)",
        "time": 21.58313454909051
    },
    "Uber_Train_Walk": {
        "cost": 26.300914066202616,
        "env_tax": 0.06000000000000001,
        "route": "(97,34), (96,34), (96,33), (95,33), (95,32), (94,32), (94,31), (94,30), (93,30), (92,30), (91,30), (90,30)|(90,30), (89,30), (88,30), (87,30), (86,30), (85,30), (84,30), (83,30), (82,30), (81,30), (80,30), (79,30), (78,30), (77,30), (76,30), (75,30), (74,30), (73,30), (72,30), (71,30), (70,30), (69,30), (68,30), (67,30), (66,30), (65,30), (64,30), (63,30), (62,30), (61,30), (60,30), (59,30), (58,30), (57,30), (56,30), (55,30), (54,30), (53,30), (52,30), (51,30), (50,30), (49,30), (48,30), (47,30), (46,30), (45,30), (44,30), (43,30), (42,30), (41,30), (40,30), (39,30), (38,30), (37,30), (36,30), (35,30), (34,30), (33,30), (32,30), (31,30), (30,30), (30,30), (30,31), (30,32), (30,33), (30,34), (30,35), (30,36), (30,37), (30,38), (30,39), (30,40), (30,41), (30,42), (30,43), (30,44), (30,45), (30,46), (30,47), (30,48), (30,49), (30,50), (30,51), (30,52), (30,53), (30,54), (30,55), (30,56), (30,57), (30,58), (30,59), (30,60), (30,61), (30,62), (30,63), (30,64), (30,65), (30,66), (30,67), (30,68), (30,69), (30,70), (30,71), (30,72), (30,73), (30,74), (30,75), (30,76), (30,77), (30,78), (30,79), (30,80), (30,81), (30,82), (30,83), (30,84), (30,85), (30,86), (30,87), (30,88), (30,89), (30,90)|(30,90), (29,90), (28,90), (28,90), (28,91), (28,92), (28,93), (28,94), (28,95), (28,96)",
        "time": 611.493858726972
    },
    "Walk": {
        "cost": 0,
        "env_tax": 0,
        "route": "(97,34), (96,34), (95,34), (94,34), (93,34), (92,34), (91,34), (90,34), (89,34), (88,34), (87,34), (86,34), (85,34), (84,34), (83,34), (82,34), (81,34), (80,34), (79,34), (78,34), (77,34), (76,34), (75,34), (74,34), (73,34), (72,34), (71,34), (70,34), (69,34), (68,34), (67,34), (66,34), (65,34), (64,34), (63,34), (62,34), (61,34), (60,34), (59,34), (58,34), (57,34), (56,34), (55,34), (54,34), (53,34), (52,34), (51,34), (50,34), (49,34), (48,34), (47,34), (46,34), (45,34), (44,34), (43,34), (42,34), (41,34), (40,34), (39,34), (38,34), (37,34), (36,34), (35,34), (34,34), (33,34), (32,34), (31,34), (30,34), (29,34), (28,34), (28,34), (28,35), (28,36), (28,37), (28,38), (28,39), (28,40), (28,41), (28,42), (28,43), (28,44), (28,45), (28,46), (28,47), (28,48), (28,49), (28,50), (28,51), (28,52), (28,53), (28,54), (28,55), (28,56), (28,57), (28,58), (28,59), (28,60), (28,61), (28,62), (28,63), (28,64), (28,65), (28,66), (28,67), (28,68), (28,69), (28,70), (28,71), (28,72), (28,73), (28,74), (28,75), (28,76), (28,77), (28,78), (28,79), (28,80), (28,81), (28,82), (28,83), (28,84), (28,85), (28,86), (28,87), (28,88), (28,89), (28,90), (28,91), (28,92), (28,93), (28,94), (28,95), (28,96)",
        "time": 9767.95514197089
    },
    "Walk_Train_Uber": {
        "cost": 25.548240505622427,
        "env_tax": 0.045000000000000005,
        "route": "(97,34), (96,34), (95,34), (94,34), (93,34), (92,34), (91,34), (90,34), (90,34), (90,33), (90,32), (90,31), (90,30)|(90,30), (89,30), (88,30), (87,30), (86,30), (85,30), (84,30), (83,30), (82,30), (81,30), (80,30), (79,30), (78,30), (77,30), (76,30), (75,30), (74,30), (73,30), (72,30), (71,30), (70,30), (69,30), (68,30), (67,30), (66,30), (65,30), (64,30), (63,30), (62,30), (61,30), (60,30), (59,30), (58,30), (57,30), (56,30), (55,30), (54,30), (53,30), (52,30), (51,30), (50,30), (49,30), (48,30), (47,30), (46,30), (45,30), (44,30), (43,30), (42,30), (41,30), (40,30), (39,30), (38,30), (37,30), (36,30), (35,30), (34,30), (33,30), (32,30), (31,30), (30,30), (30,30), (30,31), (30,32), (30,33), (30,34), (30,35), (30,36), (30,37), (30,38), (30,39), (30,40), (30,41), (30,42), (30,43), (30,44), (30,45), (30,46), (30,47), (30,48), (30,49), (30,50), (30,51), (30,52), (30,53), (30,54), (30,55), (30,56), (30,57), (30,58), (30,59), (30,60), (30,61), (30,62), (30,63), (30,64), (30,65), (30,66), (30,67), (30,68), (30,69), (30,70), (30,71), (30,72), (30,73), (30,74), (30,75), (30,76), (30,77), (30,78), (30,79), (30,80), (30,81), (30,82), (30,83), (30,84), (30,85), (30,86), (30,87), (30,88), (30,89), (30,90)|(30,90), (30,91), (30,92), (30,93), (29,93), (29,94), (28,94), (28,95), (28,96)",
        "time": 836.2938523901548
    },
    "Walk_Train_Walk": {
        "cost": 12.200000000000001,
        "env_tax": 0,