{
    "Uber": {
        "cost": 18.438753568439303,
        "env_tax": 0.13,
        "route": "(37,10), (36,10), (35,10), (34,10), (33,10), (32,10), (31,10), (30,10), (29,10), (29,11), (28,11), (27,11), (26,11), (25,11), (24,11), (23,11), (22,11), (22,12), (21,12), (21,13), (20,13), (19,13), (19,14), (19,15), (19,16), (19,17)",
        "time": 6.25555105178798
    },
    "Uber_Train_Uber": {
        "cost": 29.21246811995941,
        "env_tax": 0.045000000000000005,
        "route": "(37,10), (38,10), (39,10), (40,10)|(40,10), (39,10), (38,10), (37,10), (36,10), (35,10), (34,10), (33,10), (32,10), (31,10), (30,10), (29,10), (28,10), (27,10), (26,10), (25,10), (24,10), (23,10), (22,10), (21,10), (20,10), (20,10), (20,11), (20,12), (20,13), (20,14), (20,15), (20,16), (20,17), (20,18), (20,19), (20,20)|(20,20), (20,19), (20,18), (19,18), (19,17)",
        "time": 18.128236750054363
    },
    "Uber_Train_Walk": {
        "cost": 15.930466701010964,
        "env_tax": 0.020000000000000004,
        "route": "(37,10), (38,10), (39,10), (40,10)|(40,10), (39,10), (38,10), (37,10), (36,10), (35,10), (34,10), (33,10), (32,10), (31,10), (30,10), (29,10), (28,10), (27,10), (26,10), (25,10), (24,10), (23,10), (22,10), (21,10), (20,10), (20,10), (20,11), (20,12), (20,13), (20,14), (20,15), (20,16), (20,17), (20,18), (20,19), (20,20)|(20,20), (19,20), (19,20), (19,19), (19,18), (19,17)",
        "time": 312.422688696373
    },
    "Walk": {
        "cost": 0,
        "env_tax": 0,
        "route": "(37,10), (36,10), (35,10), (34,10), (33,10), (32,10), (31,10), (30,10), (29,10), (28,10), (27,10), (26,10), (25,10), (24,10), (23,10), (22,10), (21,10), (20,10), (19,10), (19,10), (19,11), (19,12), (19,13), (19,14), (19,15), (19,16), (19,17)",
        "time": 1864.1135767120018
    },
    "Walk_Train_Uber": {
        "cost": 16.274968392789816,
        "env_tax": 0.025,
        "route": "(37,10), (38,10), (39,10), (40,10), (40,10)|(40,10), (39,10), (38,10), (37,10), (36,10), (35,10), (34,10), (33,10), (32,10), (31,10), (30,10), (29,10), (28,10), (27,10), (26,10), (25,10), (24,10), (23,10), (22,10), (21,10), (20,10), (20,10), (20,11), (20,12), (20,13), (20,14), (20,15), (20,16), (20,17), (20,18), (20,19), (20,20)|(20,20), (20,19), (20,18), (19,18), (19,17)",
        "time": 236.13318222266815
    },
    "Walk_Train_Walk": {
        "cost": 3.2,
        "env_tax": 0,
        "route": "(37,10), (38,10), (39,10), (40,10), (40,10)|(40,10), (39,10), (38,10), (37,10), (36,10), (35,10), (34,10), (33,10), (32,10), (31,10), (30,10), (29,10), (28,10), (27,10), (26,10), (25,10), (24,10), (23,10), (22,10), (21,10), (20,10), (20,10), (20,11), (20,12), (20,13), (20,14), (20,15), (20,16), (20,17), (20,18), (20,19), (20,20)|(20,20), (19,20), (19,20), (19,19), (19,18), (19,17)",
        "time": 529.2358967906899
    }
}