{
    "Uber": {
        "cost": 34.532240964885546,
        "env_tax": 0.22000000000000003,
        "route": "(66,83), (65,83), (64,83), (64,84), (63,84), (62,84), (61,84), (61,85), (60,85), (59,85), (58,85), (57,85), (56,85), (55,85), (54,85), (53,85), (52,85), (51,85), (50,85), (49,85), (48,85), (47,85), (46,85), (46,84), (45,84), (44,84), (44,83), (43,83), (43,82), (43,81), (43,80), (42,80), (42,79), (42,78), (42,77), (42,76), (42,75), (42,74), (42,73), (42,72), (42,71), (42,70), (42,69), (43,69)",
        "time": 16.673698478891797
    },
    "Uber_Train_Uber": {
        "cost": 33.78220377778997,
        "env_tax": 0.065,
        "route": "(66,83), (66,82), (67,82), (68,82), (69,82), (69,81), (70,81), (70,80)|(70,80), (69,80), (68,80), (67,80), (66,80), (65,80), (64,80), (63,80), (62,80), (61,80), (60,80), (59,80), (58,80), (57,80), (56,80), (55,80), (54,80), (53,80), (52,80), (51,80), (50,80), (49,80), (48,80), (47,80), (46,80), (45,80), (44,80), (43,80), (42,80), (41,80), (40,80), (40,80), (40,79), (40,78), (40,77), (40,76), (40,75), (40,74), (40,73), (40,72), (40,71), (40,70)|(40,70), (41,70), (41,69), (42,69), (43,69)",
        "time": 17.95681803303794
    },
    "Uber_Train_Walk": {
        "cost": 18.686271676193815,
        "env_tax": 0.04000000000000001,
        "route": "(66,83), (66,82), (67,82), (68,82), (69,82), (69,81), (70,81), (70,80)|(70,80), (69,80), (68,80), (67,80), (66,80), (65,80), (64,80), (63,80), (62,80), (61,80), (60,80), (59,80), (58,80), (57,80), (56,80), (55,80), (54,80), (53,80), (52,80), (51,80), (50,80), (49,80), (48,80), (47,80), (46,80), (45,80), (44,80), (43,80), (42,80), (41,80), (40,80), (40,80), (40,79), (40,78), (40,77), (40,76), (40,75), (40,74), (40,73), (40,72), (40,71), (40,70)|(40,70), (41,70), (42,70), (43,70), (43,70), (43,69)",
        "time": 310.1406372730298
    },
    "Walk": {
        "cost": 0,
        "env_tax": 0,
        "route": "(66,83), (65,83), (64,83), (63,83), (62,83), (61,83), (60,83), (59,83), (58,83), (57,83), (56,83), (55,83), (54,83), (53,83), (52,83), (51,83), (50,83), (49,83), (48,83), (47,83), (46,83), (45,83), (44,83), (43,83), (43,83), (43,82), (43,81), (43,80), (43,79), (43,78), (43,77), (43,76), (43,75), (43,74), (43,73), (43,72), (43,71), (43,70), (43,69)",
        "time": 2758.8880935337625
    },
    "Walk_Train_Uber": {
        "cost": 19.607131688532107,
        "env_tax": 0.025,
        "route": "(66,83), (67,83), (68,83), (69,83), (70,83), (70,83), (70,82), (70,81), (70,80)|(70,80), (69,80), (68,80), (67,80), (66,80), (65,80), (64,80), (63,80), (62,80), (61,80), (60,80), (59,80), (58,80), (57,80), (56,80), (55,80), (54,80), (53,80), (52,80), (51,80), (50,80), (49,80), (48,80), (47,80), (46,80), (45,80), (44,80), (43,80), (42,80), (41,80), (40,80), (40,80), (40,79), (40,78), (40,77), (40,76), (40,75), (40,74), (40,73), (40,72), (40,71), (40,70)|(40,70), (41,70), (41,69), (42,69), (43,69)",
        "time": 541.7531814100578
    },
    "Walk_Train_Walk": {
        "cost": 4.2,
        "env_tax": 0,
        "route": "(66,83), (67,83), (68,83), (69,83), (70,83), (70,83), (70,82), (70,81), (70,80)|(70,80), (69,80), (68,80), (67,80), (66,80), (65,80), (64,80), (63,80), (62,80), (61,80), (60,80), (59,80), (58,80), (57,80), (56,80), (55,80), (54,80), (53,80), (52,80), (51,80), (50,80), (49,80), (48,80), (47,80), (46,80), (45,80), (44,80), (43,80), (42,80), (41,80), (40,80), (40,80), (40,79), (40,78), (40,77), (40,76), (40,75), (40,74), (40,73), (40,72), (40,71), (40,70)|(40,70), (41,70), (42,70), (43,70), (43,70), (43,69)",
        "time": 825.1764753630422
    }
}