{
    "Uber": {
        "cost": 27.409646005317647,
        "env_tax": 0.44500000000000006,
        "route": "(88,20), (89,20), (90,20), (91,20), (92,20), (93,20), (94,20), (95,20), (96,20), (97,20), (97,21), (98,21), (98,22), (98,23), (98,24), (98,25), (98,26), (98,27), (98,28), (98,29), (98,30), (98,31), (98,32), (98,33), (98,34), (98,35), (98,36), (98,37), (98,38), (98,39), (98,40), (98,41), (98,42), (98,43), (98,44), (98,45), (98,46), (98,47), (98,48), (98,49), (98,50), (98,51), (98,52), (98,53), (98,54), (98,55), (98,56), (98,57), (98,58), (98,59), (98,60), (98,61), (98,62), (98,63), (97,63), (97,64), (97,65), (97,66), (97,67), (97,68), (97,69), (97,70), (97,71), (97,72), (97,73), (97,74), (97,75), (97,76), (97,77), (97,78), (97,79), (97,80), (97,81), (97,82), (97,83), (97,84), (97,85), (97,86), (97,87), (96,87), (95,87), (94,87), (93,87), (92,87), (91,87), (90,87), (89,87), (89,88), (88,88)",
        "time": 13.220825002666103
    },
    "Uber_Train_Uber": {
        "cost": 31.812347001067682,
        "env_tax": 0.04000000000000001,
        "route": "(88,20), (89,20), (90,20)|(90,20), (90,20), (90,21), (90,22), (90,23), (90,24), (90,25), (90,26), (90,27), (90,28), (90,29), (90,30), (90,31), (90,32), (90,33), (90,34), (90,35), (90,36), (90,37), (90,38), (90,39), (90,40), (90,41), (90,42), (90,43), (90,44), (90,45), (90,46), (90,47), (90,48), (90,49), (90,50), (90,51), (90,52), (90,53), (90,54), (90,55), (90,56), (90,57), (90,58), (90,59), (90,60), (90,61), (90,62), (90,63), (90,64), (90,65), (90,66), (90,67), (90,68), (90,69), (90,70), (90,71), (90,72), (90,73), (90,74), (90,75), (90,76), (90,77), (90,78), (90,79), (90,80), (90,81), (90,82), (90,83), (90,84), (90,85), (90,86), (90,87), (90,88), (90,89), (90,90)|(90,90), (90,89), (90,88), (89,88), (88,88)",
        "time": 22.13924999447706
    },
    "Uber_Train_Walk": {
        "cost": 19.486038685177352,
        "env_tax": 0.015000000000000003,
        "route": "(88,20), (89,20), (90,20)|(90,20), (90,20), (90,21), (90,22), (90,23), (90,24), (90,25), (90,26), (90,27), (90,28), (90,29), (90,30), (90,31), (90,32), (90,33), (90,34), (90,35), (90,36), (90,37), (90,38), (90,39), (90,40), (90,41), (90,42), (90,43), (90,44), (90,45), (90,46), (90,47), (90,48), (90,49), (90,50), (90,51), (90,52), (90,53), (90,54), (90,55), (90,56), (90,57), (90,58), (90,59), (90,60), (90,61), (90,62), (90,63), (90,64), (90,65), (90,66), (90,67), (90,68), (90,69), (90,70), (90,71), (90,72), (90,73), (90,74), (90,75), (90,76), (90,77), (90,78), (90,79), (90,80), (90,81), (90,82), (90,83), (90,84), (90,85), (90,86), (90,87), (90,88), (90,89), (90,90)|(90,90), (89,90), (88,90), (88,90), (88,89), (88,88)",
        "time": 312.11120438670935
    },
    "Walk": {
        "cost": 0,
        "env_tax": 0,
        "route": "(88,20), (88,20), (88,21), (88,22), (88,23), (88,24), (88,25), (88,26), (88,27), (88,28), (88,29), (88,30), (88,31), (88,32), (88,33), (88,34), (88,35), (88,36), (88,37), (88,38), (88,39), (88,40), (88,41), (88,42), (88,43), (88,44), (88,45), (88,46), (88,47), (88,48), (88,49), (88,50), (88,51), (88,52), (88,53), (88,54), (88,55), (88,56), (88,57), (88,58), (88,59), (88,60), (88,61), (88,62), (88,63), (88,64), (88,65), (88,66), (88,67), (88,68), (88,69), (88,70), (88,71), (88,72), (88,73), (88,74), (88,75), (88,76), (88,77), (88,78), (88,79), (88,80), (88,81), (88,82), (88,83), (88,84), (88,85), (88,86), (88,87), (88,88)",
        "time": 5070.388928656645
    },
    "Walk_Train_Uber": {
        "cost": 19.56805243430474,
        "env_tax": 0.025,
        "route": "(88,20), (89,20), (90,20), (90,20)|(90,20), (90,20), (90,21), (90,22), (90,23), (90,24), (90,25), (90,26), (90,27), (90,28), (90,29), (90,30), (90,31), (90,32), (90,33), (90,34), (90,35), (90,36), (90,37), (90,38), (90,39), (90,40), (90,41), (90,42), (90,43), (90,44), (90,45), (90,46), (90,47), (90,48), (90,49), (90,50), (90,51), (90,52), (90,53), (90,54), (90,55), (90,56), (90,57), (90,58), (90,59), (90,60), (90,61), (90,62), (90,63), (90,64), (90,65), (90,66), (90,67), (90,68), (90,69), (90,70), (90,71), (90,72), (90,73), (90,74), (90,75), (90,76), (90,77), (90,78), (90,79), (90,80), (90,81), (90,82), (90,83), (90,84), (90,85), (90,86), (90,87), (90,88), (90,89), (90,90)|(90,90), (90,89), (90,88), (89,88), (88,88)",
        "time": 163.15680980668793
    },
    "Walk_Train_Walk": {
        "cost": 7.2,
        "env_tax": 0,
        "route": "(88,20), (89,20), (90,20), (90,20)|(90,20), (90,20), (90,21), (90,22), (90,23), (90,24), (90,25), (90,26), (90,27), (90,28), (90,29), (90,30), (90,31), (90,32), (90,33), (90,34), (90,35), (90,36), (90,37), (90,38), (90,39), (90,40), (90,41), (90,42), (90,43), (90,44), (90,45), (90,46), (90,47), (90,48), (90,49), (90,50), (90,51), (90,52), (90,53), (90,54), (90,55), (90,56), (90,57), (90,58), (90,59), (90,60), (90,61), (90,62), (90,63), (90,64), (90,65), (90,66), (90,67), (90,68), (90,69), (90,70), (90,71), (90,72), (90,73), (90,74), (90,75), (90,76), (90,77), (90,78), (90,79), (90,80), (90,81), (90,82), (90,83), (90,84), (90,85), (90,86), (90,87), (90,88), (90,89), (90,90)|(90,90), (89,90), (88,90), (88,90), (88,89), (88,88)",
        "time": 454.16700835081576
    }
}