{
    "Uber": {
        "cost": 29.264671815983167,
        "env_tax": 0.19500000000000003,
        "route": "(33,99), (33,98), (33,97), (33,96), (33,95), (33,94), (33,93), (33,92), (33,91), (33,90), (33,89), (33,88), (33,87), (33,86), (33,85), (33,84), (33,83), (33,82), (33,81), (33,80), (33,79), (33,78), (33,77), (34,77), (34,76), (34,75), (35,75), (35,74), (35,73), (35,72), (35,71), (35,70), (35,69), (35,68), (35,67), (35,66), (35,65), (36,65), (36,64)",
        "time": 11.017514151744336
    },
    "Uber_Train_Uber": {
        "cost": 37.260790851753214,
        "env_tax": 0.11000000000000001,
        "route": "(33,99), (33,98), (32,98), (31,98), (31,97), (31,96), (31,95), (31,94), (31,93), (30,93), (30,92), (30,91), (30,90)|(30,90), (31,90), (32,90), (33,90), (34,90), (35,90), (36,90), (37,90), (38,90), (39,90), (40,90), (40,90), (40,89), (40,88), (40,87), (40,86), (40,85), (40,84), (40,83), (40,82), (40,81), (40,80), (40,79), (40,78), (40,77), (40,76), (40,75), (40,74), (40,73), (40,72), (40,71), (40,70), (40,69), (40,68), (40,67), (40,66), (40,65), (40,64), (40,63), (40,62), (40,61), (40,60)|(40,60), (40,61), (39,61), (39,62), (39,63), (39,64), (38,64), (37,64), (36,64)",
        "time": 22.058535846082275
    },
    "Uber_Train_Walk": {
        "cost": 18.49939493930616,
        "env_tax": 0.065,
        "route": "(33,99), (33,98), (32,98), (31,98), (31,97), (31,96), (31,95), (31,94), (31,93), (30,93), (30,92), (30,91), (30,90)|(30,90), (31,90), (32,90), (33,90), (34,90), (35,90), (36,90), (37,90), (38,90), (39,90), (40,90), (40,90), (40,89), (40,88), (40,87), (40,86), (40,85), (40,84), (40,83), (40,82), (40,81), (40,80), (40,79), (40,78), (40,77), (40,76), (40,75), (40,74), (40,73), (40,72), (40,71), (40,70), (40,69), (40,68), (40,67), (40,66), (40,65), (40,64), (40,63), (40,62), (40,61), (40,60)|(40,60), (39,60), (38,60), (37,60), (36,60), (36,60), (36,61), (36,62), (36,63), (36,64)",
        "time": 607.5941612696226
    },
    "Walk": {
        "cost": 0,
        "env_tax": 0,
        "route": "(33,99), (34,99), (35,99), (36,99), (36,99), (36,98), (36,97), (36,96), (36,95), (36,94), (36,93), (36,92), (36,91), (36,90), (36,89), (36,88), (36,87), (36,86), (36,85), (36,84), (36,83), (36,82), (36,81), (36,80), (36,79), (36,78), (36,77), (36,76), (36,75), (36,74), (36,73), (36,72), (36,71), (36,70), (36,69), (36,68), (36,67), (36,66), (36,65), (36,64)",
        "time": 2833.452636602243
    },
    "Walk_Train_Uber": {
        "cost": 24.008425454786998,
        "env_tax": 0.045000000000000005,
        "route": "(33,99), (32,99), (31,99), (30,99), (30,99), (30,98), (30,97), (30,96), (30,95), (30,94), (30,93), (30,92), (30,91), (30,90)|(30,90), (31,90), (32,90), (33,90), (34,90), (35,90), (36,90), (37,90), (38,90), (39,90), (40,90), (40,90), (40,89), (40,88), (40,87), (40,86), (40,85), (40,84), (40,83), (40,82), (40,81), (40,80), (40,79), (40,78), (40,77), (40,76), (40,75), (40,74), (40,73), (40,72), (40,71), (40,70), (40,69), (40,68), (40,67), (40,66), (40,65), (40,64), (40,63), (40,62), (40,61), (40,60)|(40,60), (40,61), (39,61), (39,62), (39,63), (39,64), (38,64), (37,64), (36,64)",
        "time": 908.9498594063678
    },
    "Walk_Train_Walk": {
        "cost": 4.2,
        "env_tax": 0,
        "route": "(33,99), (32,99), (31,99), (30,99), (30,99), (30,98), (30,97), (30,96), (30,95), (30,94), (30,93), (30,92), (30,91), (30,90)|(30,90), (31,90), (32,90), (33,90), (34,90), (35,90), (36,90), (37,90), (38,90), (39,90), (40,90), (40,90), (40,89), (40,88), (40,87), (40,86), (40,85), (40,84), (40,83), (40,82), (40,81), (40,80), (40,79), (40,78), (40,77), (40,76), (40,75), (40,74), (40,73), (40,72), (40,71), (40,70), (40,69), (40,68), (40,67), (40,66), (40,65), (40,64), (40,63), (40,62), (40,61), (40,60)|(40,60), (39,60), (38,60), (37,60), (36,60), (36,60), (36,61), (36,62), (36,63), (36,64)",
        "time": 1498.7933676404368
    }
}