{
    "Uber": {
        "cost": 18.344216307392596,
        "env_tax": 0.11000000000000001,
        "route": "(2,34), (3,34), (3,35), (4,35), (5,35), (6,35), (7,35), (8,35), (9,35), (10,35), (10,36), (11,36), (12,36), (13,36), (14,36), (15,36), (16,36), (17,36), (18,36), (18,37), (19,37), (19,38)",
        "time": 4.34077550969519
    },
    "Uber_Train_Uber": {
        "cost": 29.891004718107578,
        "env_tax": 0.085,
        "route": "(2,34), (3,34), (3,33), (4,33), (5,33), (6,33), (6,32), (7,32), (7,31), (7,30), (8,30), (9,30), (10,30)|(10,30), (11,30), (12,30), (13,30), (14,30), (15,30), (16,30), (17,30), (18,30), (19,30), (20,30), (20,30), (20,31), (20,32), (20,33), (20,34), (20,35), (20,36), (20,37), (20,38), (20,39), (20,40)|(20,40), (20,39), (19,39), (19,38)",
        "time": 22.91175278033144
    },
    "Uber_Train_Walk": {
        "cost": 16.515690378584473,
        "env_tax": 0.065,
        "route": "(2,34), (3,34), (3,33), (4,33), (5,33), (6,33), (6,32), (7,32), (7,31), (7,30), (8,30), (9,30), (10,30)|(10,30), (11,30), (12,30), (13,30), (14,30), (15,30), (16,30), (17,30), (18,30), (19,30), (20,30), (20,30), (20,31), (20,32), (20,33), (20,34), (20,35), (20,36), (20,37), (20,38), (20,39), (20,40)|(20,40), (19,40), (19,40), (19,39), (19,38)",
        "time": 237.91104405040062
    },
    "Walk": {
        "cost": 0,
        "env_tax": 0,
        "route": "(2,34), (3,34), (4,34), (5,34), (6,34), (7,34), (8,34), (9,34), (10,34), (11,34), (12,34), (13,34), (14,34), (15,34), (16,34), (17,34), (18,34), (19,34), (19,34), (19,35), (19,36), (19,37), (19,38)",
        "time": 1565.8554044380815
    },
    "Walk_Train_Uber": {
        "cost": 15.355384392743847,
        "env_tax": 0.020000000000000004,
        "route": "(2,34), (3,34), (4,34), (5,34), (6,34), (7,34), (8,34), (9,34), (10,34), (10,34), (10,33), (10,32), (10,31), (10,30)|(10,30), (11,30), (12,30), (13,30), (14,30), (15,30), (16,30), (17,30), (18,30), (19,30), (20,30), (20,30), (20,31), (20,32), (20,33), (20,34), (20,35), (20,36), (20,37), (20,38), (20,39), (20,40)|(20,40), (20,39), (19,39), (19,38)",
        "time": 909.9333605391198
    },
    "Walk_Train_Walk": {
        "cost": 2.2,
        "env_tax": 0,
        "route": "(2,34), (3,34), (4,34), (5,34), (6,34), (7,34), (8,34), (9,34), (10,34), (10,34), (10,33), (10,32), (10,31), (10,30)|(10,30), (11,30), (12,30), (13,30), (14,30), (15,30), (16,30), (17,30), (18,30), (19,30), (20,30), (20,30), (20,31), (20,32), (20,33), (20,34), (20,35), (20,36), (20,37), (20,38), (20,39), (20,40)|(20,40), (19,40), (19,40), (19,39), (19,38)",
        "time": 1125.7714281483852
    }
}