{
    "Uber": {
        "cost": 16.282876452710845,
        "env_tax": 0.16500000000000004,
        "route": "(80,15), (80,14), (81,14), (81,13), (81,12), (81,11), (82,11), (83,11), (84,11), (85,11), (86,11), (87,11), (87,10), (88,10), (88,9), (89,9), (90,9), (91,9), (91,8), (92,8), (92,7), (93,7), (93,6), (93,5), (94,5), (95,5), (95,4), (96,4), (97,4), (98,4), (98,3), (98,2), (99,2)",
        "time": 11.06415013595162
    },
    "Uber_Train_Uber": {
        "cost": 27.738930322976817,
        "env_tax": 0.12000000000000002,
        "route": "(80,15), (80,14), (80,13), (80,12), (80,11), (80,10)|(80,10), (81,10), (82,10), (83,10), (84,10), (85,10), (86,10), (87,10), (88,10), (89,10), (90,10), (90,10)|(90,10), (90,9), (91,9), (91,8), (92,8), (92,7), (93,7), (93,6), (93,5), (94,5), (95,5), (95,4), (96,4), (97,4), (98,4), (98,3), (98,2), (99,2)",
        "time": 25.12784431060609
    },
    "Uber_Train_Walk": {
        "cost": 14.269487568211503,
        "env_tax": 0.030000000000000006,
        "route": "(80,15), (80,14), (80,13), (80,12), (80,11), (80,10)|(80,10), (81,10), (82,10), (83,10), (84,10), (85,10), (86,10), (87,10), (88,10), (89,10), (90,10), (90,10)|(90,10), (91,10), (92,10), (93,10), (94,10), (95,10), (96,10), (97,10), (98,10), (99,10), (99,10), (99,9), (99,8), (99,7), (99,6), (99,5), (99,4), (99,3), (99,2)",
        "time": 1283.7372402612348
    },
    "Walk": {
        "cost": 0,
        "env_tax": 0,
        "route": "(80,15), (81,15), (82,15), (83,15), (84,15), (85,15), (86,15), (87,15), (88,15), (89,15), (90,15), (91,15), (92,15), (93,15), (94,15), (95,15), (96,15), (97,15), (98,15), (99,15), (99,15), (99,14), (99,13), (99,12), (99,11), (99,10), (99,9), (99,8), (99,7), (99,6), (99,5), (99,4), (99,3), (99,2)",
        "time": 2386.0653781913625
    },
    "Walk_Train_Uber": {
        "cost": 15.023210103416918,
        "env_tax": 0.09000000000000001,
        "route": "(80,15), (80,15), (80,14), (80,13), (80,12), (80,11), (80,10)|(80,10), (81,10), (82,10), (83,10), (84,10), (85,10), (86,10), (87,10), (88,10), (89,10), (90,10), (90,10)|(90,10), (90,9), (91,9), (91,8), (92,8), (92,7), (93,7), (93,6), (93,5), (94,5), (95,5), (95,4), (96,4), (97,4), (98,4), (98,3), (98,2), (99,2)",
        "time": 386.32587614253663
    },
    "Walk_Train_Walk": {
        "cost": 1.2000000000000002,
        "env_tax": 0,
        "route": "(80,15), (80,15), (80,14), (80,13), (80,12), (80,11), (80,10)|(80,10), (81,10), (82,10), (83,10), (84,10), (85,10), (86,10), (87,10), (88,10), (89,10), (90,10), (90,10)|(90,10), (91,10), (92,10), (93,10), (94,10), (95,10), (96,10), (97,10), (98,10), (99,10), (99,10), (99,9), (99,8), (99,7), (99,6), (99,5), (99,4), (99,3), (99,2)",
        "time": 1646.2988368198664
    }
}