{
    "Uber": {
        "cost": 15.101777370284873,
        "env_tax": 0.025,
        "route": "(29,40), (29,41), (29,42), (29,43), (29,44)",
        "time": 9.55079643668854
    },
    "Uber_Train_Uber": {
        "cost": 29.220103249346185,
        "env_tax": 0.04000000000000001,
        "route": "(29,40), (30,40)|(30,40), (30,40)|(30,40), (30,41), (30,42), (30,43), (30,44), (29,44)",
        "time": 25.594017680641144
    },
    "Uber_Train_Walk": {
        "cost": 12.807433668806746,
        "env_tax": 0.010000000000000002,
        "route": "(29,40), (30,40)|(30,40), (30,40)|(30,40), (29,40), (29,40), (29,41), (29,42), (29,43), (29,44)",
        "time": 383.591620986475
    },
    "Walk": {
        "cost": 0,
        "env_tax": 0,
        "route": "(29,40), (29,40), (29,41), (29,42), (29,43), (29,44)",
        "time": 298.2581722739203
    },
    "Walk_Train_Uber": {
        "cost": 15.737099958175447,
        "env_tax": 0.030000000000000006,
        "route": "(29,40), (30,40), (30,40)|(30,40), (30,40)|(30,40), (30,41), (30,42), (30,43), (30,44), (29,44)",
        "time": 88.32211597214433
    },
    "Walk_Train_Walk": {
        "cost": 0.2,
        "env_tax": 0,
        "route": "(29,40), (30,40), (30,40)|(30,40), (30,40)|(30,40), (29,40), (29,40), (29,41), (29,42), (29,43), (29,44)",
        "time": 451.1447881491333
    }
}