{
    "Uber": {
        "cost": 43.50459931526308,
        "env_tax": 0.36000000000000004,
        "route": "(91,64), (92,64), (93,64), (93,63), (93,62), (93,61), (93,60), (93,59), (93,58), (93,57), (93,56), (93,55), (93,54), (93,53), (93,52), (92,52), (92,51), (92,50), (92,49), (92,48), (92,47), (92,46), (92,45), (92,44), (92,43), (92,42), (92,41), (92,40), (92,39), (92,38), (92,37), (92,36), (92,35), (92,34), (91,34), (90,34), (89,34), (88,34), (87,34), (87,33), (86,33), (85,33), (84,33), (83,33), (82,33), (82,32), (81,32), (80,32), (79,32), (78,32), (77,32), (76,32), (75,32), (74,32), (73,32), (72,32), (71,32), (70,32), (69,32), (68,32), (67,32), (66,32), (65,32), (64,32), (63,32), (62,32), (61,32), (60,32), (59,32), (58,32), (57,32), (57,33)",
        "time": 14.530599892708349
    },
    "Uber_Train_Uber": {
        "cost": 35.19691155726655,
        "env_tax": 0.065,
        "route": "(91,64), (90,64), (90,63), (90,62), (90,61), (90,60)|(90,60), (89,60), (88,60), (87,60), (86,60), (85,60), (84,60), (83,60), (82,60), (81,60), (80,60), (79,60), (78,60), (77,60), (76,60), (75,60), (74,60), (73,60), (72,60), (71,60), (70,60), (69,60), (68,60), (67,60), (66,60), (65,60), (64,60), (63,60), (62,60), (61,60), (60,60), (60,60), (60,59), (60,58), (60,57), (60,56), (60,55), (60,54), (60,53), (60,52), (60,51), (60,50), (60,49), (60,48), (60,47), (60,46), (60,45), (60,44), (60,43), (60,42), (60,41), (60,40), (60,39), (60,38), (60,37), (60,36), (60,35), (60,34), (60,33), (60,32), (60,31), (60,30)|(60,30), (60,31), (59,31), (58,31), (57,31), (57,32), (57,33)",
        "time": 14.73944540288873
    },
    "Uber_Train_Walk": {
        "cost": 19.721408483016475,
        "env_tax": 0.030000000000000006,
        "route": "(91,64), (90,64), (90,63), (90,62), (90,61), (90,60)|(90,60), (89,60), (88,60), (87,60), (86,60), (85,60), (84,60), (83,60), (82,60), (81,60), (80,60), (79,60), (78,60), (77,60), (76,60), (75,60), (74,60), (73,60), (72,60), (71,60), (70,60), (69,60), (68,60), (67,60), (66,60), (65,60), (64,60), (63,60), (62,60), (61,60), (60,60), (60,60), (60,59), (60,58), (60,57), (60,56), (60,55), (60,54), (60,53), (60,52), (60,51), (60,50), (60,49), (60,48), (60,47), (60,46), (60,45), (60,44), (60,43), (60,42), (60,41), (60,40), (60,39), (60,38), (60,37), (60,36), (60,35), (60,34), (60,33), (60,32), (60,31), (60,30)|(60,30), (59,30), (58,30), (57,30), (57,30), (57,31), (57,32), (57,33)",
        "time": 465.14272661800555
    },
    "Walk": {
        "cost": 0,
        "env_tax": 0,
        "route": "(91,64), (90,64), (89,64), (88,64), (87,64), (86,64), (85,64), (84,64), (83,64), (82,64), (81,64), (80,64), (79,64), (78,64), (77,64), (76,64), (75,64), (74,64), (73,64), (72,64), (71,64), (70,64), (69,64), (68,64), (67,64), (66,64), (65,64), (64,64), (63,64), (62,64), (61,64), (60,64), (59,64), (58,64), (57,64), (57,64), (57,63), (57,62), (57,61), (57,60), (57,59), (57,58), (57,57), (57,56), (57,55), (57,54), (57,53), (57,52), (57,51), (57,50), (57,49), (57,48), (57,47), (57,46), (57,45), (57,44), (57,43), (57,42), (57,41), (57,40), (57,39), (57,38), (57,37), (57,36), (57,35), (57,34), (57,33)",
        "time": 4846.695299451205
    },
    "Walk_Train_Uber": {
        "cost": 22.698328436406932,
        "env_tax": 0.035,
        "route": "(91,64), (90,64), (90,64), (90,63), (90,62), (90,61), (90,60)|(90,60), (89,60), (88,60), (87,60), (86,60), (85,60), (84,60), (83,60), (82,60), (81,60), (80,60), (79,60), (78,60), (77,60), (76,60), (75,60), (74,60), (73,60), (72,60), (71,60), (70,60), (69,60), (68,60), (67,60), (66,60), (65,60), (64,60), (63,60), (62,60), (61,60), (60,60), (60,60), (60,59), (60,58), (60,57), (60,56), (60,55), (60,54), (60,53), (60,52), (60,51), (60,50), (60,49), (60,48), (60,47), (60,46), (60,45), (60,44), (60,43), (60,42), (60,41), (60,40), (60,39), (60,38), (60,37), (60,36), (60,35), (60,34), (60,33), (60,32), (60,31), (60,30)|(60,30), (60,31), (59,31), (58,31), (57,31), (57,32), (57,33)",
        "time": 391.3771496739456
    },
    "Walk_Train_Walk": {
        "cost": 6.2,
        "env_tax": 0,
        "route": "(91,64), (90,64), (90,64), (90,63), (90,62), (90,61), (90,60)|(90,60), (89,60), (88,60), (87,60), (86,60), (85,60), (84,60), (83,60), (82,60), (81,60), (80,60), (79,60), (78,60), (77,60), (76,60), (75,60), (74,60), (73,60), (72,60), (71,60), (70,60), (69,60), (68,60), (67,60), (66,60), (65,60), (64,60), (63,60), (62,60), (61,60), (60,60), (60,60), (60,59), (60,58), (60,57), (60,56), (60,55), (60,54), (60,53), (60,52), (60,51), (60,50), (60,49), (60,48), (60,47), (60,46), (60,45), (60,44), (60,43), (60,42), (60,41), (60,40), (60,39), (60,38), (60,37), (60,36), (60,35), (60,34), (60,33), (60,32), (60,31), (60,30)|(60,30), (59,30), (58,30), (57,30), (57,30), (57,31), (57,32), (57,33)",
        "time": 828.7766659478358
    }
}