{
    "Uber": {
        "cost": 48.1468678965946,
        "env_tax": 0.34500000000000003,
        "route": "(64,17), (65,17), (66,17), (67,17), (68,17), (69,17), (69,18), (70,18), (71,18), (72,18), (72,19), (73,19), (74,19), (74,20), (75,20), (76,20), (76,21), (76,22), (77,22), (77,23), (78,23), (78,24), (78,25), (78,26), (78,27), (79,27), (79,28), (79,29), (79,30), (79,31), (80,31), (80,32), (80,33), (80,34), (80,35), (80,36), (80,37), (80,38), (80,39), (80,40), (80,41), (80,42), (80,43), (80,44), (80,45), (80,46), (80,47), (80,48), (80,49), (80,50), (80,51), (80,52), (80,53), (80,54), (80,55), (80,56), (80,57), (79,57), (78,57), (78,58), (77,58), (76,58), (75,58), (75,59), (74,59), (73,59), (72,59), (71,59), (70,59)",
        "time": 17.929725583810438
    },
    "Uber_Train_Uber": {
        "cost": 33.10104165307917,
        "env_tax": 0.05000000000000001,
        "route": "(64,17), (64,18), (64,19), (64,20), (63,20), (62,20), (61,20), (60,20)|(60,20), (61,20), (62,20), (63,20), (64,20), (65,20), (66,20), (67,20), (68,20), (69,20), (70,20), (70,20), (70,21), (70,22), (70,23), (70,24), (70,25), (70,26), (70,27), (70,28), (70,29), (70,30), (70,31), (70,32), (70,33), (70,34), (70,35), (70,36), (70,37), (70,38), (70,39), (70,40), (70,41), (70,42), (70,43), (70,44), (70,45), (70,46), (70,47), (70,48), (70,49), (70,50), (70,51), (70,52), (70,53), (70,54), (70,55), (70,56), (70,57), (70,58), (70,59), (70,60)|(70,60), (70,59)",
        "time": 22.968834374286107
    },
    "Uber_Train_Walk": {
        "cost": 20.855178692571055,
        "env_tax": 0.04000000000000001,
        "route": "(64,17), (64,18), (64,19), (64,20), (63,20), (62,20), (61,20), (60,20)|(60,20), (61,20), (62,20), (63,20), (64,20), (65,20), (66,20), (67,20), (68,20), (69,20), (70,20), (70,20), (70,21), (70,22), (70,23), (70,24), (70,25), (70,26), (70,27), (70,28), (70,29), (70,30), (70,31), (70,32), (70,33), (70,34), (70,35), (70,36), (70,37), (70,38), (70,39), (70,40), (70,41), (70,42), (70,43), (70,44), (70,45), (70,46), (70,47), (70,48), (70,49), (70,50), (70,51), (70,52), (70,53), (70,54), (70,55), (70,56), (70,57), (70,58), (70,59), (70,60)|(70,60), (70,60), (70,59)",
        "time": 89.3814422092676
    },
    "Walk": {
        "cost": 0,
        "env_tax": 0,
        "route": "(64,17), (65,17), (66,17), (67,17), (68,17), (69,17), (70,17), (70,17), (70,18), (70,19), (70,20), (70,21), (70,22), (70,23), (70,24), (70,25), (70,26), (70,27), (70,28), (70,29), (70,30), (70,31), (70,32), (70,33), (70,34), (70,35), (70,36), (70,37), (70,38), (70,39), (70,40), (70,41), (70,42), (70,43), (70,44), (70,45), (70,46), (70,47), (70,48), (70,49), (70,50), (70,51), (70,52), (70,53), (70,54), (70,55), (70,56), (70,57), (70,58), (70,59)",
        "time": 3579.0980672870432
    },
    "Walk_Train_Uber": {
        "cost": 17.967169962190614,
        "env_tax": 0.010000000000000002,
        "route": "(64,17), (63,17), (62,17), (61,17), (60,17), (60,17), (60,18), (60,19), (60,20)|(60,20), (61,20), (62,20), (63,20), (64,20), (65,20), (66,20), (67,20), (68,20), (69,20), (70,20), (70,20), (70,21), (70,22), (70,23), (70,24), (70,25), (70,26), (70,27), (70,28), (70,29), (70,30), (70,31), (70,32), (70,33), (70,34), (70,35), (70,36), (70,37), (70,38), (70,39), (70,40), (70,41), (70,42), (70,43), (70,44), (70,45), (70,46), (70,47), (70,48), (70,49), (70,50), (70,51), (70,52), (70,53), (70,54), (70,55), (70,56), (70,57), (70,58), (70,59), (70,60)|(70,60), (70,59)",
        "time": 532.8735723698105
    },
    "Walk_Train_Walk": {
        "cost": 5.2,
        "env_tax": 0,
        "route": "(64,17), (63,17), (62,17), (61,17), (60,17), (60,17), (60,18), (60,19), (60,20)|(60,20), (61,20), (62,20), (63,20), (64,20), (65,20), (66,20), (67,20), (68,20), (69,20), (70,20), (70,20), (70,21), (70,22), (70,23), (70,24), (70,25), (70,26), (70,27), (70,28), (70,29), (70,30), (70,31), (70,32), (70,33), (70,34), (70,35), (70,36), (70,37), (70,38), (70,39), (70,40), (70,41), (70,42), (70,43), (70,44), (70,45), (70,46), (70,47), (70,48), (70,49), (70,50), (70,51), (70,52), (70,53), (70,54), (70,55), (70,56), (70,57), (70,58), (70,59), (70,60)|(70,60), (70,60), (70,59)",
        "time": 599.8936655435889
    }
}