{
    "Uber": {
        "cost": 28.300569002017685,
        "env_tax": 0.30500000000000005,
        "route": "(96,71), (96,72), (96,73), (96,74), (96,75), (96,76), (96,77), (96,78), (96,79), (95,79), (95,80), (94,80), (93,80), (93,81), (92,81), (91,81), (90,81), (90,82), (90,83), (89,83), (89,84), (88,84), (87,84), (86,84), (85,84), (84,84), (83,84), (82,84), (81,84), (81,85), (80,85), (80,86), (79,86), (78,86), (77,86), (76,86), (75,86), (74,86), (73,86), (72,86), (71,86), (70,86), (69,86), (68,86), (67,86), (66,86), (65,86), (64,86), (63,86), (63,85), (63,84), (62,84), (62,83), (61,83), (60,83), (60,82), (60,81), (60,80), (59,80), (58,80), (57,80)",
        "time": 12.322370236799873
    },
    "Uber_Train_Uber": {
        "cost": 31.051234617374938,
        "env_tax": 0.06000000000000001,
        "route": "(96,71), (95,71), (94,71), (93,71), (92,71), (91,71), (91,70), (90,70)|(90,70), (89,70), (88,70), (87,70), (86,70), (85,70), (84,70), (83,70), (82,70), (81,70), (80,70), (79,70), (78,70), (77,70), (76,70), (75,70), (74,70), (73,70), (72,70), (71,70), (70,70), (69,70), (68,70), (67,70), (66,70), (65,70), (64,70), (63,70), (62,70), (61,70), (60,70), (60,70), (60,71), (60,72), (60,73), (60,74), (60,75), (60,76), (60,77), (60,78), (60,79), (60,80)|(60,80), (59,80), (58,80), (57,80)",
        "time": 20.425225682985086
    },
    "Uber_Train_Walk": {
        "cost": 17.566297438033356,
        "env_tax": 0.04000000000000001,
        "route": "(96,71), (95,71), (94,71), (93,71), (92,71), (91,71), (91,70), (90,70)|(90,70), (89,70), (88,70), (87,70), (86,70), (85,70), (84,70), (83,70), (82,70), (81,70), (80,70), (79,70), (78,70), (77,70), (76,70), (75,70), (74,70), (73,70), (72,70), (71,70), (70,70), (69,70), (68,70), (67,70), (66,70), (65,70), (64,70), (63,70), (62,70), (61,70), (60,70), (60,70), (60,71), (60,72), (60,73), (60,74), (60,75), (60,76), (60,77), (60,78), (60,79), (60,80)|(60,80), (59,80), (58,80), (57,80), (57,80)",
        "time": 239.36806451136067
    },
    "Walk": {
        "cost": 0,
        "env_tax": 0,
        "route": "(96,71), (95,71), (94,71), (93,71), (92,71), (91,71), (90,71), (89,71), (88,71), (87,71), (86,71), (85,71), (84,71), (83,71), (82,71), (81,71), (80,71), (79,71), (78,71), (77,71), (76,71), (75,71), (74,71), (73,71), (72,71), (71,71), (70,71), (69,71), (68,71), (67,71), (66,71), (65,71), (64,71), (63,71), (62,71), (61,71), (60,71), (59,71), (58,71), (57,71), (57,71), (57,72), (57,73), (57,74), (57,75), (57,76), (57,77), (57,78), (57,79), (57,80)",
        "time": 3579.0980672870432
    },
    "Walk_Train_Uber": {
        "cost": 17.485094195377542,
        "env_tax": 0.020000000000000004,
        "route": "(96,71), (95,71), (94,71), (93,71), (92,71), (91,71), (90,71), (90,71), (90,70)|(90,70), (89,70), (88,70), (87,70), (86,70), (85,70), (84,70), (83,70), (82,70), (81,70), (80,70), (79,70), (78,70), (77,70), (76,70), (75,70), (74,70), (73,70), (72,70), (71,70), (70,70), (69,70), (68,70), (67,70), (66,70), (65,70), (64,70), (63,70), (62,70), (61,70), (60,70), (60,70), (60,71), (60,72), (60,73), (60,74), (60,75), (60,76), (60,77), (60,78), (60,79), (60,80)|(60,80), (59,80), (58,80), (57,80)",
        "time": 535.8378847109774
    },
    "Walk_Train_Walk": {
        "cost": 4.2,
        "env_tax": 0,
        "route": "(96,71), (95,71), (94,71), (93,71), (92,71), (91,71), (90,71), (90,71), (90,70)|(90,70), (89,70), (88,70), (87,70), (86,70), (85,70), (84,70), (83,70), (82,70), (81,70), (80,70), (79,70), (78,70), (77,70), (76,70), (75,70), (74,70), (73,70), (72,70), (71,70), (70,70), (69,70), (68,70), (67,70), (66,70), (65,70), (64,70), (63,70), (62,70), (61,70), (60,70), (60,70), (60,71), (60,72), (60,73), (60,74), (60,75), (60,76), (60,77), (60,78), (60,79), (60,80)|(60,80), (59,80), (58,80), (57,80), (57,80)",
        "time": 753.3805924420858
    }
}