{
    "Uber": {
        "cost": 56.03701028400153,
        "env_tax": 0.25500000000000006,
        "route": "(37,45), (37,46), (37,47), (37,48), (37,49), (37,50), (37,51), (37,52), (37,53), (37,54), (37,55), (37,56), (37,57), (37,58), (37,59), (37,60), (37,61), (37,62), (37,63), (37,64), (37,65), (37,66), (37,67), (38,67), (38,68), (38,69), (38,70), (38,71), (38,72), (39,72), (39,73), (40,73), (40,74), (41,74), (41,75), (41,76), (41,77), (41,78), (42,78), (42,79), (42,80), (43,80), (43,81), (43,82), (43,83), (43,84), (43,85), (43,86), (43,87), (43,88), (43,89)",
        "time": 13.015732935703308
    },
    "Uber_Train_Uber": {
        "cost": 37.65642424244905,
        "env_tax": 0.07,
        "route": "(37,45), (37,44), (38,44), (38,43), (38,42), (39,42), (39,41), (39,40), (40,40)|(40,40), (40,40), (40,41), (40,42), (40,43), (40,44), (40,45), (40,46), (40,47), (40,48), (40,49), (40,50), (40,51), (40,52), (40,53), (40,54), (40,55), (40,56), (40,57), (40,58), (40,59), (40,60), (40,61), (40,62), (40,63), (40,64), (40,65), (40,66), (40,67), (40,68), (40,69), (40,70), (40,71), (40,72), (40,73), (40,74), (40,75), (40,76), (40,77), (40,78), (40,79), (40,80), (40,81), (40,82), (40,83), (40,84), (40,85), (40,86), (40,87), (40,88), (40,89), (40,90)|(40,90), (41,90), (42,90), (43,90), (43,89)",
        "time": 23.624153436851266
    },
    "Uber_Train_Walk": {
        "cost": 26.459654818079514,
        "env_tax": 0.045000000000000005,
        "route": "(37,45), (37,44), (38,44), (38,43), (38,42), (39,42), (39,41), (39,40), (40,40)|(40,40), (40,40), (40,41), (40,42), (40,43), (40,44), (40,45), (40,46), (40,47), (40,48), (40,49), (40,50), (40,51), (40,52), (40,53), (40,54), (40,55), (40,56), (40,57), (40,58), (40,59), (40,60), (40,61), (40,62), (40,63), (40,64), (40,65), (40,66), (40,67), (40,68), (40,69), (40,70), (40,71), (40,72), (40,73), (40,74), (40,75), (40,76), (40,77), (40,78), (40,79), (40,80), (40,81), (40,82), (40,83), (40,84), (40,85), (40,86), (40,87), (40,88), (40,89), (40,90)|(40,90), (41,90), (42,90), (43,90), (43,90), (43,89)",
        "time": 313.7050194406167
    },
    "Walk": {
        "cost": 0,
        "env_tax": 0,
        "route": "(37,45), (38,45), (39,45), (40,45), (41,45), (42,45), (43,45), (43,45), (43,46), (43,47), (43,48), (43,49), (43,50), (43,51), (43,52), (43,53), (43,54), (43,55), (43,56), (43,57), (43,58), (43,59), (43,60), (43,61), (43,62), (43,63), (43,64), (43,65), (43,66), (43,67), (43,68), (43,69), (43,70), (43,71), (43,72), (43,73), (43,74), (43,75), (43,76), (43,77), (43,78), (43,79), (43,80), (43,81), (43,82), (43,83), (43,84), (43,85), (43,86), (43,87), (43,88), (43,89)",
        "time": 3728.2271534240035
    },
    "Walk_Train_Uber": {
        "cost": 18.123130878987865,
        "env_tax": 0.025,
        "route": "(37,45), (38,45), (39,45), (40,45), (40,45), (40,44), (40,43), (40,42), (40,41), (40,40)|(40,40), (40,40), (40,41), (40,42), (40,43), (40,44), (40,45), (40,46), (40,47), (40,48), (40,49), (40,50), (40,51), (40,52), (40,53), (40,54), (40,55), (40,56), (40,57), (40,58), (40,59), (40,60), (40,61), (40,62), (40,63), (40,64), (40,65), (40,66), (40,67), (40,68), (40,69), (40,70), (40,71), (40,72), (40,73), (40,74), (40,75), (40,76), (40,77), (40,78), (40,79), (40,80), (40,81), (40,82), (40,83), (40,84), (40,85), (40,86), (40,87), (40,88), (40,89), (40,90)|(40,90), (41,90), (42,90), (43,90), (43,89)",
        "time": 610.7728089076646
    },
    "Walk_Train_Walk": {
        "cost": 5.2,
        "env_tax": 0,
        "route": "(37,45), (38,45), (39,45), (40,45), (40,45), (40,44), (40,43), (40,42), (40,41), (40,40)|(40,40), (40,40), (40,41), (40,42), (40,43), (40,44), (40,45), (40,46), (40,47), (40,48), (40,49), (40,50), (40,51), (40,52), (40,53), (40,54), (40,55), (40,56), (40,57), (40,58), (40,59), (40,60), (40,61), (40,62), (40,63), (40,64), (40,65), (40,66), (40,67), (40,68), (40,69), (40,70), (40,71), (40,72), (40,73), (40,74), (40,75), (40,76), (40,77), (40,78), (40,79), (40,80), (40,81), (40,82), (40,83), (40,84), (40,85), (40,86), (40,87), (40,88), (40,89), (40,90)|(40,90), (41,90), (42,90), (43,90), (43,90), (43,89)",
        "time": 902.2306916417261
    }
}