{
    "Uber": {
        "cost": 56.83359514864551,
        "env_tax": 0.5700000000000001,
        "route": "(25,29), (25,28), (25,27), (25,26), (26,26), (27,26), (27,25), (27,24), (28,24), (28,23), (29,23), (29,22), (29,21), (30,21), (31,21), (32,21), (33,21), (34,21), (35,21), (36,21), (36,20), (36,19), (37,19), (38,19), (39,19), (40,19), (41,19), (42,19), (43,19), (44,19), (45,19), (46,19), (47,19), (48,19), (49,19), (50,19), (51,19), (52,19), (53,19), (54,19), (55,19), (56,19), (57,19), (58,19), (59,19), (60,19), (60,20), (61,20), (62,20), (63,20), (64,20), (65,20), (65,21), (66,21), (67,21), (68,21), (69,21), (70,21), (71,21), (72,21), (72,20), (73,20), (74,20), (75,20), (76,20), (77,20), (78,20), (79,20), (80,20), (81,20), (82,20), (83,20), (84,20), (85,20), (86,20), (86,21), (86,22), (87,22), (88,22), (88,23), (89,23), (90,23), (91,23), (91,24), (92,24), (93,24), (93,25), (93,26), (93,27), (93,28), (93,29), (93,30), (93,31), (93,32), (93,33), (93,34), (93,35), (93,36), (93,37), (93,38), (93,39), (93,40), (93,41), (93,42), (92,42), (92,43), (92,44), (92,45), (92,46), (92,47), (91,47), (91,48), (90,48), (89,48)",
        "time": 18.258228972155578
    },
    "Uber_Train_Uber": {
        "cost": 36.70872306180358,
        "env_tax": 0.05500000000000001,
        "route": "(25,29), (24,29), (23,29), (22,29), (21,29), (20,29), (20,30)|(20,30), (21,30), (22,30), (23,30), (24,30), (25,30), (26,30), (27,30), (28,30), (29,30), (30,30), (31,30), (32,30), (33,30), (34,30), (35,30), (36,30), (37,30), (38,30), (39,30), (40,30), (41,30), (42,30), (43,30), (44,30), (45,30), (46,30), (47,30), (48,30), (49,30), (50,30), (51,30), (52,30), (53,30), (54,30), (55,30), (56,30), (57,30), (58,30), (59,30), (60,30), (61,30), (62,30), (63,30), (64,30), (65,30), (66,30), (67,30), (68,30), (69,30), (70,30), (71,30), (72,30), (73,30), (74,30), (75,30), (76,30), (77,30), (78,30), (79,30), (80,30), (81,30), (82,30), (83,30), (84,30), (85,30), (86,30), (87,30), (88,30), (89,30), (90,30), (90,30), (90,31), (90,32), (90,33), (90,34), (90,35), (90,36), (90,37), (90,38), (90,39), (90,40), (90,41), (90,42), (90,43), (90,44), (90,45), (90,46), (90,47), (90,48), (90,49), (90,50)|(90,50), (89,50), (89,49), (89,48)",
        "time": 25.453813820308454
    },
    "Uber_Train_Walk": {
        "cost": 23.959529811732043,
        "env_tax": 0.035,
        "route": "(25,29), (24,29), (23,29), (22,29), (21,29), (20,29), (20,30)|(20,30), (21,30), (22,30), (23,30), (24,30), (25,30), (26,30), (27,30), (28,30), (29,30), (30,30), (31,30), (32,30), (33,30), (34,30), (35,30), (36,30), (37,30), (38,30), (39,30), (40,30), (41,30), (42,30), (43,30), (44,30), (45,30), (46,30), (47,30), (48,30), (49,30), (50,30), (51,30), (52,30), (53,30), (54,30), (55,30), (56,30), (57,30), (58,30), (59,30), (60,30), (61,30), (62,30), (63,30), (64,30), (65,30), (66,30), (67,30), (68,30), (69,30), (70,30), (71,30), (72,30), (73,30), (74,30), (75,30), (76,30), (77,30), (78,30), (79,30), (80,30), (81,30), (82,30), (83,30), (84,30), (85,30), (86,30), (87,30), (88,30), (89,30), (90,30), (90,30), (90,31), (90,32), (90,33), (90,34), (90,35), (90,36), (90,37), (90,38), (90,39), (90,40), (90,41), (90,42), (90,43), (90,44), (90,45), (90,46), (90,47), (90,48), (90,49), (90,50)|(90,50), (89,50), (89,50), (89,49), (89,48)",
        "time": 236.38271593996262
    },
    "Walk": {
        "cost": 0,
        "env_tax": 0,
        "route": "(25,29), (26,29), (27,29), (28,29), (29,29), (30,29), (31,29), (32,29), (33,29), (34,29), (35,29), (36,29), (37,29), (38,29), (39,29), (40,29), (41,29), (42,29), (43,29), (44,29), (45,29), (46,29), (47,29), (48,29), (49,29), (50,29), (51,29), (52,29), (53,29), (54,29), (55,29), (56,29), (57,29), (58,29), (59,29), (60,29), (61,29), (62,29), (63,29), (64,29), (65,29), (66,29), (67,29), (68,29), (69,29), (70,29), (71,29), (72,29), (73,29), (74,29), (75,29), (76,29), (77,29), (78,29), (79,29), (80,29), (81,29), (82,29), (83,29), (84,29), (85,29), (86,29), (87,29), (88,29), (89,29), (89,29), (89,30), (89,31), (89,32), (89,33), (89,34), (89,35), (89,36), (89,37), (89,38), (89,39), (89,40), (89,41), (89,42), (89,43), (89,44), (89,45), (89,46), (89,47), (89,48)",
        "time": 6188.857074683846
    },
    "Walk_Train_Uber": {
        "cost": 22.087669636756925,
        "env_tax": 0.020000000000000004,
        "route": "(25,29), (24,29), (23,29), (22,29), (21,29), (20,29), (20,29), (20,30)|(20,30), (21,30), (22,30), (23,30), (24,30), (25,30), (26,30), (27,30), (28,30), (29,30), (30,30), (31,30), (32,30), (33,30), (34,30), (35,30), (36,30), (37,30), (38,30), (39,30), (40,30), (41,30), (42,30), (43,30), (44,30), (45,30), (46,30), (47,30), (48,30), (49,30), (50,30), (51,30), (52,30), (53,30), (54,30), (55,30), (56,30), (57,30), (58,30), (59,30), (60,30), (61,30), (62,30), (63,30), (64,30), (65,30), (66,30), (67,30), (68,30), (69,30), (70,30), (71,30), (72,30), (73,30), (74,30), (75,30), (76,30), (77,30), (78,30), (79,30), (80,30), (81,30), (82,30), (83,30), (84,30), (85,30), (86,30), (87,30), (88,30), (89,30), (90,30), (90,30), (90,31), (90,32), (90,33), (90,34), (90,35), (90,36), (90,37), (90,38), (90,39), (90,40), (90,41), (90,42), (90,43), (90,44), (90,45), (90,46), (90,47), (90,48), (90,49), (90,50)|(90,50), (89,50), (89,49), (89,48)",
        "time": 458.3632822151686
    },
    "Walk_Train_Walk": {
        "cost": 9.200000000000001,
        "env_tax": 0,
        "route": "(25,29), (24,29), (23,29), (22,29), (21,29), (20,29), (20,29), (20,30)|(20,30), (21,30), (22,30), (23,30), (24,30), (25,30), (26,30), (27,30), (28,30), (29,30), (30,30), (31,30), (32,30), (33,30), (34,30), (35,30), (36,30), (37,30), (38,30), (39,30), (40,30), (41,30), (42,30), (43,30), (44,30), (45,30), (46,30), (47,30), (48,30), (49,30), (50,30), (51,30), (52,30), (53,30), (54,30), (55,30), (56,30), (57,30), (58,30), (59,30), (60,30), (61,30), (62,30), (63,30), (64,30), (65,30), (66,30), (67,30), (68,30), (69,30), (70,30), (71,30), (72,30), (73,30), (74,30), (75,30), (76,30), (77,30), (78,30), (79,30), (80,30), (81,30), (82,30), (83,30), (84,30), (85,30), (86,30), (87,30), (88,30), (89,30), (90,30), (90,30), (90,31), (90,32), (90,33), (90,34), (90,35), (90,36), (90,37), (90,38), (90,39), (90,40), (90,41), (90,42), (90,43), (90,44), (90,45), (90,46), (90,47), (90,48), (90,49), (90,50)|(90,50), (89,50), (89,50), (89,49), (89,48)",
        "time": 676.9432512848792
    }
}