{
    "Uber": {
        "cost": 62.747584635829526,
        "env_tax": 0.8900000000000001,
        "route": "(11,10), (10,10), (9,10), (8,10), (8,11), (7,11), (7,12), (7,13), (7,14), (7,15), (6,15), (5,15), (4,15), (3,15), (3,16), (2,16), (2,17), (2,18), (2,19), (2,20), (2,21), (2,22), (2,23), (2,24), (2,25), (2,26), (2,27), (2,28), (2,29), (2,30), (2,31), (2,32), (2,33), (2,34), (2,35), (2,36), (2,37), (2,38), (2,39), (2,40), (2,41), (2,42), (2,43), (2,44), (2,45), (3,45), (4,45), (4,46), (4,47), (4,48), (4,49), (5,49), (6,49), (6,50), (7,50), (7,51), (7,52), (7,53), (8,53), (8,54), (9,54), (10,54), (10,55), (11,55), (12,55), (12,56), (13,56), (13,57), (13,58), (14,58), (14,59), (14,60), (14,61), (15,61), (15,62), (15,63), (16,63), (16,64), (17,64), (18,64), (18,65), (18,66), (19,66), (19,67), (20,67), (20,68), (21,68), (22,68), (22,69), (22,70), (22,71), (23,71), (24,71), (24,72), (25,72), (25,73), (26,73), (27,73), (27,74), (28,74), (28,75), (29,75), (29,76), (29,77), (29,78), (29,79), (29,80), (29,81), (30,81), (30,82), (31,82), (32,82), (33,82), (33,83), (33,84), (33,85), (33,86), (34,86), (34,87), (35,87), (35,88), (36,88), (37,88), (38,88), (38,89), (39,89), (39,90), (39,91), (39,92), (40,92), (40,93), (40,94), (40,95), (41,95), (41,96), (42,96), (43,96), (43,97), (43,98), (44,98), (45,98), (46,98), (47,98), (48,98), (49,98), (50,98), (51,98), (52,98), (53,98), (54,98), (55,98), (56,98), (57,98), (58,98), (59,98), (60,98), (61,98), (62,98), (63,98), (64,98), (65,98), (66,98), (67,98), (68,98), (69,98), (70,98), (71,98), (72,98), (72,97), (72,96), (72,95), (72,94), (72,93), (72,92), (72,91), (72,90), (72,89), (73,89)",
        "time": 18.013588647742555
    },
    "Uber_Train_Uber": {
        "cost": 39.012526728456784,
        "env_tax": 0.035,
        "route": "(11,10), (10,10)|(10,10), (11,10), (12,10), (13,10), (14,10), (15,10), (16,10), (17,10), (18,10), (19,10), (20,10), (21,10), (22,10), (23,10), (24,10), (25,10), (26,10), (27,10), (28,10), (29,10), (30,10), (31,10), (32,10), (33,10), (34,10), (35,10), (36,10), (37,10), (38,10), (39,10), (40,10), (41,10), (42,10), (43,10), (44,10), (45,10), (46,10), (47,10), (48,10), (49,10), (50,10), (51,10), (52,10), (53,10), (54,10), (55,10), (56,10), (57,10), (58,10), (59,10), (60,10), (61,10), (62,10), (63,10), (64,10), (65,10), (66,10), (67,10), (68,10), (69,10), (70,10), (70,10), (70,11), (70,12), (70,13), (70,14), (70,15), (70,16), (70,17), (70,18), (70,19), (70,20), (70,21), (70,22), (70,23), (70,24), (70,25), (70,26), (70,27), (70,28), (70,29), (70,30), (70,31), (70,32), (70,33), (70,34), (70,35), (70,36), (70,37), (70,38), (70,39), (70,40), (70,41), (70,42), (70,43), (70,44), (70,45), (70,46), (70,47), (70,48), (70,49), (70,50), (70,51), (70,52), (70,53), (70,54), (70,55), (70,56), (70,57), (70,58), (70,59), (70,60), (70,61), (70,62), (70,63), (70,64), (70,65), (70,66), (70,67), (70,68), (70,69), (70,70), (70,71), (70,72), (70,73), (70,74), (70,75), (70,76), (70,77), (70,78), (70,79), (70,80), (70,81), (70,82), (70,83), (70,84), (70,85), (70,86), (70,87), (70,88), (70,89), (70,90)|(70,90), (70,89), (71,89), (72,89), (73,89)",
        "time": 21.180655200696982
    },
    "Uber_Train_Walk": {
        "cost": 26.16596609423659,
        "env_tax": 0.010000000000000002,
        "route": "(11,10), (10,10)|(10,10), (11,10), (12,10), (13,10), (14,10), (15,10), (16,10), (17,10), (18,10), (19,10), (20,10), (21,10), (22,10), (23,10), (24,10), (25,10), (26,10), (27,10), (28,10), (29,10), (30,10), (31,10), (32,10), (33,10), (34,10), (35,10), (36,10), (37,10), (38,10), (39,10), (40,10), (41,10), (42,10), (43,10), (44,10), (45,10), (46,10), (47,10), (48,10), (49,10), (50,10), (51,10), (52,10), (53,10), (54,10), (55,10), (56,10), (57,10), (58,10), (59,10), (60,10), (61,10), (62,10), (63,10), (64,10), (65,10), (66,10), (67,10), (68,10), (69,10), (70,10), (70,10), (70,11), (70,12), (70,13), (70,14), (70,15), (70,16), (70,17), (70,18), (70,19), (70,20), (70,21), (70,22), (70,23), (70,24), (70,25), (70,26), (70,27), (70,28), (70,29), (70,30), (70,31), (70,32), (70,33), (70,34), (70,35), (70,36), (70,37), (70,38), (70,39), (70,40), (70,41), (70,42), (70,43), (70,44), (70,45), (70,46), (70,47), (70,48), (70,49), (70,50), (70,51), (70,52), (70,53), (70,54), (70,55), (70,56), (70,57), (70,58), (70,59), (70,60), (70,61), (70,62), (70,63), (70,64), (70,65), (70,66), (70,67), (70,68), (70,69), (70,70), (70,71), (70,72), (70,73), (70,74), (70,75), (70,76), (70,77), (70,78), (70,79), (70,80), (70,81), (70,82), (70,83), (70,84), (70,85), (70,86), (70,87), (70,88), (70,89), (70,90)|(70,90), (71,90), (72,90), (73,90), (73,90), (73,89)",
        "time": 311.15441880388266
    },
    "Walk": {
        "cost": 0,
        "env_tax": 0,
        "route": "(11,10), (12,10), (13,10), (14,10), (15,10), (16,10), (17,10), (18,10), (19,10), (20,10), (21,10), (22,10), (23,10), (24,10), (25,10), (26,10), (27,10), (28,10), (29,10), (30,10), (31,10), (32,10), (33,10), (34,10), (35,10), (36,10), (37,10), (38,10), (39,10), (40,10), (41,10), (42,10), (43,10), (44,10), (45,10), (46,10), (47,10), (48,10), (49,10), (50,10), (51,10), (52,10), (53,10), (54,10), (55,10), (56,10), (57,10), (58,10), (59,10), (60,10), (61,10), (62,10), (63,10), (64,10), (65,10), (66,10), (67,10), (68,10), (69,10), (70,10), (71,10), (72,10), (73,10), (73,10), (73,11), (73,12), (73,13), (73,14), (73,15), (73,16), (73,17), (73,18), (73,19), (73,20), (73,21), (73,22), (73,23), (73,24), (73,25), (73,26), (73,27), (73,28), (73,29), (73,30), (73,31), (73,32), (73,33), (73,34), (73,35), (73,36), (73,37), (73,38), (73,39), (73,40), (73,41), (73,42), (73,43), (73,44), (73,45), (73,46), (73,47), (73,48), (73,49), (73,50), (73,51), (73,52), (73,53), (73,54), (73,55), (73,56), (73,57), (73,58), (73,59), (73,60), (73,61), (73,62), (73,63), (73,64), (73,65), (73,66), (73,67), (73,68), (73,69), (73,70), (73,71), (73,72), (73,73), (73,74), (73,75), (73,76), (73,77), (73,78), (73,79), (73,80), (73,81), (73,82), (73,83), (73,84), (73,85), (73,86), (73,87), (73,88), (73,89)",
        "time": 10513.60057265569
    },
    "Walk_Train_Uber": {
        "cost": 27.344051949551783,
        "env_tax": 0.025,
        "route": "(11,10), (10,10), (10,10)|(10,10), (11,10), (12,10), (13,10), (14,10), (15,10), (16,10), (17,10), (18,10), (19,10), (20,10), (21,10), (22,10), (23,10), (24,10), (25,10), (26,10), (27,10), (28,10), (29,10), (30,10), (31,10), (32,10), (33,10), (34,10), (35,10), (36,10), (37,10), (38,10), (39,10), (40,10), (41,10), (42,10), (43,10), (44,10), (45,10), (46,10), (47,10), (48,10), (49,10), (50,10), (51,10), (52,10), (53,10), (54,10), (55,10), (56,10), (57,10), (58,10), (59,10), (60,10), (61,10), (62,10), (63,10), (64,10), (65,10), (66,10), (67,10), (68,10), (69,10), (70,10), (70,10), (70,11), (70,12), (70,13), (70,14), (70,15), (70,16), (70,17), (70,18), (70,19), (70,20), (70,21), (70,22), (70,23), (70,24), (70,25), (70,26), (70,27), (70,28), (70,29), (70,30), (70,31), (70,32), (70,33), (70,34), (70,35), (70,36), (70,37), (70,38), (70,39), (70,40), (70,41), (70,42), (70,43), (70,44), (70,45), (70,46), (70,47), (70,48), (70,49), (70,50), (70,51), (70,52), (70,53), (70,54), (70,55), (70,56), (70,57), (70,58), (70,59), (70,60), (70,61), (70,62), (70,63), (70,64), (70,65), (70,66), (70,67), (70,68), (70,69), (70,70), (70,71), (70,72), (70,73), (70,74), (70,75), (70,76), (70,77), (70,78), (70,79), (70,80), (70,81), (70,82), (70,83), (70,84), (70,85), (70,86), (70,87), (70,88), (70,89), (70,90)|(70,90), (70,89), (71,89), (72,89), (73,89)",
        "time": 93.01443313441233
    },
    "Walk_Train_Walk": {
        "cost": 14.200000000000001,
        "env_tax": 0,