{
    "Uber": {
        "cost": 16.610699000337103,
        "env_tax": 0.08500000000000002,
        "route": "(82,26), (82,25), (82,24), (82,23), (82,22), (82,21), (82,20), (83,20), (83,19), (83,18), (83,17), (83,16), (83,15), (83,14), (83,13), (84,13), (84,12)",
        "time": 8.29044574201387
    },
    "Uber_Train_Uber": {
        "cost": 28.983999257932755,
        "env_tax": 0.07,
        "route": "(82,26), (82,27), (82,28), (82,29), (82,30), (81,30), (80,30)|(80,30), (80,30), (80,29), (80,28), (80,27), (80,26), (80,25), (80,24), (80,23), (80,22), (80,21), (80,20), (80,19), (80,18), (80,17), (80,16), (80,15), (80,14), (80,13), (80,12), (80,11), (80,10)|(80,10), (81,10), (82,10), (82,11), (83,11), (84,11), (84,12)",
        "time": 25.778606117246852
    },
    "Uber_Train_Walk": {
        "cost": 16.500780367256453,
        "env_tax": 0.035,
        "route": "(82,26), (82,27), (82,28), (82,29), (82,30), (81,30), (80,30)|(80,30), (80,30), (80,29), (80,28), (80,27), (80,26), (80,25), (80,24), (80,23), (80,22), (80,21), (80,20), (80,19), (80,18), (80,17), (80,16), (80,15), (80,14), (80,13), (80,12), (80,11), (80,10)|(80,10), (81,10), (82,10), (83,10), (84,10), (84,10), (84,11), (84,12)",
        "time": 459.69363675171405
    },
    "Walk": {
        "cost": 0,
        "env_tax": 0,
        "route": "(82,26), (83,26), (84,26), (84,26), (84,25), (84,24), (84,23), (84,22), (84,21), (84,20), (84,19), (84,18), (84,17), (84,16), (84,15), (84,14), (84,13), (84,12)",
        "time": 1193.0326890956812
    },
    "Walk_Train_Uber": {
        "cost": 15.151455283955901,
        "env_tax": 0.035,
        "route": "(82,26), (81,26), (80,26), (80,26), (80,27), (80,28), (80,29), (80,30)|(80,30), (80,30), (80,29), (80,28), (80,27), (80,26), (80,25), (80,24), (80,23), (80,22), (80,21), (80,20), (80,19), (80,18), (80,17), (80,16), (80,15), (80,14), (80,13), (80,12), (80,11), (80,10)|(80,10), (81,10), (82,10), (82,11), (83,11), (84,11), (84,12)",
        "time": 458.2227591477318
    },
    "Walk_Train_Walk": {
        "cost": 2.2,
        "env_tax": 0,
        "route": "(82,26), (81,26), (80,26), (80,26), (80,27), (80,28), (80,29), (80,30)|(80,30), (80,30), (80,29), (80,28), (80,27), (80,26), (80,25), (80,24), (80,23), (80,22), (80,21), (80,20), (80,19), (80,18), (80,17), (80,16), (80,15), (80,14), (80,13), (80,12), (80,11), (80,10)|(80,10), (81,10), (82,10), (83,10), (84,10), (84,10), (84,11), (84,12)",
        "time": 899.3444723765609
    }
}