{
    "Uber": {
        "cost": 29.24324046204887,
        "env_tax": 0.24500000000000002,
        "route": "(59,20), (60,20), (61,20), (62,20), (63,20), (64,20), (65,20), (65,21), (66,21), (67,21), (68,21), (69,21), (70,21), (71,21), (72,21), (72,20), (73,20), (74,20), (75,20), (76,20), (77,20), (78,20), (79,20), (80,20), (81,20), (82,20), (83,20), (84,20), (85,20), (86,20), (86,21), (86,22), (87,22), (88,22), (88,23), (89,23), (89,24), (89,25), (89,26), (89,27), (89,28), (89,29), (89,30), (89,31), (89,32), (89,33), (89,34), (90,34), (90,35)",
        "time": 12.282097235544107
    },
    "Uber_Train_Uber": {
        "cost": 29.995712798963563,
        "env_tax": 0.04000000000000001,
        "route": "(59,20), (60,20)|(60,20), (61,20), (62,20), (63,20), (64,20), (65,20), (66,20), (67,20), (68,20), (69,20), (70,20), (71,20), (72,20), (73,20), (74,20), (75,20), (76,20), (77,20), (78,20), (79,20), (80,20), (81,20), (82,20), (83,20), (84,20), (85,20), (86,20), (87,20), (88,20), (89,20), (90,20), (90,20), (90,21), (90,22), (90,23), (90,24), (90,25), (90,26), (90,27), (90,28), (90,29), (90,30)|(90,30), (90,31), (90,32), (90,33), (90,34), (90,35)",
        "time": 23.544809496931407
    },
    "Uber_Train_Walk": {
        "cost": 16.65761217581582,
        "env_tax": 0.010000000000000002,
        "route": "(59,20), (60,20)|(60,20), (61,20), (62,20), (63,20), (64,20), (65,20), (66,20), (67,20), (68,20), (69,20), (70,20), (71,20), (72,20), (73,20), (74,20), (75,20), (76,20), (77,20), (78,20), (79,20), (80,20), (81,20), (82,20), (83,20), (84,20), (85,20), (86,20), (87,20), (88,20), (89,20), (90,20), (90,20), (90,21), (90,22), (90,23), (90,24), (90,25), (90,26), (90,27), (90,28), (90,29), (90,30)|(90,30), (90,30), (90,31), (90,32), (90,33), (90,34), (90,35)",
        "time": 385.25726534238595
    },
    "Walk": {
        "cost": 0,
        "env_tax": 0,
        "route": "(59,20), (60,20), (61,20), (62,20), (63,20), (64,20), (65,20), (66,20), (67,20), (68,20), (69,20), (70,20), (71,20), (72,20), (73,20), (74,20), (75,20), (76,20), (77,20), (78,20), (79,20), (80,20), (81,20), (82,20), (83,20), (84,20), (85,20), (86,20), (87,20), (88,20), (89,20), (90,20), (90,20), (90,21), (90,22), (90,23), (90,24), (90,25), (90,26), (90,27), (90,28), (90,29), (90,30), (90,31), (90,32), (90,33), (90,34), (90,35)",
        "time": 3429.9689811500834
    },
    "Walk_Train_Uber": {
        "cost": 17.557519487654695,
        "env_tax": 0.030000000000000006,
        "route": "(59,20), (60,20), (60,20)|(60,20), (61,20), (62,20), (63,20), (64,20), (65,20), (66,20), (67,20), (68,20), (69,20), (70,20), (71,20), (72,20), (73,20), (74,20), (75,20), (76,20), (77,20), (78,20), (79,20), (80,20), (81,20), (82,20), (83,20), (84,20), (85,20), (86,20), (87,20), (88,20), (89,20), (90,20), (90,20), (90,21), (90,22), (90,23), (90,24), (90,25), (90,26), (90,27), (90,28), (90,29), (90,30)|(90,30), (90,31), (90,32), (90,33), (90,34), (90,35)",
        "time": 89.79717527591485
    },
    "Walk_Train_Walk": {
        "cost": 4.2,
        "env_tax": 0,
        "route": "(59,20), (60,20), (60,20)|(60,20), (61,20), (62,20), (63,20), (64,20), (65,20), (66,20), (67,20), (68,20), (69,20), (70,20), (71,20), (72,20), (73,20), (74,20), (75,20), (76,20), (77,20), (78,20), (79,20), (80,20), (81,20), (82,20), (83,20), (84,20), (85,20), (86,20), (87,20), (88,20), (89,20), (90,20), (90,20), (90,21), (90,22), (90,23), (90,24), (90,25), (90,26), (90,27), (90,28), (90,29), (90,30)|(90,30), (90,30), (90,31), (90,32), (90,33), (90,34), (90,35)",
        "time": 454.0861786535502
    }
}