{
    "Uber": {
        "cost": 33.74882548785338,
        "env_tax": 0.405,
        "route": "(19,81), (18,81), (17,81), (16,81), (15,81), (14,81), (13,81), (12,81), (11,81), (11,80), (11,79), (11,78), (11,77), (11,76), (11,75), (10,75), (10,74), (9,74), (9,73), (9,72), (9,71), (9,70), (9,69), (9,68), (9,67), (9,66), (9,65), (9,64), (9,63), (9,62), (9,61), (9,60), (9,59), (9,58), (9,57), (9,56), (9,55), (9,54), (9,53), (9,52), (9,51), (9,50), (9,49), (9,48), (9,47), (9,46), (9,45), (9,44), (9,43), (9,42), (9,41), (9,40), (9,39), (9,38), (9,37), (10,37), (10,36), (10,35), (10,34), (10,33), (10,32), (10,31), (10,30), (10,29), (10,28), (11,28), (11,27), (12,27), (13,27), (13,26), (13,25), (14,25), (15,25), (16,25), (17,25), (18,25), (19,25), (20,25), (21,25), (22,25), (23,25)",
        "time": 14.557423742627039
    },
    "Uber_Train_Uber": {
        "cost": 33.16146700926946,
        "env_tax": 0.06000000000000001,
        "route": "(19,81), (19,80), (20,80)|(20,80), (20,80), (20,79), (20,78), (20,77), (20,76), (20,75), (20,74), (20,73), (20,72), (20,71), (20,70), (20,69), (20,68), (20,67), (20,66), (20,65), (20,64), (20,63), (20,62), (20,61), (20,60), (20,59), (20,58), (20,57), (20,56), (20,55), (20,54), (20,53), (20,52), (20,51), (20,50), (20,49), (20,48), (20,47), (20,46), (20,45), (20,44), (20,43), (20,42), (20,41), (20,40), (20,39), (20,38), (20,37), (20,36), (20,35), (20,34), (20,33), (20,32), (20,31), (20,30), (20,29), (20,28), (20,27), (20,26), (20,25), (20,24), (20,23), (20,22), (20,21), (20,20)|(20,20), (21,20), (21,21), (22,21), (22,22), (22,23), (23,23), (23,24), (23,25)",
        "time": 16.985145193823783
    },
    "Uber_Train_Walk": {
        "cost": 18.67140375224431,
        "env_tax": 0.015000000000000003,
        "route": "(19,81), (19,80), (20,80)|(20,80), (20,80), (20,79), (20,78), (20,77), (20,76), (20,75), (20,74), (20,73), (20,72), (20,71), (20,70), (20,69), (20,68), (20,67), (20,66), (20,65), (20,64), (20,63), (20,62), (20,61), (20,60), (20,59), (20,58), (20,57), (20,56), (20,55), (20,54), (20,53), (20,52), (20,51), (20,50), (20,49), (20,48), (20,47), (20,46), (20,45), (20,44), (20,43), (20,42), (20,41), (20,40), (20,39), (20,38), (20,37), (20,36), (20,35), (20,34), (20,33), (20,32), (20,31), (20,30), (20,29), (20,28), (20,27), (20,26), (20,25), (20,24), (20,23), (20,22), (20,21), (20,20)|(20,20), (21,20), (22,20), (23,20), (23,20), (23,21), (23,22), (23,23), (23,24), (23,25)",
        "time": 609.9705064971274
    },
    "Walk": {
        "cost": 0,
        "env_tax": 0,
        "route": "(19,81), (20,81), (21,81), (22,81), (23,81), (23,81), (23,80), (23,79), (23,78), (23,77), (23,76), (23,75), (23,74), (23,73), (23,72), (23,71), (23,70), (23,69), (23,68), (23,67), (23,66), (23,65), (23,64), (23,63), (23,62), (23,61), (23,60), (23,59), (23,58), (23,57), (23,56), (23,55), (23,54), (23,53), (23,52), (23,51), (23,50), (23,49), (23,48), (23,47), (23,46), (23,45), (23,44), (23,43), (23,42), (23,41), (23,40), (23,39), (23,38), (23,37), (23,36), (23,35), (23,34), (23,33), (23,32), (23,31), (23,30), (23,29), (23,28), (23,27), (23,26), (23,25)",
        "time": 4473.872584108804
    },
    "Walk_Train_Uber": {
        "cost": 21.20312718122328,
        "env_tax": 0.045000000000000005,
        "route": "(19,81), (20,81), (20,81), (20,80)|(20,80), (20,80), (20,79), (20,78), (20,77), (20,76), (20,75), (20,74), (20,73), (20,72), (20,71), (20,70), (20,69), (20,68), (20,67), (20,66), (20,65), (20,64), (20,63), (20,62), (20,61), (20,60), (20,59), (20,58), (20,57), (20,56), (20,55), (20,54), (20,53), (20,52), (20,51), (20,50), (20,49), (20,48), (20,47), (20,46), (20,45), (20,44), (20,43), (20,42), (20,41), (20,40), (20,39), (20,38), (20,37), (20,36), (20,35), (20,34), (20,33), (20,32), (20,31), (20,30), (20,29), (20,28), (20,27), (20,26), (20,25), (20,24), (20,23), (20,22), (20,21), (20,20)|(20,20), (21,20), (21,21), (22,21), (22,22), (22,23), (23,23), (23,24), (23,25)",
        "time": 160.02525073393994
    },
    "Walk_Train_Walk": {
        "cost": 6.2,
        "env_tax": 0,
        "route": "(19,81), (20,81), (20,81), (20,80)|(20,80), (20,80), (20,79), (20,78), (20,77), (20,76), (20,75), (20,74), (20,73), (20,72), (20,71), (20,70), (20,69), (20,68), (20,67), (20,66), (20,65), (20,64), (20,63), (20,62), (20,61), (20,60), (20,59), (20,58), (20,57), (20,56), (20,55), (20,54), (20,53), (20,52), (20,51), (20,50), (20,49), (20,48), (20,47), (20,46), (20,45), (20,44), (20,43), (20,42), (20,41), (20,40), (20,39), (20,38), (20,37), (20,36), (20,35), (20,34), (20,33), (20,32), (20,31), (20,30), (20,29), (20,28), (20,27), (20,26), (20,25), (20,24), (20,23), (20,22), (20,21), (20,20)|(20,20), (21,20), (22,20), (23,20), (23,20), (23,21), (23,22), (23,23), (23,24), (23,25)",
        "time": 752.6255242889528
    }
}