{
    "Uber": {
        "cost": 58.149657260598005,
        "env_tax": 0.5950000000000001,
        "route": "(24,57), (23,57), (23,58), (23,59), (23,60), (23,61), (23,62), (22,62), (21,62), (21,63), (21,64), (21,65), (21,66), (21,67), (21,68), (21,69), (21,70), (20,70), (20,71), (20,72), (20,73), (20,74), (20,75), (20,76), (20,77), (20,78), (20,79), (20,80), (20,81), (20,82), (21,82), (22,82), (23,82), (24,82), (24,83), (25,83), (26,83), (27,83), (28,83), (28,84), (29,84), (30,84), (31,84), (32,84), (33,84), (34,84), (35,84), (36,84), (37,84), (38,84), (39,84), (40,84), (40,83), (41,83), (42,83), (43,83), (44,83), (45,83), (46,83), (47,83), (48,83), (49,83), (50,83), (51,83), (52,83), (53,83), (54,83), (55,83), (56,83), (57,83), (58,83), (59,83), (60,83), (61,83), (62,83), (63,83), (64,83), (65,83), (66,83), (67,83), (68,83), (69,83), (70,83), (71,83), (71,84), (72,84), (73,84), (74,84), (75,84), (76,84), (77,84), (78,84), (79,84), (80,84), (81,84), (82,84), (83,84), (84,84), (85,84), (86,84), (87,84), (88,84), (89,84), (89,83), (90,83), (90,82), (90,81), (91,81), (92,81), (93,81), (93,80), (94,80), (95,80), (95,79), (95,78), (95,77), (95,76), (95,75), (95,74)",
        "time": 16.876989354363673
    },
    "Uber_Train_Uber": {
        "cost": 38.10036927004831,
        "env_tax": 0.09000000000000001,
        "route": "(24,57), (23,57), (22,57), (22,58), (21,58), (20,58), (20,59), (20,60)|(20,60), (21,60), (22,60), (23,60), (24,60), (25,60), (26,60), (27,60), (28,60), (29,60), (30,60), (31,60), (32,60), (33,60), (34,60), (35,60), (36,60), (37,60), (38,60), (39,60), (40,60), (41,60), (42,60), (43,60), (44,60), (45,60), (46,60), (47,60), (48,60), (49,60), (50,60), (51,60), (52,60), (53,60), (54,60), (55,60), (56,60), (57,60), (58,60), (59,60), (60,60), (61,60), (62,60), (63,60), (64,60), (65,60), (66,60), (67,60), (68,60), (69,60), (70,60), (71,60), (72,60), (73,60), (74,60), (75,60), (76,60), (77,60), (78,60), (79,60), (80,60), (81,60), (82,60), (83,60), (84,60), (85,60), (86,60), (87,60), (88,60), (89,60), (90,60), (90,60), (90,61), (90,62), (90,63), (90,64), (90,65), (90,66), (90,67), (90,68), (90,69), (90,70)|(90,70), (91,70), (91,71), (92,71), (93,71), (93,72), (93,73), (94,73), (95,73), (95,74)",
        "time": 15.530312599593215
    },
    "Uber_Train_Walk": {
        "cost": 23.870573352112565,
        "env_tax": 0.04000000000000001,
        "route": "(24,57), (23,57), (22,57), (22,58), (21,58), (20,58), (20,59), (20,60)|(20,60), (21,60), (22,60), (23,60), (24,60), (25,60), (26,60), (27,60), (28,60), (29,60), (30,60), (31,60), (32,60), (33,60), (34,60), (35,60), (36,60), (37,60), (38,60), (39,60), (40,60), (41,60), (42,60), (43,60), (44,60), (45,60), (46,60), (47,60), (48,60), (49,60), (50,60), (51,60), (52,60), (53,60), (54,60), (55,60), (56,60), (57,60), (58,60), (59,60), (60,60), (61,60), (62,60), (63,60), (64,60), (65,60), (66,60), (67,60), (68,60), (69,60), (70,60), (71,60), (72,60), (73,60), (74,60), (75,60), (76,60), (77,60), (78,60), (79,60), (80,60), (81,60), (82,60), (83,60), (84,60), (85,60), (86,60), (87,60), (88,60), (89,60), (90,60), (90,60), (90,61), (90,62), (90,63), (90,64), (90,65), (90,66), (90,67), (90,68), (90,69), (90,70)|(90,70), (91,70), (92,70), (93,70), (94,70), (95,70), (95,70), (95,71), (95,72), (95,73), (95,74)",
        "time": 687.99295031688
    },
    "Walk": {
        "cost": 0,
        "env_tax": 0,
        "route": "(24,57), (25,57), (26,57), (27,57), (28,57), (29,57), (30,57), (31,57), (32,57), (33,57), (34,57), (35,57), (36,57), (37,57), (38,57), (39,57), (40,57), (41,57), (42,57), (43,57), (44,57), (45,57), (46,57), (47,57), (48,57), (49,57), (50,57), (51,57), (52,57), (53,57), (54,57), (55,57), (56,57), (57,57), (58,57), (59,57), (60,57), (61,57), (62,57), (63,57), (64,57), (65,57), (66,57), (67,57), (68,57), (69,57), (70,57), (71,57), (72,57), (73,57), (74,57), (75,57), (76,57), (77,57), (78,57), (79,57), (80,57), (81,57), (82,57), (83,57), (84,57), (85,57), (86,57), (87,57), (88,57), (89,57), (90,57), (91,57), (92,57), (93,57), (94,57), (95,57), (95,57), (95,58), (95,59), (95,60), (95,61), (95,62), (95,63), (95,64), (95,65), (95,66), (95,67), (95,68), (95,69), (95,70), (95,71), (95,72), (95,73), (95,74)",
        "time": 6561.679790026246
    },
    "Walk_Train_Uber": {
        "cost": 22.150337764257447,
        "env_tax": 0.05,
        "route": "(24,57), (23,57), (22,57), (21,57), (20,57), (20,57), (20,58), (20,59), (20,60)|(20,60), (21,60), (22,60), (23,60), (24,60), (25,60), (26,60), (27,60), (28,60), (29,60), (30,60), (31,60), (32,60), (33,60), (34,60), (35,60), (36,60), (37,60), (38,60), (39,60), (40,60), (41,60), (42,60), (43,60), (44,60), (45,60), (46,60), (47,60), (48,60), (49,60), (50,60), (51,60), (52,60), (53,60), (54,60), (55,60), (56,60), (57,60), (58,60), (59,60), (60,60), (61,60), (62,60), (63,60), (64,60), (65,60), (66,60), (67,60), (68,60), (69,60), (70,60), (71,60), (72,60), (73,60), (74,60), (75,60), (76,60), (77,60), (78,60), (79,60), (80,60), (81,60), (82,60), (83,60), (84,60), (85,60), (86,60), (87,60), (88,60), (89,60), (90,60), (90,60), (90,61), (90,62), (90,63), (90,64), (90,65), (90,66), (90,67), (90,68), (90,69), (90,70)|(90,70), (91,70), (91,71), (92,71), (93,71), (93,72), (93,73), (94,73), (95,73), (95,74)",
        "time": 540.0663298383885
    },
    "Walk_Train_Walk": {
        "cost": 8.200000000000001,
        "env_tax": 0,
        "route": "(24,57), (23,57), (22,57), (21,57), (20,57), (20,57), (20,58), (20,59), (20,60)|(20,60), (21,60), (22,60), (23,60), (24,60), (25,60), (26,60), (27,60), (28,60), (29,60), (30,60), (31,60), (32,60), (33,60), (34,60), (35,60), (36,60), (37,60), (38,60), (39,60), (40,60), (41,60), (42,60), (43,60), (44,60), (45,60), (46,60), (47,60), (48,60), (49,60), (50,60), (51,60), (52,60), (53,60), (54,60), (55,60), (56,60), (57,60), (58,60), (59,60), (60,60), (61,60), (62,60), (63,60), (64,60), (65,60), (66,60), (67,60), (68,60), (69,60), (70,60), (71,60), (72,60), (73,60), (74,60), (75,60), (76,60), (77,60), (78,60), (79,60), (80,60), (81,60), (82,60), (83,60), (84,60), (85,60), (86,60), (87,60), (88,60), (89,60), (90,60), (90,60), (90,61), (90,62), (90,63), (90,64), (90,65), (90,66), (90,67), (90,68), (90,69), (90,70)|(90,70), (91,70), (92,70), (93,70), (94,70), (95,70), (95,70), (95,71), (95,72), (95,73), (95,74)",
        "time": 1200.816062378999
    }
}