{
    "Uber": {
        "cost": 17.09782199850832,
        "env_tax": 0.065,
        "route": "(74,18), (74,19), (74,20), (73,20), (72,20), (72,21), (72,22), (72,23), (72,24), (72,25), (72,26), (72,27), (72,28)",
        "time": 12.641079342868355
    },
    "Uber_Train_Uber": {
        "cost": 29.8289413302566,
        "env_tax": 0.060000000000000005,
        "route": "(74,18), (74,19), (74,20), (73,20), (72,20), (71,20), (70,20)|(70,20), (70,20), (70,21), (70,22), (70,23), (70,24), (70,25), (70,26), (70,27), (70,28), (70,29), (70,30)|(70,30), (71,30), (71,29), (72,29), (72,28)",
        "time": 18.8317017818706
    },
    "Uber_Train_Walk": {
        "cost": 15.7042734921436,
        "env_tax": 0.035,
        "route": "(74,18), (74,19), (74,20), (73,20), (72,20), (71,20), (70,20)|(70,20), (70,20), (70,21), (70,22), (70,23), (70,24), (70,25), (70,26), (70,27), (70,28), (70,29), (70,30)|(70,30), (71,30), (72,30), (72,30), (72,29), (72,28)",
        "time": 307.4830165765439
    },
    "Walk": {
        "cost": 0,
        "env_tax": 0,
        "route": "(74,18), (73,18), (72,18), (72,18), (72,19), (72,20), (72,21), (72,22), (72,23), (72,24), (72,25), (72,26), (72,27), (72,28)",
        "time": 894.7745168217608
    },
    "Walk_Train_Uber": {
        "cost": 15.487681615641689,
        "env_tax": 0.025,
        "route": "(74,18), (73,18), (72,18), (71,18), (70,18), (70,18), (70,19), (70,20)|(70,20), (70,20), (70,21), (70,22), (70,23), (70,24), (70,25), (70,26), (70,27), (70,28), (70,29), (70,30)|(70,30), (71,30), (71,29), (72,29), (72,28)",
        "time": 456.8582681057159
    },
    "Walk_Train_Walk": {
        "cost": 1.2000000000000002,
        "env_tax": 0,
        "route": "(74,18), (73,18), (72,18), (71,18), (70,18), (70,18), (70,19), (70,20)|(70,20), (70,20), (70,21), (70,22), (70,23), (70,24), (70,25), (70,26), (70,27), (70,28), (70,29), (70,30)|(70,30), (71,30), (72,30), (72,30), (72,29), (72,28)",
        "time": 746.6833316148587
    }
}