{
    "Uber": {
        "cost": 76.81823404828064,
        "env_tax": 0.42500000000000004,
        "route": "(80,57), (80,58), (80,59), (80,60), (79,60), (79,61), (78,61), (77,61), (76,61), (76,62), (76,63), (75,63), (74,63), (73,63), (72,63), (72,64), (72,65), (71,65), (70,65), (69,65), (68,65), (67,65), (66,65), (65,65), (64,65), (63,65), (62,65), (61,65), (60,65), (59,65), (58,65), (57,65), (56,65), (55,65), (54,65), (53,65), (52,65), (52,66), (51,66), (50,66), (50,67), (49,67), (48,67), (47,67), (46,67), (45,67), (44,67), (43,67), (42,67), (41,67), (40,67), (39,67), (38,67), (37,67), (37,66), (37,65), (36,65), (35,65), (34,65), (33,65), (32,65), (32,64), (31,64), (30,64), (29,64), (28,64), (28,63), (27,63), (27,62), (26,62), (25,62), (24,62), (23,62), (22,62), (21,62), (21,61), (20,61), (20,60), (20,59), (19,59), (18,59), (17,59), (17,58), (17,57), (17,56)",
        "time": 24.22050172268655
    },
    "Uber_Train_Uber": {
        "cost": 34.76729315813407,
        "env_tax": 0.06000000000000001,
        "route": "(80,57), (80,58), (80,59), (80,60)|(80,60), (79,60), (78,60), (77,60), (76,60), (75,60), (74,60), (73,60), (72,60), (71,60), (70,60), (69,60), (68,60), (67,60), (66,60), (65,60), (64,60), (63,60), (62,60), (61,60), (60,60), (59,60), (58,60), (57,60), (56,60), (55,60), (54,60), (53,60), (52,60), (51,60), (50,60), (49,60), (48,60), (47,60), (46,60), (45,60), (44,60), (43,60), (42,60), (41,60), (40,60), (39,60), (38,60), (37,60), (36,60), (35,60), (34,60), (33,60), (32,60), (31,60), (30,60), (29,60), (28,60), (27,60), (26,60), (25,60), (24,60), (23,60), (22,60), (21,60), (20,60), (20,60)|(20,60), (20,59), (19,59), (18,59), (17,59), (17,58), (17,57), (17,56)",
        "time": 22.861487743021836
    },
    "Uber_Train_Walk": {
        "cost": 19.57858177342917,
        "env_tax": 0.020000000000000004,
        "route": "(80,57), (80,58), (80,59), (80,60)|(80,60), (79,60), (78,60), (77,60), (76,60), (75,60), (74,60), (73,60), (72,60), (71,60), (70,60), (69,60), (68,60), (67,60), (66,60), (65,60), (64,60), (63,60), (62,60), (61,60), (60,60), (59,60), (58,60), (57,60), (56,60), (55,60), (54,60), (53,60), (52,60), (51,60), (50,60), (49,60), (48,60), (47,60), (46,60), (45,60), (44,60), (43,60), (42,60), (41,60), (40,60), (39,60), (38,60), (37,60), (36,60), (35,60), (34,60), (33,60), (32,60), (31,60), (30,60), (29,60), (28,60), (27,60), (26,60), (25,60), (24,60), (23,60), (22,60), (21,60), (20,60), (20,60)|(20,60), (19,60), (18,60), (17,60), (17,60), (17,59), (17,58), (17,57), (17,56)",
        "time": 534.7498034940174
    },
    "Walk": {
        "cost": 0,
        "env_tax": 0,
        "route": "(80,57), (79,57), (78,57), (77,57), (76,57), (75,57), (74,57), (73,57), (72,57), (71,57), (70,57), (69,57), (68,57), (67,57), (66,57), (65,57), (64,57), (63,57), (62,57), (61,57), (60,57), (59,57), (58,57), (57,57), (56,57), (55,57), (54,57), (53,57), (52,57), (51,57), (50,57), (49,57), (48,57), (47,57), (46,57), (45,57), (44,57), (43,57), (42,57), (41,57), (40,57), (39,57), (38,57), (37,57), (36,57), (35,57), (34,57), (33,57), (32,57), (31,57), (30,57), (29,57), (28,57), (27,57), (26,57), (25,57), (24,57), (23,57), (22,57), (21,57), (20,57), (19,57), (18,57), (17,57), (17,57), (17,56)",
        "time": 4772.130756382725
    },
    "Walk_Train_Uber": {
        "cost": 21.597243277962875,
        "env_tax": 0.04000000000000001,
        "route": "(80,57), (80,57), (80,58), (80,59), (80,60)|(80,60), (79,60), (78,60), (77,60), (76,60), (75,60), (74,60), (73,60), (72,60), (71,60), (70,60), (69,60), (68,60), (67,60), (66,60), (65,60), (64,60), (63,60), (62,60), (61,60), (60,60), (59,60), (58,60), (57,60), (56,60), (55,60), (54,60), (53,60), (52,60), (51,60), (50,60), (49,60), (48,60), (47,60), (46,60), (45,60), (44,60), (43,60), (42,60), (41,60), (40,60), (39,60), (38,60), (37,60), (36,60), (35,60), (34,60), (33,60), (32,60), (31,60), (30,60), (29,60), (28,60), (27,60), (26,60), (25,60), (24,60), (23,60), (22,60), (21,60), (20,60), (20,60)|(20,60), (20,59), (19,59), (18,59), (17,59), (17,58), (17,57), (17,56)",
        "time": 237.33016816553243
    },
    "Walk_Train_Walk": {
        "cost": 6.2,
        "env_tax": 0,
        "route": "(80,57), (80,57), (80,58), (80,59), (80,60)|(80,60), (79,60), (78,60), (77,60), (76,60), (75,60), (74,60), (73,60), (72,60), (71,60), (70,60), (69,60), (68,60), (67,60), (66,60), (65,60), (64,60), (63,60), (62,60), (61,60), (60,60), (59,60), (58,60), (57,60), (56,60), (55,60), (54,60), (53,60), (52,60), (51,60), (50,60), (49,60), (48,60), (47,60), (46,60), (45,60), (44,60), (43,60), (42,60), (41,60), (40,60), (39,60), (38,60), (37,60), (36,60), (35,60), (34,60), (33,60), (32,60), (31,60), (30,60), (29,60), (28,60), (27,60), (26,60), (25,60), (24,60), (23,60), (22,60), (21,60), (20,60), (20,60)|(20,60), (19,60), (18,60), (17,60), (17,60), (17,59), (17,58), (17,57), (17,56)",
        "time": 751.4281401614165
    }
}