{
    "Uber": {
        "cost": 19.946725121754433,
        "env_tax": 0.19000000000000003,
        "route": "(4,8), (4,9), (4,10), (4,11), (4,12), (5,12), (6,12), (6,13), (7,13), (7,14), (7,15), (8,15), (8,16), (9,16), (9,17), (10,17), (10,18), (11,18), (12,18), (12,19), (13,19), (13,20), (14,20), (14,21), (15,21), (16,21), (17,21), (17,22), (17,23), (18,23), (18,24), (18,25), (19,25), (20,25), (20,26), (20,27), (21,27), (21,28)",
        "time": 9.209655900555628
    },
    "Uber_Train_Uber": {
        "cost": 29.465241158329082,
        "env_tax": 0.065,
        "route": "(4,8), (5,8), (5,9), (5,10), (6,10), (7,10), (8,10), (9,10), (10,10)|(10,10), (11,10), (12,10), (13,10), (14,10), (15,10), (16,10), (17,10), (18,10), (19,10), (20,10), (20,10), (20,11), (20,12), (20,13), (20,14), (20,15), (20,16), (20,17), (20,18), (20,19), (20,20), (20,21), (20,22), (20,23), (20,24), (20,25), (20,26), (20,27), (20,28), (20,29), (20,30)|(20,30), (20,29), (21,29), (21,28)",
        "time": 23.06019887857311
    },
    "Uber_Train_Walk": {
        "cost": 15.934814348843993,
        "env_tax": 0.045000000000000005,
        "route": "(4,8), (5,8), (5,9), (5,10), (6,10), (7,10), (8,10), (9,10), (10,10)|(10,10), (11,10), (12,10), (13,10), (14,10), (15,10), (16,10), (17,10), (18,10), (19,10), (20,10), (20,10), (20,11), (20,12), (20,13), (20,14), (20,15), (20,16), (20,17), (20,18), (20,19), (20,20), (20,21), (20,22), (20,23), (20,24), (20,25), (20,26), (20,27), (20,28), (20,29), (20,30)|(20,30), (21,30), (21,30), (21,29), (21,28)",
        "time": 238.3759672900414
    },
    "Walk": {
        "cost": 0,
        "env_tax": 0,
        "route": "(4,8), (5,8), (6,8), (7,8), (8,8), (9,8), (10,8), (11,8), (12,8), (13,8), (14,8), (15,8), (16,8), (17,8), (18,8), (19,8), (20,8), (21,8), (21,8), (21,9), (21,10), (21,11), (21,12), (21,13), (21,14), (21,15), (21,16), (21,17), (21,18), (21,19), (21,20), (21,21), (21,22), (21,23), (21,24), (21,25), (21,26), (21,27), (21,28)",
        "time": 2758.8880935337625
    },
    "Walk_Train_Uber": {
        "cost": 16.526245842799103,
        "env_tax": 0.020000000000000004,
        "route": "(4,8), (5,8), (6,8), (7,8), (8,8), (9,8), (10,8), (10,8), (10,9), (10,10)|(10,10), (11,10), (12,10), (13,10), (14,10), (15,10), (16,10), (17,10), (18,10), (19,10), (20,10), (20,10), (20,11), (20,12), (20,13), (20,14), (20,15), (20,16), (20,17), (20,18), (20,19), (20,20), (20,21), (20,22), (20,23), (20,24), (20,25), (20,26), (20,27), (20,28), (20,29), (20,30)|(20,30), (20,29), (21,29), (21,28)",
        "time": 611.8466042751958
    },
    "Walk_Train_Walk": {
        "cost": 3.2,
        "env_tax": 0,
        "route": "(4,8), (5,8), (6,8), (7,8), (8,8), (9,8), (10,8), (10,8), (10,9), (10,10)|(10,10), (11,10), (12,10), (13,10), (14,10), (15,10), (16,10), (17,10), (18,10), (19,10), (20,10), (20,10), (20,11), (20,12), (20,13), (20,14), (20,15), (20,16), (20,17), (20,18), (20,19), (20,20), (20,21), (20,22), (20,23), (20,24), (20,25), (20,26), (20,27), (20,28), (20,29), (20,30)|(20,30), (21,30), (21,30), (21,29), (21,28)",
        "time": 826.9406109808156
    }
}