{
    "Uber": {
        "cost": 23.837797007087204,
        "env_tax": 0.36000000000000004,
        "route": "(20,2), (21,2), (21,1), (22,1), (22,0), (23,0), (24,0), (25,0), (26,0), (27,0), (28,0), (29,0), (30,0), (31,0), (32,0), (33,0), (34,0), (35,0), (36,0), (37,0), (38,0), (39,0), (40,0), (41,0), (42,0), (43,0), (44,0), (45,0), (46,0), (47,0), (48,0), (49,0), (50,0), (51,0), (52,0), (53,0), (54,0), (55,0), (56,0), (57,0), (58,0), (59,0), (60,0), (61,0), (62,0), (63,0), (64,0), (65,0), (66,0), (67,0), (68,0), (69,0), (70,0), (70,1), (71,1), (72,1), (73,1), (74,1), (75,1), (76,1), (76,2), (77,2), (77,3), (78,3), (78,4), (78,5), (79,5), (80,5), (80,6), (80,7), (80,8), (80,9)",
        "time": 11.483268590504293
    },
    "Uber_Train_Uber": {
        "cost": 31.51204039516344,
        "env_tax": 0.05500000000000001,
        "route": "(20,2), (20,3), (20,4), (20,5), (20,6), (20,7), (20,8), (20,9), (20,10)|(20,10), (21,10), (22,10), (23,10), (24,10), (25,10), (26,10), (27,10), (28,10), (29,10), (30,10), (31,10), (32,10), (33,10), (34,10), (35,10), (36,10), (37,10), (38,10), (39,10), (40,10), (41,10), (42,10), (43,10), (44,10), (45,10), (46,10), (47,10), (48,10), (49,10), (50,10), (51,10), (52,10), (53,10), (54,10), (55,10), (56,10), (57,10), (58,10), (59,10), (60,10), (61,10), (62,10), (63,10), (64,10), (65,10), (66,10), (67,10), (68,10), (69,10), (70,10), (71,10), (72,10), (73,10), (74,10), (75,10), (76,10), (77,10), (78,10), (79,10), (80,10), (80,10)|(80,10), (80,9)",
        "time": 18.394928860719492
    },
    "Uber_Train_Walk": {
        "cost": 19.19721941528317,
        "env_tax": 0.045000000000000005,
        "route": "(20,2), (20,3), (20,4), (20,5), (20,6), (20,7), (20,8), (20,9), (20,10)|(20,10), (21,10), (22,10), (23,10), (24,10), (25,10), (26,10), (27,10), (28,10), (29,10), (30,10), (31,10), (32,10), (33,10), (34,10), (35,10), (36,10), (37,10), (38,10), (39,10), (40,10), (41,10), (42,10), (43,10), (44,10), (45,10), (46,10), (47,10), (48,10), (49,10), (50,10), (51,10), (52,10), (53,10), (54,10), (55,10), (56,10), (57,10), (58,10), (59,10), (60,10), (61,10), (62,10), (63,10), (64,10), (65,10), (66,10), (67,10), (68,10), (69,10), (70,10), (71,10), (72,10), (73,10), (74,10), (75,10), (76,10), (77,10), (78,10), (79,10), (80,10), (80,10)|(80,10), (80,10), (80,9)",
        "time": 94.92727588515345
    },
    "Walk": {
        "cost": 0,
        "env_tax": 0,
        "route": "(20,2), (21,2), (22,2), (23,2), (24,2), (25,2), (26,2), (27,2), (28,2), (29,2), (30,2), (31,2), (32,2), (33,2), (34,2), (35,2), (36,2), (37,2), (38,2), (39,2), (40,2), (41,2), (42,2), (43,2), (44,2), (45,2), (46,2), (47,2), (48,2), (49,2), (50,2), (51,2), (52,2), (53,2), (54,2), (55,2), (56,2), (57,2), (58,2), (59,2), (60,2), (61,2), (62,2), (63,2), (64,2), (65,2), (66,2), (67,2), (68,2), (69,2), (70,2), (71,2), (72,2), (73,2), (74,2), (75,2), (76,2), (77,2), (78,2), (79,2), (80,2), (80,2), (80,3), (80,4), (80,5), (80,6), (80,7), (80,8), (80,9)",
        "time": 4995.824385588165
    },
    "Walk_Train_Uber": {
        "cost": 18.22882409947819,
        "env_tax": 0.010000000000000002,
        "route": "(20,2), (20,2), (20,3), (20,4), (20,5), (20,6), (20,7), (20,8), (20,9), (20,10)|(20,10), (21,10), (22,10), (23,10), (24,10), (25,10), (26,10), (27,10), (28,10), (29,10), (30,10), (31,10), (32,10), (33,10), (34,10), (35,10), (36,10), (37,10), (38,10), (39,10), (40,10), (41,10), (42,10), (43,10), (44,10), (45,10), (46,10), (47,10), (48,10), (49,10), (50,10), (51,10), (52,10), (53,10), (54,10), (55,10), (56,10), (57,10), (58,10), (59,10), (60,10), (61,10), (62,10), (63,10), (64,10), (65,10), (66,10), (67,10), (68,10), (69,10), (70,10), (71,10), (72,10), (73,10), (74,10), (75,10), (76,10), (77,10), (78,10), (79,10), (80,10), (80,10)|(80,10), (80,9)",
        "time": 608.969595444004
    },
    "Walk_Train_Walk": {
        "cost": 6.2,
        "env_tax": 0,
        "route": "(20,2), (20,2), (20,3), (20,4), (20,5), (20,6), (20,7), (20,8), (20,9), (20,10)|(20,10), (21,10), (22,10), (23,10), (24,10), (25,10), (26,10), (27,10), (28,10), (29,10), (30,10), (31,10), (32,10), (33,10), (34,10), (35,10), (36,10), (37,10), (38,10), (39,10), (40,10), (41,10), (42,10), (43,10), (44,10), (45,10), (46,10), (47,10), (48,10), (49,10), (50,10), (51,10), (52,10), (53,10), (54,10), (55,10), (56,10), (57,10), (58,10), (59,10), (60,10), (61,10), (62,10), (63,10), (64,10), (65,10), (66,10), (67,10), (68,10), (69,10), (70,10), (71,10), (72,10), (73,10), (74,10), (75,10), (76,10), (77,10), (78,10), (79,10), (80,10), (80,10)|(80,10), (80,10), (80,9)",
        "time": 679.8434023682435
    }
}