{
    "Uber": {
        "cost": 58.494252940499145,
        "env_tax": 0.335,
        "route": "(54,51), (54,50), (54,49), (54,48), (54,47), (54,46), (53,46), (53,45), (53,44), (53,43), (53,42), (53,41), (53,40), (52,40), (52,39), (52,38), (51,38), (51,37), (50,37), (50,36), (50,35), (50,34), (50,33), (50,32), (50,31), (50,30), (50,29), (49,29), (48,29), (48,28), (48,27), (48,26), (48,25), (48,24), (48,23), (48,22), (47,22), (47,21), (47,20), (47,19), (47,18), (47,17), (47,16), (47,15), (47,14), (47,13), (47,12), (46,12), (46,11), (45,11), (45,10), (45,9), (44,9), (43,9), (42,9), (41,9), (40,9), (39,9), (38,9), (37,9), (36,9), (35,9), (34,9), (33,9), (32,9), (31,9), (30,9)",
        "time": 21.184059996949124
    },
    "Uber_Train_Uber": {
        "cost": 34.60328956872915,
        "env_tax": 0.04000000000000001,
        "route": "(54,51), (53,51), (52,51), (51,51), (50,51), (50,50)|(50,50), (49,50), (48,50), (47,50), (46,50), (45,50), (44,50), (43,50), (42,50), (41,50), (40,50), (39,50), (38,50), (37,50), (36,50), (35,50), (34,50), (33,50), (32,50), (31,50), (30,50), (30,50), (30,49), (30,48), (30,47), (30,46), (30,45), (30,44), (30,43), (30,42), (30,41), (30,40), (30,39), (30,38), (30,37), (30,36), (30,35), (30,34), (30,33), (30,32), (30,31), (30,30), (30,29), (30,28), (30,27), (30,26), (30,25), (30,24), (30,23), (30,22), (30,21), (30,20), (30,19), (30,18), (30,17), (30,16), (30,15), (30,14), (30,13), (30,12), (30,11), (30,10)|(30,10), (30,9)",
        "time": 16.996114186503114
    },
    "Uber_Train_Walk": {
        "cost": 23.043482801584272,
        "env_tax": 0.030000000000000006,
        "route": "(54,51), (53,51), (52,51), (51,51), (50,51), (50,50)|(50,50), (49,50), (48,50), (47,50), (46,50), (45,50), (44,50), (43,50), (42,50), (41,50), (40,50), (39,50), (38,50), (37,50), (36,50), (35,50), (34,50), (33,50), (32,50), (31,50), (30,50), (30,50), (30,49), (30,48), (30,47), (30,46), (30,45), (30,44), (30,43), (30,42), (30,41), (30,40), (30,39), (30,38), (30,37), (30,36), (30,35), (30,34), (30,33), (30,32), (30,31), (30,30), (30,29), (30,28), (30,27), (30,26), (30,25), (30,24), (30,23), (30,22), (30,21), (30,20), (30,19), (30,18), (30,17), (30,16), (30,15), (30,14), (30,13), (30,12), (30,11), (30,10)|(30,10), (30,10), (30,9)",
        "time": 92.4015419841629
    },
    "Walk": {
        "cost": 0,
        "env_tax": 0,
        "route": "(54,51), (53,51), (52,51), (51,51), (50,51), (49,51), (48,51), (47,51), (46,51), (45,51), (44,51), (43,51), (42,51), (41,51), (40,51), (39,51), (38,51), (37,51), (36,51), (35,51), (34,51), (33,51), (32,51), (31,51), (30,51), (30,51), (30,50), (30,49), (30,48), (30,47), (30,46), (30,45), (30,44), (30,43), (30,42), (30,41), (30,40), (30,39), (30,38), (30,37), (30,36), (30,35), (30,34), (30,33), (30,32), (30,31), (30,30), (30,29), (30,28), (30,27), (30,26), (30,25), (30,24), (30,23), (30,22), (30,21), (30,20), (30,19), (30,18), (30,17), (30,16), (30,15), (30,14), (30,13), (30,12), (30,11), (30,10), (30,9)",
        "time": 4921.259842519685
    },
    "Walk_Train_Uber": {
        "cost": 18.42161715495451,
        "env_tax": 0.010000000000000002,
        "route": "(54,51), (53,51), (52,51), (51,51), (50,51), (50,51), (50,50)|(50,50), (49,50), (48,50), (47,50), (46,50), (45,50), (44,50), (43,50), (42,50), (41,50), (40,50), (39,50), (38,50), (37,50), (36,50), (35,50), (34,50), (33,50), (32,50), (31,50), (30,50), (30,50), (30,49), (30,48), (30,47), (30,46), (30,45), (30,44), (30,43), (30,42), (30,41), (30,40), (30,39), (30,38), (30,37), (30,36), (30,35), (30,34), (30,33), (30,32), (30,31), (30,30), (30,29), (30,28), (30,27), (30,26), (30,25), (30,24), (30,23), (30,22), (30,21), (30,20), (30,19), (30,18), (30,17), (30,16), (30,15), (30,14), (30,13), (30,12), (30,11), (30,10)|(30,10), (30,9)",
        "time": 388.0612926444573
    },
    "Walk_Train_Walk": {
        "cost": 6.2,
        "env_tax": 0,
        "route": "(54,51), (53,51), (52,51), (51,51), (50,51), (50,51), (50,50)|(50,50), (49,50), (48,50), (47,50), (46,50), (45,50), (44,50), (43,50), (42,50), (41,50), (40,50), (39,50), (38,50), (37,50), (36,50), (35,50), (34,50), (33,50), (32,50), (31,50), (30,50), (30,50), (30,49), (30,48), (30,47), (30,46), (30,45), (30,44), (30,43), (30,42), (30,41), (30,40), (30,39), (30,38), (30,37), (30,36), (30,35), (30,34), (30,33), (30,32), (30,31), (30,30), (30,29), (30,28), (30,27), (30,26), (30,25), (30,24), (30,23), (30,22), (30,21), (30,20), (30,19), (30,18), (30,17), (30,16), (30,15), (30,14), (30,13), (30,12), (30,11), (30,10)|(30,10), (30,10), (30,9)",
        "time": 455.945302507721
    }
}