{
    "Uber": {
        "cost": 24.77380082420832,
        "env_tax": 0.17500000000000002,
        "route": "(15,41), (14,41), (14,42), (14,43), (14,44), (14,45), (14,46), (14,47), (13,47), (13,48), (13,49), (13,50), (13,51), (13,52), (13,53), (13,54), (13,55), (13,56), (13,57), (13,58), (13,59), (13,60), (13,61), (13,62), (13,63), (13,64), (13,65), (13,66), (13,67), (13,68), (13,69), (13,70), (14,70), (15,70), (15,71)",
        "time": 11.611965756066226
    },
    "Uber_Train_Uber": {
        "cost": 30.719878149587732,
        "env_tax": 0.07,
        "route": "(15,41), (14,41), (13,41), (12,41), (11,41), (10,41), (10,40)|(10,40), (10,40), (10,41), (10,42), (10,43), (10,44), (10,45), (10,46), (10,47), (10,48), (10,49), (10,50), (10,51), (10,52), (10,53), (10,54), (10,55), (10,56), (10,57), (10,58), (10,59), (10,60), (10,61), (10,62), (10,63), (10,64), (10,65), (10,66), (10,67), (10,68), (10,69), (10,70)|(10,70), (10,71), (11,71), (12,71), (13,71), (14,71), (15,71)",
        "time": 15.515651190569288
    },
    "Uber_Train_Walk": {
        "cost": 17.547317908735863,
        "env_tax": 0.035,
        "route": "(15,41), (14,41), (13,41), (12,41), (11,41), (10,41), (10,40)|(10,40), (10,40), (10,41), (10,42), (10,43), (10,44), (10,45), (10,46), (10,47), (10,48), (10,49), (10,50), (10,51), (10,52), (10,53), (10,54), (10,55), (10,56), (10,57), (10,58), (10,59), (10,60), (10,61), (10,62), (10,63), (10,64), (10,65), (10,66), (10,67), (10,68), (10,69), (10,70)|(10,70), (11,70), (12,70), (13,70), (14,70), (15,70), (15,70), (15,71)",
        "time": 464.2583631746588
    },
    "Walk": {
        "cost": 0,
        "env_tax": 0,
        "route": "(15,41), (15,41), (15,42), (15,43), (15,44), (15,45), (15,46), (15,47), (15,48), (15,49), (15,50), (15,51), (15,52), (15,53), (15,54), (15,55), (15,56), (15,57), (15,58), (15,59), (15,60), (15,61), (15,62), (15,63), (15,64), (15,65), (15,66), (15,67), (15,68), (15,69), (15,70), (15,71)",
        "time": 2236.936292054402
    },
    "Walk_Train_Uber": {
        "cost": 16.7980466137356,
        "env_tax": 0.035,
        "route": "(15,41), (14,41), (13,41), (12,41), (11,41), (10,41), (10,41), (10,40)|(10,40), (10,40), (10,41), (10,42), (10,43), (10,44), (10,45), (10,46), (10,47), (10,48), (10,49), (10,50), (10,51), (10,52), (10,53), (10,54), (10,55), (10,56), (10,57), (10,58), (10,59), (10,60), (10,61), (10,62), (10,63), (10,64), (10,65), (10,66), (10,67), (10,68), (10,69), (10,70)|(10,70), (10,71), (11,71), (12,71), (13,71), (14,71), (15,71)",
        "time": 464.6814464577494
    },
    "Walk_Train_Walk": {
        "cost": 3.2,
        "env_tax": 0,
        "route": "(15,41), (14,41), (13,41), (12,41), (11,41), (10,41), (10,41), (10,40)|(10,40), (10,40), (10,41), (10,42), (10,43), (10,44), (10,45), (10,46), (10,47), (10,48), (10,49), (10,50), (10,51), (10,52), (10,53), (10,54), (10,55), (10,56), (10,57), (10,58), (10,59), (10,60), (10,61), (10,62), (10,63), (10,64), (10,65), (10,66), (10,67), (10,68), (10,69), (10,70)|(10,70), (11,70), (12,70), (13,70), (14,70), (15,70), (15,70), (15,71)",
        "time": 902.8405269124578
    }
}