{
    "Uber": {
        "cost": 22.70006249455235,
        "env_tax": 0.32000000000000006,
        "route": "(92,63), (93,63), (94,63), (95,63), (96,63), (97,63), (98,63), (99,63), (99,62), (99,61), (99,60), (99,59), (99,58), (99,57), (99,56), (99,55), (99,54), (99,53), (99,52), (99,51), (99,50), (99,49), (99,48), (99,47), (99,46), (99,45), (99,44), (99,43), (99,42), (99,41), (99,40), (99,39), (99,38), (99,37), (99,36), (99,35), (99,34), (99,33), (99,32), (99,31), (99,30), (99,29), (99,28), (99,27), (99,26), (98,26), (98,25), (98,24), (98,23), (98,22), (98,21), (98,20), (98,19), (98,18), (98,17), (98,16), (98,15), (98,14), (98,13), (98,12), (98,11), (99,11), (99,10), (99,9)",
        "time": 9.94140123702801
    },
    "Uber_Train_Uber": {
        "cost": 31.21304920061101,
        "env_tax": 0.08500000000000002,
        "route": "(92,63), (92,62), (92,61), (92,60), (91,60), (90,60)|(90,60), (90,60), (90,59), (90,58), (90,57), (90,56), (90,55), (90,54), (90,53), (90,52), (90,51), (90,50), (90,49), (90,48), (90,47), (90,46), (90,45), (90,44), (90,43), (90,42), (90,41), (90,40), (90,39), (90,38), (90,37), (90,36), (90,35), (90,34), (90,33), (90,32), (90,31), (90,30), (90,29), (90,28), (90,27), (90,26), (90,25), (90,24), (90,23), (90,22), (90,21), (90,20), (90,19), (90,18), (90,17), (90,16), (90,15), (90,14), (90,13), (90,12), (90,11), (90,10)|(90,10), (91,10), (92,10), (93,10), (94,10), (94,9), (95,9), (96,9), (97,9), (98,9), (99,9)",
        "time": 16.933882908200975
    },
    "Uber_Train_Walk": {
        "cost": 18.73198976365592,
        "env_tax": 0.030000000000000006,
        "route": "(92,63), (92,62), (92,61), (92,60), (91,60), (90,60)|(90,60), (90,60), (90,59), (90,58), (90,57), (90,56), (90,55), (90,54), (90,53), (90,52), (90,51), (90,50), (90,49), (90,48), (90,47), (90,46), (90,45), (90,44), (90,43), (90,42), (90,41), (90,40), (90,39), (90,38), (90,37), (90,36), (90,35), (90,34), (90,33), (90,32), (90,31), (90,30), (90,29), (90,28), (90,27), (90,26), (90,25), (90,24), (90,23), (90,22), (90,21), (90,20), (90,19), (90,18), (90,17), (90,16), (90,15), (90,14), (90,13), (90,12), (90,11), (90,10)|(90,10), (91,10), (92,10), (93,10), (94,10), (95,10), (96,10), (97,10), (98,10), (99,10), (99,10), (99,9)",
        "time": 759.0636833126823
    },
    "Walk": {
        "cost": 0,
        "env_tax": 0,
        "route": "(92,63), (93,63), (94,63), (95,63), (96,63), (97,63), (98,63), (99,63), (99,63), (99,62), (99,61), (99,60), (99,59), (99,58), (99,57), (99,56), (99,55), (99,54), (99,53), (99,52), (99,51), (99,50), (99,49), (99,48), (99,47), (99,46), (99,45), (99,44), (99,43), (99,42), (99,41), (99,40), (99,39), (99,38), (99,37), (99,36), (99,35), (99,34), (99,33), (99,32), (99,31), (99,30), (99,29), (99,28), (99,27), (99,26), (99,25), (99,24), (99,23), (99,22), (99,21), (99,20), (99,19), (99,18), (99,17), (99,16), (99,15), (99,14), (99,13), (99,12), (99,11), (99,10), (99,9)",
        "time": 4548.437127177284
    },
    "Walk_Train_Uber": {
        "cost": 18.41897551037313,
        "env_tax": 0.05500000000000001,
        "route": "(92,63), (91,63), (90,63), (90,63), (90,62), (90,61), (90,60)|(90,60), (90,60), (90,59), (90,58), (90,57), (90,56), (90,55), (90,54), (90,53), (90,52), (90,51), (90,50), (90,49), (90,48), (90,47), (90,46), (90,45), (90,44), (90,43), (90,42), (90,41), (90,40), (90,39), (90,38), (90,37), (90,36), (90,35), (90,34), (90,33), (90,32), (90,31), (90,30), (90,29), (90,28), (90,27), (90,26), (90,25), (90,24), (90,23), (90,22), (90,21), (90,20), (90,19), (90,18), (90,17), (90,16), (90,15), (90,14), (90,13), (90,12), (90,11), (90,10)|(90,10), (91,10), (92,10), (93,10), (94,10), (94,9), (95,9), (96,9), (97,9), (98,9), (99,9)",
        "time": 387.9486751211866
    },
    "Walk_Train_Walk": {
        "cost": 5.2,
        "env_tax": 0,
        "route": "(92,63), (91,63), (90,63), (90,63), (90,62), (90,61), (90,60)|(90,60), (90,60), (90,59), (90,58), (90,57), (90,56), (90,55), (90,54), (90,53), (90,52), (90,51), (90,50), (90,49), (90,48), (90,47), (90,46), (90,45), (90,44), (90,43), (90,42), (90,41), (90,40), (90,39), (90,38), (90,37), (90,36), (90,35), (90,34), (90,33), (90,32), (90,31), (90,30), (90,29), (90,28), (90,27), (90,26), (90,25), (90,24), (90,23), (90,22), (90,21), (90,20), (90,19), (90,18), (90,17), (90,16), (90,15), (90,14), (90,13), (90,12), (90,11), (90,10)|(90,10), (91,10), (92,10), (93,10), (94,10), (95,10), (96,10), (97,10), (98,10), (99,10), (99,10), (99,9)",
        "time": 1123.052201175599
    }
}