{
    "Uber": {
        "cost": 28.935038135714127,
        "env_tax": 0.36500000000000005,
        "route": "(62,20), (62,19), (62,18), (62,17), (62,16), (62,15), (62,14), (62,13), (62,12), (62,11), (61,11), (61,10), (61,9), (61,8), (61,7), (60,7), (60,6), (59,6), (59,5), (58,5), (57,5), (56,5), (55,5), (54,5), (53,5), (52,5), (51,5), (50,5), (49,5), (48,5), (47,5), (46,5), (45,5), (44,5), (43,5), (42,5), (41,5), (40,5), (39,5), (38,5), (37,5), (36,5), (35,5), (34,5), (33,5), (32,5), (31,5), (30,5), (29,5), (28,5), (27,5), (26,5), (25,5), (24,5), (23,5), (22,5), (21,5), (20,5), (19,5), (18,5), (18,6), (17,6), (16,6), (16,7), (16,8), (16,9), (16,10), (16,11), (15,11), (15,12), (15,13), (15,14), (15,15)",
        "time": 11.477602988792075
    },
    "Uber_Train_Uber": {
        "cost": 32.26705590154127,
        "env_tax": 0.07,
        "route": "(62,20), (61,20), (60,20)|(60,20), (59,20), (58,20), (57,20), (56,20), (55,20), (54,20), (53,20), (52,20), (51,20), (50,20), (49,20), (48,20), (47,20), (46,20), (45,20), (44,20), (43,20), (42,20), (41,20), (40,20), (39,20), (38,20), (37,20), (36,20), (35,20), (34,20), (33,20), (32,20), (31,20), (30,20), (29,20), (28,20), (27,20), (26,20), (25,20), (24,20), (23,20), (22,20), (21,20), (20,20), (19,20), (18,20), (17,20), (16,20), (15,20), (14,20), (13,20), (12,20), (11,20), (10,20), (10,20), (10,19), (10,18), (10,17), (10,16), (10,15), (10,14), (10,13), (10,12), (10,11), (10,10)|(10,10), (10,11), (10,12), (11,12), (11,13), (12,13), (13,13), (13,14), (13,15), (14,15), (15,15)",
        "time": 16.74771768615335
    },
    "Uber_Train_Walk": {
        "cost": 19.15349885727428,
        "env_tax": 0.015000000000000003,
        "route": "(62,20), (61,20), (60,20)|(60,20), (59,20), (58,20), (57,20), (56,20), (55,20), (54,20), (53,20), (52,20), (51,20), (50,20), (49,20), (48,20), (47,20), (46,20), (45,20), (44,20), (43,20), (42,20), (41,20), (40,20), (39,20), (38,20), (37,20), (36,20), (35,20), (34,20), (33,20), (32,20), (31,20), (30,20), (29,20), (28,20), (27,20), (26,20), (25,20), (24,20), (23,20), (22,20), (21,20), (20,20), (19,20), (18,20), (17,20), (16,20), (15,20), (14,20), (13,20), (12,20), (11,20), (10,20), (10,20), (10,19), (10,18), (10,17), (10,16), (10,15), (10,14), (10,13), (10,12), (10,11), (10,10)|(10,10), (11,10), (12,10), (13,10), (14,10), (15,10), (15,10), (15,11), (15,12), (15,13), (15,14), (15,15)",
        "time": 757.2341613487721
    },
    "Walk": {
        "cost": 0,
        "env_tax": 0,
        "route": "(62,20), (61,20), (60,20), (59,20), (58,20), (57,20), (56,20), (55,20), (54,20), (53,20), (52,20), (51,20), (50,20), (49,20), (48,20), (47,20), (46,20), (45,20), (44,20), (43,20), (42,20), (41,20), (40,20), (39,20), (38,20), (37,20), (36,20), (35,20), (34,20), (33,20), (32,20), (31,20), (30,20), (29,20), (28,20), (27,20), (26,20), (25,20), (24,20), (23,20), (22,20), (21,20), (20,20), (19,20), (18,20), (17,20), (16,20), (15,20), (15,20), (15,19), (15,18), (15,17), (15,16), (15,15)",
        "time": 3877.356239560964
    },
    "Walk_Train_Uber": {
        "cost": 19.714278393076047,
        "env_tax": 0.05500000000000001,
        "route": "(62,20), (61,20), (60,20), (60,20)|(60,20), (59,20), (58,20), (57,20), (56,20), (55,20), (54,20), (53,20), (52,20), (51,20), (50,20), (49,20), (48,20), (47,20), (46,20), (45,20), (44,20), (43,20), (42,20), (41,20), (40,20), (39,20), (38,20), (37,20), (36,20), (35,20), (34,20), (33,20), (32,20), (31,20), (30,20), (29,20), (28,20), (27,20), (26,20), (25,20), (24,20), (23,20), (22,20), (21,20), (20,20), (19,20), (18,20), (17,20), (16,20), (15,20), (14,20), (13,20), (12,20), (11,20), (10,20), (10,20), (10,19), (10,18), (10,17), (10,16), (10,15), (10,14), (10,13), (10,12), (10,11), (10,10)|(10,10), (10,11), (10,12), (11,12), (11,13), (12,13), (13,13), (13,14), (13,15), (14,15), (15,15)",
        "time": 164.5030243869023
    },
    "Walk_Train_Walk": {
        "cost": 6.2,
        "env_tax": 0,
        "route": "(62,20), (61,20), (60,20), (60,20)|(60,20), (59,20), (58,20), (57,20), (56,20), (55,20), (54,20), (53,20), (52,20), (51,20), (50,20), (49,20), (48,20), (47,20), (46,20), (45,20), (44,20), (43,20), (42,20), (41,20), (40,20), (39,20), (38,20), (37,20), (36,20), (35,20), (34,20), (33,20), (32,20), (31,20), (30,20), (29,20), (28,20), (27,20), (26,20), (25,20), (24,20), (23,20), (22,20), (21,20), (20,20), (19,20), (18,20), (17,20), (16,20), (15,20), (14,20), (13,20), (12,20), (11,20), (10,20), (10,20), (10,19), (10,18), (10,17), (10,16), (10,15), (10,14), (10,13), (10,12), (10,11), (10,10)|(10,10), (11,10), (12,10), (13,10), (14,10), (15,10), (15,10), (15,11), (15,12), (15,13), (15,14), (15,15)",
        "time": 900.6518747649211
    }
}