{
    "Uber": {
        "cost": 71.42331442083508,
        "env_tax": 0.3400000000000001,
        "route": "(48,38), (47,38), (47,39), (47,40), (47,41), (47,42), (47,43), (47,44), (47,45), (47,46), (47,47), (47,48), (47,49), (47,50), (47,51), (47,52), (47,53), (47,54), (47,55), (47,56), (47,57), (47,58), (47,59), (47,60), (47,61), (46,61), (46,62), (46,63), (46,64), (46,65), (46,66), (46,67), (46,68), (46,69), (47,69), (47,70), (47,71), (47,72), (47,73), (47,74), (48,74), (48,75), (48,76), (48,77), (48,78), (48,79), (48,80), (48,81), (48,82), (48,83), (48,84), (48,85), (48,86), (48,87), (49,87), (50,87), (51,87), (52,87), (53,87), (54,87), (55,87), (56,87), (57,87), (58,87), (59,87), (60,87), (61,87), (62,87)",
        "time": 21.503712434207156
    },
    "Uber_Train_Uber": {
        "cost": 36.27132460671362,
        "env_tax": 0.05500000000000001,
        "route": "(48,38), (49,38), (49,39), (50,39), (50,40)|(50,40), (51,40), (52,40), (53,40), (54,40), (55,40), (56,40), (57,40), (58,40), (59,40), (60,40), (60,40), (60,41), (60,42), (60,43), (60,44), (60,45), (60,46), (60,47), (60,48), (60,49), (60,50), (60,51), (60,52), (60,53), (60,54), (60,55), (60,56), (60,57), (60,58), (60,59), (60,60), (60,61), (60,62), (60,63), (60,64), (60,65), (60,66), (60,67), (60,68), (60,69), (60,70), (60,71), (60,72), (60,73), (60,74), (60,75), (60,76), (60,77), (60,78), (60,79), (60,80), (60,81), (60,82), (60,83), (60,84), (60,85), (60,86), (60,87), (60,88), (60,89), (60,90)|(60,90), (60,89), (60,88), (60,87), (61,87), (62,87)",
        "time": 21.30827940994852
    },
    "Uber_Train_Walk": {
        "cost": 23.009060612794034,
        "env_tax": 0.025,
        "route": "(48,38), (49,38), (49,39), (50,39), (50,40)|(50,40), (51,40), (52,40), (53,40), (54,40), (55,40), (56,40), (57,40), (58,40), (59,40), (60,40), (60,40), (60,41), (60,42), (60,43), (60,44), (60,45), (60,46), (60,47), (60,48), (60,49), (60,50), (60,51), (60,52), (60,53), (60,54), (60,55), (60,56), (60,57), (60,58), (60,59), (60,60), (60,61), (60,62), (60,63), (60,64), (60,65), (60,66), (60,67), (60,68), (60,69), (60,70), (60,71), (60,72), (60,73), (60,74), (60,75), (60,76), (60,77), (60,78), (60,79), (60,80), (60,81), (60,82), (60,83), (60,84), (60,85), (60,86), (60,87), (60,88), (60,89), (60,90)|(60,90), (61,90), (62,90), (62,90), (62,89), (62,88), (62,87)",
        "time": 389.1196849089148
    },
    "Walk": {
        "cost": 0,
        "env_tax": 0,
        "route": "(48,38), (49,38), (50,38), (51,38), (52,38), (53,38), (54,38), (55,38), (56,38), (57,38), (58,38), (59,38), (60,38), (61,38), (62,38), (62,38), (62,39), (62,40), (62,41), (62,42), (62,43), (62,44), (62,45), (62,46), (62,47), (62,48), (62,49), (62,50), (62,51), (62,52), (62,53), (62,54), (62,55), (62,56), (62,57), (62,58), (62,59), (62,60), (62,61), (62,62), (62,63), (62,64), (62,65), (62,66), (62,67), (62,68), (62,69), (62,70), (62,71), (62,72), (62,73), (62,74), (62,75), (62,76), (62,77), (62,78), (62,79), (62,80), (62,81), (62,82), (62,83), (62,84), (62,85), (62,86), (62,87)",
        "time": 4697.566213314244
    },
    "Walk_Train_Uber": {
        "cost": 19.667710038941664,
        "env_tax": 0.030000000000000006,
        "route": "(48,38), (49,38), (50,38), (50,38), (50,39), (50,40)|(50,40), (51,40), (52,40), (53,40), (54,40), (55,40), (56,40), (57,40), (58,40), (59,40), (60,40), (60,40), (60,41), (60,42), (60,43), (60,44), (60,45), (60,46), (60,47), (60,48), (60,49), (60,50), (60,51), (60,52), (60,53), (60,54), (60,55), (60,56), (60,57), (60,58), (60,59), (60,60), (60,61), (60,62), (60,63), (60,64), (60,65), (60,66), (60,67), (60,68), (60,69), (60,70), (60,71), (60,72), (60,73), (60,74), (60,75), (60,76), (60,77), (60,78), (60,79), (60,80), (60,81), (60,82), (60,83), (60,84), (60,85), (60,86), (60,87), (60,88), (60,89), (60,90)|(60,90), (60,89), (60,88), (60,87), (61,87), (62,87)",
        "time": 311.50459690703843
    },
    "Walk_Train_Walk": {
        "cost": 6.2,
        "env_tax": 0,
        "route": "(48,38), (49,38), (50,38), (50,38), (50,39), (50,40)|(50,40), (51,40), (52,40), (53,40), (54,40), (55,40), (56,40), (57,40), (58,40), (59,40), (60,40), (60,40), (60,41), (60,42), (60,43), (60,44), (60,45), (60,46), (60,47), (60,48), (60,49), (60,50), (60,51), (60,52), (60,53), (60,54), (60,55), (60,56), (60,57), (60,58), (60,59), (60,60), (60,61), (60,62), (60,63), (60,64), (60,65), (60,66), (60,67), (60,68), (60,69), (60,70), (60,71), (60,72), (60,73), (60,74), (60,75), (60,76), (60,77), (60,78), (60,79), (60,80), (60,81), (60,82), (60,83), (60,84), (60,85), (60,86), (60,87), (60,88), (60,89), (60,90)|(60,90), (61,90), (62,90), (62,90), (62,89), (62,88), (62,87)",
        "time": 678.4585687132258
    }
}