{
    "Uber": {
        "cost": 25.201984883530958,
        "env_tax": 0.15000000000000002,
        "route": "(26,53), (25,53), (24,53), (23,53), (22,53), (22,54), (21,54), (21,55), (21,56), (20,56), (19,56), (18,56), (17,56), (16,56), (15,56), (14,56), (13,56), (12,56), (12,57), (11,57), (11,58), (10,58), (10,59), (9,59), (9,60), (9,61), (9,62), (9,63), (8,63), (7,63)",
        "time": 13.631556192062892
    },
    "Uber_Train_Uber": {
        "cost": 35.16798174615419,
        "env_tax": 0.07500000000000001,
        "route": "(26,53), (27,53), (28,53), (28,52), (29,52), (30,52), (30,51), (30,50)|(30,50), (29,50), (28,50), (27,50), (26,50), (25,50), (24,50), (23,50), (22,50), (21,50), (20,50), (19,50), (18,50), (17,50), (16,50), (15,50), (14,50), (13,50), (12,50), (11,50), (10,50), (10,50), (10,51), (10,52), (10,53), (10,54), (10,55), (10,56), (10,57), (10,58), (10,59), (10,60)|(10,60), (9,60), (9,61), (9,62), (9,63), (8,63), (7,63)",
        "time": 19.65394734766143
    },
    "Uber_Train_Walk": {
        "cost": 21.014904073766033,
        "env_tax": 0.04000000000000001,
        "route": "(26,53), (27,53), (28,53), (28,52), (29,52), (30,52), (30,51), (30,50)|(30,50), (29,50), (28,50), (27,50), (26,50), (25,50), (24,50), (23,50), (22,50), (21,50), (20,50), (19,50), (18,50), (17,50), (16,50), (15,50), (14,50), (13,50), (12,50), (11,50), (10,50), (10,50), (10,51), (10,52), (10,53), (10,54), (10,55), (10,56), (10,57), (10,58), (10,59), (10,60)|(10,60), (9,60), (8,60), (7,60), (7,60), (7,61), (7,62), (7,63)",
        "time": 458.21107916587675
    },
    "Walk": {
        "cost": 0,
        "env_tax": 0,
        "route": "(26,53), (25,53), (24,53), (23,53), (22,53), (21,53), (20,53), (19,53), (18,53), (17,53), (16,53), (15,53), (14,53), (13,53), (12,53), (11,53), (10,53), (9,53), (8,53), (7,53), (7,53), (7,54), (7,55), (7,56), (7,57), (7,58), (7,59), (7,60), (7,61), (7,62), (7,63)",
        "time": 2162.3717489859223
    },
    "Walk_Train_Uber": {
        "cost": 16.99566360068981,
        "env_tax": 0.035,
        "route": "(26,53), (27,53), (28,53), (29,53), (30,53), (30,53), (30,52), (30,51), (30,50)|(30,50), (29,50), (28,50), (27,50), (26,50), (25,50), (24,50), (23,50), (22,50), (21,50), (20,50), (19,50), (18,50), (17,50), (16,50), (15,50), (14,50), (13,50), (12,50), (11,50), (10,50), (10,50), (10,51), (10,52), (10,53), (10,54), (10,55), (10,56), (10,57), (10,58), (10,59), (10,60)|(10,60), (9,60), (9,61), (9,62), (9,63), (8,63), (7,63)",
        "time": 535.7776827930289
    },
    "Walk_Train_Walk": {
        "cost": 3.2,
        "env_tax": 0,
        "route": "(26,53), (27,53), (28,53), (29,53), (30,53), (30,53), (30,52), (30,51), (30,50)|(30,50), (29,50), (28,50), (27,50), (26,50), (25,50), (24,50), (23,50), (22,50), (21,50), (20,50), (19,50), (18,50), (17,50), (16,50), (15,50), (14,50), (13,50), (12,50), (11,50), (10,50), (10,50), (10,51), (10,52), (10,53), (10,54), (10,55), (10,56), (10,57), (10,58), (10,59), (10,60)|(10,60), (9,60), (8,60), (7,60), (7,60), (7,61), (7,62), (7,63)",
        "time": 974.9030914326163
    }
}