{
    "Uber": {
        "cost": 16.832175730381426,
        "env_tax": 0.17500000000000002,
        "route": "(69,96), (70,96), (71,96), (72,96), (73,96), (74,96), (75,96), (76,96), (77,96), (78,96), (79,96), (80,96), (81,96), (82,96), (83,96), (84,96), (84,95), (84,94), (84,93), (85,93), (85,92), (86,92), (86,91), (86,90), (86,89), (87,89), (88,89), (88,88), (89,88), (89,87), (89,86), (89,85), (89,84), (89,83), (90,83)",
        "time": 11.086421269642571
    },
    "Uber_Train_Uber": {
        "cost": 28.990168646029925,
        "env_tax": 0.06000000000000001,
        "route": "(69,96), (69,95), (69,94), (69,93), (69,92), (69,91), (69,90), (70,90)|(70,90), (71,90), (72,90), (73,90), (74,90), (75,90), (76,90), (77,90), (78,90), (79,90), (80,90), (81,90), (82,90), (83,90), (84,90), (85,90), (86,90), (87,90), (88,90), (89,90), (90,90), (90,90), (90,89), (90,88), (90,87), (90,86), (90,85), (90,84), (90,83), (90,82), (90,81), (90,80)|(90,80), (90,81), (90,82), (90,83)",
        "time": 19.013522888664284
    },
    "Uber_Train_Walk": {
        "cost": 16.431211413577167,
        "env_tax": 0.04000000000000001,
        "route": "(69,96), (69,95), (69,94), (69,93), (69,92), (69,91), (69,90), (70,90)|(70,90), (71,90), (72,90), (73,90), (74,90), (75,90), (76,90), (77,90), (78,90), (79,90), (80,90), (81,90), (82,90), (83,90), (84,90), (85,90), (86,90), (87,90), (88,90), (89,90), (90,90), (90,90), (90,89), (90,88), (90,87), (90,86), (90,85), (90,84), (90,83), (90,82), (90,81), (90,80)|(90,80), (90,80), (90,81), (90,82), (90,83)",
        "time": 240.22256792740166
    },
    "Walk": {
        "cost": 0,
        "env_tax": 0,
        "route": "(69,96), (70,96), (71,96), (72,96), (73,96), (74,96), (75,96), (76,96), (77,96), (78,96), (79,96), (80,96), (81,96), (82,96), (83,96), (84,96), (85,96), (86,96), (87,96), (88,96), (89,96), (90,96), (90,96), (90,95), (90,94), (90,93), (90,92), (90,91), (90,90), (90,89), (90,88), (90,87), (90,86), (90,85), (90,84), (90,83)",
        "time": 2535.1944643283223
    },
    "Walk_Train_Uber": {
        "cost": 15.61709889024318,
        "env_tax": 0.020000000000000004,
        "route": "(69,96), (70,96), (70,96), (70,95), (70,94), (70,93), (70,92), (70,91), (70,90)|(70,90), (71,90), (72,90), (73,90), (74,90), (75,90), (76,90), (77,90), (78,90), (79,90), (80,90), (81,90), (82,90), (83,90), (84,90), (85,90), (86,90), (87,90), (88,90), (89,90), (90,90), (90,90), (90,89), (90,88), (90,87), (90,86), (90,85), (90,84), (90,83), (90,82), (90,81), (90,80)|(90,80), (90,81), (90,82), (90,83)",
        "time": 534.840509119204
    },
    "Walk_Train_Walk": {
        "cost": 3.2,
        "env_tax": 0,
        "route": "(69,96), (70,96), (70,96), (70,95), (70,94), (70,93), (70,92), (70,91), (70,90)|(70,90), (71,90), (72,90), (73,90), (74,90), (75,90), (76,90), (77,90), (78,90), (79,90), (80,90), (81,90), (82,90), (83,90), (84,90), (85,90), (86,90), (87,90), (88,90), (89,90), (90,90), (90,90), (90,89), (90,88), (90,87), (90,86), (90,85), (90,84), (90,83), (90,82), (90,81), (90,80)|(90,80), (90,80), (90,81), (90,82), (90,83)",
        "time": 753.0492531776589
    }
}