{
    "Uber": {
        "cost": 31.07782909255493,
        "env_tax": 0.19000000000000003,
        "route": "(40,24), (39,24), (38,24), (37,24), (36,24), (35,24), (35,25), (34,25), (33,25), (32,25), (31,25), (30,25), (29,25), (29,26), (28,26), (27,26), (26,26), (25,26), (25,27), (25,28), (24,28), (24,29), (23,29), (22,29), (21,29), (21,30), (21,31), (20,31), (19,31), (19,32), (19,33), (19,34), (19,35), (19,36), (19,37), (19,38), (19,39), (19,40)",
        "time": 12.16525941300899
    },
    "Uber_Train_Uber": {
        "cost": 30.548589687765595,
        "env_tax": 0.035,
        "route": "(40,24), (40,23), (40,22), (40,21), (40,20)|(40,20), (39,20), (38,20), (37,20), (36,20), (35,20), (34,20), (33,20), (32,20), (31,20), (30,20), (29,20), (28,20), (27,20), (26,20), (25,20), (24,20), (23,20), (22,20), (21,20), (20,20), (20,20), (20,21), (20,22), (20,23), (20,24), (20,25), (20,26), (20,27), (20,28), (20,29), (20,30), (20,31), (20,32), (20,33), (20,34), (20,35), (20,36), (20,37), (20,38), (20,39), (20,40)|(20,40), (19,40)",
        "time": 24.616580939101098
    },
    "Uber_Train_Walk": {
        "cost": 18.74475690832986,
        "env_tax": 0.025,
        "route": "(40,24), (40,23), (40,22), (40,21), (40,20)|(40,20), (39,20), (38,20), (37,20), (36,20), (35,20), (34,20), (33,20), (32,20), (31,20), (30,20), (29,20), (28,20), (27,20), (26,20), (25,20), (24,20), (23,20), (22,20), (21,20), (20,20), (20,20), (20,21), (20,22), (20,23), (20,24), (20,25), (20,26), (20,27), (20,28), (20,29), (20,30), (20,31), (20,32), (20,33), (20,34), (20,35), (20,36), (20,37), (20,38), (20,39), (20,40)|(20,40), (19,40), (19,40)",
        "time": 88.2194617111868
    },
    "Walk": {
        "cost": 0,
        "env_tax": 0,
        "route": "(40,24), (39,24), (38,24), (37,24), (36,24), (35,24), (34,24), (33,24), (32,24), (31,24), (30,24), (29,24), (28,24), (27,24), (26,24), (25,24), (24,24), (23,24), (22,24), (21,24), (20,24), (19,24), (19,24), (19,25), (19,26), (19,27), (19,28), (19,29), (19,30), (19,31), (19,32), (19,33), (19,34), (19,35), (19,36), (19,37), (19,38), (19,39), (19,40)",
        "time": 2758.8880935337625
    },
    "Walk_Train_Uber": {
        "cost": 16.392078451089944,
        "env_tax": 0.010000000000000002,
        "route": "(40,24), (40,24), (40,23), (40,22), (40,21), (40,20)|(40,20), (39,20), (38,20), (37,20), (36,20), (35,20), (34,20), (33,20), (32,20), (31,20), (30,20), (29,20), (28,20), (27,20), (26,20), (25,20), (24,20), (23,20), (22,20), (21,20), (20,20), (20,20), (20,21), (20,22), (20,23), (20,24), (20,25), (20,26), (20,27), (20,28), (20,29), (20,30), (20,31), (20,32), (20,33), (20,34), (20,35), (20,36), (20,37), (20,38), (20,39), (20,40)|(20,40), (19,40)",
        "time": 315.6313647554398
    },
    "Walk_Train_Walk": {
        "cost": 4.2,
        "env_tax": 0,
        "route": "(40,24), (40,24), (40,23), (40,22), (40,21), (40,20)|(40,20), (39,20), (38,20), (37,20), (36,20), (35,20), (34,20), (33,20), (32,20), (31,20), (30,20), (29,20), (28,20), (27,20), (26,20), (25,20), (24,20), (23,20), (22,20), (21,20), (20,20), (20,20), (20,21), (20,22), (20,23), (20,24), (20,25), (20,26), (20,27), (20,28), (20,29), (20,30), (20,31), (20,32), (20,33), (20,34), (20,35), (20,36), (20,37), (20,38), (20,39), (20,40)|(20,40), (19,40), (19,40)",
        "time": 380.26257245603006
    }
}