{
    "Uber": {
        "cost": 72.63646852945806,
        "env_tax": 0.9450000000000002,
        "route": "(93,91), (94,91), (95,91), (96,91), (97,91), (97,90), (97,89), (97,88), (97,87), (97,86), (97,85), (97,84), (97,83), (97,82), (97,81), (97,80), (97,79), (97,78), (97,77), (97,76), (97,75), (97,74), (97,73), (97,72), (97,71), (97,70), (97,69), (97,68), (97,67), (97,66), (97,65), (97,64), (96,64), (95,64), (95,63), (95,62), (95,61), (95,60), (95,59), (95,58), (95,57), (94,57), (94,56), (93,56), (93,55), (93,54), (93,53), (93,52), (92,52), (92,51), (92,50), (92,49), (91,49), (91,48), (91,47), (90,47), (89,47), (88,47), (88,46), (87,46), (86,46), (86,45), (85,45), (84,45), (84,44), (83,44), (83,43), (83,42), (83,41), (83,40), (83,39), (83,38), (82,38), (81,38), (80,38), (79,38), (78,38), (77,38), (76,38), (76,37), (76,36), (75,36), (75,35), (75,34), (75,33), (75,32), (75,31), (74,31), (74,30), (73,30), (73,29), (72,29), (72,28), (71,28), (70,28), (70,27), (70,26), (70,25), (69,25), (69,24), (68,24), (67,24), (66,24), (65,24), (64,24), (63,24), (63,23), (62,23), (62,22), (61,22), (60,22), (59,22), (59,21), (59,20), (58,20), (58,19), (57,19), (56,19), (56,18), (55,18), (55,17), (55,16), (54,16), (53,16), (53,15), (53,14), (53,13), (53,12), (53,11), (53,10), (53,9), (53,8), (52,8), (51,8), (51,7), (50,7), (49,7), (49,6), (48,6), (47,6), (47,5), (47,4), (47,3), (46,3), (46,2), (45,2), (44,2), (43,2), (43,1), (42,1), (41,1), (40,1), (39,1), (38,1), (38,0), (37,0), (36,0), (35,0), (34,0), (33,0), (32,0), (31,0), (30,0), (29,0), (28,0), (27,0), (26,0), (25,0), (24,0), (23,0), (22,0), (21,0), (20,0), (19,0), (18,0), (18,1), (17,1), (16,1), (15,1), (14,1), (13,1), (12,1), (11,1), (10,1), (9,1), (9,2), (8,2), (7,2), (6,2)",
        "time": 23.273361295976166
    },
    "Uber_Train_Uber": {
        "cost": 41.672708998952274,
        "env_tax": 0.09,
        "route": "(93,91), (92,91), (91,91), (91,90), (90,90)|(90,90), (89,90), (88,90), (87,90), (86,90), (85,90), (84,90), (83,90), (82,90), (81,90), (80,90), (79,90), (78,90), (77,90), (76,90), (75,90), (74,90), (73,90), (72,90), (71,90), (70,90), (69,90), (68,90), (67,90), (66,90), (65,90), (64,90), (63,90), (62,90), (61,90), (60,90), (59,90), (58,90), (57,90), (56,90), (55,90), (54,90), (53,90), (52,90), (51,90), (50,90), (49,90), (48,90), (47,90), (46,90), (45,90), (44,90), (43,90), (42,90), (41,90), (40,90), (39,90), (38,90), (37,90), (36,90), (35,90), (34,90), (33,90), (32,90), (31,90), (30,90), (29,90), (28,90), (27,90), (26,90), (25,90), (24,90), (23,90), (22,90), (21,90), (20,90), (19,90), (18,90), (17,90), (16,90), (15,90), (14,90), (13,90), (12,90), (11,90), (10,90), (10,90), (10,89), (10,88), (10,87), (10,86), (10,85), (10,84), (10,83), (10,82), (10,81), (10,80), (10,79), (10,78), (10,77), (10,76), (10,75), (10,74), (10,73), (10,72), (10,71), (10,70), (10,69), (10,68), (10,67), (10,66), (10,65), (10,64), (10,63), (10,62), (10,61), (10,60), (10,59), (10,58), (10,57), (10,56), (10,55), (10,54), (10,53), (10,52), (10,51), (10,50), (10,49), (10,48), (10,47), (10,46), (10,45), (10,44), (10,43), (10,42), (10,41), (10,40), (10,39), (10,38), (10,37), (10,36), (10,35), (10,34), (10,33), (10,32), (10,31), (10,30), (10,29), (10,28), (10,27), (10,26), (10,25), (10,24), (10,23), (10,22), (10,21), (10,20), (10,19), (10,18), (10,17), (10,16), (10,15), (10,14), (10,13), (10,12), (10,11), (10,10)|(10,10), (9,10), (8,10), (8,9), (8,8), (8,7), (8,6), (7,6), (7,5), (7,4), (6,4), (6,3), (6,2)",
        "time": 18.371636702225903
    },
    "Uber_Train_Walk": {
        "cost": 28.616994935939488,
        "env_tax": 0.025,
        "route": "(93,91), (92,91), (91,91), (91,90), (90,90)|(90,90), (89,90), (88,90), (87,90), (86,90), (85,90), (84,90), (83,90), (82,90), (81,90), (80,90), (79,90), (78,90), (77,90), (76,90), (75,90), (74,90), (73,90), (72,90), (71,90), (70,90), (69,90), (68,90), (67,90), (66,90), (65,90), (64,90), (63,90), (62,90), (61,90), (60,90), (59,90), (58,90), (57,90), (56,90), (55,90), (54,90), (53,90), (52,90), (51,90), (50,90), (49,90), (48,90), (47,90), (46,90), (45,90), (44,90), (43,90), (42,90), (41,90), (40,90), (39,90), (38,90), (37,90), (36,90), (35,90), (34,90), (33,90), (32,90), (31,90), (30,90), (29,90), (28,90), (27,90), (26,90), (25,90), (24,90), (23,90), (22,90), (21,90), (20,90), (19,90), (18,90), (17,90), (16,90), (15,90), (14,90), (13,90), (12,90), (11,90), (10,90), (10,90), (10,89), (10,88), (10,87), (10,86), (10,85), (10,84), (10,83), (10,82), (10,81), (10,80), (10,79), (10,78), (10,77), (10,76), (10,75), (10,74), (10,73), (10,72), (10,71), (10,70), (10,69), (10,68), (10,67), (10,66), (10,65), (10,64), (10,63), (10,62), (10,61), (10,60), (10,59), (10,58), (10,57), (10,56), (10,55), (10,54), (10,53), (10,52), (10,51), (10,50), (10,49), (10,48), (10,47), (10,46), (10,45), (10,44), (10,43), (10,42), (10,41), (10,40), (10,39), (10,38), (10,37), (10,36), (10,35), (10,34), (10,33), (10,32), (10,31), (10,30), (10,29), (10,28), (10,27), (10,26), (10,25), (10,24), (10,23), (10,22), (10,21), (10,20), (10,19), (10,18), (10,17), (10,16), (10,15), (10,14), (10,13), (10,12), (10,11), (10,10)|(10,10), (9,10), (8,10), (7,10), (6,10), (6,10), (6,9), (6,8), (6,7), (6,6), (6,5), (6,4), (6,3), (6,2)",
        "time": 909.5355690963214
    },
    "Walk": {
        "cost": 0,
        "env_tax": 0,
        "route": "(93,91), (92,91), (91,91), (90,91), (89,91), (88,91), (87,91), (86,91), (85,91), (84,91), (83,91), (82,91), (81,91), (80,91), (79,91), (78,91), (77,91), (76,91), (75,91), (74,91), (73,91), (72,91), (71,91), (70,91), (69,91), (68,91), (67,91), (66,91), (65,91), (64,91), (63,91), (62,91), (61,91), (60,91), (59,91), (58,91), (57,91), (56,91), (55,91), (54,91), (53,91), (52,91), (51,91), (50,91), (49,91), (48,91), (47,91), (46,91), (45,91), (44,91), (43,91), (42,91), (41,91), (40,91), (39,91), (38,91), (37,91), (36,91), (35,91), (34,91), (33,91), (32,91), (31,91), (30,91), (29,91), (28,91), (27,91), (26,91), (25,91), (24,91), (23,91), (22,91), (21,91), (20,91), (19,91), (18,91), (17,91), (16,91), (15,91), (14,91), (13,91), (12,91), (11,91), (10,91), (9,91), (8,91), (7,91), (6,91), (6,91), (6,90), (6,89), (6,88), (6,87), (6,86), (6,85), (6,84), (6,83), (6,82), (6,81), (6,80), (6,79), (6,78), (6,77), (6,76), (6,75), (6,74), (6,73), (6,72), (6,71), (6,70), (6,69), (6,68), (6,67), (6,66), (6,65), (6,64), (6,63), (6,62), (6,61), (6,60), (6,59), (6,58), (6,57), (6,56), (6,55), (6,54), (6,53), (6,52), (6,51), (6,50), (6,49), (6,48), (6,47), (6,46), (6,45), (6,44), (6,43), (6,42), (6,41), (6,40), (6,39), (6,38), (6,37), (6,36), (6,35), (6,34), (6,33), (6,32), (6,31), (6,30), (6,29), (6,28), (6,27), (6,26), (6,25), (6,24), (6,23), (6,22), (6,21), (6,20), (6,19), (6,18), (6,17), (6,16), (6,15), (6,14), (6,13), (6,12), (6,11), (6,10), (6,9), (6,8), (6,7), (6,6), (6,5), (6,4), (6,3), (6,2)",
        "time": 13123.359580052493
    },
    "Walk_Train_Uber": {
        "cost": 29.325259829474554,
        "env_tax": 0.065,