{
    "Uber": {
        "cost": 73.2472169846903,
        "env_tax": 0.52,
        "route": "(94,63), (94,64), (94,65), (94,66), (94,67), (94,68), (94,69), (93,69), (93,70), (93,71), (92,71), (91,71), (91,72), (90,72), (89,72), (88,72), (87,72), (86,72), (85,72), (84,72), (83,72), (82,72), (81,72), (80,72), (79,72), (78,72), (77,72), (76,72), (75,72), (74,72), (73,72), (72,72), (72,73), (71,73), (70,73), (69,73), (68,73), (67,73), (66,73), (65,73), (64,73), (63,73), (62,73), (61,73), (60,73), (59,73), (58,73), (57,73), (56,73), (55,73), (54,73), (53,73), (53,72), (52,72), (51,72), (50,72), (49,72), (48,72), (47,72), (46,72), (45,72), (44,72), (43,72), (42,72), (42,71), (41,71), (40,71), (39,71), (38,71), (37,71), (36,71), (35,71), (34,71), (33,71), (33,70), (32,70), (31,70), (31,69), (30,69), (30,68), (29,68), (29,67), (28,67), (27,67), (26,67), (25,67), (25,66), (24,66), (24,65), (24,64), (24,63), (23,63), (23,62), (23,61), (23,60), (23,59), (23,58), (23,57), (23,56), (23,55), (23,54), (23,53), (23,52), (23,51)",
        "time": 21.7815967720262
    },
    "Uber_Train_Uber": {
        "cost": 36.98445700023852,
        "env_tax": 0.065,
        "route": "(94,63), (93,63), (93,62), (93,61), (92,61), (92,60), (91,60), (90,60)|(90,60), (89,60), (88,60), (87,60), (86,60), (85,60), (84,60), (83,60), (82,60), (81,60), (80,60), (79,60), (78,60), (77,60), (76,60), (75,60), (74,60), (73,60), (72,60), (71,60), (70,60), (69,60), (68,60), (67,60), (66,60), (65,60), (64,60), (63,60), (62,60), (61,60), (60,60), (59,60), (58,60), (57,60), (56,60), (55,60), (54,60), (53,60), (52,60), (51,60), (50,60), (49,60), (48,60), (47,60), (46,60), (45,60), (44,60), (43,60), (42,60), (41,60), (40,60), (39,60), (38,60), (37,60), (36,60), (35,60), (34,60), (33,60), (32,60), (31,60), (30,60), (29,60), (28,60), (27,60), (26,60), (25,60), (24,60), (23,60), (22,60), (21,60), (20,60), (20,60), (20,59), (20,58), (20,57), (20,56), (20,55), (20,54), (20,53), (20,52), (20,51), (20,50)|(20,50), (21,50), (22,50), (23,50), (23,51)",
        "time": 26.089898865678173
    },
    "Uber_Train_Walk": {
        "cost": 21.950176738820986,
        "env_tax": 0.04000000000000001,
        "route": "(94,63), (93,63), (93,62), (93,61), (92,61), (92,60), (91,60), (90,60)|(90,60), (89,60), (88,60), (87,60), (86,60), (85,60), (84,60), (83,60), (82,60), (81,60), (80,60), (79,60), (78,60), (77,60), (76,60), (75,60), (74,60), (73,60), (72,60), (71,60), (70,60), (69,60), (68,60), (67,60), (66,60), (65,60), (64,60), (63,60), (62,60), (61,60), (60,60), (59,60), (58,60), (57,60), (56,60), (55,60), (54,60), (53,60), (52,60), (51,60), (50,60), (49,60), (48,60), (47,60), (46,60), (45,60), (44,60), (43,60), (42,60), (41,60), (40,60), (39,60), (38,60), (37,60), (36,60), (35,60), (34,60), (33,60), (32,60), (31,60), (30,60), (29,60), (28,60), (27,60), (26,60), (25,60), (24,60), (23,60), (22,60), (21,60), (20,60), (20,60), (20,59), (20,58), (20,57), (20,56), (20,55), (20,54), (20,53), (20,52), (20,51), (20,50)|(20,50), (21,50), (22,50), (23,50), (23,50), (23,51)",
        "time": 312.87828565731905
    },
    "Walk": {
        "cost": 0,
        "env_tax": 0,
        "route": "(94,63), (93,63), (92,63), (91,63), (90,63), (89,63), (88,63), (87,63), (86,63), (85,63), (84,63), (83,63), (82,63), (81,63), (80,63), (79,63), (78,63), (77,63), (76,63), (75,63), (74,63), (73,63), (72,63), (71,63), (70,63), (69,63), (68,63), (67,63), (66,63), (65,63), (64,63), (63,63), (62,63), (61,63), (60,63), (59,63), (58,63), (57,63), (56,63), (55,63), (54,63), (53,63), (52,63), (51,63), (50,63), (49,63), (48,63), (47,63), (46,63), (45,63), (44,63), (43,63), (42,63), (41,63), (40,63), (39,63), (38,63), (37,63), (36,63), (35,63), (34,63), (33,63), (32,63), (31,63), (30,63), (29,63), (28,63), (27,63), (26,63), (25,63), (24,63), (23,63), (23,63), (23,62), (23,61), (23,60), (23,59), (23,58), (23,57), (23,56), (23,55), (23,54), (23,53), (23,52), (23,51)",
        "time": 6188.857074683846
    },
    "Walk_Train_Uber": {
        "cost": 22.151727141537407,
        "env_tax": 0.025,
        "route": "(94,63), (93,63), (92,63), (91,63), (90,63), (90,63), (90,62), (90,61), (90,60)|(90,60), (89,60), (88,60), (87,60), (86,60), (85,60), (84,60), (83,60), (82,60), (81,60), (80,60), (79,60), (78,60), (77,60), (76,60), (75,60), (74,60), (73,60), (72,60), (71,60), (70,60), (69,60), (68,60), (67,60), (66,60), (65,60), (64,60), (63,60), (62,60), (61,60), (60,60), (59,60), (58,60), (57,60), (56,60), (55,60), (54,60), (53,60), (52,60), (51,60), (50,60), (49,60), (48,60), (47,60), (46,60), (45,60), (44,60), (43,60), (42,60), (41,60), (40,60), (39,60), (38,60), (37,60), (36,60), (35,60), (34,60), (33,60), (32,60), (31,60), (30,60), (29,60), (28,60), (27,60), (26,60), (25,60), (24,60), (23,60), (22,60), (21,60), (20,60), (20,60), (20,59), (20,58), (20,57), (20,56), (20,55), (20,54), (20,53), (20,52), (20,51), (20,50)|(20,50), (21,50), (22,50), (23,50), (23,51)",
        "time": 535.1247420493886
    },
    "Walk_Train_Walk": {
        "cost": 8.200000000000001,
        "env_tax": 0,
        "route": "(94,63), (93,63), (92,63), (91,63), (90,63), (90,63), (90,62), (90,61), (90,60)|(90,60), (89,60), (88,60), (87,60), (86,60), (85,60), (84,60), (83,60), (82,60), (81,60), (80,60), (79,60), (78,60), (77,60), (76,60), (75,60), (74,60), (73,60), (72,60), (71,60), (70,60), (69,60), (68,60), (67,60), (66,60), (65,60), (64,60), (63,60), (62,60), (61,60), (60,60), (59,60), (58,60), (57,60), (56,60), (55,60), (54,60), (53,60), (52,60), (51,60), (50,60), (49,60), (48,60), (47,60), (46,60), (45,60), (44,60), (43,60), (42,60), (41,60), (40,60), (39,60), (38,60), (37,60), (36,60), (35,60), (34,60), (33,60), (32,60), (31,60), (30,60), (29,60), (28,60), (27,60), (26,60), (25,60), (24,60), (23,60), (22,60), (21,60), (20,60), (20,60), (20,59), (20,58), (20,57), (20,56), (20,55), (20,54), (20,53), (20,52), (20,51), (20,50)|(20,50), (21,50), (22,50), (23,50), (23,50), (23,51)",
        "time": 828.7660672868675
    }
}