{
    "Uber": {
        "cost": 57.30728066981721,
        "env_tax": 0.335,
        "route": "(58,39), (57,39), (57,38), (56,38), (55,38), (54,38), (53,38), (52,38), (51,38), (51,37), (50,37), (49,37), (48,37), (47,37), (46,37), (46,36), (45,36), (44,36), (43,36), (42,36), (41,36), (40,36), (39,36), (38,36), (37,36), (36,36), (35,36), (34,36), (33,36), (32,36), (31,36), (30,36), (29,36), (28,36), (27,36), (26,36), (25,36), (24,36), (23,36), (22,36), (21,36), (20,36), (19,36), (18,36), (17,36), (16,36), (15,36), (14,36), (13,36), (12,36), (11,36), (10,36), (10,37), (9,37), (8,37), (7,37), (6,37), (5,37), (4,37), (4,38), (4,39), (3,39), (2,39), (2,40), (1,40), (0,40), (0,41)",
        "time": 20.4502859485806
    },
    "Uber_Train_Uber": {
        "cost": 35.237339398000806,
        "env_tax": 0.08000000000000002,
        "route": "(58,39), (59,39), (60,39), (60,40)|(60,40), (59,40), (58,40), (57,40), (56,40), (55,40), (54,40), (53,40), (52,40), (51,40), (50,40), (49,40), (48,40), (47,40), (46,40), (45,40), (44,40), (43,40), (42,40), (41,40), (40,40), (39,40), (38,40), (37,40), (36,40), (35,40), (34,40), (33,40), (32,40), (31,40), (30,40), (29,40), (28,40), (27,40), (26,40), (25,40), (24,40), (23,40), (22,40), (21,40), (20,40), (19,40), (18,40), (17,40), (16,40), (15,40), (14,40), (13,40), (12,40), (11,40), (10,40), (10,40)|(10,40), (9,40), (8,40), (7,40), (6,40), (5,40), (4,40), (3,40), (2,40), (1,40), (0,40), (0,41)",
        "time": 23.472209028443757
    },
    "Uber_Train_Walk": {
        "cost": 20.173429597899094,
        "env_tax": 0.020000000000000004,
        "route": "(58,39), (59,39), (60,39), (60,40)|(60,40), (59,40), (58,40), (57,40), (56,40), (55,40), (54,40), (53,40), (52,40), (51,40), (50,40), (49,40), (48,40), (47,40), (46,40), (45,40), (44,40), (43,40), (42,40), (41,40), (40,40), (39,40), (38,40), (37,40), (36,40), (35,40), (34,40), (33,40), (32,40), (31,40), (30,40), (29,40), (28,40), (27,40), (26,40), (25,40), (24,40), (23,40), (22,40), (21,40), (20,40), (19,40), (18,40), (17,40), (16,40), (15,40), (14,40), (13,40), (12,40), (11,40), (10,40), (10,40)|(10,40), (9,40), (8,40), (7,40), (6,40), (5,40), (4,40), (3,40), (2,40), (1,40), (0,40), (0,40), (0,41)",
        "time": 834.8399647287481
    },
    "Walk": {
        "cost": 0,
        "env_tax": 0,
        "route": "(58,39), (57,39), (56,39), (55,39), (54,39), (53,39), (52,39), (51,39), (50,39), (49,39), (48,39), (47,39), (46,39), (45,39), (44,39), (43,39), (42,39), (41,39), (40,39), (39,39), (38,39), (37,39), (36,39), (35,39), (34,39), (33,39), (32,39), (31,39), (30,39), (29,39), (28,39), (27,39), (26,39), (25,39), (24,39), (23,39), (22,39), (21,39), (20,39), (19,39), (18,39), (17,39), (16,39), (15,39), (14,39), (13,39), (12,39), (11,39), (10,39), (9,39), (8,39), (7,39), (6,39), (5,39), (4,39), (3,39), (2,39), (1,39), (0,39), (0,39), (0,40), (0,41)",
        "time": 4473.872584108804
    },
    "Walk_Train_Uber": {
        "cost": 19.46093358051196,
        "env_tax": 0.06000000000000001,
        "route": "(58,39), (59,39), (60,39), (60,39), (60,40)|(60,40), (59,40), (58,40), (57,40), (56,40), (55,40), (54,40), (53,40), (52,40), (51,40), (50,40), (49,40), (48,40), (47,40), (46,40), (45,40), (44,40), (43,40), (42,40), (41,40), (40,40), (39,40), (38,40), (37,40), (36,40), (35,40), (34,40), (33,40), (32,40), (31,40), (30,40), (29,40), (28,40), (27,40), (26,40), (25,40), (24,40), (23,40), (22,40), (21,40), (20,40), (19,40), (18,40), (17,40), (16,40), (15,40), (14,40), (13,40), (12,40), (11,40), (10,40), (10,40)|(10,40), (9,40), (8,40), (7,40), (6,40), (5,40), (4,40), (3,40), (2,40), (1,40), (0,40), (0,41)",
        "time": 236.1407059326516
    },
    "Walk_Train_Walk": {
        "cost": 5.2,
        "env_tax": 0,
        "route": "(58,39), (59,39), (60,39), (60,39), (60,40)|(60,40), (59,40), (58,40), (57,40), (56,40), (55,40), (54,40), (53,40), (52,40), (51,40), (50,40), (49,40), (48,40), (47,40), (46,40), (45,40), (44,40), (43,40), (42,40), (41,40), (40,40), (39,40), (38,40), (37,40), (36,40), (35,40), (34,40), (33,40), (32,40), (31,40), (30,40), (29,40), (28,40), (27,40), (26,40), (25,40), (24,40), (23,40), (22,40), (21,40), (20,40), (19,40), (18,40), (17,40), (16,40), (15,40), (14,40), (13,40), (12,40), (11,40), (10,40), (10,40)|(10,40), (9,40), (8,40), (7,40), (6,40), (5,40), (4,40), (3,40), (2,40), (1,40), (0,40), (0,40), (0,41)",
        "time": 1049.6557199679353
    }
}