{
    "Uber": {
        "cost": 45.79612636529588,
        "env_tax": 0.665,
        "route": "(87,39), (88,39), (89,39), (90,39), (91,39), (92,39), (92,40), (92,41), (92,42), (92,43), (92,44), (92,45), (92,46), (92,47), (92,48), (92,49), (92,50), (92,51), (92,52), (93,52), (93,53), (93,54), (93,55), (93,56), (93,57), (93,58), (93,59), (93,60), (93,61), (93,62), (93,63), (93,64), (93,65), (93,66), (93,67), (93,68), (93,69), (93,70), (93,71), (92,71), (91,71), (91,72), (91,73), (91,74), (90,74), (89,74), (89,75), (89,76), (88,76), (88,77), (87,77), (87,78), (86,78), (86,79), (85,79), (84,79), (84,80), (84,81), (83,81), (82,81), (81,81), (81,82), (80,82), (79,82), (78,82), (78,83), (77,83), (77,84), (77,85), (76,85), (76,86), (75,86), (74,86), (74,87), (74,88), (74,89), (73,89), (72,89), (72,90), (72,91), (71,91), (70,91), (69,91), (69,92), (69,93), (68,93), (68,94), (67,94), (67,95), (66,95), (65,95), (64,95), (63,95), (62,95), (61,95), (60,95), (59,95), (58,95), (57,95), (56,95), (55,95), (54,95), (53,95), (52,95), (51,95), (50,95), (49,95), (48,95), (47,95), (46,95), (45,95), (44,95), (43,95), (42,95), (41,95), (40,95), (39,95), (38,95), (37,95), (36,95), (35,95), (34,95), (34,94), (34,93), (33,93), (33,92), (33,91), (32,91), (32,90), (32,89), (32,88), (32,87), (32,86)",
        "time": 17.54049197469162
    },
    "Uber_Train_Uber": {
        "cost": 37.94969729201878,
        "env_tax": 0.060000000000000005,
        "route": "(87,39), (88,39), (89,39), (90,39), (90,40)|(90,40), (89,40), (88,40), (87,40), (86,40), (85,40), (84,40), (83,40), (82,40), (81,40), (80,40), (79,40), (78,40), (77,40), (76,40), (75,40), (74,40), (73,40), (72,40), (71,40), (70,40), (69,40), (68,40), (67,40), (66,40), (65,40), (64,40), (63,40), (62,40), (61,40), (60,40), (59,40), (58,40), (57,40), (56,40), (55,40), (54,40), (53,40), (52,40), (51,40), (50,40), (49,40), (48,40), (47,40), (46,40), (45,40), (44,40), (43,40), (42,40), (41,40), (40,40), (39,40), (38,40), (37,40), (36,40), (35,40), (34,40), (33,40), (32,40), (31,40), (30,40), (30,40), (30,41), (30,42), (30,43), (30,44), (30,45), (30,46), (30,47), (30,48), (30,49), (30,50), (30,51), (30,52), (30,53), (30,54), (30,55), (30,56), (30,57), (30,58), (30,59), (30,60), (30,61), (30,62), (30,63), (30,64), (30,65), (30,66), (30,67), (30,68), (30,69), (30,70), (30,71), (30,72), (30,73), (30,74), (30,75), (30,76), (30,77), (30,78), (30,79), (30,80), (30,81), (30,82), (30,83), (30,84), (30,85), (30,86), (30,87), (30,88), (30,89), (30,90)|(30,90), (31,90), (31,89), (31,88), (31,87), (32,87), (32,86)",
        "time": 20.354284116795554
    },
    "Uber_Train_Walk": {
        "cost": 24.389521978333388,
        "env_tax": 0.025,
        "route": "(87,39), (88,39), (89,39), (90,39), (90,40)|(90,40), (89,40), (88,40), (87,40), (86,40), (85,40), (84,40), (83,40), (82,40), (81,40), (80,40), (79,40), (78,40), (77,40), (76,40), (75,40), (74,40), (73,40), (72,40), (71,40), (70,40), (69,40), (68,40), (67,40), (66,40), (65,40), (64,40), (63,40), (62,40), (61,40), (60,40), (59,40), (58,40), (57,40), (56,40), (55,40), (54,40), (53,40), (52,40), (51,40), (50,40), (49,40), (48,40), (47,40), (46,40), (45,40), (44,40), (43,40), (42,40), (41,40), (40,40), (39,40), (38,40), (37,40), (36,40), (35,40), (34,40), (33,40), (32,40), (31,40), (30,40), (30,40), (30,41), (30,42), (30,43), (30,44), (30,45), (30,46), (30,47), (30,48), (30,49), (30,50), (30,51), (30,52), (30,53), (30,54), (30,55), (30,56), (30,57), (30,58), (30,59), (30,60), (30,61), (30,62), (30,63), (30,64), (30,65), (30,66), (30,67), (30,68), (30,69), (30,70), (30,71), (30,72), (30,73), (30,74), (30,75), (30,76), (30,77), (30,78), (30,79), (30,80), (30,81), (30,82), (30,83), (30,84), (30,85), (30,86), (30,87), (30,88), (30,89), (30,90)|(30,90), (31,90), (32,90), (32,90), (32,89), (32,88), (32,87), (32,86)",
        "time": 464.39045079182216
    },
    "Walk": {
        "cost": 0,
        "env_tax": 0,
        "route": "(87,39), (86,39), (85,39), (84,39), (83,39), (82,39), (81,39), (80,39), (79,39), (78,39), (77,39), (76,39), (75,39), (74,39), (73,39), (72,39), (71,39), (70,39), (69,39), (68,39), (67,39), (66,39), (65,39), (64,39), (63,39), (62,39), (61,39), (60,39), (59,39), (58,39), (57,39), (56,39), (55,39), (54,39), (53,39), (52,39), (51,39), (50,39), (49,39), (48,39), (47,39), (46,39), (45,39), (44,39), (43,39), (42,39), (41,39), (40,39), (39,39), (38,39), (37,39), (36,39), (35,39), (34,39), (33,39), (32,39), (32,39), (32,40), (32,41), (32,42), (32,43), (32,44), (32,45), (32,46), (32,47), (32,48), (32,49), (32,50), (32,51), (32,52), (32,53), (32,54), (32,55), (32,56), (32,57), (32,58), (32,59), (32,60), (32,61), (32,62), (32,63), (32,64), (32,65), (32,66), (32,67), (32,68), (32,69), (32,70), (32,71), (32,72), (32,73), (32,74), (32,75), (32,76), (32,77), (32,78), (32,79), (32,80), (32,81), (32,82), (32,83), (32,84), (32,85), (32,86)",
        "time": 7605.583392984967
    },
    "Walk_Train_Uber": {
        "cost": 24.682504990176955,
        "env_tax": 0.035,
        "route": "(87,39), (88,39), (89,39), (90,39), (90,39), (90,40)|(90,40), (89,40), (88,40), (87,40), (86,40), (85,40), (84,40), (83,40), (82,40), (81,40), (80,40), (79,40), (78,40), (77,40), (76,40), (75,40), (74,40), (73,40), (72,40), (71,40), (70,40), (69,40), (68,40), (67,40), (66,40), (65,40), (64,40), (63,40), (62,40), (61,40), (60,40), (59,40), (58,40), (57,40), (56,40), (55,40), (54,40), (53,40), (52,40), (51,40), (50,40), (49,40), (48,40), (47,40), (46,40), (45,40), (44,40), (43,40), (42,40), (41,40), (40,40), (39,40), (38,40), (37,40), (36,40), (35,40), (34,40), (33,40), (32,40), (31,40), (30,40), (30,40), (30,41), (30,42), (30,43), (30,44), (30,45), (30,46), (30,47), (30,48), (30,49), (30,50), (30,51), (30,52), (30,53), (30,54), (30,55), (30,56), (30,57), (30,58), (30,59), (30,60), (30,61), (30,62), (30,63), (30,64), (30,65), (30,66), (30,67), (30,68), (30,69), (30,70), (30,71), (30,72), (30,73), (30,74), (30,75), (30,76), (30,77), (30,78), (30,79), (30,80), (30,81), (30,82), (30,83), (30,84), (30,85), (30,86), (30,87), (30,88), (30,89), (30,90)|(30,90), (31,90), (31,89), (31,88), (31,87), (32,87), (32,86)",
        "time": 316.3370891815794
    },
    "Walk_Train_Walk": {
        "cost": 11.200000000000001,
        "env_tax": 0,
        "route": "(87,39), (88,39), (89,39), (90,39), (90,39), (90,40)|(90,40), (89,40), (88,40), (87,40), (86,40), (85,40), (84,40), (83,40), (82,40), (81,40), (80,40), (79,40), (78,40), (77,40), (76,40), (75,40), (74,40), (73,40), (72,40), (71,40), (70,40), (69,40), (68,40), (67,40), (66,40), (65,40), (64,40), (63,40), (62,40), (61,40), (60,40), (59,40), (58,40), (57,40), (56,40), (55,40), (54,40), (53,40), (52,40), (51,40), (50,40), (49,40), (48,40), (47,40), (46,40), (45,40), (44,40), (43,40), (42,40), (41,40), (40,40), (39,40), (38,40), (37,40), (36,40), (35,40), (34,40), (33,40), (32,40), (31,40), (30,40), (30,40), (30,41), (30,42), (30,43), (30,44), (30,45), (30,46), (30,47), (30,48), (30,49), (30,50), (30,51), (30,52), (30,53), (30,54), (30,55), (30,56), (30,57), (30,58), (30,59), (30,60), (30,61), (30,62), (30,63), (30,64), (30,65), (30,66), (30,67), (30,68), (30,69), (30,70), (30,71), (30,72), (30,73), (30,74), (30,75), (30,76), (30,77), (30,78), (30,79), (30,80), (30,81), (30,82), (30,83), (30,84), (30,85), (30,86), (30,87), (30,88), (30,89), (30,90)|(30,90), (31,90), (32,90), (32,90), (32,89), (32,88), (32,87), (32,86)",
        "time": 754.6745720421117
    }
}