{
    "Uber": {
        "cost": 45.5313012846372,
        "env_tax": 0.35000000000000003,
        "route": "(57,29), (56,29), (55,29), (54,29), (54,28), (53,28), (53,27), (53,26), (53,25), (53,24), (52,24), (51,24), (50,24), (49,24), (49,23), (48,23), (48,22), (47,22), (47,21), (46,21), (45,21), (44,21), (43,21), (42,21), (41,21), (40,21), (39,21), (38,21), (37,21), (36,21), (35,21), (34,21), (33,21), (32,21), (31,21), (30,21), (30,20), (29,20), (28,20), (27,20), (26,20), (25,20), (24,20), (23,20), (22,20), (21,20), (20,20), (19,20), (18,20), (17,20), (17,21), (16,21), (15,21), (14,21), (14,22), (13,22), (13,23), (12,23), (11,23), (10,23), (9,23), (9,24), (9,25), (9,26), (9,27), (9,28), (9,29), (9,30), (9,31), (9,32)",
        "time": 19.59454350795325
    },
    "Uber_Train_Uber": {
        "cost": 33.5223327111843,
        "env_tax": 0.045000000000000005,
        "route": "(57,29), (58,29), (59,29), (60,29), (60,30)|(60,30), (59,30), (58,30), (57,30), (56,30), (55,30), (54,30), (53,30), (52,30), (51,30), (50,30), (49,30), (48,30), (47,30), (46,30), (45,30), (44,30), (43,30), (42,30), (41,30), (40,30), (39,30), (38,30), (37,30), (36,30), (35,30), (34,30), (33,30), (32,30), (31,30), (30,30), (29,30), (28,30), (27,30), (26,30), (25,30), (24,30), (23,30), (22,30), (21,30), (20,30), (19,30), (18,30), (17,30), (16,30), (15,30), (14,30), (13,30), (12,30), (11,30), (10,30), (10,30)|(10,30), (9,30), (9,31), (9,32)",
        "time": 26.088944527579848
    },
    "Uber_Train_Walk": {
        "cost": 20.574975724019403,
        "env_tax": 0.025,
        "route": "(57,29), (58,29), (59,29), (60,29), (60,30)|(60,30), (59,30), (58,30), (57,30), (56,30), (55,30), (54,30), (53,30), (52,30), (51,30), (50,30), (49,30), (48,30), (47,30), (46,30), (45,30), (44,30), (43,30), (42,30), (41,30), (40,30), (39,30), (38,30), (37,30), (36,30), (35,30), (34,30), (33,30), (32,30), (31,30), (30,30), (29,30), (28,30), (27,30), (26,30), (25,30), (24,30), (23,30), (22,30), (21,30), (20,30), (19,30), (18,30), (17,30), (16,30), (15,30), (14,30), (13,30), (12,30), (11,30), (10,30), (10,30)|(10,30), (9,30), (9,30), (9,31), (9,32)",
        "time": 242.4714052896685
    },
    "Walk": {
        "cost": 0,
        "env_tax": 0,
        "route": "(57,29), (56,29), (55,29), (54,29), (53,29), (52,29), (51,29), (50,29), (49,29), (48,29), (47,29), (46,29), (45,29), (44,29), (43,29), (42,29), (41,29), (40,29), (39,29), (38,29), (37,29), (36,29), (35,29), (34,29), (33,29), (32,29), (31,29), (30,29), (29,29), (28,29), (27,29), (26,29), (25,29), (24,29), (23,29), (22,29), (21,29), (20,29), (19,29), (18,29), (17,29), (16,29), (15,29), (14,29), (13,29), (12,29), (11,29), (10,29), (9,29), (9,29), (9,30), (9,31), (9,32)",
        "time": 3802.7916964924834
    },
    "Walk_Train_Uber": {
        "cost": 17.84081457169356,
        "env_tax": 0.020000000000000004,
        "route": "(57,29), (58,29), (59,29), (60,29), (60,29), (60,30)|(60,30), (59,30), (58,30), (57,30), (56,30), (55,30), (54,30), (53,30), (52,30), (51,30), (50,30), (49,30), (48,30), (47,30), (46,30), (45,30), (44,30), (43,30), (42,30), (41,30), (40,30), (39,30), (38,30), (37,30), (36,30), (35,30), (34,30), (33,30), (32,30), (31,30), (30,30), (29,30), (28,30), (27,30), (26,30), (25,30), (24,30), (23,30), (22,30), (21,30), (20,30), (19,30), (18,30), (17,30), (16,30), (15,30), (14,30), (13,30), (12,30), (11,30), (10,30), (10,30)|(10,30), (9,30), (9,31), (9,32)",
        "time": 312.39763903454036
    },
    "Walk_Train_Walk": {
        "cost": 5.2,
        "env_tax": 0,
        "route": "(57,29), (58,29), (59,29), (60,29), (60,29), (60,30)|(60,30), (59,30), (58,30), (57,30), (56,30), (55,30), (54,30), (53,30), (52,30), (51,30), (50,30), (49,30), (48,30), (47,30), (46,30), (45,30), (44,30), (43,30), (42,30), (41,30), (40,30), (39,30), (38,30), (37,30), (36,30), (35,30), (34,30), (33,30), (32,30), (31,30), (30,30), (29,30), (28,30), (27,30), (26,30), (25,30), (24,30), (23,30), (22,30), (21,30), (20,30), (19,30), (18,30), (17,30), (16,30), (15,30), (14,30), (13,30), (12,30), (11,30), (10,30), (10,30)|(10,30), (9,30), (9,30), (9,31), (9,32)",
        "time": 532.1739636047188
    }
}