{
    "Uber": {
        "cost": 32.922036838560786,
        "env_tax": 0.43,
        "route": "(17,27), (16,27), (15,27), (14,27), (13,27), (12,27), (11,27), (10,27), (9,27), (9,28), (9,29), (9,30), (8,30), (7,30), (7,31), (7,32), (7,33), (7,34), (7,35), (7,36), (7,37), (7,38), (7,39), (7,40), (7,41), (7,42), (7,43), (8,43), (8,44), (8,45), (8,46), (8,47), (8,48), (8,49), (8,50), (8,51), (8,52), (8,53), (8,54), (8,55), (8,56), (8,57), (8,58), (9,58), (9,59), (9,60), (9,61), (9,62), (9,63), (9,64), (9,65), (9,66), (9,67), (9,68), (9,69), (9,70), (9,71), (9,72), (9,73), (9,74), (10,74), (10,75), (11,75), (11,76), (11,77), (11,78), (11,79), (11,80), (11,81), (11,82), (11,83), (11,84), (11,85), (11,86), (11,87), (11,88), (11,89), (12,89), (13,89), (14,89), (15,89), (16,89), (17,89), (18,89), (19,89), (20,89)",
        "time": 10.98537863445003
    },
    "Uber_Train_Uber": {
        "cost": 32.537470355687375,
        "env_tax": 0.045000000000000005,
        "route": "(17,27), (17,28), (18,28), (18,29), (18,30), (19,30), (20,30)|(20,30), (20,30), (20,31), (20,32), (20,33), (20,34), (20,35), (20,36), (20,37), (20,38), (20,39), (20,40), (20,41), (20,42), (20,43), (20,44), (20,45), (20,46), (20,47), (20,48), (20,49), (20,50), (20,51), (20,52), (20,53), (20,54), (20,55), (20,56), (20,57), (20,58), (20,59), (20,60), (20,61), (20,62), (20,63), (20,64), (20,65), (20,66), (20,67), (20,68), (20,69), (20,70), (20,71), (20,72), (20,73), (20,74), (20,75), (20,76), (20,77), (20,78), (20,79), (20,80), (20,81), (20,82), (20,83), (20,84), (20,85), (20,86), (20,87), (20,88), (20,89), (20,90)|(20,90), (20,89)",
        "time": 18.63545858343764
    },
    "Uber_Train_Walk": {
        "cost": 20.386832338901492,
        "env_tax": 0.035,
        "route": "(17,27), (17,28), (18,28), (18,29), (18,30), (19,30), (20,30)|(20,30), (20,30), (20,31), (20,32), (20,33), (20,34), (20,35), (20,36), (20,37), (20,38), (20,39), (20,40), (20,41), (20,42), (20,43), (20,44), (20,45), (20,46), (20,47), (20,48), (20,49), (20,50), (20,51), (20,52), (20,53), (20,54), (20,55), (20,56), (20,57), (20,58), (20,59), (20,60), (20,61), (20,62), (20,63), (20,64), (20,65), (20,66), (20,67), (20,68), (20,69), (20,70), (20,71), (20,72), (20,73), (20,74), (20,75), (20,76), (20,77), (20,78), (20,79), (20,80), (20,81), (20,82), (20,83), (20,84), (20,85), (20,86), (20,87), (20,88), (20,89), (20,90)|(20,90), (20,90), (20,89)",
        "time": 87.89352859232018
    },
    "Walk": {
        "cost": 0,
        "env_tax": 0,
        "route": "(17,27), (18,27), (19,27), (20,27), (20,27), (20,28), (20,29), (20,30), (20,31), (20,32), (20,33), (20,34), (20,35), (20,36), (20,37), (20,38), (20,39), (20,40), (20,41), (20,42), (20,43), (20,44), (20,45), (20,46), (20,47), (20,48), (20,49), (20,50), (20,51), (20,52), (20,53), (20,54), (20,55), (20,56), (20,57), (20,58), (20,59), (20,60), (20,61), (20,62), (20,63), (20,64), (20,65), (20,66), (20,67), (20,68), (20,69), (20,70), (20,71), (20,72), (20,73), (20,74), (20,75), (20,76), (20,77), (20,78), (20,79), (20,80), (20,81), (20,82), (20,83), (20,84), (20,85), (20,86), (20,87), (20,88), (20,89)",
        "time": 4846.695299451205
    },
    "Walk_Train_Uber": {
        "cost": 18.287996350036714,
        "env_tax": 0.010000000000000002,
        "route": "(17,27), (18,27), (19,27), (20,27), (20,27), (20,28), (20,29), (20,30)|(20,30), (20,30), (20,31), (20,32), (20,33), (20,34), (20,35), (20,36), (20,37), (20,38), (20,39), (20,40), (20,41), (20,42), (20,43), (20,44), (20,45), (20,46), (20,47), (20,48), (20,49), (20,50), (20,51), (20,52), (20,53), (20,54), (20,55), (20,56), (20,57), (20,58), (20,59), (20,60), (20,61), (20,62), (20,63), (20,64), (20,65), (20,66), (20,67), (20,68), (20,69), (20,70), (20,71), (20,72), (20,73), (20,74), (20,75), (20,76), (20,77), (20,78), (20,79), (20,80), (20,81), (20,82), (20,83), (20,84), (20,85), (20,86), (20,87), (20,88), (20,89), (20,90)|(20,90), (20,89)",
        "time": 459.0397992984071
    },
    "Walk_Train_Walk": {
        "cost": 6.2,
        "env_tax": 0,
        "route": "(17,27), (18,27), (19,27), (20,27), (20,27), (20,28), (20,29), (20,30)|(20,30), (20,30), (20,31), (20,32), (20,33), (20,34), (20,35), (20,36), (20,37), (20,38), (20,39), (20,40), (20,41), (20,42), (20,43), (20,44), (20,45), (20,46), (20,47), (20,48), (20,49), (20,50), (20,51), (20,52), (20,53), (20,54), (20,55), (20,56), (20,57), (20,58), (20,59), (20,60), (20,61), (20,62), (20,63), (20,64), (20,65), (20,66), (20,67), (20,68), (20,69), (20,70), (20,71), (20,72), (20,73), (20,74), (20,75), (20,76), (20,77), (20,78), (20,79), (20,80), (20,81), (20,82), (20,83), (20,84), (20,85), (20,86), (20,87), (20,88), (20,89), (20,90)|(20,90), (20,90), (20,89)",
        "time": 527.0758603997476
    }
}