{
    "Uber": {
        "cost": 51.624209340802494,
        "env_tax": 0.6050000000000001,
        "route": "(21,83), (20,83), (19,83), (18,83), (17,83), (16,83), (15,83), (14,83), (13,83), (12,83), (12,82), (12,81), (11,81), (11,80), (11,79), (11,78), (11,77), (11,76), (11,75), (11,74), (11,73), (11,72), (11,71), (11,70), (11,69), (11,68), (11,67), (11,66), (11,65), (11,64), (11,63), (11,62), (11,61), (11,60), (11,59), (11,58), (11,57), (12,57), (12,56), (12,55), (12,54), (12,53), (12,52), (12,51), (12,50), (12,49), (12,48), (12,47), (12,46), (12,45), (12,44), (12,43), (12,42), (12,41), (12,40), (12,39), (13,39), (13,38), (13,37), (13,36), (13,35), (13,34), (13,33), (13,32), (13,31), (14,31), (15,31), (15,30), (15,29), (15,28), (15,27), (15,26), (15,25), (16,25), (16,24), (16,23), (17,23), (17,22), (17,21), (17,20), (18,20), (18,19), (18,18), (19,18), (20,18), (21,18), (22,18), (22,17), (22,16), (23,16), (23,15), (24,15), (24,14), (25,14), (26,14), (27,14), (28,14), (29,14), (30,14), (31,14), (32,14), (33,14), (34,14), (35,14), (36,14), (37,14), (38,14), (39,14), (40,14), (41,14), (42,14), (43,14), (44,14), (45,14), (46,14), (47,14), (48,14), (49,14), (50,14), (51,14), (52,14)",
        "time": 16.96532419634156
    },
    "Uber_Train_Uber": {
        "cost": 37.287898553432264,
        "env_tax": 0.060000000000000005,
        "route": "(21,83), (20,83), (20,82), (20,81), (20,80)|(20,80), (21,80), (22,80), (23,80), (24,80), (25,80), (26,80), (27,80), (28,80), (29,80), (30,80), (31,80), (32,80), (33,80), (34,80), (35,80), (36,80), (37,80), (38,80), (39,80), (40,80), (41,80), (42,80), (43,80), (44,80), (45,80), (46,80), (47,80), (48,80), (49,80), (50,80), (50,80), (50,79), (50,78), (50,77), (50,76), (50,75), (50,74), (50,73), (50,72), (50,71), (50,70), (50,69), (50,68), (50,67), (50,66), (50,65), (50,64), (50,63), (50,62), (50,61), (50,60), (50,59), (50,58), (50,57), (50,56), (50,55), (50,54), (50,53), (50,52), (50,51), (50,50), (50,49), (50,48), (50,47), (50,46), (50,45), (50,44), (50,43), (50,42), (50,41), (50,40), (50,39), (50,38), (50,37), (50,36), (50,35), (50,34), (50,33), (50,32), (50,31), (50,30), (50,29), (50,28), (50,27), (50,26), (50,25), (50,24), (50,23), (50,22), (50,21), (50,20), (50,19), (50,18), (50,17), (50,16), (50,15), (50,14), (50,13), (50,12), (50,11), (50,10)|(50,10), (51,10), (51,11), (51,12), (51,13), (51,14), (52,14)",
        "time": 20.439817635848947
    },
    "Uber_Train_Walk": {
        "cost": 23.124339433524103,
        "env_tax": 0.025,
        "route": "(21,83), (20,83), (20,82), (20,81), (20,80)|(20,80), (21,80), (22,80), (23,80), (24,80), (25,80), (26,80), (27,80), (28,80), (29,80), (30,80), (31,80), (32,80), (33,80), (34,80), (35,80), (36,80), (37,80), (38,80), (39,80), (40,80), (41,80), (42,80), (43,80), (44,80), (45,80), (46,80), (47,80), (48,80), (49,80), (50,80), (50,80), (50,79), (50,78), (50,77), (50,76), (50,75), (50,74), (50,73), (50,72), (50,71), (50,70), (50,69), (50,68), (50,67), (50,66), (50,65), (50,64), (50,63), (50,62), (50,61), (50,60), (50,59), (50,58), (50,57), (50,56), (50,55), (50,54), (50,53), (50,52), (50,51), (50,50), (50,49), (50,48), (50,47), (50,46), (50,45), (50,44), (50,43), (50,42), (50,41), (50,40), (50,39), (50,38), (50,37), (50,36), (50,35), (50,34), (50,33), (50,32), (50,31), (50,30), (50,29), (50,28), (50,27), (50,26), (50,25), (50,24), (50,23), (50,22), (50,21), (50,20), (50,19), (50,18), (50,17), (50,16), (50,15), (50,14), (50,13), (50,12), (50,11), (50,10)|(50,10), (51,10), (52,10), (52,10), (52,11), (52,12), (52,13), (52,14)",
        "time": 464.95440723814136
    },
    "Walk": {
        "cost": 0,
        "env_tax": 0,
        "route": "(21,83), (22,83), (23,83), (24,83), (25,83), (26,83), (27,83), (28,83), (29,83), (30,83), (31,83), (32,83), (33,83), (34,83), (35,83), (36,83), (37,83), (38,83), (39,83), (40,83), (41,83), (42,83), (43,83), (44,83), (45,83), (46,83), (47,83), (48,83), (49,83), (50,83), (51,83), (52,83), (52,83), (52,82), (52,81), (52,80), (52,79), (52,78), (52,77), (52,76), (52,75), (52,74), (52,73), (52,72), (52,71), (52,70), (52,69), (52,68), (52,67), (52,66), (52,65), (52,64), (52,63), (52,62), (52,61), (52,60), (52,59), (52,58), (52,57), (52,56), (52,55), (52,54), (52,53), (52,52), (52,51), (52,50), (52,49), (52,48), (52,47), (52,46), (52,45), (52,44), (52,43), (52,42), (52,41), (52,40), (52,39), (52,38), (52,37), (52,36), (52,35), (52,34), (52,33), (52,32), (52,31), (52,30), (52,29), (52,28), (52,27), (52,26), (52,25), (52,24), (52,23), (52,22), (52,21), (52,20), (52,19), (52,18), (52,17), (52,16), (52,15), (52,14)",
        "time": 7456.454306848007
    },
    "Walk_Train_Uber": {
        "cost": 24.373007020968952,
        "env_tax": 0.035,
        "route": "(21,83), (20,83), (20,83), (20,82), (20,81), (20,80)|(20,80), (21,80), (22,80), (23,80), (24,80), (25,80), (26,80), (27,80), (28,80), (29,80), (30,80), (31,80), (32,80), (33,80), (34,80), (35,80), (36,80), (37,80), (38,80), (39,80), (40,80), (41,80), (42,80), (43,80), (44,80), (45,80), (46,80), (47,80), (48,80), (49,80), (50,80), (50,80), (50,79), (50,78), (50,77), (50,76), (50,75), (50,74), (50,73), (50,72), (50,71), (50,70), (50,69), (50,68), (50,67), (50,66), (50,65), (50,64), (50,63), (50,62), (50,61), (50,60), (50,59), (50,58), (50,57), (50,56), (50,55), (50,54), (50,53), (50,52), (50,51), (50,50), (50,49), (50,48), (50,47), (50,46), (50,45), (50,44), (50,43), (50,42), (50,41), (50,40), (50,39), (50,38), (50,37), (50,36), (50,35), (50,34), (50,33), (50,32), (50,31), (50,30), (50,29), (50,28), (50,27), (50,26), (50,25), (50,24), (50,23), (50,22), (50,21), (50,20), (50,19), (50,18), (50,17), (50,16), (50,15), (50,14), (50,13), (50,12), (50,11), (50,10)|(50,10), (51,10), (51,11), (51,12), (51,13), (51,14), (52,14)",
        "time": 313.54558764208065
    },
    "Walk_Train_Walk": {
        "cost": 10.200000000000001,
        "env_tax": 0,
        "route": "(21,83), (20,83), (20,83), (20,82), (20,81), (20,80)|(20,80), (21,80), (22,80), (23,80), (24,80), (25,80), (26,80), (27,80), (28,80), (29,80), (30,80), (31,80), (32,80), (33,80), (34,80), (35,80), (36,80), (37,80), (38,80), (39,80), (40,80), (41,80), (42,80), (43,80), (44,80), (45,80), (46,80), (47,80), (48,80), (49,80), (50,80), (50,80), (50,79), (50,78), (50,77), (50,76), (50,75), (50,74), (50,73), (50,72), (50,71), (50,70), (50,69), (50,68), (50,67), (50,66), (50,65), (50,64), (50,63), (50,62), (50,61), (50,60), (50,59), (50,58), (50,57), (50,56), (50,55), (50,54), (50,53), (50,52), (50,51), (50,50), (50,49), (50,48), (50,47), (50,46), (50,45), (50,44), (50,43), (50,42), (50,41), (50,40), (50,39), (50,38), (50,37), (50,36), (50,35), (50,34), (50,33), (50,32), (50,31), (50,30), (50,29), (50,28), (50,27), (50,26), (50,25), (50,24), (50,23), (50,22), (50,21), (50,20), (50,19), (50,18), (50,17), (50,16), (50,15), (50,14), (50,13), (50,12), (50,11), (50,10)|(50,10), (51,10), (52,10), (52,10), (52,11), (52,12), (52,13), (52,14)",
        "time": 754.8668063204191
    }
}