{
    "Uber": {
        "cost": 42.24662993989133,
        "env_tax": 0.35000000000000003,
        "route": "(7,84), (8,84), (8,85), (9,85), (10,85), (11,85), (12,85), (13,85), (14,85), (14,86), (15,86), (16,86), (16,87), (17,87), (18,87), (19,87), (20,87), (21,87), (22,87), (23,87), (24,87), (25,87), (26,87), (27,87), (28,87), (29,87), (30,87), (31,87), (32,87), (33,87), (33,86), (34,86), (34,85), (35,85), (35,84), (36,84), (37,84), (38,84), (39,84), (40,84), (40,83), (41,83), (42,83), (43,83), (43,82), (43,81), (43,80), (43,79), (43,78), (43,77), (44,77), (45,77), (45,76), (45,75), (46,75), (47,75), (47,74), (47,73), (47,72), (47,71), (47,70), (48,70), (49,70), (49,69), (49,68), (50,68), (50,67), (50,66), (51,66), (51,65)",
        "time": 18.150537470765315
    },
    "Uber_Train_Uber": {
        "cost": 37.43703097459425,
        "env_tax": 0.07500000000000001,
        "route": "(7,84), (7,83), (7,82), (7,81), (8,81), (9,81), (10,81), (10,80)|(10,80), (11,80), (12,80), (13,80), (14,80), (15,80), (16,80), (17,80), (18,80), (19,80), (20,80), (21,80), (22,80), (23,80), (24,80), (25,80), (26,80), (27,80), (28,80), (29,80), (30,80), (31,80), (32,80), (33,80), (34,80), (35,80), (36,80), (37,80), (38,80), (39,80), (40,80), (41,80), (42,80), (43,80), (44,80), (45,80), (46,80), (47,80), (48,80), (49,80), (50,80), (50,80), (50,79), (50,78), (50,77), (50,76), (50,75), (50,74), (50,73), (50,72), (50,71), (50,70), (50,69), (50,68), (50,67), (50,66), (50,65), (50,64), (50,63), (50,62), (50,61), (50,60)|(50,60), (50,61), (50,62), (51,62), (51,63), (51,64), (51,65)",
        "time": 25.31734829600925
    },
    "Uber_Train_Walk": {
        "cost": 19.17688547127021,
        "env_tax": 0.04000000000000001,
        "route": "(7,84), (7,83), (7,82), (7,81), (8,81), (9,81), (10,81), (10,80)|(10,80), (11,80), (12,80), (13,80), (14,80), (15,80), (16,80), (17,80), (18,80), (19,80), (20,80), (21,80), (22,80), (23,80), (24,80), (25,80), (26,80), (27,80), (28,80), (29,80), (30,80), (31,80), (32,80), (33,80), (34,80), (35,80), (36,80), (37,80), (38,80), (39,80), (40,80), (41,80), (42,80), (43,80), (44,80), (45,80), (46,80), (47,80), (48,80), (49,80), (50,80), (50,80), (50,79), (50,78), (50,77), (50,76), (50,75), (50,74), (50,73), (50,72), (50,71), (50,70), (50,69), (50,68), (50,67), (50,66), (50,65), (50,64), (50,63), (50,62), (50,61), (50,60)|(50,60), (51,60), (51,60), (51,61), (51,62), (51,63), (51,64), (51,65)",
        "time": 463.82963411682294
    },
    "Walk": {
        "cost": 0,
        "env_tax": 0,
        "route": "(7,84), (8,84), (9,84), (10,84), (11,84), (12,84), (13,84), (14,84), (15,84), (16,84), (17,84), (18,84), (19,84), (20,84), (21,84), (22,84), (23,84), (24,84), (25,84), (26,84), (27,84), (28,84), (29,84), (30,84), (31,84), (32,84), (33,84), (34,84), (35,84), (36,84), (37,84), (38,84), (39,84), (40,84), (41,84), (42,84), (43,84), (44,84), (45,84), (46,84), (47,84), (48,84), (49,84), (50,84), (51,84), (51,84), (51,83), (51,82), (51,81), (51,80), (51,79), (51,78), (51,77), (51,76), (51,75), (51,74), (51,73), (51,72), (51,71), (51,70), (51,69), (51,68), (51,67), (51,66), (51,65)",
        "time": 4697.566213314244
    },
    "Walk_Train_Uber": {
        "cost": 23.97713866571521,
        "env_tax": 0.035,
        "route": "(7,84), (8,84), (9,84), (10,84), (10,84), (10,83), (10,82), (10,81), (10,80)|(10,80), (11,80), (12,80), (13,80), (14,80), (15,80), (16,80), (17,80), (18,80), (19,80), (20,80), (21,80), (22,80), (23,80), (24,80), (25,80), (26,80), (27,80), (28,80), (29,80), (30,80), (31,80), (32,80), (33,80), (34,80), (35,80), (36,80), (37,80), (38,80), (39,80), (40,80), (41,80), (42,80), (43,80), (44,80), (45,80), (46,80), (47,80), (48,80), (49,80), (50,80), (50,80), (50,79), (50,78), (50,77), (50,76), (50,75), (50,74), (50,73), (50,72), (50,71), (50,70), (50,69), (50,68), (50,67), (50,66), (50,65), (50,64), (50,63), (50,62), (50,61), (50,60)|(50,60), (50,61), (50,62), (51,62), (51,63), (51,64), (51,65)",
        "time": 535.3529782259005
    },
    "Walk_Train_Walk": {
        "cost": 6.2,
        "env_tax": 0,
        "route": "(7,84), (8,84), (9,84), (10,84), (10,84), (10,83), (10,82), (10,81), (10,80)|(10,80), (11,80), (12,80), (13,80), (14,80), (15,80), (16,80), (17,80), (18,80), (19,80), (20,80), (21,80), (22,80), (23,80), (24,80), (25,80), (26,80), (27,80), (28,80), (29,80), (30,80), (31,80), (32,80), (33,80), (34,80), (35,80), (36,80), (37,80), (38,80), (39,80), (40,80), (41,80), (42,80), (43,80), (44,80), (45,80), (46,80), (47,80), (48,80), (49,80), (50,80), (50,80), (50,79), (50,78), (50,77), (50,76), (50,75), (50,74), (50,73), (50,72), (50,71), (50,70), (50,69), (50,68), (50,67), (50,66), (50,65), (50,64), (50,63), (50,62), (50,61), (50,60)|(50,60), (51,60), (51,60), (51,61), (51,62), (51,63), (51,64), (51,65)",
        "time": 977.1564256321913
    }
}