{
    "Uber": {
        "cost": 26.822204780005386,
        "env_tax": 0.36500000000000005,
        "route": "(93,29), (93,30), (94,30), (94,31), (94,32), (95,32), (95,33), (95,34), (95,35), (95,36), (95,37), (95,38), (96,38), (96,39), (96,40), (96,41), (96,42), (96,43), (96,44), (96,45), (96,46), (96,47), (96,48), (97,48), (97,49), (97,50), (97,51), (97,52), (98,52), (99,52), (99,53), (99,54), (99,55), (99,56), (99,57), (99,58), (99,59), (99,60), (99,61), (99,62), (99,63), (99,64), (99,65), (99,66), (99,67), (99,68), (99,69), (99,70), (99,71), (99,72), (99,73), (98,73), (98,74), (98,75), (97,75), (97,76), (97,77), (97,78), (97,79), (96,79), (95,79), (94,79), (93,79), (92,79), (91,79), (90,79), (89,79), (88,79), (87,79), (86,79), (85,79), (84,79), (83,79)",
        "time": 8.460534744086065
    },
    "Uber_Train_Uber": {
        "cost": 32.00848855977299,
        "env_tax": 0.05,
        "route": "(93,29), (93,30), (92,30), (91,30), (90,30)|(90,30), (89,30), (88,30), (87,30), (86,30), (85,30), (84,30), (83,30), (82,30), (81,30), (80,30), (80,30), (80,31), (80,32), (80,33), (80,34), (80,35), (80,36), (80,37), (80,38), (80,39), (80,40), (80,41), (80,42), (80,43), (80,44), (80,45), (80,46), (80,47), (80,48), (80,49), (80,50), (80,51), (80,52), (80,53), (80,54), (80,55), (80,56), (80,57), (80,58), (80,59), (80,60), (80,61), (80,62), (80,63), (80,64), (80,65), (80,66), (80,67), (80,68), (80,69), (80,70), (80,71), (80,72), (80,73), (80,74), (80,75), (80,76), (80,77), (80,78), (80,79), (80,80)|(80,80), (81,80), (82,80), (83,80), (83,79)",
        "time": 23.69624478012108
    },
    "Uber_Train_Walk": {
        "cost": 18.923644588289626,
        "env_tax": 0.025,
        "route": "(93,29), (93,30), (92,30), (91,30), (90,30)|(90,30), (89,30), (88,30), (87,30), (86,30), (85,30), (84,30), (83,30), (82,30), (81,30), (80,30), (80,30), (80,31), (80,32), (80,33), (80,34), (80,35), (80,36), (80,37), (80,38), (80,39), (80,40), (80,41), (80,42), (80,43), (80,44), (80,45), (80,46), (80,47), (80,48), (80,49), (80,50), (80,51), (80,52), (80,53), (80,54), (80,55), (80,56), (80,57), (80,58), (80,59), (80,60), (80,61), (80,62), (80,63), (80,64), (80,65), (80,66), (80,67), (80,68), (80,69), (80,70), (80,71), (80,72), (80,73), (80,74), (80,75), (80,76), (80,77), (80,78), (80,79), (80,80)|(80,80), (81,80), (82,80), (83,80), (83,80), (83,79)",
        "time": 310.93139642373217
    },
    "Walk": {
        "cost": 0,
        "env_tax": 0,
        "route": "(93,29), (92,29), (91,29), (90,29), (89,29), (88,29), (87,29), (86,29), (85,29), (84,29), (83,29), (83,29), (83,30), (83,31), (83,32), (83,33), (83,34), (83,35), (83,36), (83,37), (83,38), (83,39), (83,40), (83,41), (83,42), (83,43), (83,44), (83,45), (83,46), (83,47), (83,48), (83,49), (83,50), (83,51), (83,52), (83,53), (83,54), (83,55), (83,56), (83,57), (83,58), (83,59), (83,60), (83,61), (83,62), (83,63), (83,64), (83,65), (83,66), (83,67), (83,68), (83,69), (83,70), (83,71), (83,72), (83,73), (83,74), (83,75), (83,76), (83,77), (83,78), (83,79)",
        "time": 4473.872584108804
    },
    "Walk_Train_Uber": {
        "cost": 19.157984436387622,
        "env_tax": 0.025,
        "route": "(93,29), (92,29), (91,29), (90,29), (90,29), (90,30)|(90,30), (89,30), (88,30), (87,30), (86,30), (85,30), (84,30), (83,30), (82,30), (81,30), (80,30), (80,30), (80,31), (80,32), (80,33), (80,34), (80,35), (80,36), (80,37), (80,38), (80,39), (80,40), (80,41), (80,42), (80,43), (80,44), (80,45), (80,46), (80,47), (80,48), (80,49), (80,50), (80,51), (80,52), (80,53), (80,54), (80,55), (80,56), (80,57), (80,58), (80,59), (80,60), (80,61), (80,62), (80,63), (80,64), (80,65), (80,66), (80,67), (80,68), (80,69), (80,70), (80,71), (80,72), (80,73), (80,74), (80,75), (80,76), (80,77), (80,78), (80,79), (80,80)|(80,80), (81,80), (82,80), (83,80), (83,79)",
        "time": 312.164282157312
    },
    "Walk_Train_Walk": {
        "cost": 6.2,
        "env_tax": 0,
        "route": "(93,29), (92,29), (91,29), (90,29), (90,29), (90,30)|(90,30), (89,30), (88,30), (87,30), (86,30), (85,30), (84,30), (83,30), (82,30), (81,30), (80,30), (80,30), (80,31), (80,32), (80,33), (80,34), (80,35), (80,36), (80,37), (80,38), (80,39), (80,40), (80,41), (80,42), (80,43), (80,44), (80,45), (80,46), (80,47), (80,48), (80,49), (80,50), (80,51), (80,52), (80,53), (80,54), (80,55), (80,56), (80,57), (80,58), (80,59), (80,60), (80,61), (80,62), (80,63), (80,64), (80,65), (80,66), (80,67), (80,68), (80,69), (80,70), (80,71), (80,72), (80,73), (80,74), (80,75), (80,76), (80,77), (80,78), (80,79), (80,80)|(80,80), (81,80), (82,80), (83,80), (83,80), (83,79)",
        "time": 603.8211276155487
    }
}