{
    "Uber": {
        "cost": 34.260698085921696,
        "env_tax": 0.4850000000000001,
        "route": "(83,34), (83,33), (83,32), (83,31), (83,30), (83,29), (83,28), (83,27), (83,26), (82,26), (82,25), (82,24), (82,23), (82,22), (82,21), (82,20), (82,19), (82,18), (82,17), (82,16), (82,15), (81,15), (81,14), (81,13), (81,12), (81,11), (81,10), (81,9), (81,8), (81,7), (80,7), (80,6), (80,5), (79,5), (78,5), (77,5), (76,5), (75,5), (74,5), (74,4), (73,4), (72,4), (71,4), (70,4), (69,4), (68,4), (67,4), (66,4), (65,4), (64,4), (63,4), (62,4), (61,4), (60,4), (59,4), (58,4), (57,4), (56,4), (55,4), (54,4), (53,4), (52,4), (51,4), (50,4), (49,4), (48,4), (47,4), (46,4), (45,4), (44,4), (43,4), (42,4), (41,4), (40,4), (39,4), (38,4), (37,4), (36,4), (35,4), (35,5), (34,5), (33,5), (32,5), (32,6), (31,6), (30,6), (30,7), (30,8), (30,9), (29,9), (29,10), (29,11), (28,11), (28,12), (28,13), (27,13), (26,13)",
        "time": 12.90792036789506
    },
    "Uber_Train_Uber": {
        "cost": 36.161534649363944,
        "env_tax": 0.08000000000000002,
        "route": "(83,34), (83,33), (82,33), (82,32), (81,32), (81,31), (80,31), (80,30)|(80,30), (79,30), (78,30), (77,30), (76,30), (75,30), (74,30), (73,30), (72,30), (71,30), (70,30), (69,30), (68,30), (67,30), (66,30), (65,30), (64,30), (63,30), (62,30), (61,30), (60,30), (59,30), (58,30), (57,30), (56,30), (55,30), (54,30), (53,30), (52,30), (51,30), (50,30), (49,30), (48,30), (47,30), (46,30), (45,30), (44,30), (43,30), (42,30), (41,30), (40,30), (39,30), (38,30), (37,30), (36,30), (35,30), (34,30), (33,30), (32,30), (31,30), (30,30), (30,30), (30,29), (30,28), (30,27), (30,26), (30,25), (30,24), (30,23), (30,22), (30,21), (30,20), (30,19), (30,18), (30,17), (30,16), (30,15), (30,14), (30,13), (30,12), (30,11), (30,10)|(30,10), (29,10), (29,11), (28,11), (28,12), (28,13), (27,13), (26,13)",
        "time": 20.835564682081078
    },
    "Uber_Train_Walk": {
        "cost": 22.38153909916017,
        "env_tax": 0.04000000000000001,
        "route": "(83,34), (83,33), (82,33), (82,32), (81,32), (81,31), (80,31), (80,30)|(80,30), (79,30), (78,30), (77,30), (76,30), (75,30), (74,30), (73,30), (72,30), (71,30), (70,30), (69,30), (68,30), (67,30), (66,30), (65,30), (64,30), (63,30), (62,30), (61,30), (60,30), (59,30), (58,30), (57,30), (56,30), (55,30), (54,30), (53,30), (52,30), (51,30), (50,30), (49,30), (48,30), (47,30), (46,30), (45,30), (44,30), (43,30), (42,30), (41,30), (40,30), (39,30), (38,30), (37,30), (36,30), (35,30), (34,30), (33,30), (32,30), (31,30), (30,30), (30,30), (30,29), (30,28), (30,27), (30,26), (30,25), (30,24), (30,23), (30,22), (30,21), (30,20), (30,19), (30,18), (30,17), (30,16), (30,15), (30,14), (30,13), (30,12), (30,11), (30,10)|(30,10), (29,10), (28,10), (27,10), (26,10), (26,10), (26,11), (26,12), (26,13)",
        "time": 541.6471858077612
    },
    "Walk": {
        "cost": 0,
        "env_tax": 0,
        "route": "(83,34), (82,34), (81,34), (80,34), (79,34), (78,34), (77,34), (76,34), (75,34), (74,34), (73,34), (72,34), (71,34), (70,34), (69,34), (68,34), (67,34), (66,34), (65,34), (64,34), (63,34), (62,34), (61,34), (60,34), (59,34), (58,34), (57,34), (56,34), (55,34), (54,34), (53,34), (52,34), (51,34), (50,34), (49,34), (48,34), (47,34), (46,34), (45,34), (44,34), (43,34), (42,34), (41,34), (40,34), (39,34), (38,34), (37,34), (36,34), (35,34), (34,34), (33,34), (32,34), (31,34), (30,34), (29,34), (28,34), (27,34), (26,34), (26,34), (26,33), (26,32), (26,31), (26,30), (26,29), (26,28), (26,27), (26,26), (26,25), (26,24), (26,23), (26,22), (26,21), (26,20), (26,19), (26,18), (26,17), (26,16), (26,15), (26,14), (26,13)",
        "time": 5816.034359341445
    },
    "Walk_Train_Uber": {
        "cost": 20.920305995784204,
        "env_tax": 0.04000000000000001,
        "route": "(83,34), (82,34), (81,34), (80,34), (80,34), (80,33), (80,32), (80,31), (80,30)|(80,30), (79,30), (78,30), (77,30), (76,30), (75,30), (74,30), (73,30), (72,30), (71,30), (70,30), (69,30), (68,30), (67,30), (66,30), (65,30), (64,30), (63,30), (62,30), (61,30), (60,30), (59,30), (58,30), (57,30), (56,30), (55,30), (54,30), (53,30), (52,30), (51,30), (50,30), (49,30), (48,30), (47,30), (46,30), (45,30), (44,30), (43,30), (42,30), (41,30), (40,30), (39,30), (38,30), (37,30), (36,30), (35,30), (34,30), (33,30), (32,30), (31,30), (30,30), (30,30), (30,29), (30,28), (30,27), (30,26), (30,25), (30,24), (30,23), (30,22), (30,21), (30,20), (30,19), (30,18), (30,17), (30,16), (30,15), (30,14), (30,13), (30,12), (30,11), (30,10)|(30,10), (29,10), (29,11), (28,11), (28,12), (28,13), (27,13), (26,13)",
        "time": 535.8906394722602
    },
    "Walk_Train_Walk": {
        "cost": 7.2,
        "env_tax": 0,
        "route": "(83,34), (82,34), (81,34), (80,34), (80,34), (80,33), (80,32), (80,31), (80,30)|(80,30), (79,30), (78,30), (77,30), (76,30), (75,30), (74,30), (73,30), (72,30), (71,30), (70,30), (69,30), (68,30), (67,30), (66,30), (65,30), (64,30), (63,30), (62,30), (61,30), (60,30), (59,30), (58,30), (57,30), (56,30), (55,30), (54,30), (53,30), (52,30), (51,30), (50,30), (49,30), (48,30), (47,30), (46,30), (45,30), (44,30), (43,30), (42,30), (41,30), (40,30), (39,30), (38,30), (37,30), (36,30), (35,30), (34,30), (33,30), (32,30), (31,30), (30,30), (30,30), (30,29), (30,28), (30,27), (30,26), (30,25), (30,24), (30,23), (30,22), (30,21), (30,20), (30,19), (30,18), (30,17), (30,16), (30,15), (30,14), (30,13), (30,12), (30,11), (30,10)|(30,10), (29,10), (28,10), (27,10), (26,10), (26,10), (26,11), (26,12), (26,13)",
        "time": 1052.315151240507
    }
}