{
    "Uber": {
        "cost": 23.875928224398063,
        "env_tax": 0.32000000000000006,
        "route": "(24,17), (24,16), (24,15), (24,14), (24,13), (24,12), (24,11), (24,10), (24,9), (24,8), (25,8), (25,7), (25,6), (25,5), (25,4), (25,3), (26,3), (26,2), (27,2), (27,1), (28,1), (29,1), (29,0), (30,0), (31,0), (32,0), (33,0), (34,0), (35,0), (36,0), (37,0), (38,0), (39,0), (40,0), (41,0), (42,0), (43,0), (44,0), (45,0), (46,0), (47,0), (48,0), (49,0), (50,0), (51,0), (52,0), (53,0), (54,0), (55,0), (56,0), (57,0), (58,0), (59,0), (60,0), (61,0), (62,0), (63,0), (64,0), (65,0), (66,0), (67,0), (68,0), (68,1), (69,1)",
        "time": 6.469934610481593
    },
    "Uber_Train_Uber": {
        "cost": 34.49412868876591,
        "env_tax": 0.09500000000000001,
        "route": "(24,17), (23,17), (22,17), (22,18), (21,18), (21,19), (21,20), (20,20)|(20,20), (21,20), (22,20), (23,20), (24,20), (25,20), (26,20), (27,20), (28,20), (29,20), (30,20), (31,20), (32,20), (33,20), (34,20), (35,20), (36,20), (37,20), (38,20), (39,20), (40,20), (41,20), (42,20), (43,20), (44,20), (45,20), (46,20), (47,20), (48,20), (49,20), (50,20), (51,20), (52,20), (53,20), (54,20), (55,20), (56,20), (57,20), (58,20), (59,20), (60,20), (61,20), (62,20), (63,20), (64,20), (65,20), (66,20), (67,20), (68,20), (69,20), (70,20), (70,20), (70,19), (70,18), (70,17), (70,16), (70,15), (70,14), (70,13), (70,12), (70,11), (70,10)|(70,10), (70,9), (70,8), (70,7), (70,6), (70,5), (70,4), (70,3), (70,2), (70,1), (69,1)",
        "time": 24.233489548521256
    },
    "Uber_Train_Walk": {
        "cost": 20.028946541610782,
        "env_tax": 0.04000000000000001,
        "route": "(24,17), (23,17), (22,17), (22,18), (21,18), (21,19), (21,20), (20,20)|(20,20), (21,20), (22,20), (23,20), (24,20), (25,20), (26,20), (27,20), (28,20), (29,20), (30,20), (31,20), (32,20), (33,20), (34,20), (35,20), (36,20), (37,20), (38,20), (39,20), (40,20), (41,20), (42,20), (43,20), (44,20), (45,20), (46,20), (47,20), (48,20), (49,20), (50,20), (51,20), (52,20), (53,20), (54,20), (55,20), (56,20), (57,20), (58,20), (59,20), (60,20), (61,20), (62,20), (63,20), (64,20), (65,20), (66,20), (67,20), (68,20), (69,20), (70,20), (70,20), (70,19), (70,18), (70,17), (70,16), (70,15), (70,14), (70,13), (70,12), (70,11), (70,10)|(70,10), (69,10), (69,10), (69,9), (69,8), (69,7), (69,6), (69,5), (69,4), (69,3), (69,2), (69,1)",
        "time": 756.8290384885192
    },
    "Walk": {
        "cost": 0,
        "env_tax": 0,
        "route": "(24,17), (25,17), (26,17), (27,17), (28,17), (29,17), (30,17), (31,17), (32,17), (33,17), (34,17), (35,17), (36,17), (37,17), (38,17), (39,17), (40,17), (41,17), (42,17), (43,17), (44,17), (45,17), (46,17), (47,17), (48,17), (49,17), (50,17), (51,17), (52,17), (53,17), (54,17), (55,17), (56,17), (57,17), (58,17), (59,17), (60,17), (61,17), (62,17), (63,17), (64,17), (65,17), (66,17), (67,17), (68,17), (69,17), (69,17), (69,16), (69,15), (69,14), (69,13), (69,12), (69,11), (69,10), (69,9), (69,8), (69,7), (69,6), (69,5), (69,4), (69,3), (69,2), (69,1)",
        "time": 4548.437127177284
    },
    "Walk_Train_Uber": {
        "cost": 20.021897237994303,
        "env_tax": 0.05500000000000001,
        "route": "(24,17), (23,17), (22,17), (21,17), (20,17), (20,17), (20,18), (20,19), (20,20)|(20,20), (21,20), (22,20), (23,20), (24,20), (25,20), (26,20), (27,20), (28,20), (29,20), (30,20), (31,20), (32,20), (33,20), (34,20), (35,20), (36,20), (37,20), (38,20), (39,20), (40,20), (41,20), (42,20), (43,20), (44,20), (45,20), (46,20), (47,20), (48,20), (49,20), (50,20), (51,20), (52,20), (53,20), (54,20), (55,20), (56,20), (57,20), (58,20), (59,20), (60,20), (61,20), (62,20), (63,20), (64,20), (65,20), (66,20), (67,20), (68,20), (69,20), (70,20), (70,20), (70,19), (70,18), (70,17), (70,16), (70,15), (70,14), (70,13), (70,12), (70,11), (70,10)|(70,10), (70,9), (70,8), (70,7), (70,6), (70,5), (70,4), (70,3), (70,2), (70,1), (69,1)",
        "time": 530.7298128126998
    },
    "Walk_Train_Walk": {
        "cost": 6.2,
        "env_tax": 0,
        "route": "(24,17), (23,17), (22,17), (21,17), (20,17), (20,17), (20,18), (20,19), (20,20)|(20,20), (21,20), (22,20), (23,20), (24,20), (25,20), (26,20), (27,20), (28,20), (29,20), (30,20), (31,20), (32,20), (33,20), (34,20), (35,20), (36,20), (37,20), (38,20), (39,20), (40,20), (41,20), (42,20), (43,20), (44,20), (45,20), (46,20), (47,20), (48,20), (49,20), (50,20), (51,20), (52,20), (53,20), (54,20), (55,20), (56,20), (57,20), (58,20), (59,20), (60,20), (61,20), (62,20), (63,20), (64,20), (65,20), (66,20), (67,20), (68,20), (69,20), (70,20), (70,20), (70,19), (70,18), (70,17), (70,16), (70,15), (70,14), (70,13), (70,12), (70,11), (70,10)|(70,10), (69,10), (69,10), (69,9), (69,8), (69,7), (69,6), (69,5), (69,4), (69,3), (69,2), (69,1)",
        "time": 1269.7090192039113
    }
}