{
    "Uber": {
        "cost": 44.4024285106211,
        "env_tax": 0.6000000000000001,
        "route": "(7,61), (7,62), (7,63), (7,64), (7,65), (7,66), (7,67), (7,68), (7,69), (7,70), (7,71), (7,72), (7,73), (7,74), (7,75), (7,76), (7,77), (8,77), (8,78), (8,79), (8,80), (8,81), (9,81), (10,81), (10,82), (10,83), (11,83), (12,83), (13,83), (13,84), (14,84), (15,84), (16,84), (16,85), (16,86), (16,87), (17,87), (18,87), (19,87), (20,87), (21,87), (22,87), (23,87), (24,87), (25,87), (26,87), (27,87), (28,87), (29,87), (30,87), (31,87), (32,87), (33,87), (33,88), (34,88), (35,88), (36,88), (37,88), (38,88), (39,88), (40,88), (41,88), (42,88), (43,88), (44,88), (45,88), (46,88), (47,88), (48,88), (49,88), (50,88), (51,88), (52,88), (53,88), (54,88), (55,88), (56,88), (57,88), (58,88), (59,88), (60,88), (61,88), (62,88), (63,88), (64,88), (65,88), (66,88), (66,87), (66,86), (67,86), (68,86), (69,86), (70,86), (71,86), (72,86), (73,86), (74,86), (75,86), (76,86), (77,86), (78,86), (79,86), (80,86), (80,85), (81,85), (81,84), (82,84), (83,84), (84,84), (85,84), (86,84), (87,84), (88,84), (89,84), (89,83), (89,82), (89,81), (89,80), (89,79), (89,78)",
        "time": 13.271350117579615
    },
    "Uber_Train_Uber": {
        "cost": 35.44758667675595,
        "env_tax": 0.045000000000000005,
        "route": "(7,61), (7,60), (8,60), (9,60), (10,60)|(10,60), (11,60), (12,60), (13,60), (14,60), (15,60), (16,60), (17,60), (18,60), (19,60), (20,60), (21,60), (22,60), (23,60), (24,60), (25,60), (26,60), (27,60), (28,60), (29,60), (30,60), (31,60), (32,60), (33,60), (34,60), (35,60), (36,60), (37,60), (38,60), (39,60), (40,60), (41,60), (42,60), (43,60), (44,60), (45,60), (46,60), (47,60), (48,60), (49,60), (50,60), (51,60), (52,60), (53,60), (54,60), (55,60), (56,60), (57,60), (58,60), (59,60), (60,60), (61,60), (62,60), (63,60), (64,60), (65,60), (66,60), (67,60), (68,60), (69,60), (70,60), (71,60), (72,60), (73,60), (74,60), (75,60), (76,60), (77,60), (78,60), (79,60), (80,60), (81,60), (82,60), (83,60), (84,60), (85,60), (86,60), (87,60), (88,60), (89,60), (90,60), (90,60), (90,61), (90,62), (90,63), (90,64), (90,65), (90,66), (90,67), (90,68), (90,69), (90,70), (90,71), (90,72), (90,73), (90,74), (90,75), (90,76), (90,77), (90,78), (90,79), (90,80)|(90,80), (89,80), (89,79), (89,78)",
        "time": 19.94142214219132
    },
    "Uber_Train_Walk": {
        "cost": 22.990698641215392,
        "env_tax": 0.025,
        "route": "(7,61), (7,60), (8,60), (9,60), (10,60)|(10,60), (11,60), (12,60), (13,60), (14,60), (15,60), (16,60), (17,60), (18,60), (19,60), (20,60), (21,60), (22,60), (23,60), (24,60), (25,60), (26,60), (27,60), (28,60), (29,60), (30,60), (31,60), (32,60), (33,60), (34,60), (35,60), (36,60), (37,60), (38,60), (39,60), (40,60), (41,60), (42,60), (43,60), (44,60), (45,60), (46,60), (47,60), (48,60), (49,60), (50,60), (51,60), (52,60), (53,60), (54,60), (55,60), (56,60), (57,60), (58,60), (59,60), (60,60), (61,60), (62,60), (63,60), (64,60), (65,60), (66,60), (67,60), (68,60), (69,60), (70,60), (71,60), (72,60), (73,60), (74,60), (75,60), (76,60), (77,60), (78,60), (79,60), (80,60), (81,60), (82,60), (83,60), (84,60), (85,60), (86,60), (87,60), (88,60), (89,60), (90,60), (90,60), (90,61), (90,62), (90,63), (90,64), (90,65), (90,66), (90,67), (90,68), (90,69), (90,70), (90,71), (90,72), (90,73), (90,74), (90,75), (90,76), (90,77), (90,78), (90,79), (90,80)|(90,80), (89,80), (89,80), (89,79), (89,78)",
        "time": 236.89678706632603
    },
    "Walk": {
        "cost": 0,
        "env_tax": 0,
        "route": "(7,61), (8,61), (9,61), (10,61), (11,61), (12,61), (13,61), (14,61), (15,61), (16,61), (17,61), (18,61), (19,61), (20,61), (21,61), (22,61), (23,61), (24,61), (25,61), (26,61), (27,61), (28,61), (29,61), (30,61), (31,61), (32,61), (33,61), (34,61), (35,61), (36,61), (37,61), (38,61), (39,61), (40,61), (41,61), (42,61), (43,61), (44,61), (45,61), (46,61), (47,61), (48,61), (49,61), (50,61), (51,61), (52,61), (53,61), (54,61), (55,61), (56,61), (57,61), (58,61), (59,61), (60,61), (61,61), (62,61), (63,61), (64,61), (65,61), (66,61), (67,61), (68,61), (69,61), (70,61), (71,61), (72,61), (73,61), (74,61), (75,61), (76,61), (77,61), (78,61), (79,61), (80,61), (81,61), (82,61), (83,61), (84,61), (85,61), (86,61), (87,61), (88,61), (89,61), (89,61), (89,62), (89,63), (89,64), (89,65), (89,66), (89,67), (89,68), (89,69), (89,70), (89,71), (89,72), (89,73), (89,74), (89,75), (89,76), (89,77), (89,78)",
        "time": 7381.889763779527
    },
    "Walk_Train_Uber": {
        "cost": 22.605974073662555,
        "env_tax": 0.020000000000000004,
        "route": "(7,61), (8,61), (9,61), (10,61), (10,61), (10,60)|(10,60), (11,60), (12,60), (13,60), (14,60), (15,60), (16,60), (17,60), (18,60), (19,60), (20,60), (21,60), (22,60), (23,60), (24,60), (25,60), (26,60), (27,60), (28,60), (29,60), (30,60), (31,60), (32,60), (33,60), (34,60), (35,60), (36,60), (37,60), (38,60), (39,60), (40,60), (41,60), (42,60), (43,60), (44,60), (45,60), (46,60), (47,60), (48,60), (49,60), (50,60), (51,60), (52,60), (53,60), (54,60), (55,60), (56,60), (57,60), (58,60), (59,60), (60,60), (61,60), (62,60), (63,60), (64,60), (65,60), (66,60), (67,60), (68,60), (69,60), (70,60), (71,60), (72,60), (73,60), (74,60), (75,60), (76,60), (77,60), (78,60), (79,60), (80,60), (81,60), (82,60), (83,60), (84,60), (85,60), (86,60), (87,60), (88,60), (89,60), (90,60), (90,60), (90,61), (90,62), (90,63), (90,64), (90,65), (90,66), (90,67), (90,68), (90,69), (90,70), (90,71), (90,72), (90,73), (90,74), (90,75), (90,76), (90,77), (90,78), (90,79), (90,80)|(90,80), (89,80), (89,79), (89,78)",
        "time": 310.5286441039687
    },
    "Walk_Train_Walk": {
        "cost": 10.200000000000001,
        "env_tax": 0,
        "route": "(7,61), (8,61), (9,61), (10,61), (10,61), (10,60)|(10,60), (11,60), (12,60), (13,60), (14,60), (15,60), (16,60), (17,60), (18,60), (19,60), (20,60), (21,60), (22,60), (23,60), (24,60), (25,60), (26,60), (27,60), (28,60), (29,60), (30,60), (31,60), (32,60), (33,60), (34,60), (35,60), (36,60), (37,60), (38,60), (39,60), (40,60), (41,60), (42,60), (43,60), (44,60), (45,60), (46,60), (47,60), (48,60), (49,60), (50,60), (51,60), (52,60), (53,60), (54,60), (55,60), (56,60), (57,60), (58,60), (59,60), (60,60), (61,60), (62,60), (63,60), (64,60), (65,60), (66,60), (67,60), (68,60), (69,60), (70,60), (71,60), (72,60), (73,60), (74,60), (75,60), (76,60), (77,60), (78,60), (79,60), (80,60), (81,60), (82,60), (83,60), (84,60), (85,60), (86,60), (87,60), (88,60), (89,60), (90,60), (90,60), (90,61), (90,62), (90,63), (90,64), (90,65), (90,66), (90,67), (90,68), (90,69), (90,70), (90,71), (90,72), (90,73), (90,74), (90,75), (90,76), (90,77), (90,78), (90,79), (90,80)|(90,80), (89,80), (89,80), (89,79), (89,78)",
        "time": 530.7648749300542
    }
}