{
    "Uber": {
        "cost": 65.70964554303525,
        "env_tax": 0.54,
        "route": "(40,37), (41,37), (42,37), (43,37), (44,37), (45,37), (46,37), (47,37), (48,37), (49,37), (50,37), (51,37), (51,36), (52,36), (53,36), (54,36), (55,36), (56,36), (57,36), (58,36), (59,36), (60,36), (61,36), (62,36), (63,36), (64,36), (65,36), (66,36), (67,36), (68,36), (69,36), (70,36), (71,36), (72,36), (72,37), (73,37), (74,37), (75,37), (75,38), (76,38), (77,38), (78,38), (79,38), (80,38), (81,38), (82,38), (83,38), (84,38), (84,39), (85,39), (86,39), (87,39), (88,39), (89,39), (90,39), (91,39), (92,39), (92,40), (92,41), (92,42), (93,42), (93,43), (94,43), (95,43), (96,43), (96,44), (96,45), (96,46), (96,47), (96,48), (97,48), (97,49), (97,50), (97,51), (97,52), (98,52), (99,52), (99,53), (99,54), (99,55), (99,56), (99,57), (99,58), (99,59), (99,60), (99,61), (99,62), (99,63), (99,64), (99,65), (99,66), (99,67), (99,68), (99,69), (99,70), (99,71), (99,72), (99,73), (98,73), (97,73), (96,73), (95,73), (95,74), (94,74), (93,74), (92,74), (91,74), (90,74)",
        "time": 20.697382745448767
    },
    "Uber_Train_Uber": {
        "cost": 36.25451738187883,
        "env_tax": 0.045000000000000005,
        "route": "(40,37), (40,38), (40,39), (40,40)|(40,40), (41,40), (42,40), (43,40), (44,40), (45,40), (46,40), (47,40), (48,40), (49,40), (50,40), (51,40), (52,40), (53,40), (54,40), (55,40), (56,40), (57,40), (58,40), (59,40), (60,40), (61,40), (62,40), (63,40), (64,40), (65,40), (66,40), (67,40), (68,40), (69,40), (70,40), (71,40), (72,40), (73,40), (74,40), (75,40), (76,40), (77,40), (78,40), (79,40), (80,40), (81,40), (82,40), (83,40), (84,40), (85,40), (86,40), (87,40), (88,40), (89,40), (90,40), (90,40), (90,41), (90,42), (90,43), (90,44), (90,45), (90,46), (90,47), (90,48), (90,49), (90,50), (90,51), (90,52), (90,53), (90,54), (90,55), (90,56), (90,57), (90,58), (90,59), (90,60), (90,61), (90,62), (90,63), (90,64), (90,65), (90,66), (90,67), (90,68), (90,69), (90,70)|(90,70), (90,71), (90,72), (90,73), (90,74)",
        "time": 21.02233070399611
    },
    "Uber_Train_Walk": {
        "cost": 22.61508490846478,
        "env_tax": 0.020000000000000004,
        "route": "(40,37), (40,38), (40,39), (40,40)|(40,40), (41,40), (42,40), (43,40), (44,40), (45,40), (46,40), (47,40), (48,40), (49,40), (50,40), (51,40), (52,40), (53,40), (54,40), (55,40), (56,40), (57,40), (58,40), (59,40), (60,40), (61,40), (62,40), (63,40), (64,40), (65,40), (66,40), (67,40), (68,40), (69,40), (70,40), (71,40), (72,40), (73,40), (74,40), (75,40), (76,40), (77,40), (78,40), (79,40), (80,40), (81,40), (82,40), (83,40), (84,40), (85,40), (86,40), (87,40), (88,40), (89,40), (90,40), (90,40), (90,41), (90,42), (90,43), (90,44), (90,45), (90,46), (90,47), (90,48), (90,49), (90,50), (90,51), (90,52), (90,53), (90,54), (90,55), (90,56), (90,57), (90,58), (90,59), (90,60), (90,61), (90,62), (90,63), (90,64), (90,65), (90,66), (90,67), (90,68), (90,69), (90,70)|(90,70), (90,70), (90,71), (90,72), (90,73), (90,74)",
        "time": 309.43787803851455
    },
    "Walk": {
        "cost": 0,
        "env_tax": 0,
        "route": "(40,37), (41,37), (42,37), (43,37), (44,37), (45,37), (46,37), (47,37), (48,37), (49,37), (50,37), (51,37), (52,37), (53,37), (54,37), (55,37), (56,37), (57,37), (58,37), (59,37), (60,37), (61,37), (62,37), (63,37), (64,37), (65,37), (66,37), (67,37), (68,37), (69,37), (70,37), (71,37), (72,37), (73,37), (74,37), (75,37), (76,37), (77,37), (78,37), (79,37), (80,37), (81,37), (82,37), (83,37), (84,37), (85,37), (86,37), (87,37), (88,37), (89,37), (90,37), (90,37), (90,38), (90,39), (90,40), (90,41), (90,42), (90,43), (90,44), (90,45), (90,46), (90,47), (90,48), (90,49), (90,50), (90,51), (90,52), (90,53), (90,54), (90,55), (90,56), (90,57), (90,58), (90,59), (90,60), (90,61), (90,62), (90,63), (90,64), (90,65), (90,66), (90,67), (90,68), (90,69), (90,70), (90,71), (90,72), (90,73), (90,74)",
        "time": 6487.115246957766
    },
    "Walk_Train_Uber": {
        "cost": 21.266414950169853,
        "env_tax": 0.025,
        "route": "(40,37), (40,37), (40,38), (40,39), (40,40)|(40,40), (41,40), (42,40), (43,40), (44,40), (45,40), (46,40), (47,40), (48,40), (49,40), (50,40), (51,40), (52,40), (53,40), (54,40), (55,40), (56,40), (57,40), (58,40), (59,40), (60,40), (61,40), (62,40), (63,40), (64,40), (65,40), (66,40), (67,40), (68,40), (69,40), (70,40), (71,40), (72,40), (73,40), (74,40), (75,40), (76,40), (77,40), (78,40), (79,40), (80,40), (81,40), (82,40), (83,40), (84,40), (85,40), (86,40), (87,40), (88,40), (89,40), (90,40), (90,40), (90,41), (90,42), (90,43), (90,44), (90,45), (90,46), (90,47), (90,48), (90,49), (90,50), (90,51), (90,52), (90,53), (90,54), (90,55), (90,56), (90,57), (90,58), (90,59), (90,60), (90,61), (90,62), (90,63), (90,64), (90,65), (90,66), (90,67), (90,68), (90,69), (90,70)|(90,70), (90,71), (90,72), (90,73), (90,74)",
        "time": 236.0367654799525
    },
    "Walk_Train_Walk": {
        "cost": 8.200000000000001,
        "env_tax": 0,
        "route": "(40,37), (40,37), (40,38), (40,39), (40,40)|(40,40), (41,40), (42,40), (43,40), (44,40), (45,40), (46,40), (47,40), (48,40), (49,40), (50,40), (51,40), (52,40), (53,40), (54,40), (55,40), (56,40), (57,40), (58,40), (59,40), (60,40), (61,40), (62,40), (63,40), (64,40), (65,40), (66,40), (67,40), (68,40), (69,40), (70,40), (71,40), (72,40), (73,40), (74,40), (75,40), (76,40), (77,40), (78,40), (79,40), (80,40), (81,40), (82,40), (83,40), (84,40), (85,40), (86,40), (87,40), (88,40), (89,40), (90,40), (90,40), (90,41), (90,42), (90,43), (90,44), (90,45), (90,46), (90,47), (90,48), (90,49), (90,50), (90,51), (90,52), (90,53), (90,54), (90,55), (90,56), (90,57), (90,58), (90,59), (90,60), (90,61), (90,62), (90,63), (90,64), (90,65), (90,66), (90,67), (90,68), (90,69), (90,70)|(90,70), (90,70), (90,71), (90,72), (90,73), (90,74)",
        "time": 526.1904249182066
    }
}