{
    "Uber": {
        "cost": 60.937678489719666,
        "env_tax": 0.47500000000000003,
        "route": "(37,51), (38,51), (38,50), (38,49), (38,48), (38,47), (38,46), (38,45), (38,44), (38,43), (38,42), (38,41), (38,40), (38,39), (38,38), (38,37), (38,36), (39,36), (39,35), (39,34), (39,33), (39,32), (39,31), (39,30), (39,29), (39,28), (39,27), (39,26), (39,25), (39,24), (39,23), (39,22), (39,21), (39,20), (39,19), (39,18), (39,17), (39,16), (39,15), (39,14), (39,13), (39,12), (39,11), (39,10), (39,9), (40,9), (41,9), (41,8), (42,8), (42,7), (42,6), (42,5), (43,5), (44,5), (45,5), (46,5), (47,5), (48,5), (49,5), (50,5), (51,5), (52,5), (53,5), (54,5), (55,5), (56,5), (57,5), (58,5), (59,5), (60,5), (61,5), (62,5), (63,5), (64,5), (65,5), (66,5), (67,5), (67,6), (67,7), (68,7), (69,7), (70,7), (71,7), (72,7), (73,7), (74,7), (74,8), (74,9), (74,10), (75,10), (75,11), (75,12), (75,13), (75,14), (75,15)",
        "time": 24.76180176508796
    },
    "Uber_Train_Uber": {
        "cost": 36.93904510807385,
        "env_tax": 0.08000000000000002,
        "route": "(37,51), (38,51), (39,51), (40,51), (40,50)|(40,50), (41,50), (42,50), (43,50), (44,50), (45,50), (46,50), (47,50), (48,50), (49,50), (50,50), (51,50), (52,50), (53,50), (54,50), (55,50), (56,50), (57,50), (58,50), (59,50), (60,50), (61,50), (62,50), (63,50), (64,50), (65,50), (66,50), (67,50), (68,50), (69,50), (70,50), (70,50), (70,49), (70,48), (70,47), (70,46), (70,45), (70,44), (70,43), (70,42), (70,41), (70,40), (70,39), (70,38), (70,37), (70,36), (70,35), (70,34), (70,33), (70,32), (70,31), (70,30), (70,29), (70,28), (70,27), (70,26), (70,25), (70,24), (70,23), (70,22), (70,21), (70,20), (70,19), (70,18), (70,17), (70,16), (70,15), (70,14), (70,13), (70,12), (70,11), (70,10)|(70,10), (71,10), (72,10), (73,10), (74,10), (75,10), (75,11), (75,12), (75,13), (75,14), (75,15)",
        "time": 24.654066832032633
    },
    "Uber_Train_Walk": {
        "cost": 23.74060678991688,
        "env_tax": 0.025,
        "route": "(37,51), (38,51), (39,51), (40,51), (40,50)|(40,50), (41,50), (42,50), (43,50), (44,50), (45,50), (46,50), (47,50), (48,50), (49,50), (50,50), (51,50), (52,50), (53,50), (54,50), (55,50), (56,50), (57,50), (58,50), (59,50), (60,50), (61,50), (62,50), (63,50), (64,50), (65,50), (66,50), (67,50), (68,50), (69,50), (70,50), (70,50), (70,49), (70,48), (70,47), (70,46), (70,45), (70,44), (70,43), (70,42), (70,41), (70,40), (70,39), (70,38), (70,37), (70,36), (70,35), (70,34), (70,33), (70,32), (70,31), (70,30), (70,29), (70,28), (70,27), (70,26), (70,25), (70,24), (70,23), (70,22), (70,21), (70,20), (70,19), (70,18), (70,17), (70,16), (70,15), (70,14), (70,13), (70,12), (70,11), (70,10)|(70,10), (71,10), (72,10), (73,10), (74,10), (75,10), (75,10), (75,11), (75,12), (75,13), (75,14), (75,15)",
        "time": 757.577314733038
    },
    "Walk": {
        "cost": 0,
        "env_tax": 0,
        "route": "(37,51), (38,51), (39,51), (40,51), (41,51), (42,51), (43,51), (44,51), (45,51), (46,51), (47,51), (48,51), (49,51), (50,51), (51,51), (52,51), (53,51), (54,51), (55,51), (56,51), (57,51), (58,51), (59,51), (60,51), (61,51), (62,51), (63,51), (64,51), (65,51), (66,51), (67,51), (68,51), (69,51), (70,51), (71,51), (72,51), (73,51), (74,51), (75,51), (75,51), (75,50), (75,49), (75,48), (75,47), (75,46), (75,45), (75,44), (75,43), (75,42), (75,41), (75,40), (75,39), (75,38), (75,37), (75,36), (75,35), (75,34), (75,33), (75,32), (75,31), (75,30), (75,29), (75,28), (75,27), (75,26), (75,25), (75,24), (75,23), (75,22), (75,21), (75,20), (75,19), (75,18), (75,17), (75,16), (75,15)",
        "time": 5517.776187067525
    },
    "Walk_Train_Uber": {
        "cost": 21.737702879519205,
        "env_tax": 0.05500000000000001,
        "route": "(37,51), (38,51), (39,51), (40,51), (40,51), (40,50)|(40,50), (41,50), (42,50), (43,50), (44,50), (45,50), (46,50), (47,50), (48,50), (49,50), (50,50), (51,50), (52,50), (53,50), (54,50), (55,50), (56,50), (57,50), (58,50), (59,50), (60,50), (61,50), (62,50), (63,50), (64,50), (65,50), (66,50), (67,50), (68,50), (69,50), (70,50), (70,50), (70,49), (70,48), (70,47), (70,46), (70,45), (70,44), (70,43), (70,42), (70,41), (70,40), (70,39), (70,38), (70,37), (70,36), (70,35), (70,34), (70,33), (70,32), (70,31), (70,30), (70,29), (70,28), (70,27), (70,26), (70,25), (70,24), (70,23), (70,22), (70,21), (70,20), (70,19), (70,18), (70,17), (70,16), (70,15), (70,14), (70,13), (70,12), (70,11), (70,10)|(70,10), (71,10), (72,10), (73,10), (74,10), (75,10), (75,11), (75,12), (75,13), (75,14), (75,15)",
        "time": 315.66399840740644
    },
    "Walk_Train_Walk": {
        "cost": 7.2,
        "env_tax": 0,
        "route": "(37,51), (38,51), (39,51), (40,51), (40,51), (40,50)|(40,50), (41,50), (42,50), (43,50), (44,50), (45,50), (46,50), (47,50), (48,50), (49,50), (50,50), (51,50), (52,50), (53,50), (54,50), (55,50), (56,50), (57,50), (58,50), (59,50), (60,50), (61,50), (62,50), (63,50), (64,50), (65,50), (66,50), (67,50), (68,50), (69,50), (70,50), (70,50), (70,49), (70,48), (70,47), (70,46), (70,45), (70,44), (70,43), (70,42), (70,41), (70,40), (70,39), (70,38), (70,37), (70,36), (70,35), (70,34), (70,33), (70,32), (70,31), (70,30), (70,29), (70,28), (70,27), (70,26), (70,25), (70,24), (70,23), (70,22), (70,21), (70,20), (70,19), (70,18), (70,17), (70,16), (70,15), (70,14), (70,13), (70,12), (70,11), (70,10)|(70,10), (71,10), (72,10), (73,10), (74,10), (75,10), (75,10), (75,11), (75,12), (75,13), (75,14), (75,15)",
        "time": 1050.2916883071653
    }
}