{
    "Uber": {
        "cost": 17.02855007479039,
        "env_tax": 0.11000000000000001,
        "route": "(73,80), (74,80), (75,80), (76,80), (76,81), (77,81), (78,81), (78,82), (79,82), (80,82), (81,82), (81,83), (81,84), (81,85), (82,85), (82,86), (82,87), (82,88), (83,88), (83,89), (84,89), (85,89)",
        "time": 6.598403363549804
    },
    "Uber_Train_Uber": {
        "cost": 27.88260649897538,
        "env_tax": 0.05500000000000001,
        "route": "(73,80), (72,80), (71,80), (70,80)|(70,80), (71,80), (72,80), (73,80), (74,80), (75,80), (76,80), (77,80), (78,80), (79,80), (80,80), (80,80), (80,81), (80,82), (80,83), (80,84), (80,85), (80,86), (80,87), (80,88), (80,89), (80,90)|(80,90), (81,90), (82,90), (83,90), (84,90), (85,90), (85,89)",
        "time": 13.412100635895975
    },
    "Uber_Train_Walk": {
        "cost": 15.64841094583739,
        "env_tax": 0.020000000000000004,
        "route": "(73,80), (72,80), (71,80), (70,80)|(70,80), (71,80), (72,80), (73,80), (74,80), (75,80), (76,80), (77,80), (78,80), (79,80), (80,80), (80,80), (80,81), (80,82), (80,83), (80,84), (80,85), (80,86), (80,87), (80,88), (80,89), (80,90)|(80,90), (81,90), (82,90), (83,90), (84,90), (85,90), (85,90), (85,89)",
        "time": 461.57833918935853
    },
    "Walk": {
        "cost": 0,
        "env_tax": 0,
        "route": "(73,80), (74,80), (75,80), (76,80), (77,80), (78,80), (79,80), (80,80), (81,80), (82,80), (83,80), (84,80), (85,80), (85,80), (85,81), (85,82), (85,83), (85,84), (85,85), (85,86), (85,87), (85,88), (85,89)",
        "time": 1565.8554044380815
    },
    "Walk_Train_Uber": {
        "cost": 15.2589552671481,
        "env_tax": 0.035,
        "route": "(73,80), (72,80), (71,80), (70,80), (70,80)|(70,80), (71,80), (72,80), (73,80), (74,80), (75,80), (76,80), (77,80), (78,80), (79,80), (80,80), (80,80), (80,81), (80,82), (80,83), (80,84), (80,85), (80,86), (80,87), (80,88), (80,89), (80,90)|(80,90), (81,90), (82,90), (83,90), (84,90), (85,90), (85,89)",
        "time": 239.21590990028383
    },
    "Walk_Train_Walk": {
        "cost": 2.2,
        "env_tax": 0,
        "route": "(73,80), (72,80), (71,80), (70,80), (70,80)|(70,80), (71,80), (72,80), (73,80), (74,80), (75,80), (76,80), (77,80), (78,80), (79,80), (80,80), (80,80), (80,81), (80,82), (80,83), (80,84), (80,85), (80,86), (80,87), (80,88), (80,89), (80,90)|(80,90), (81,90), (82,90), (83,90), (84,90), (85,90), (85,90), (85,89)",
        "time": 680.3270560502181
    }
}