{
    "Uber": {
        "cost": 52.76122592661379,
        "env_tax": 0.7000000000000001,
        "route": "(76,92), (76,93), (76,94), (76,95), (76,96), (75,96), (75,97), (75,98), (74,98), (73,98), (72,98), (71,98), (70,98), (69,98), (68,98), (67,98), (66,98), (65,98), (64,98), (63,98), (62,98), (61,98), (60,98), (59,98), (58,98), (57,98), (56,98), (55,98), (54,98), (53,98), (52,98), (51,98), (50,98), (49,98), (48,98), (47,98), (46,98), (45,98), (44,98), (43,98), (42,98), (41,98), (41,97), (40,97), (40,96), (40,95), (39,95), (38,95), (37,95), (37,94), (37,93), (37,92), (36,92), (35,92), (34,92), (34,91), (33,91), (33,90), (33,89), (32,89), (31,89), (31,88), (31,87), (30,87), (30,86), (30,85), (29,85), (28,85), (27,85), (27,84), (26,84), (26,83), (25,83), (25,82), (24,82), (24,81), (23,81), (23,80), (22,80), (22,79), (21,79), (20,79), (20,78), (19,78), (19,77), (19,76), (19,75), (19,74), (19,73), (18,73), (17,73), (17,72), (16,72), (15,72), (15,71), (15,70), (14,70), (13,70), (13,69), (13,68), (13,67), (13,66), (13,65), (13,64), (12,64), (12,63), (12,62), (12,61), (12,60), (12,59), (12,58), (12,57), (12,56), (12,55), (12,54), (12,53), (12,52), (12,51), (12,50), (12,49), (12,48), (12,47), (12,46), (12,45), (12,44), (12,43), (12,42), (12,41), (12,40), (12,39), (13,39), (13,38), (13,37), (13,36), (13,35), (14,35), (14,34), (14,33), (15,33), (16,33)",
        "time": 16.87995886901992
    },
    "Uber_Train_Uber": {
        "cost": 39.76242410224813,
        "env_tax": 0.07500000000000001,
        "route": "(76,92), (77,92), (78,92), (79,92), (79,91), (79,90), (80,90)|(80,90), (79,90), (78,90), (77,90), (76,90), (75,90), (74,90), (73,90), (72,90), (71,90), (70,90), (69,90), (68,90), (67,90), (66,90), (65,90), (64,90), (63,90), (62,90), (61,90), (60,90), (59,90), (58,90), (57,90), (56,90), (55,90), (54,90), (53,90), (52,90), (51,90), (50,90), (49,90), (48,90), (47,90), (46,90), (45,90), (44,90), (43,90), (42,90), (41,90), (40,90), (39,90), (38,90), (37,90), (36,90), (35,90), (34,90), (33,90), (32,90), (31,90), (30,90), (29,90), (28,90), (27,90), (26,90), (25,90), (24,90), (23,90), (22,90), (21,90), (20,90), (20,90), (20,89), (20,88), (20,87), (20,86), (20,85), (20,84), (20,83), (20,82), (20,81), (20,80), (20,79), (20,78), (20,77), (20,76), (20,75), (20,74), (20,73), (20,72), (20,71), (20,70), (20,69), (20,68), (20,67), (20,66), (20,65), (20,64), (20,63), (20,62), (20,61), (20,60), (20,59), (20,58), (20,57), (20,56), (20,55), (20,54), (20,53), (20,52), (20,51), (20,50), (20,49), (20,48), (20,47), (20,46), (20,45), (20,44), (20,43), (20,42), (20,41), (20,40), (20,39), (20,38), (20,37), (20,36), (20,35), (20,34), (20,33), (20,32), (20,31), (20,30)|(20,30), (20,31), (19,31), (19,32), (18,32), (17,32), (16,32), (16,33)",
        "time": 28.27837131657344
    },
    "Uber_Train_Walk": {
        "cost": 25.224162149124467,
        "env_tax": 0.035,
        "route": "(76,92), (77,92), (78,92), (79,92), (79,91), (79,90), (80,90)|(80,90), (79,90), (78,90), (77,90), (76,90), (75,90), (74,90), (73,90), (72,90), (71,90), (70,90), (69,90), (68,90), (67,90), (66,90), (65,90), (64,90), (63,90), (62,90), (61,90), (60,90), (59,90), (58,90), (57,90), (56,90), (55,90), (54,90), (53,90), (52,90), (51,90), (50,90), (49,90), (48,90), (47,90), (46,90), (45,90), (44,90), (43,90), (42,90), (41,90), (40,90), (39,90), (38,90), (37,90), (36,90), (35,90), (34,90), (33,90), (32,90), (31,90), (30,90), (29,90), (28,90), (27,90), (26,90), (25,90), (24,90), (23,90), (22,90), (21,90), (20,90), (20,90), (20,89), (20,88), (20,87), (20,86), (20,85), (20,84), (20,83), (20,82), (20,81), (20,80), (20,79), (20,78), (20,77), (20,76), (20,75), (20,74), (20,73), (20,72), (20,71), (20,70), (20,69), (20,68), (20,67), (20,66), (20,65), (20,64), (20,63), (20,62), (20,61), (20,60), (20,59), (20,58), (20,57), (20,56), (20,55), (20,54), (20,53), (20,52), (20,51), (20,50), (20,49), (20,48), (20,47), (20,46), (20,45), (20,44), (20,43), (20,42), (20,41), (20,40), (20,39), (20,38), (20,37), (20,36), (20,35), (20,34), (20,33), (20,32), (20,31), (20,30)|(20,30), (19,30), (18,30), (17,30), (16,30), (16,30), (16,31), (16,32), (16,33)",
        "time": 535.1468367388972
    },
    "Walk": {
        "cost": 0,
        "env_tax": 0,
        "route": "(76,92), (75,92), (74,92), (73,92), (72,92), (71,92), (70,92), (69,92), (68,92), (67,92), (66,92), (65,92), (64,92), (63,92), (62,92), (61,92), (60,92), (59,92), (58,92), (57,92), (56,92), (55,92), (54,92), (53,92), (52,92), (51,92), (50,92), (49,92), (48,92), (47,92), (46,92), (45,92), (44,92), (43,92), (42,92), (41,92), (40,92), (39,92), (38,92), (37,92), (36,92), (35,92), (34,92), (33,92), (32,92), (31,92), (30,92), (29,92), (28,92), (27,92), (26,92), (25,92), (24,92), (23,92), (22,92), (21,92), (20,92), (19,92), (18,92), (17,92), (16,92), (16,92), (16,91), (16,90), (16,89), (16,88), (16,87), (16,86), (16,85), (16,84), (16,83), (16,82), (16,81), (16,80), (16,79), (16,78), (16,77), (16,76), (16,75), (16,74), (16,73), (16,72), (16,71), (16,70), (16,69), (16,68), (16,67), (16,66), (16,65), (16,64), (16,63), (16,62), (16,61), (16,60), (16,59), (16,58), (16,57), (16,56), (16,55), (16,54), (16,53), (16,52), (16,51), (16,50), (16,49), (16,48), (16,47), (16,46), (16,45), (16,44), (16,43), (16,42), (16,41), (16,40), (16,39), (16,38), (16,37), (16,36), (16,35), (16,34), (16,33)",
        "time": 8873.180625149129
    },
    "Walk_Train_Uber": {
        "cost": 26.528241204979857,
        "env_tax": 0.04000000000000001,
        "route": "(76,92), (77,92), (78,92), (79,92), (80,92), (80,92), (80,91), (80,90)|(80,90), (79,90), (78,90), (77,90), (76,90), (75,90), (74,90), (73,90), (72,90), (71,90), (70,90), (69,90), (68,90), (67,90), (66,90), (65,90), (64,90), (63,90), (62,90), (61,90), (60,90), (59,90), (58,90), (57,90), (56,90), (55,90), (54,90), (53,90), (52,90), (51,90), (50,90), (49,90), (48,90), (47,90), (46,90), (45,90), (44,90), (43,90), (42,90), (41,90), (40,90), (39,90), (38,90), (37,90), (36,90), (35,90), (34,90), (33,90), (32,90), (31,90), (30,90), (29,90), (28,90), (27,90), (26,90), (25,90), (24,90), (23,90), (22,90), (21,90), (20,90), (20,90), (20,89), (20,88), (20,87), (20,86), (20,85), (20,84), (20,83), (20,82), (20,81), (20,80), (20,79), (20,78), (20,77), (20,76), (20,75), (20,74), (20,73), (20,72), (20,71), (20,70), (20,69), (20,68), (20,67), (20,66), (20,65), (20,64), (20,63), (20,62), (20,61), (20,60), (20,59), (20,58), (20,57), (20,56), (20,55), (20,54), (20,53), (20,52), (20,51), (20,50), (20,49), (20,48), (20,47), (20,46), (20,45), (20,44), (20,43), (20,42), (20,41), (20,40), (20,39), (20,38), (20,37), (20,36), (20,35), (20,34), (20,33), (20,32), (20,31), (20,30)|(20,30), (20,31), (19,31), (19,32), (18,32), (17,32), (16,32), (16,33)",
        "time": 464.3998916758714
    },
    "Walk_Train_Walk": {
        "cost": 12.200000000000001,
        "env_tax": 0,