{
    "Uber": {
        "cost": 25.132931229909207,
        "env_tax": 0.08500000000000002,
        "route": "(77,61), (76,61), (76,62), (75,62), (74,62), (73,62), (72,62), (71,62), (70,62), (69,62), (68,62), (67,62), (66,62), (65,62), (64,62), (63,62), (62,62)",
        "time": 15.43728222704705
    },
    "Uber_Train_Uber": {
        "cost": 32.47666443607959,
        "env_tax": 0.05,
        "route": "(77,61), (78,61), (79,61), (79,60), (80,60)|(80,60), (79,60), (78,60), (77,60), (76,60), (75,60), (74,60), (73,60), (72,60), (71,60), (70,60), (69,60), (68,60), (67,60), (66,60), (65,60), (64,60), (63,60), (62,60), (61,60), (60,60), (60,60)|(60,60), (61,60), (62,60), (62,61), (62,62)",
        "time": 16.160183335236983
    },
    "Uber_Train_Walk": {
        "cost": 16.502393189014526,
        "env_tax": 0.025,
        "route": "(77,61), (78,61), (79,61), (79,60), (80,60)|(80,60), (79,60), (78,60), (77,60), (76,60), (75,60), (74,60), (73,60), (72,60), (71,60), (70,60), (69,60), (68,60), (67,60), (66,60), (65,60), (64,60), (63,60), (62,60), (61,60), (60,60), (60,60)|(60,60), (61,60), (62,60), (62,60), (62,61), (62,62)",
        "time": 311.4368791831195
    },
    "Walk": {
        "cost": 0,
        "env_tax": 0,
        "route": "(77,61), (76,61), (75,61), (74,61), (73,61), (72,61), (71,61), (70,61), (69,61), (68,61), (67,61), (66,61), (65,61), (64,61), (63,61), (62,61), (62,61), (62,62)",
        "time": 1193.0326890956812
    },
    "Walk_Train_Uber": {
        "cost": 18.71876387660119,
        "env_tax": 0.025,
        "route": "(77,61), (78,61), (79,61), (80,61), (80,61), (80,60)|(80,60), (79,60), (78,60), (77,60), (76,60), (75,60), (74,60), (73,60), (72,60), (71,60), (70,60), (69,60), (68,60), (67,60), (66,60), (65,60), (64,60), (63,60), (62,60), (61,60), (60,60), (60,60)|(60,60), (61,60), (62,60), (62,61), (62,62)",
        "time": 310.34301066486427
    },
    "Walk_Train_Walk": {
        "cost": 2.2,
        "env_tax": 0,
        "route": "(77,61), (78,61), (79,61), (80,61), (80,61), (80,60)|(80,60), (79,60), (78,60), (77,60), (76,60), (75,60), (74,60), (73,60), (72,60), (71,60), (70,60), (69,60), (68,60), (67,60), (66,60), (65,60), (64,60), (63,60), (62,60), (61,60), (60,60), (60,60)|(60,60), (61,60), (62,60), (62,60), (62,61), (62,62)",
        "time": 600.8171197682884
    }
}