{
    "Uber": {
        "cost": 39.47876690642788,
        "env_tax": 0.535,
        "route": "(98,48), (98,47), (98,46), (98,45), (98,44), (98,43), (98,42), (98,41), (98,40), (98,39), (98,38), (98,37), (98,36), (98,35), (99,35), (99,34), (99,33), (99,32), (99,31), (99,30), (99,29), (99,28), (99,27), (99,26), (98,26), (98,25), (98,24), (98,23), (98,22), (98,21), (97,21), (97,20), (96,20), (95,20), (95,19), (95,18), (94,18), (93,18), (92,18), (92,17), (92,16), (91,16), (91,15), (91,14), (90,14), (89,14), (88,14), (87,14), (87,13), (86,13), (85,13), (84,13), (84,12), (83,12), (82,12), (81,12), (80,12), (79,12), (78,12), (77,12), (76,12), (75,12), (74,12), (73,12), (72,12), (71,12), (70,12), (69,12), (69,11), (68,11), (67,11), (66,11), (65,11), (64,11), (63,11), (62,11), (61,11), (60,11), (59,11), (58,11), (57,11), (56,11), (55,11), (54,11), (53,11), (52,11), (51,11), (51,12), (50,12), (49,12), (48,12), (47,12), (47,13), (47,14), (46,14), (45,14), (44,14), (43,14), (42,14), (42,15), (42,16), (41,16), (41,17), (41,18), (41,19), (41,20), (41,21)",
        "time": 13.473831380504379
    },
    "Uber_Train_Uber": {
        "cost": 35.61434944570649,
        "env_tax": 0.07,
        "route": "(98,48), (97,48), (96,48), (95,48), (95,49), (94,49), (93,49), (92,49), (91,49), (91,50), (90,50)|(90,50), (89,50), (88,50), (87,50), (86,50), (85,50), (84,50), (83,50), (82,50), (81,50), (80,50), (79,50), (78,50), (77,50), (76,50), (75,50), (74,50), (73,50), (72,50), (71,50), (70,50), (69,50), (68,50), (67,50), (66,50), (65,50), (64,50), (63,50), (62,50), (61,50), (60,50), (59,50), (58,50), (57,50), (56,50), (55,50), (54,50), (53,50), (52,50), (51,50), (50,50), (49,50), (48,50), (47,50), (46,50), (45,50), (44,50), (43,50), (42,50), (41,50), (40,50), (40,50), (40,49), (40,48), (40,47), (40,46), (40,45), (40,44), (40,43), (40,42), (40,41), (40,40), (40,39), (40,38), (40,37), (40,36), (40,35), (40,34), (40,33), (40,32), (40,31), (40,30), (40,29), (40,28), (40,27), (40,26), (40,25), (40,24), (40,23), (40,22), (40,21), (40,20)|(40,20), (41,20), (41,21)",
        "time": 23.192163845143376
    },
    "Uber_Train_Walk": {
        "cost": 22.759782022885297,
        "env_tax": 0.05500000000000001,
        "route": "(98,48), (97,48), (96,48), (95,48), (95,49), (94,49), (93,49), (92,49), (91,49), (91,50), (90,50)|(90,50), (89,50), (88,50), (87,50), (86,50), (85,50), (84,50), (83,50), (82,50), (81,50), (80,50), (79,50), (78,50), (77,50), (76,50), (75,50), (74,50), (73,50), (72,50), (71,50), (70,50), (69,50), (68,50), (67,50), (66,50), (65,50), (64,50), (63,50), (62,50), (61,50), (60,50), (59,50), (58,50), (57,50), (56,50), (55,50), (54,50), (53,50), (52,50), (51,50), (50,50), (49,50), (48,50), (47,50), (46,50), (45,50), (44,50), (43,50), (42,50), (41,50), (40,50), (40,50), (40,49), (40,48), (40,47), (40,46), (40,45), (40,44), (40,43), (40,42), (40,41), (40,40), (40,39), (40,38), (40,37), (40,36), (40,35), (40,34), (40,33), (40,32), (40,31), (40,30), (40,29), (40,28), (40,27), (40,26), (40,25), (40,24), (40,23), (40,22), (40,21), (40,20)|(40,20), (41,20), (41,20), (41,21)",
        "time": 161.6802042003338
    },
    "Walk": {
        "cost": 0,
        "env_tax": 0,
        "route": "(98,48), (97,48), (96,48), (95,48), (94,48), (93,48), (92,48), (91,48), (90,48), (89,48), (88,48), (87,48), (86,48), (85,48), (84,48), (83,48), (82,48), (81,48), (80,48), (79,48), (78,48), (77,48), (76,48), (75,48), (74,48), (73,48), (72,48), (71,48), (70,48), (69,48), (68,48), (67,48), (66,48), (65,48), (64,48), (63,48), (62,48), (61,48), (60,48), (59,48), (58,48), (57,48), (56,48), (55,48), (54,48), (53,48), (52,48), (51,48), (50,48), (49,48), (48,48), (47,48), (46,48), (45,48), (44,48), (43,48), (42,48), (41,48), (41,48), (41,47), (41,46), (41,45), (41,44), (41,43), (41,42), (41,41), (41,40), (41,39), (41,38), (41,37), (41,36), (41,35), (41,34), (41,33), (41,32), (41,31), (41,30), (41,29), (41,28), (41,27), (41,26), (41,25), (41,24), (41,23), (41,22), (41,21)",
        "time": 6263.421617752326
    },
    "Walk_Train_Uber": {
        "cost": 21.20805089115609,
        "env_tax": 0.015000000000000003,
        "route": "(98,48), (97,48), (96,48), (95,48), (94,48), (93,48), (92,48), (91,48), (90,48), (90,48), (90,49), (90,50)|(90,50), (89,50), (88,50), (87,50), (86,50), (85,50), (84,50), (83,50), (82,50), (81,50), (80,50), (79,50), (78,50), (77,50), (76,50), (75,50), (74,50), (73,50), (72,50), (71,50), (70,50), (69,50), (68,50), (67,50), (66,50), (65,50), (64,50), (63,50), (62,50), (61,50), (60,50), (59,50), (58,50), (57,50), (56,50), (55,50), (54,50), (53,50), (52,50), (51,50), (50,50), (49,50), (48,50), (47,50), (46,50), (45,50), (44,50), (43,50), (42,50), (41,50), (40,50), (40,50), (40,49), (40,48), (40,47), (40,46), (40,45), (40,44), (40,43), (40,42), (40,41), (40,40), (40,39), (40,38), (40,37), (40,36), (40,35), (40,34), (40,33), (40,32), (40,31), (40,30), (40,29), (40,28), (40,27), (40,26), (40,25), (40,24), (40,23), (40,22), (40,21), (40,20)|(40,20), (41,20), (41,21)",
        "time": 764.4612814557681
    },
    "Walk_Train_Walk": {
        "cost": 8.200000000000001,
        "env_tax": 0,
        "route": "(98,48), (97,48), (96,48), (95,48), (94,48), (93,48), (92,48), (91,48), (90,48), (90,48), (90,49), (90,50)|(90,50), (89,50), (88,50), (87,50), (86,50), (85,50), (84,50), (83,50), (82,50), (81,50), (80,50), (79,50), (78,50), (77,50), (76,50), (75,50), (74,50), (73,50), (72,50), (71,50), (70,50), (69,50), (68,50), (67,50), (66,50), (65,50), (64,50), (63,50), (62,50), (61,50), (60,50), (59,50), (58,50), (57,50), (56,50), (55,50), (54,50), (53,50), (52,50), (51,50), (50,50), (49,50), (48,50), (47,50), (46,50), (45,50), (44,50), (43,50), (42,50), (41,50), (40,50), (40,50), (40,49), (40,48), (40,47), (40,46), (40,45), (40,44), (40,43), (40,42), (40,41), (40,40), (40,39), (40,38), (40,37), (40,36), (40,35), (40,34), (40,33), (40,32), (40,31), (40,30), (40,29), (40,28), (40,27), (40,26), (40,25), (40,24), (40,23), (40,22), (40,21), (40,20)|(40,20), (41,20), (41,20), (41,21)",
        "time": 901.8430767375498
    }
}