{
    "Uber": {
        "cost": 33.574744268291525,
        "env_tax": 0.42000000000000004,
        "route": "(4,19), (5,19), (5,18), (5,17), (5,16), (5,15), (6,15), (7,15), (7,14), (7,13), (7,12), (7,11), (8,11), (8,10), (9,10), (10,10), (11,10), (12,10), (13,10), (14,10), (15,10), (16,10), (17,10), (18,10), (19,10), (19,9), (20,9), (21,9), (22,9), (23,9), (24,9), (25,9), (26,9), (27,9), (28,9), (29,9), (30,9), (31,9), (32,9), (33,9), (34,9), (35,9), (36,9), (37,9), (38,9), (39,9), (40,9), (41,9), (42,9), (43,9), (44,9), (45,9), (45,10), (46,10), (47,10), (48,10), (49,10), (50,10), (51,10), (52,10), (53,10), (54,10), (55,10), (56,10), (57,10), (58,10), (59,10), (60,10), (61,10), (61,11), (62,11), (62,12), (62,13), (63,13), (64,13), (65,13), (65,14), (65,15), (66,15), (66,16), (66,17), (66,18), (66,19), (66,20)",
        "time": 8.876462064129953
    },
    "Uber_Train_Uber": {
        "cost": 32.49620936506598,
        "env_tax": 0.065,
        "route": "(4,19), (5,19), (6,19), (7,19), (8,19), (9,19), (9,20), (10,20)|(10,20), (11,20), (12,20), (13,20), (14,20), (15,20), (16,20), (17,20), (18,20), (19,20), (20,20), (21,20), (22,20), (23,20), (24,20), (25,20), (26,20), (27,20), (28,20), (29,20), (30,20), (31,20), (32,20), (33,20), (34,20), (35,20), (36,20), (37,20), (38,20), (39,20), (40,20), (41,20), (42,20), (43,20), (44,20), (45,20), (46,20), (47,20), (48,20), (49,20), (50,20), (51,20), (52,20), (53,20), (54,20), (55,20), (56,20), (57,20), (58,20), (59,20), (60,20), (61,20), (62,20), (63,20), (64,20), (65,20), (66,20), (67,20), (68,20), (69,20), (70,20), (70,20)|(70,20), (69,20), (68,20), (67,20), (66,20)",
        "time": 20.00059436412139
    },
    "Uber_Train_Walk": {
        "cost": 19.263884095146853,
        "env_tax": 0.04000000000000001,
        "route": "(4,19), (5,19), (6,19), (7,19), (8,19), (9,19), (9,20), (10,20)|(10,20), (11,20), (12,20), (13,20), (14,20), (15,20), (16,20), (17,20), (18,20), (19,20), (20,20), (21,20), (22,20), (23,20), (24,20), (25,20), (26,20), (27,20), (28,20), (29,20), (30,20), (31,20), (32,20), (33,20), (34,20), (35,20), (36,20), (37,20), (38,20), (39,20), (40,20), (41,20), (42,20), (43,20), (44,20), (45,20), (46,20), (47,20), (48,20), (49,20), (50,20), (51,20), (52,20), (53,20), (54,20), (55,20), (56,20), (57,20), (58,20), (59,20), (60,20), (61,20), (62,20), (63,20), (64,20), (65,20), (66,20), (67,20), (68,20), (69,20), (70,20), (70,20)|(70,20), (69,20), (68,20), (67,20), (66,20), (66,20)",
        "time": 306.9432776349673
    },
    "Walk": {
        "cost": 0,
        "env_tax": 0,
        "route": "(4,19), (5,19), (6,19), (7,19), (8,19), (9,19), (10,19), (11,19), (12,19), (13,19), (14,19), (15,19), (16,19), (17,19), (18,19), (19,19), (20,19), (21,19), (22,19), (23,19), (24,19), (25,19), (26,19), (27,19), (28,19), (29,19), (30,19), (31,19), (32,19), (33,19), (34,19), (35,19), (36,19), (37,19), (38,19), (39,19), (40,19), (41,19), (42,19), (43,19), (44,19), (45,19), (46,19), (47,19), (48,19), (49,19), (50,19), (51,19), (52,19), (53,19), (54,19), (55,19), (56,19), (57,19), (58,19), (59,19), (60,19), (61,19), (62,19), (63,19), (64,19), (65,19), (66,19), (66,19), (66,20)",
        "time": 4697.566213314244
    },
    "Walk_Train_Uber": {
        "cost": 20.302986744534003,
        "env_tax": 0.025,
        "route": "(4,19), (5,19), (6,19), (7,19), (8,19), (9,19), (10,19), (10,19), (10,20)|(10,20), (11,20), (12,20), (13,20), (14,20), (15,20), (16,20), (17,20), (18,20), (19,20), (20,20), (21,20), (22,20), (23,20), (24,20), (25,20), (26,20), (27,20), (28,20), (29,20), (30,20), (31,20), (32,20), (33,20), (34,20), (35,20), (36,20), (37,20), (38,20), (39,20), (40,20), (41,20), (42,20), (43,20), (44,20), (45,20), (46,20), (47,20), (48,20), (49,20), (50,20), (51,20), (52,20), (53,20), (54,20), (55,20), (56,20), (57,20), (58,20), (59,20), (60,20), (61,20), (62,20), (63,20), (64,20), (65,20), (66,20), (67,20), (68,20), (69,20), (70,20), (70,20)|(70,20), (69,20), (68,20), (67,20), (66,20)",
        "time": 533.1147682675797
    },
    "Walk_Train_Walk": {
        "cost": 6.2,
        "env_tax": 0,
        "route": "(4,19), (5,19), (6,19), (7,19), (8,19), (9,19), (10,19), (10,19), (10,20)|(10,20), (11,20), (12,20), (13,20), (14,20), (15,20), (16,20), (17,20), (18,20), (19,20), (20,20), (21,20), (22,20), (23,20), (24,20), (25,20), (26,20), (27,20), (28,20), (29,20), (30,20), (31,20), (32,20), (33,20), (34,20), (35,20), (36,20), (37,20), (38,20), (39,20), (40,20), (41,20), (42,20), (43,20), (44,20), (45,20), (46,20), (47,20), (48,20), (49,20), (50,20), (51,20), (52,20), (53,20), (54,20), (55,20), (56,20), (57,20), (58,20), (59,20), (60,20), (61,20), (62,20), (63,20), (64,20), (65,20), (66,20), (67,20), (68,20), (69,20), (70,20), (70,20)|(70,20), (69,20), (68,20), (67,20), (66,20), (66,20)",
        "time": 825.4651933156977
    }
}