{
    "Uber": {
        "cost": 51.631225818319145,
        "env_tax": 0.4800000000000001,
        "route": "(66,7), (66,6), (66,5), (66,4), (65,4), (64,4), (63,4), (62,4), (61,4), (60,4), (59,4), (58,4), (57,4), (56,4), (55,4), (54,4), (53,4), (52,4), (51,4), (50,4), (49,4), (48,4), (47,4), (46,4), (45,4), (44,4), (43,4), (42,4), (41,4), (40,4), (39,4), (38,4), (37,4), (36,4), (35,4), (35,5), (34,5), (33,5), (32,5), (32,6), (31,6), (30,6), (30,7), (30,8), (30,9), (29,9), (29,10), (29,11), (28,11), (28,12), (28,13), (28,14), (28,15), (28,16), (28,17), (27,17), (27,18), (27,19), (27,20), (27,21), (27,22), (27,23), (27,24), (27,25), (27,26), (27,27), (27,28), (27,29), (27,30), (27,31), (27,32), (27,33), (27,34), (27,35), (27,36), (27,37), (27,38), (27,39), (27,40), (27,41), (27,42), (27,43), (27,44), (27,45), (27,46), (27,47), (27,48), (27,49), (27,50), (27,51), (27,52), (27,53), (28,53), (28,54), (28,55), (28,56)",
        "time": 18.644649672791385
    },
    "Uber_Train_Uber": {
        "cost": 39.777141185444776,
        "env_tax": 0.07500000000000001,
        "route": "(66,7), (67,7), (68,7), (69,7), (70,7), (70,8), (70,9), (70,10)|(70,10), (69,10), (68,10), (67,10), (66,10), (65,10), (64,10), (63,10), (62,10), (61,10), (60,10), (59,10), (58,10), (57,10), (56,10), (55,10), (54,10), (53,10), (52,10), (51,10), (50,10), (49,10), (48,10), (47,10), (46,10), (45,10), (44,10), (43,10), (42,10), (41,10), (40,10), (39,10), (38,10), (37,10), (36,10), (35,10), (34,10), (33,10), (32,10), (31,10), (30,10), (30,10), (30,11), (30,12), (30,13), (30,14), (30,15), (30,16), (30,17), (30,18), (30,19), (30,20), (30,21), (30,22), (30,23), (30,24), (30,25), (30,26), (30,27), (30,28), (30,29), (30,30), (30,31), (30,32), (30,33), (30,34), (30,35), (30,36), (30,37), (30,38), (30,39), (30,40), (30,41), (30,42), (30,43), (30,44), (30,45), (30,46), (30,47), (30,48), (30,49), (30,50), (30,51), (30,52), (30,53), (30,54), (30,55), (30,56), (30,57), (30,58), (30,59), (30,60)|(30,60), (30,59), (29,59), (29,58), (28,58), (28,57), (28,56)",
        "time": 20.109452156250697
    },
    "Uber_Train_Walk": {
        "cost": 22.888595077571917,
        "env_tax": 0.04000000000000001,
        "route": "(66,7), (67,7), (68,7), (69,7), (70,7), (70,8), (70,9), (70,10)|(70,10), (69,10), (68,10), (67,10), (66,10), (65,10), (64,10), (63,10), (62,10), (61,10), (60,10), (59,10), (58,10), (57,10), (56,10), (55,10), (54,10), (53,10), (52,10), (51,10), (50,10), (49,10), (48,10), (47,10), (46,10), (45,10), (44,10), (43,10), (42,10), (41,10), (40,10), (39,10), (38,10), (37,10), (36,10), (35,10), (34,10), (33,10), (32,10), (31,10), (30,10), (30,10), (30,11), (30,12), (30,13), (30,14), (30,15), (30,16), (30,17), (30,18), (30,19), (30,20), (30,21), (30,22), (30,23), (30,24), (30,25), (30,26), (30,27), (30,28), (30,29), (30,30), (30,31), (30,32), (30,33), (30,34), (30,35), (30,36), (30,37), (30,38), (30,39), (30,40), (30,41), (30,42), (30,43), (30,44), (30,45), (30,46), (30,47), (30,48), (30,49), (30,50), (30,51), (30,52), (30,53), (30,54), (30,55), (30,56), (30,57), (30,58), (30,59), (30,60)|(30,60), (29,60), (28,60), (28,60), (28,59), (28,58), (28,57), (28,56)",
        "time": 467.430473075976
    },
    "Walk": {
        "cost": 0,
        "env_tax": 0,
        "route": "(66,7), (65,7), (64,7), (63,7), (62,7), (61,7), (60,7), (59,7), (58,7), (57,7), (56,7), (55,7), (54,7), (53,7), (52,7), (51,7), (50,7), (49,7), (48,7), (47,7), (46,7), (45,7), (44,7), (43,7), (42,7), (41,7), (40,7), (39,7), (38,7), (37,7), (36,7), (35,7), (34,7), (33,7), (32,7), (31,7), (30,7), (29,7), (28,7), (28,7), (28,8), (28,9), (28,10), (28,11), (28,12), (28,13), (28,14), (28,15), (28,16), (28,17), (28,18), (28,19), (28,20), (28,21), (28,22), (28,23), (28,24), (28,25), (28,26), (28,27), (28,28), (28,29), (28,30), (28,31), (28,32), (28,33), (28,34), (28,35), (28,36), (28,37), (28,38), (28,39), (28,40), (28,41), (28,42), (28,43), (28,44), (28,45), (28,46), (28,47), (28,48), (28,49), (28,50), (28,51), (28,52), (28,53), (28,54), (28,55), (28,56)",
        "time": 6487.115246957766
    },
    "Walk_Train_Uber": {
        "cost": 25.087740317132887,
        "env_tax": 0.035,
        "route": "(66,7), (67,7), (68,7), (69,7), (70,7), (70,7), (70,8), (70,9), (70,10)|(70,10), (69,10), (68,10), (67,10), (66,10), (65,10), (64,10), (63,10), (62,10), (61,10), (60,10), (59,10), (58,10), (57,10), (56,10), (55,10), (54,10), (53,10), (52,10), (51,10), (50,10), (49,10), (48,10), (47,10), (46,10), (45,10), (44,10), (43,10), (42,10), (41,10), (40,10), (39,10), (38,10), (37,10), (36,10), (35,10), (34,10), (33,10), (32,10), (31,10), (30,10), (30,10), (30,11), (30,12), (30,13), (30,14), (30,15), (30,16), (30,17), (30,18), (30,19), (30,20), (30,21), (30,22), (30,23), (30,24), (30,25), (30,26), (30,27), (30,28), (30,29), (30,30), (30,31), (30,32), (30,33), (30,34), (30,35), (30,36), (30,37), (30,38), (30,39), (30,40), (30,41), (30,42), (30,43), (30,44), (30,45), (30,46), (30,47), (30,48), (30,49), (30,50), (30,51), (30,52), (30,53), (30,54), (30,55), (30,56), (30,57), (30,58), (30,59), (30,60)|(30,60), (30,59), (29,59), (29,58), (28,58), (28,57), (28,56)",
        "time": 541.9319131996206
    },
    "Walk_Train_Walk": {
        "cost": 9.200000000000001,
        "env_tax": 0,
        "route": "(66,7), (67,7), (68,7), (69,7), (70,7), (70,7), (70,8), (70,9), (70,10)|(70,10), (69,10), (68,10), (67,10), (66,10), (65,10), (64,10), (63,10), (62,10), (61,10), (60,10), (59,10), (58,10), (57,10), (56,10), (55,10), (54,10), (53,10), (52,10), (51,10), (50,10), (49,10), (48,10), (47,10), (46,10), (45,10), (44,10), (43,10), (42,10), (41,10), (40,10), (39,10), (38,10), (37,10), (36,10), (35,10), (34,10), (33,10), (32,10), (31,10), (30,10), (30,10), (30,11), (30,12), (30,13), (30,14), (30,15), (30,16), (30,17), (30,18), (30,19), (30,20), (30,21), (30,22), (30,23), (30,24), (30,25), (30,26), (30,27), (30,28), (30,29), (30,30), (30,31), (30,32), (30,33), (30,34), (30,35), (30,36), (30,37), (30,38), (30,39), (30,40), (30,41), (30,42), (30,43), (30,44), (30,45), (30,46), (30,47), (30,48), (30,49), (30,50), (30,51), (30,52), (30,53), (30,54), (30,55), (30,56), (30,57), (30,58), (30,59), (30,60)|(30,60), (29,60), (28,60), (28,60), (28,59), (28,58), (28,57), (28,56)",
        "time": 978.7246169364626
    }
}