{
    "Uber": {
        "cost": 45.17584378841055,
        "env_tax": 0.17000000000000004,
        "route": "(62,51), (62,52), (62,53), (62,54), (62,55), (62,56), (62,57), (62,58), (62,59), (62,60), (62,61), (62,62), (62,63), (62,64), (62,65), (62,66), (62,67), (62,68), (62,69), (61,69), (61,70), (60,70), (60,71), (60,72), (60,73), (60,74), (60,75), (60,76), (60,77), (59,77), (58,77), (58,78), (57,78), (57,79)",
        "time": 17.189901030291555
    },
    "Uber_Train_Uber": {
        "cost": 32.56319911614244,
        "env_tax": 0.045000000000000005,
        "route": "(62,51), (62,50), (61,50), (60,50)|(60,50), (60,50), (60,51), (60,52), (60,53), (60,54), (60,55), (60,56), (60,57), (60,58), (60,59), (60,60), (60,61), (60,62), (60,63), (60,64), (60,65), (60,66), (60,67), (60,68), (60,69), (60,70), (60,71), (60,72), (60,73), (60,74), (60,75), (60,76), (60,77), (60,78), (60,79), (60,80)|(60,80), (59,80), (58,80), (57,80), (57,79)",
        "time": 17.395651852930275
    },
    "Uber_Train_Walk": {
        "cost": 18.27686562507079,
        "env_tax": 0.020000000000000004,
        "route": "(62,51), (62,50), (61,50), (60,50)|(60,50), (60,50), (60,51), (60,52), (60,53), (60,54), (60,55), (60,56), (60,57), (60,58), (60,59), (60,60), (60,61), (60,62), (60,63), (60,64), (60,65), (60,66), (60,67), (60,68), (60,69), (60,70), (60,71), (60,72), (60,73), (60,74), (60,75), (60,76), (60,77), (60,78), (60,79), (60,80)|(60,80), (59,80), (58,80), (57,80), (57,80), (57,79)",
        "time": 316.08412284872634
    },
    "Walk": {
        "cost": 0,
        "env_tax": 0,
        "route": "(62,51), (61,51), (60,51), (59,51), (58,51), (57,51), (57,51), (57,52), (57,53), (57,54), (57,55), (57,56), (57,57), (57,58), (57,59), (57,60), (57,61), (57,62), (57,63), (57,64), (57,65), (57,66), (57,67), (57,68), (57,69), (57,70), (57,71), (57,72), (57,73), (57,74), (57,75), (57,76), (57,77), (57,78), (57,79)",
        "time": 2460.6299212598424
    },
    "Walk_Train_Uber": {
        "cost": 17.7580507445661,
        "env_tax": 0.025,
        "route": "(62,51), (61,51), (60,51), (60,51), (60,50)|(60,50), (60,50), (60,51), (60,52), (60,53), (60,54), (60,55), (60,56), (60,57), (60,58), (60,59), (60,60), (60,61), (60,62), (60,63), (60,64), (60,65), (60,66), (60,67), (60,68), (60,69), (60,70), (60,71), (60,72), (60,73), (60,74), (60,75), (60,76), (60,77), (60,78), (60,79), (60,80)|(60,80), (59,80), (58,80), (57,80), (57,79)",
        "time": 241.12104937401253
    },
    "Walk_Train_Walk": {
        "cost": 3.2,
        "env_tax": 0,
        "route": "(62,51), (61,51), (60,51), (60,51), (60,50)|(60,50), (60,50), (60,51), (60,52), (60,53), (60,54), (60,55), (60,56), (60,57), (60,58), (60,59), (60,60), (60,61), (60,62), (60,63), (60,64), (60,65), (60,66), (60,67), (60,68), (60,69), (60,70), (60,71), (60,72), (60,73), (60,74), (60,75), (60,76), (60,77), (60,78), (60,79), (60,80)|(60,80), (59,80), (58,80), (57,80), (57,80), (57,79)",
        "time": 530.1054904358783
    }
}