{
    "Uber": {
        "cost": 45.89113455509606,
        "env_tax": 0.6300000000000001,
        "route": "(94,77), (94,78), (94,79), (93,79), (92,79), (92,80), (91,80), (91,81), (90,81), (90,82), (90,83), (89,83), (89,84), (88,84), (87,84), (86,84), (85,84), (84,84), (83,84), (82,84), (81,84), (81,85), (80,85), (80,86), (79,86), (78,86), (77,86), (76,86), (75,86), (74,86), (73,86), (72,86), (71,86), (70,86), (69,86), (68,86), (67,86), (66,86), (65,86), (64,86), (63,86), (62,86), (61,86), (61,87), (60,87), (59,87), (58,87), (57,87), (56,87), (55,87), (54,87), (53,87), (52,87), (51,87), (50,87), (49,87), (48,87), (47,87), (46,87), (45,87), (44,87), (43,87), (42,87), (41,87), (40,87), (39,87), (38,87), (37,87), (36,87), (35,87), (34,87), (33,87), (32,87), (31,87), (30,87), (29,87), (28,87), (27,87), (26,87), (25,87), (24,87), (23,87), (22,87), (21,87), (20,87), (19,87), (18,87), (17,87), (16,87), (16,86), (15,86), (14,86), (14,85), (13,85), (12,85), (11,85), (10,85), (9,85), (8,85), (7,85), (6,85), (5,85), (5,84), (5,83), (5,82), (5,81), (5,80), (5,79), (5,78), (5,77), (5,76), (5,75), (5,74), (5,73), (5,72), (5,71), (5,70), (5,69), (5,68), (5,67), (5,66), (5,65), (5,64), (5,63), (5,62), (5,61)",
        "time": 13.751659324811369
    },
    "Uber_Train_Uber": {
        "cost": 36.67070209127559,
        "env_tax": 0.07500000000000001,
        "route": "(94,77), (94,78), (94,79), (93,79), (92,79), (92,80), (91,80), (90,80)|(90,80), (89,80), (88,80), (87,80), (86,80), (85,80), (84,80), (83,80), (82,80), (81,80), (80,80), (79,80), (78,80), (77,80), (76,80), (75,80), (74,80), (73,80), (72,80), (71,80), (70,80), (69,80), (68,80), (67,80), (66,80), (65,80), (64,80), (63,80), (62,80), (61,80), (60,80), (59,80), (58,80), (57,80), (56,80), (55,80), (54,80), (53,80), (52,80), (51,80), (50,80), (49,80), (48,80), (47,80), (46,80), (45,80), (44,80), (43,80), (42,80), (41,80), (40,80), (39,80), (38,80), (37,80), (36,80), (35,80), (34,80), (33,80), (32,80), (31,80), (30,80), (29,80), (28,80), (27,80), (26,80), (25,80), (24,80), (23,80), (22,80), (21,80), (20,80), (19,80), (18,80), (17,80), (16,80), (15,80), (14,80), (13,80), (12,80), (11,80), (10,80), (10,80), (10,79), (10,78), (10,77), (10,76), (10,75), (10,74), (10,73), (10,72), (10,71), (10,70), (10,69), (10,68), (10,67), (10,66), (10,65), (10,64), (10,63), (10,62), (10,61), (10,60)|(10,60), (9,60), (8,60), (7,60), (6,60), (5,60), (5,61)",
        "time": 19.975640117063083
    },
    "Uber_Train_Walk": {
        "cost": 23.11703370953257,
        "env_tax": 0.04000000000000001,
        "route": "(94,77), (94,78), (94,79), (93,79), (92,79), (92,80), (91,80), (90,80)|(90,80), (89,80), (88,80), (87,80), (86,80), (85,80), (84,80), (83,80), (82,80), (81,80), (80,80), (79,80), (78,80), (77,80), (76,80), (75,80), (74,80), (73,80), (72,80), (71,80), (70,80), (69,80), (68,80), (67,80), (66,80), (65,80), (64,80), (63,80), (62,80), (61,80), (60,80), (59,80), (58,80), (57,80), (56,80), (55,80), (54,80), (53,80), (52,80), (51,80), (50,80), (49,80), (48,80), (47,80), (46,80), (45,80), (44,80), (43,80), (42,80), (41,80), (40,80), (39,80), (38,80), (37,80), (36,80), (35,80), (34,80), (33,80), (32,80), (31,80), (30,80), (29,80), (28,80), (27,80), (26,80), (25,80), (24,80), (23,80), (22,80), (21,80), (20,80), (19,80), (18,80), (17,80), (16,80), (15,80), (14,80), (13,80), (12,80), (11,80), (10,80), (10,80), (10,79), (10,78), (10,77), (10,76), (10,75), (10,74), (10,73), (10,72), (10,71), (10,70), (10,69), (10,68), (10,67), (10,66), (10,65), (10,64), (10,63), (10,62), (10,61), (10,60)|(10,60), (9,60), (8,60), (7,60), (6,60), (5,60), (5,60), (5,61)",
        "time": 462.1815402347382
    },
    "Walk": {
        "cost": 0,
        "env_tax": 0,
        "route": "(94,77), (93,77), (92,77), (91,77), (90,77), (89,77), (88,77), (87,77), (86,77), (85,77), (84,77), (83,77), (82,77), (81,77), (80,77), (79,77), (78,77), (77,77), (76,77), (75,77), (74,77), (73,77), (72,77), (71,77), (70,77), (69,77), (68,77), (67,77), (66,77), (65,77), (64,77), (63,77), (62,77), (61,77), (60,77), (59,77), (58,77), (57,77), (56,77), (55,77), (54,77), (53,77), (52,77), (51,77), (50,77), (49,77), (48,77), (47,77), (46,77), (45,77), (44,77), (43,77), (42,77), (41,77), (40,77), (39,77), (38,77), (37,77), (36,77), (35,77), (34,77), (33,77), (32,77), (31,77), (30,77), (29,77), (28,77), (27,77), (26,77), (25,77), (24,77), (23,77), (22,77), (21,77), (20,77), (19,77), (18,77), (17,77), (16,77), (15,77), (14,77), (13,77), (12,77), (11,77), (10,77), (9,77), (8,77), (7,77), (6,77), (5,77), (5,77), (5,76), (5,75), (5,74), (5,73), (5,72), (5,71), (5,70), (5,69), (5,68), (5,67), (5,66), (5,65), (5,64), (5,63), (5,62), (5,61)",
        "time": 7829.2770221904075
    },
    "Walk_Train_Uber": {
        "cost": 23.948910534329514,
        "env_tax": 0.035,
        "route": "(94,77), (93,77), (92,77), (91,77), (90,77), (90,77), (90,78), (90,79), (90,80)|(90,80), (89,80), (88,80), (87,80), (86,80), (85,80), (84,80), (83,80), (82,80), (81,80), (80,80), (79,80), (78,80), (77,80), (76,80), (75,80), (74,80), (73,80), (72,80), (71,80), (70,80), (69,80), (68,80), (67,80), (66,80), (65,80), (64,80), (63,80), (62,80), (61,80), (60,80), (59,80), (58,80), (57,80), (56,80), (55,80), (54,80), (53,80), (52,80), (51,80), (50,80), (49,80), (48,80), (47,80), (46,80), (45,80), (44,80), (43,80), (42,80), (41,80), (40,80), (39,80), (38,80), (37,80), (36,80), (35,80), (34,80), (33,80), (32,80), (31,80), (30,80), (29,80), (28,80), (27,80), (26,80), (25,80), (24,80), (23,80), (22,80), (21,80), (20,80), (19,80), (18,80), (17,80), (16,80), (15,80), (14,80), (13,80), (12,80), (11,80), (10,80), (10,80), (10,79), (10,78), (10,77), (10,76), (10,75), (10,74), (10,73), (10,72), (10,71), (10,70), (10,69), (10,68), (10,67), (10,66), (10,65), (10,64), (10,63), (10,62), (10,61), (10,60)|(10,60), (9,60), (8,60), (7,60), (6,60), (5,60), (5,61)",
        "time": 535.2417806001063
    },
    "Walk_Train_Walk": {
        "cost": 10.200000000000001,
        "env_tax": 0,
        "route": "(94,77), (93,77), (92,77), (91,77), (90,77), (90,77), (90,78), (90,79), (90,80)|(90,80), (89,80), (88,80), (87,80), (86,80), (85,80), (84,80), (83,80), (82,80), (81,80), (80,80), (79,80), (78,80), (77,80), (76,80), (75,80), (74,80), (73,80), (72,80), (71,80), (70,80), (69,80), (68,80), (67,80), (66,80), (65,80), (64,80), (63,80), (62,80), (61,80), (60,80), (59,80), (58,80), (57,80), (56,80), (55,80), (54,80), (53,80), (52,80), (51,80), (50,80), (49,80), (48,80), (47,80), (46,80), (45,80), (44,80), (43,80), (42,80), (41,80), (40,80), (39,80), (38,80), (37,80), (36,80), (35,80), (34,80), (33,80), (32,80), (31,80), (30,80), (29,80), (28,80), (27,80), (26,80), (25,80), (24,80), (23,80), (22,80), (21,80), (20,80), (19,80), (18,80), (17,80), (16,80), (15,80), (14,80), (13,80), (12,80), (11,80), (10,80), (10,80), (10,79), (10,78), (10,77), (10,76), (10,75), (10,74), (10,73), (10,72), (10,71), (10,70), (10,69), (10,68), (10,67), (10,66), (10,65), (10,64), (10,63), (10,62), (10,61), (10,60)|(10,60), (9,60), (8,60), (7,60), (6,60), (5,60), (5,60), (5,61)",
        "time": 977.8615928533061
    }
}