{
    "Uber": {
        "cost": 50.093133135941734,
        "env_tax": 0.7800000000000001,
        "route": "(5,68), (4,68), (4,67), (3,67), (2,67), (2,66), (2,65), (2,64), (2,63), (2,62), (2,61), (2,60), (2,59), (2,58), (2,57), (2,56), (2,55), (2,54), (2,53), (1,53), (1,52), (1,51), (1,50), (1,49), (1,48), (1,47), (1,46), (1,45), (1,44), (1,43), (1,42), (1,41), (1,40), (2,40), (2,39), (3,39), (4,39), (4,38), (4,37), (5,37), (5,36), (5,35), (5,34), (6,34), (6,33), (6,32), (7,32), (7,31), (7,30), (8,30), (9,30), (9,29), (9,28), (10,28), (11,28), (11,27), (12,27), (13,27), (13,26), (13,25), (14,25), (14,24), (15,24), (16,24), (16,23), (17,23), (18,23), (19,23), (20,23), (20,22), (21,22), (21,21), (21,20), (21,19), (22,19), (22,18), (23,18), (23,17), (24,17), (25,17), (26,17), (27,17), (28,17), (28,16), (28,15), (28,14), (29,14), (30,14), (30,13), (31,13), (31,12), (32,12), (33,12), (34,12), (35,12), (35,11), (36,11), (37,11), (37,10), (37,9), (37,8), (38,8), (38,7), (38,6), (39,6), (39,5), (40,5), (41,5), (42,5), (43,5), (44,5), (44,4), (45,4), (46,4), (47,4), (48,4), (49,4), (50,4), (51,4), (52,4), (53,4), (54,4), (55,4), (56,4), (57,4), (58,4), (59,4), (60,4), (61,4), (62,4), (63,4), (64,4), (65,4), (66,4), (67,4), (68,4), (69,4), (70,4), (71,4), (72,4), (73,4), (74,4), (74,5), (75,5), (76,5), (77,5), (78,5), (79,5), (80,5), (80,6), (80,7), (81,7), (81,8), (81,9), (81,10), (82,10)",
        "time": 17.975216186337285
    },
    "Uber_Train_Uber": {
        "cost": 38.34000272435181,
        "env_tax": 0.05500000000000001,
        "route": "(5,68), (5,69), (5,70), (6,70), (7,70), (8,70), (9,70), (10,70)|(10,70), (11,70), (12,70), (13,70), (14,70), (15,70), (16,70), (17,70), (18,70), (19,70), (20,70), (21,70), (22,70), (23,70), (24,70), (25,70), (26,70), (27,70), (28,70), (29,70), (30,70), (31,70), (32,70), (33,70), (34,70), (35,70), (36,70), (37,70), (38,70), (39,70), (40,70), (41,70), (42,70), (43,70), (44,70), (45,70), (46,70), (47,70), (48,70), (49,70), (50,70), (51,70), (52,70), (53,70), (54,70), (55,70), (56,70), (57,70), (58,70), (59,70), (60,70), (61,70), (62,70), (63,70), (64,70), (65,70), (66,70), (67,70), (68,70), (69,70), (70,70), (71,70), (72,70), (73,70), (74,70), (75,70), (76,70), (77,70), (78,70), (79,70), (80,70), (80,70), (80,69), (80,68), (80,67), (80,66), (80,65), (80,64), (80,63), (80,62), (80,61), (80,60), (80,59), (80,58), (80,57), (80,56), (80,55), (80,54), (80,53), (80,52), (80,51), (80,50), (80,49), (80,48), (80,47), (80,46), (80,45), (80,44), (80,43), (80,42), (80,41), (80,40), (80,39), (80,38), (80,37), (80,36), (80,35), (80,34), (80,33), (80,32), (80,31), (80,30), (80,29), (80,28), (80,27), (80,26), (80,25), (80,24), (80,23), (80,22), (80,21), (80,20), (80,19), (80,18), (80,17), (80,16), (80,15), (80,14), (80,13), (80,12), (80,11), (80,10)|(80,10), (81,10), (82,10)",
        "time": 17.24801987973772
    },
    "Uber_Train_Walk": {
        "cost": 26.602476154224817,
        "env_tax": 0.04000000000000001,
        "route": "(5,68), (5,69), (5,70), (6,70), (7,70), (8,70), (9,70), (10,70)|(10,70), (11,70), (12,70), (13,70), (14,70), (15,70), (16,70), (17,70), (18,70), (19,70), (20,70), (21,70), (22,70), (23,70), (24,70), (25,70), (26,70), (27,70), (28,70), (29,70), (30,70), (31,70), (32,70), (33,70), (34,70), (35,70), (36,70), (37,70), (38,70), (39,70), (40,70), (41,70), (42,70), (43,70), (44,70), (45,70), (46,70), (47,70), (48,70), (49,70), (50,70), (51,70), (52,70), (53,70), (54,70), (55,70), (56,70), (57,70), (58,70), (59,70), (60,70), (61,70), (62,70), (63,70), (64,70), (65,70), (66,70), (67,70), (68,70), (69,70), (70,70), (71,70), (72,70), (73,70), (74,70), (75,70), (76,70), (77,70), (78,70), (79,70), (80,70), (80,70), (80,69), (80,68), (80,67), (80,66), (80,65), (80,64), (80,63), (80,62), (80,61), (80,60), (80,59), (80,58), (80,57), (80,56), (80,55), (80,54), (80,53), (80,52), (80,51), (80,50), (80,49), (80,48), (80,47), (80,46), (80,45), (80,44), (80,43), (80,42), (80,41), (80,40), (80,39), (80,38), (80,37), (80,36), (80,35), (80,34), (80,33), (80,32), (80,31), (80,30), (80,29), (80,28), (80,27), (80,26), (80,25), (80,24), (80,23), (80,22), (80,21), (80,20), (80,19), (80,18), (80,17), (80,16), (80,15), (80,14), (80,13), (80,12), (80,11), (80,10)|(80,10), (81,10), (82,10), (82,10)",
        "time": 160.9238763841124
    },
    "Walk": {
        "cost": 0,
        "env_tax": 0,
        "route": "(5,68), (6,68), (7,68), (8,68), (9,68), (10,68), (11,68), (12,68), (13,68), (14,68), (15,68), (16,68), (17,68), (18,68), (19,68), (20,68), (21,68), (22,68), (23,68), (24,68), (25,68), (26,68), (27,68), (28,68), (29,68), (30,68), (31,68), (32,68), (33,68), (34,68), (35,68), (36,68), (37,68), (38,68), (39,68), (40,68), (41,68), (42,68), (43,68), (44,68), (45,68), (46,68), (47,68), (48,68), (49,68), (50,68), (51,68), (52,68), (53,68), (54,68), (55,68), (56,68), (57,68), (58,68), (59,68), (60,68), (61,68), (62,68), (63,68), (64,68), (65,68), (66,68), (67,68), (68,68), (69,68), (70,68), (71,68), (72,68), (73,68), (74,68), (75,68), (76,68), (77,68), (78,68), (79,68), (80,68), (81,68), (82,68), (82,68), (82,67), (82,66), (82,65), (82,64), (82,63), (82,62), (82,61), (82,60), (82,59), (82,58), (82,57), (82,56), (82,55), (82,54), (82,53), (82,52), (82,51), (82,50), (82,49), (82,48), (82,47), (82,46), (82,45), (82,44), (82,43), (82,42), (82,41), (82,40), (82,39), (82,38), (82,37), (82,36), (82,35), (82,34), (82,33), (82,32), (82,31), (82,30), (82,29), (82,28), (82,27), (82,26), (82,25), (82,24), (82,23), (82,22), (82,21), (82,20), (82,19), (82,18), (82,17), (82,16), (82,15), (82,14), (82,13), (82,12), (82,11), (82,10)",
        "time": 10066.21331424481
    },
    "Walk_Train_Uber": {
        "cost": 25.437590231171882,
        "env_tax": 0.015000000000000003,
        "route": "(5,68), (6,68), (7,68), (8,68), (9,68), (10,68), (10,68), (10,69), (10,70)|(10,70), (11,70), (12,70), (13,70), (14,70), (15,70), (16,70), (17,70), (18,70), (19,70), (20,70), (21,70), (22,70), (23,70), (24,70), (25,70), (26,70), (27,70), (28,70), (29,70), (30,70), (31,70), (32,70), (33,70), (34,70), (35,70), (36,70), (37,70), (38,70), (39,70), (40,70), (41,70), (42,70), (43,70), (44,70), (45,70), (46,70), (47,70), (48,70), (49,70), (50,70), (51,70), (52,70), (53,70), (54,70), (55,70), (56,70), (57,70), (58,70), (59,70), (60,70), (61,70), (62,70), (63,70), (64,70), (65,70), (66,70), (67,70), (68,70), (69,70), (70,70), (71,70), (72,70), (73,70), (74,70), (75,70), (76,70), (77,70), (78,70), (79,70), (80,70), (80,70), (80,69), (80,68), (80,67), (80,66), (80,65), (80,64), (80,63), (80,62), (80,61), (80,60), (80,59), (80,58), (80,57), (80,56), (80,55), (80,54), (80,53), (80,52), (80,51), (80,50), (80,49), (80,48), (80,47), (80,46), (80,45), (80,44), (80,43), (80,42), (80,41), (80,40), (80,39), (80,38), (80,37), (80,36), (80,35), (80,34), (80,33), (80,32), (80,31), (80,30), (80,29), (80,28), (80,27), (80,26), (80,25), (80,24), (80,23), (80,22), (80,21), (80,20), (80,19), (80,18), (80,17), (80,16), (80,15), (80,14), (80,13), (80,12), (80,11), (80,10)|(80,10), (81,10), (82,10)",
        "time": 535.4002242790963
    },
    "Walk_Train_Walk": {
        "cost": 13.200000000000001,
        "env_tax": 0,