{
    "Uber": {
        "cost": 31.51776340837083,
        "env_tax": 0.6600000000000001,
        "route": "(92,85), (93,85), (93,84), (94,84), (95,84), (95,83), (96,83), (96,82), (97,82), (97,81), (97,80), (97,79), (97,78), (97,77), (97,76), (97,75), (98,75), (98,74), (98,73), (99,73), (99,72), (99,71), (99,70), (99,69), (99,68), (99,67), (99,66), (99,65), (99,64), (99,63), (99,62), (99,61), (99,60), (99,59), (99,58), (99,57), (99,56), (99,55), (99,54), (99,53), (99,52), (99,51), (99,50), (99,49), (99,48), (99,47), (99,46), (99,45), (99,44), (99,43), (99,42), (99,41), (99,40), (99,39), (99,38), (99,37), (99,36), (99,35), (99,34), (99,33), (99,32), (99,31), (99,30), (99,29), (99,28), (99,27), (99,26), (98,26), (98,25), (98,24), (98,23), (98,22), (98,21), (98,20), (98,19), (98,18), (98,17), (98,16), (97,16), (97,15), (97,14), (96,14), (96,13), (95,13), (94,13), (94,12), (94,11), (94,10), (94,9), (94,8), (93,8), (93,7), (93,6), (93,5), (93,4), (92,4), (92,3), (92,2), (92,1), (91,1), (90,1), (90,0), (89,0), (88,0), (87,0), (86,0), (85,0), (84,0), (83,0), (82,0), (81,0), (80,0), (79,0), (78,0), (77,0), (76,0), (75,0), (74,0), (73,0), (72,0), (71,0), (70,0), (69,0), (68,0), (67,0), (66,0), (65,0), (64,0), (63,0), (62,0), (61,0), (60,0)",
        "time": 13.564281359487277
    },
    "Uber_Train_Uber": {
        "cost": 37.31581910938939,
        "env_tax": 0.09500000000000001,
        "route": "(92,85), (91,85), (91,84), (91,83), (91,82), (91,81), (90,81), (90,80)|(90,80), (89,80), (88,80), (87,80), (86,80), (85,80), (84,80), (83,80), (82,80), (81,80), (80,80), (79,80), (78,80), (77,80), (76,80), (75,80), (74,80), (73,80), (72,80), (71,80), (70,80), (69,80), (68,80), (67,80), (66,80), (65,80), (64,80), (63,80), (62,80), (61,80), (60,80), (60,80), (60,79), (60,78), (60,77), (60,76), (60,75), (60,74), (60,73), (60,72), (60,71), (60,70), (60,69), (60,68), (60,67), (60,66), (60,65), (60,64), (60,63), (60,62), (60,61), (60,60), (60,59), (60,58), (60,57), (60,56), (60,55), (60,54), (60,53), (60,52), (60,51), (60,50), (60,49), (60,48), (60,47), (60,46), (60,45), (60,44), (60,43), (60,42), (60,41), (60,40), (60,39), (60,38), (60,37), (60,36), (60,35), (60,34), (60,33), (60,32), (60,31), (60,30), (60,29), (60,28), (60,27), (60,26), (60,25), (60,24), (60,23), (60,22), (60,21), (60,20), (60,19), (60,18), (60,17), (60,16), (60,15), (60,14), (60,13), (60,12), (60,11), (60,10)|(60,10), (60,9), (60,8), (60,7), (60,6), (60,5), (60,4), (60,3), (60,2), (60,1), (60,0)",
        "time": 19.549783607110967
    },
    "Uber_Train_Walk": {
        "cost": 23.398335852220704,
        "env_tax": 0.04000000000000001,
        "route": "(92,85), (91,85), (91,84), (91,83), (91,82), (91,81), (90,81), (90,80)|(90,80), (89,80), (88,80), (87,80), (86,80), (85,80), (84,80), (83,80), (82,80), (81,80), (80,80), (79,80), (78,80), (77,80), (76,80), (75,80), (74,80), (73,80), (72,80), (71,80), (70,80), (69,80), (68,80), (67,80), (66,80), (65,80), (64,80), (63,80), (62,80), (61,80), (60,80), (60,80), (60,79), (60,78), (60,77), (60,76), (60,75), (60,74), (60,73), (60,72), (60,71), (60,70), (60,69), (60,68), (60,67), (60,66), (60,65), (60,64), (60,63), (60,62), (60,61), (60,60), (60,59), (60,58), (60,57), (60,56), (60,55), (60,54), (60,53), (60,52), (60,51), (60,50), (60,49), (60,48), (60,47), (60,46), (60,45), (60,44), (60,43), (60,42), (60,41), (60,40), (60,39), (60,38), (60,37), (60,36), (60,35), (60,34), (60,33), (60,32), (60,31), (60,30), (60,29), (60,28), (60,27), (60,26), (60,25), (60,24), (60,23), (60,22), (60,21), (60,20), (60,19), (60,18), (60,17), (60,16), (60,15), (60,14), (60,13), (60,12), (60,11), (60,10)|(60,10), (60,10), (60,9), (60,8), (60,7), (60,6), (60,5), (60,4), (60,3), (60,2), (60,1), (60,0)",
        "time": 760.5376967964718
    },
    "Walk": {
        "cost": 0,
        "env_tax": 0,
        "route": "(92,85), (91,85), (90,85), (89,85), (88,85), (87,85), (86,85), (85,85), (84,85), (83,85), (82,85), (81,85), (80,85), (79,85), (78,85), (77,85), (76,85), (75,85), (74,85), (73,85), (72,85), (71,85), (70,85), (69,85), (68,85), (67,85), (66,85), (65,85), (64,85), (63,85), (62,85), (61,85), (60,85), (60,85), (60,84), (60,83), (60,82), (60,81), (60,80), (60,79), (60,78), (60,77), (60,76), (60,75), (60,74), (60,73), (60,72), (60,71), (60,70), (60,69), (60,68), (60,67), (60,66), (60,65), (60,64), (60,63), (60,62), (60,61), (60,60), (60,59), (60,58), (60,57), (60,56), (60,55), (60,54), (60,53), (60,52), (60,51), (60,50), (60,49), (60,48), (60,47), (60,46), (60,45), (60,44), (60,43), (60,42), (60,41), (60,40), (60,39), (60,38), (60,37), (60,36), (60,35), (60,34), (60,33), (60,32), (60,31), (60,30), (60,29), (60,28), (60,27), (60,26), (60,25), (60,24), (60,23), (60,22), (60,21), (60,20), (60,19), (60,18), (60,17), (60,16), (60,15), (60,14), (60,13), (60,12), (60,11), (60,10), (60,9), (60,8), (60,7), (60,6), (60,5), (60,4), (60,3), (60,2), (60,1), (60,0)",
        "time": 8724.051539012169
    },
    "Walk_Train_Uber": {
        "cost": 24.543971312423814,
        "env_tax": 0.05500000000000001,
        "route": "(92,85), (91,85), (90,85), (90,85), (90,84), (90,83), (90,82), (90,81), (90,80)|(90,80), (89,80), (88,80), (87,80), (86,80), (85,80), (84,80), (83,80), (82,80), (81,80), (80,80), (79,80), (78,80), (77,80), (76,80), (75,80), (74,80), (73,80), (72,80), (71,80), (70,80), (69,80), (68,80), (67,80), (66,80), (65,80), (64,80), (63,80), (62,80), (61,80), (60,80), (60,80), (60,79), (60,78), (60,77), (60,76), (60,75), (60,74), (60,73), (60,72), (60,71), (60,70), (60,69), (60,68), (60,67), (60,66), (60,65), (60,64), (60,63), (60,62), (60,61), (60,60), (60,59), (60,58), (60,57), (60,56), (60,55), (60,54), (60,53), (60,52), (60,51), (60,50), (60,49), (60,48), (60,47), (60,46), (60,45), (60,44), (60,43), (60,42), (60,41), (60,40), (60,39), (60,38), (60,37), (60,36), (60,35), (60,34), (60,33), (60,32), (60,31), (60,30), (60,29), (60,28), (60,27), (60,26), (60,25), (60,24), (60,23), (60,22), (60,21), (60,20), (60,19), (60,18), (60,17), (60,16), (60,15), (60,14), (60,13), (60,12), (60,11), (60,10)|(60,10), (60,9), (60,8), (60,7), (60,6), (60,5), (60,4), (60,3), (60,2), (60,1), (60,0)",
        "time": 534.7853401483916
    },
    "Walk_Train_Walk": {
        "cost": 10.200000000000001,
        "env_tax": 0,
        "route": "(92,85), (91,85), (90,85), (90,85), (90,84), (90,83), (90,82), (90,81), (90,80)|(90,80), (89,80), (88,80), (87,80), (86,80), (85,80), (84,80), (83,80), (82,80), (81,80), (80,80), (79,80), (78,80), (77,80), (76,80), (75,80), (74,80), (73,80), (72,80), (71,80), (70,80), (69,80), (68,80), (67,80), (66,80), (65,80), (64,80), (63,80), (62,80), (61,80), (60,80), (60,80), (60,79), (60,78), (60,77), (60,76), (60,75), (60,74), (60,73), (60,72), (60,71), (60,70), (60,69), (60,68), (60,67), (60,66), (60,65), (60,64), (60,63), (60,62), (60,61), (60,60), (60,59), (60,58), (60,57), (60,56), (60,55), (60,54), (60,53), (60,52), (60,51), (60,50), (60,49), (60,48), (60,47), (60,46), (60,45), (60,44), (60,43), (60,42), (60,41), (60,40), (60,39), (60,38), (60,37), (60,36), (60,35), (60,34), (60,33), (60,32), (60,31), (60,30), (60,29), (60,28), (60,27), (60,26), (60,25), (60,24), (60,23), (60,22), (60,21), (60,20), (60,19), (60,18), (60,17), (60,16), (60,15), (60,14), (60,13), (60,12), (60,11), (60,10)|(60,10), (60,10), (60,9), (60,8), (60,7), (60,6), (60,5), (60,4), (60,3), (60,2), (60,1), (60,0)",
        "time": 1272.0296045441078
    }
}