{
    "Uber": {
        "cost": 31.22453247902833,
        "env_tax": 0.28,
        "route": "(47,99), (46,99), (45,99), (44,99), (44,98), (43,98), (42,98), (41,98), (41,97), (40,97), (39,97), (38,97), (37,97), (36,97), (35,97), (35,96), (35,95), (34,95), (34,94), (34,93), (33,93), (33,92), (33,91), (32,91), (31,91), (30,91), (29,91), (29,90), (28,90), (28,89), (28,88), (28,87), (28,86), (28,85), (28,84), (28,83), (28,82), (28,81), (28,80), (29,80), (29,79), (29,78), (29,77), (29,76), (29,75), (29,74), (29,73), (29,72), (29,71), (29,70), (29,69), (29,68), (29,67), (29,66), (29,65), (29,64)",
        "time": 11.460090127516885
    },
    "Uber_Train_Uber": {
        "cost": 36.57026867241937,
        "env_tax": 0.095,
        "route": "(47,99), (47,98), (48,98), (48,97), (48,96), (48,95), (49,95), (49,94), (49,93), (49,92), (50,92), (50,91), (50,90)|(50,90), (49,90), (48,90), (47,90), (46,90), (45,90), (44,90), (43,90), (42,90), (41,90), (40,90), (39,90), (38,90), (37,90), (36,90), (35,90), (34,90), (33,90), (32,90), (31,90), (30,90), (30,90), (30,89), (30,88), (30,87), (30,86), (30,85), (30,84), (30,83), (30,82), (30,81), (30,80), (30,79), (30,78), (30,77), (30,76), (30,75), (30,74), (30,73), (30,72), (30,71), (30,70), (30,69), (30,68), (30,67), (30,66), (30,65), (30,64), (30,63), (30,62), (30,61), (30,60)|(30,60), (30,61), (30,62), (30,63), (30,64), (29,64)",
        "time": 20.15117713411957
    },
    "Uber_Train_Walk": {
        "cost": 20.406811659279697,
        "env_tax": 0.065,
        "route": "(47,99), (47,98), (48,98), (48,97), (48,96), (48,95), (49,95), (49,94), (49,93), (49,92), (50,92), (50,91), (50,90)|(50,90), (49,90), (48,90), (47,90), (46,90), (45,90), (44,90), (43,90), (42,90), (41,90), (40,90), (39,90), (38,90), (37,90), (36,90), (35,90), (34,90), (33,90), (32,90), (31,90), (30,90), (30,90), (30,89), (30,88), (30,87), (30,86), (30,85), (30,84), (30,83), (30,82), (30,81), (30,80), (30,79), (30,78), (30,77), (30,76), (30,75), (30,74), (30,73), (30,72), (30,71), (30,70), (30,69), (30,68), (30,67), (30,66), (30,65), (30,64), (30,63), (30,62), (30,61), (30,60)|(30,60), (29,60), (29,60), (29,61), (29,62), (29,63), (29,64)",
        "time": 387.9911089275271
    },
    "Walk": {
        "cost": 0,
        "env_tax": 0,
        "route": "(47,99), (46,99), (45,99), (44,99), (43,99), (42,99), (41,99), (40,99), (39,99), (38,99), (37,99), (36,99), (35,99), (34,99), (33,99), (32,99), (31,99), (30,99), (29,99), (29,99), (29,98), (29,97), (29,96), (29,95), (29,94), (29,93), (29,92), (29,91), (29,90), (29,89), (29,88), (29,87), (29,86), (29,85), (29,84), (29,83), (29,82), (29,81), (29,80), (29,79), (29,78), (29,77), (29,76), (29,75), (29,74), (29,73), (29,72), (29,71), (29,70), (29,69), (29,68), (29,67), (29,66), (29,65), (29,64)",
        "time": 3951.9207826294437
    },
    "Walk_Train_Uber": {
        "cost": 20.008026038379743,
        "env_tax": 0.030000000000000006,
        "route": "(47,99), (48,99), (49,99), (50,99), (50,99), (50,98), (50,97), (50,96), (50,95), (50,94), (50,93), (50,92), (50,91), (50,90)|(50,90), (49,90), (48,90), (47,90), (46,90), (45,90), (44,90), (43,90), (42,90), (41,90), (40,90), (39,90), (38,90), (37,90), (36,90), (35,90), (34,90), (33,90), (32,90), (31,90), (30,90), (30,90), (30,89), (30,88), (30,87), (30,86), (30,85), (30,84), (30,83), (30,82), (30,81), (30,80), (30,79), (30,78), (30,77), (30,76), (30,75), (30,74), (30,73), (30,72), (30,71), (30,70), (30,69), (30,68), (30,67), (30,66), (30,65), (30,64), (30,63), (30,62), (30,61), (30,60)|(30,60), (30,61), (30,62), (30,63), (30,64), (29,64)",
        "time": 910.0343772764973
    },
    "Walk_Train_Walk": {
        "cost": 5.2,
        "env_tax": 0,
        "route": "(47,99), (48,99), (49,99), (50,99), (50,99), (50,98), (50,97), (50,96), (50,95), (50,94), (50,93), (50,92), (50,91), (50,90)|(50,90), (49,90), (48,90), (47,90), (46,90), (45,90), (44,90), (43,90), (42,90), (41,90), (40,90), (39,90), (38,90), (37,90), (36,90), (35,90), (34,90), (33,90), (32,90), (31,90), (30,90), (30,90), (30,89), (30,88), (30,87), (30,86), (30,85), (30,84), (30,83), (30,82), (30,81), (30,80), (30,79), (30,78), (30,77), (30,76), (30,75), (30,74), (30,73), (30,72), (30,71), (30,70), (30,69), (30,68), (30,67), (30,66), (30,65), (30,64), (30,63), (30,62), (30,61), (30,60)|(30,60), (29,60), (29,60), (29,61), (29,62), (29,63), (29,64)",
        "time": 1274.794466707826
    }
}