{
    "Uber": {
        "cost": 44.507826840888875,
        "env_tax": 0.43500000000000005,
        "route": "(9,72), (9,73), (9,74), (10,74), (10,75), (11,75), (11,76), (11,77), (11,78), (11,79), (11,80), (11,81), (12,81), (12,82), (12,83), (13,83), (13,84), (14,84), (15,84), (16,84), (17,84), (18,84), (19,84), (20,84), (21,84), (22,84), (23,84), (24,84), (25,84), (26,84), (27,84), (28,84), (29,84), (30,84), (31,84), (32,84), (33,84), (34,84), (35,84), (36,84), (37,84), (38,84), (39,84), (40,84), (40,83), (41,83), (42,83), (43,83), (44,83), (45,83), (46,83), (47,83), (48,83), (49,83), (50,83), (51,83), (52,83), (53,83), (54,83), (55,83), (56,83), (57,83), (58,83), (59,83), (60,83), (61,83), (62,83), (63,83), (64,83), (65,83), (66,83), (67,83), (68,83), (69,83), (70,83), (71,83), (71,82), (71,81), (71,80), (71,79), (71,78), (71,77), (71,76), (72,76), (72,75), (72,74), (73,74)",
        "time": 14.633256273341594
    },
    "Uber_Train_Uber": {
        "cost": 34.96822577794005,
        "env_tax": 0.06000000000000001,
        "route": "(9,72), (10,72), (10,71), (10,70)|(10,70), (11,70), (12,70), (13,70), (14,70), (15,70), (16,70), (17,70), (18,70), (19,70), (20,70), (21,70), (22,70), (23,70), (24,70), (25,70), (26,70), (27,70), (28,70), (29,70), (30,70), (31,70), (32,70), (33,70), (34,70), (35,70), (36,70), (37,70), (38,70), (39,70), (40,70), (41,70), (42,70), (43,70), (44,70), (45,70), (46,70), (47,70), (48,70), (49,70), (50,70), (51,70), (52,70), (53,70), (54,70), (55,70), (56,70), (57,70), (58,70), (59,70), (60,70), (61,70), (62,70), (63,70), (64,70), (65,70), (66,70), (67,70), (68,70), (69,70), (70,70), (70,70)|(70,70), (71,70), (71,71), (72,71), (72,72), (72,73), (72,74), (73,74)",
        "time": 25.175621619160097
    },
    "Uber_Train_Walk": {
        "cost": 18.907165532690748,
        "env_tax": 0.020000000000000004,
        "route": "(9,72), (10,72), (10,71), (10,70)|(10,70), (11,70), (12,70), (13,70), (14,70), (15,70), (16,70), (17,70), (18,70), (19,70), (20,70), (21,70), (22,70), (23,70), (24,70), (25,70), (26,70), (27,70), (28,70), (29,70), (30,70), (31,70), (32,70), (33,70), (34,70), (35,70), (36,70), (37,70), (38,70), (39,70), (40,70), (41,70), (42,70), (43,70), (44,70), (45,70), (46,70), (47,70), (48,70), (49,70), (50,70), (51,70), (52,70), (53,70), (54,70), (55,70), (56,70), (57,70), (58,70), (59,70), (60,70), (61,70), (62,70), (63,70), (64,70), (65,70), (66,70), (67,70), (68,70), (69,70), (70,70), (70,70)|(70,70), (71,70), (72,70), (73,70), (73,70), (73,71), (73,72), (73,73), (73,74)",
        "time": 535.5408051474517
    },
    "Walk": {
        "cost": 0,
        "env_tax": 0,
        "route": "(9,72), (10,72), (11,72), (12,72), (13,72), (14,72), (15,72), (16,72), (17,72), (18,72), (19,72), (20,72), (21,72), (22,72), (23,72), (24,72), (25,72), (26,72), (27,72), (28,72), (29,72), (30,72), (31,72), (32,72), (33,72), (34,72), (35,72), (36,72), (37,72), (38,72), (39,72), (40,72), (41,72), (42,72), (43,72), (44,72), (45,72), (46,72), (47,72), (48,72), (49,72), (50,72), (51,72), (52,72), (53,72), (54,72), (55,72), (56,72), (57,72), (58,72), (59,72), (60,72), (61,72), (62,72), (63,72), (64,72), (65,72), (66,72), (67,72), (68,72), (69,72), (70,72), (71,72), (72,72), (73,72), (73,72), (73,73), (73,74)",
        "time": 4921.259842519685
    },
    "Walk_Train_Uber": {
        "cost": 22.168380147009543,
        "env_tax": 0.04000000000000001,
        "route": "(9,72), (10,72), (10,72), (10,71), (10,70)|(10,70), (11,70), (12,70), (13,70), (14,70), (15,70), (16,70), (17,70), (18,70), (19,70), (20,70), (21,70), (22,70), (23,70), (24,70), (25,70), (26,70), (27,70), (28,70), (29,70), (30,70), (31,70), (32,70), (33,70), (34,70), (35,70), (36,70), (37,70), (38,70), (39,70), (40,70), (41,70), (42,70), (43,70), (44,70), (45,70), (46,70), (47,70), (48,70), (49,70), (50,70), (51,70), (52,70), (53,70), (54,70), (55,70), (56,70), (57,70), (58,70), (59,70), (60,70), (61,70), (62,70), (63,70), (64,70), (65,70), (66,70), (67,70), (68,70), (69,70), (70,70), (70,70)|(70,70), (71,70), (71,71), (72,71), (72,72), (72,73), (72,74), (73,74)",
        "time": 238.3798583392712
    },
    "Walk_Train_Walk": {
        "cost": 6.2,
        "env_tax": 0,
        "route": "(9,72), (10,72), (10,72), (10,71), (10,70)|(10,70), (11,70), (12,70), (13,70), (14,70), (15,70), (16,70), (17,70), (18,70), (19,70), (20,70), (21,70), (22,70), (23,70), (24,70), (25,70), (26,70), (27,70), (28,70), (29,70), (30,70), (31,70), (32,70), (33,70), (34,70), (35,70), (36,70), (37,70), (38,70), (39,70), (40,70), (41,70), (42,70), (43,70), (44,70), (45,70), (46,70), (47,70), (48,70), (49,70), (50,70), (51,70), (52,70), (53,70), (54,70), (55,70), (56,70), (57,70), (58,70), (59,70), (60,70), (61,70), (62,70), (63,70), (64,70), (65,70), (66,70), (67,70), (68,70), (69,70), (70,70), (70,70)|(70,70), (71,70), (72,70), (73,70), (73,70), (73,71), (73,72), (73,73), (73,74)",
        "time": 751.9487112052204
    }
}