{
    "Uber": {
        "cost": 50.489662311453905,
        "env_tax": 0.37000000000000005,
        "route": "(60,43), (60,42), (60,41), (60,40), (60,39), (60,38), (60,37), (60,36), (60,35), (60,34), (60,33), (60,32), (60,31), (60,30), (60,29), (60,28), (59,28), (59,27), (59,26), (59,25), (59,24), (59,23), (59,22), (59,21), (59,20), (58,20), (58,19), (57,19), (56,19), (56,18), (55,18), (55,17), (55,16), (54,16), (53,16), (53,15), (52,15), (51,15), (50,15), (49,15), (48,15), (48,14), (47,14), (46,14), (45,14), (44,14), (43,14), (42,14), (41,14), (40,14), (39,14), (38,14), (37,14), (36,14), (35,14), (34,14), (33,14), (32,14), (31,14), (30,14), (29,14), (28,14), (27,14), (26,14), (25,14), (24,14), (24,15), (23,15), (23,16), (22,16), (22,17), (22,18), (22,19), (22,20)",
        "time": 20.08114250628428
    },
    "Uber_Train_Uber": {
        "cost": 34.04264557713468,
        "env_tax": 0.035,
        "route": "(60,43), (60,42), (60,41), (60,40)|(60,40), (59,40), (58,40), (57,40), (56,40), (55,40), (54,40), (53,40), (52,40), (51,40), (50,40), (49,40), (48,40), (47,40), (46,40), (45,40), (44,40), (43,40), (42,40), (41,40), (40,40), (39,40), (38,40), (37,40), (36,40), (35,40), (34,40), (33,40), (32,40), (31,40), (30,40), (29,40), (28,40), (27,40), (26,40), (25,40), (24,40), (23,40), (22,40), (21,40), (20,40), (20,40), (20,39), (20,38), (20,37), (20,36), (20,35), (20,34), (20,33), (20,32), (20,31), (20,30), (20,29), (20,28), (20,27), (20,26), (20,25), (20,24), (20,23), (20,22), (20,21), (20,20)|(20,20), (21,20), (22,20)",
        "time": 21.532677206330966
    },
    "Uber_Train_Walk": {
        "cost": 21.159178899696876,
        "env_tax": 0.020000000000000004,
        "route": "(60,43), (60,42), (60,41), (60,40)|(60,40), (59,40), (58,40), (57,40), (56,40), (55,40), (54,40), (53,40), (52,40), (51,40), (50,40), (49,40), (48,40), (47,40), (46,40), (45,40), (44,40), (43,40), (42,40), (41,40), (40,40), (39,40), (38,40), (37,40), (36,40), (35,40), (34,40), (33,40), (32,40), (31,40), (30,40), (29,40), (28,40), (27,40), (26,40), (25,40), (24,40), (23,40), (22,40), (21,40), (20,40), (20,40), (20,39), (20,38), (20,37), (20,36), (20,35), (20,34), (20,33), (20,32), (20,31), (20,30), (20,29), (20,28), (20,27), (20,26), (20,25), (20,24), (20,23), (20,22), (20,21), (20,20)|(20,20), (21,20), (22,20), (22,20)",
        "time": 158.5111357810895
    },
    "Walk": {
        "cost": 0,
        "env_tax": 0,
        "route": "(60,43), (59,43), (58,43), (57,43), (56,43), (55,43), (54,43), (53,43), (52,43), (51,43), (50,43), (49,43), (48,43), (47,43), (46,43), (45,43), (44,43), (43,43), (42,43), (41,43), (40,43), (39,43), (38,43), (37,43), (36,43), (35,43), (34,43), (33,43), (32,43), (31,43), (30,43), (29,43), (28,43), (27,43), (26,43), (25,43), (24,43), (23,43), (22,43), (22,43), (22,42), (22,41), (22,40), (22,39), (22,38), (22,37), (22,36), (22,35), (22,34), (22,33), (22,32), (22,31), (22,30), (22,29), (22,28), (22,27), (22,26), (22,25), (22,24), (22,23), (22,22), (22,21), (22,20)",
        "time": 4548.437127177284
    },
    "Walk_Train_Uber": {
        "cost": 18.681136567471064,
        "env_tax": 0.015000000000000003,
        "route": "(60,43), (60,43), (60,42), (60,41), (60,40)|(60,40), (59,40), (58,40), (57,40), (56,40), (55,40), (54,40), (53,40), (52,40), (51,40), (50,40), (49,40), (48,40), (47,40), (46,40), (45,40), (44,40), (43,40), (42,40), (41,40), (40,40), (39,40), (38,40), (37,40), (36,40), (35,40), (34,40), (33,40), (32,40), (31,40), (30,40), (29,40), (28,40), (27,40), (26,40), (25,40), (24,40), (23,40), (22,40), (21,40), (20,40), (20,40), (20,39), (20,38), (20,37), (20,36), (20,35), (20,34), (20,33), (20,32), (20,31), (20,30), (20,29), (20,28), (20,27), (20,26), (20,25), (20,24), (20,23), (20,22), (20,21), (20,20)|(20,20), (21,20), (22,20)",
        "time": 236.1028742335925
    },
    "Walk_Train_Walk": {
        "cost": 6.2,
        "env_tax": 0,
        "route": "(60,43), (60,43), (60,42), (60,41), (60,40)|(60,40), (59,40), (58,40), (57,40), (56,40), (55,40), (54,40), (53,40), (52,40), (51,40), (50,40), (49,40), (48,40), (47,40), (46,40), (45,40), (44,40), (43,40), (42,40), (41,40), (40,40), (39,40), (38,40), (37,40), (36,40), (35,40), (34,40), (33,40), (32,40), (31,40), (30,40), (29,40), (28,40), (27,40), (26,40), (25,40), (24,40), (23,40), (22,40), (21,40), (20,40), (20,40), (20,39), (20,38), (20,37), (20,36), (20,35), (20,34), (20,33), (20,32), (20,31), (20,30), (20,29), (20,28), (20,27), (20,26), (20,25), (20,24), (20,23), (20,22), (20,21), (20,20)|(20,20), (21,20), (22,20), (22,20)",
        "time": 376.53564351572675
    }
}