{
    "Uber": {
        "cost": 44.01054274824767,
        "env_tax": 0.7000000000000001,
        "route": "(10,50), (10,49), (9,49), (9,48), (9,47), (9,46), (9,45), (9,44), (9,43), (8,43), (7,43), (7,42), (7,41), (7,40), (7,39), (7,38), (7,37), (7,36), (7,35), (7,34), (7,33), (7,32), (7,31), (7,30), (8,30), (9,30), (9,29), (9,28), (9,27), (9,26), (9,25), (9,24), (9,23), (10,23), (10,22), (10,21), (10,20), (11,20), (11,19), (12,19), (12,18), (13,18), (14,18), (15,18), (15,17), (15,16), (15,15), (16,15), (17,15), (17,14), (18,14), (19,14), (19,13), (20,13), (21,13), (21,12), (22,12), (23,12), (24,12), (24,11), (25,11), (26,11), (27,11), (28,11), (29,11), (29,10), (29,9), (30,9), (30,8), (31,8), (32,8), (33,8), (34,8), (35,8), (36,8), (37,8), (38,8), (38,7), (38,6), (38,5), (39,5), (40,5), (41,5), (42,5), (43,5), (44,5), (44,4), (45,4), (46,4), (47,4), (48,4), (49,4), (50,4), (51,4), (52,4), (53,4), (54,4), (55,4), (56,4), (57,4), (58,4), (59,4), (60,4), (61,4), (62,4), (63,4), (64,4), (65,4), (66,4), (67,4), (68,4), (69,4), (70,4), (71,4), (72,4), (73,4), (74,4), (74,5), (75,5), (76,5), (77,5), (78,5), (79,5), (80,5), (80,6), (80,7), (81,7), (81,8), (81,9), (81,10), (82,10), (82,11), (83,11), (84,11), (84,12), (84,13), (85,13), (86,13), (87,13), (87,14)",
        "time": 14.477810101701362
    },
    "Uber_Train_Uber": {
        "cost": 36.927471842909796,
        "env_tax": 0.04500000000000001,
        "route": "(10,50)|(10,50), (11,50), (12,50), (13,50), (14,50), (15,50), (16,50), (17,50), (18,50), (19,50), (20,50), (21,50), (22,50), (23,50), (24,50), (25,50), (26,50), (27,50), (28,50), (29,50), (30,50), (31,50), (32,50), (33,50), (34,50), (35,50), (36,50), (37,50), (38,50), (39,50), (40,50), (41,50), (42,50), (43,50), (44,50), (45,50), (46,50), (47,50), (48,50), (49,50), (50,50), (51,50), (52,50), (53,50), (54,50), (55,50), (56,50), (57,50), (58,50), (59,50), (60,50), (61,50), (62,50), (63,50), (64,50), (65,50), (66,50), (67,50), (68,50), (69,50), (70,50), (71,50), (72,50), (73,50), (74,50), (75,50), (76,50), (77,50), (78,50), (79,50), (80,50), (81,50), (82,50), (83,50), (84,50), (85,50), (86,50), (87,50), (88,50), (89,50), (90,50), (90,50), (90,49), (90,48), (90,47), (90,46), (90,45), (90,44), (90,43), (90,42), (90,41), (90,40), (90,39), (90,38), (90,37), (90,36), (90,35), (90,34), (90,33), (90,32), (90,31), (90,30), (90,29), (90,28), (90,27), (90,26), (90,25), (90,24), (90,23), (90,22), (90,21), (90,20), (90,19), (90,18), (90,17), (90,16), (90,15), (90,14), (90,13), (90,12), (90,11), (90,10)|(90,10), (90,11), (90,12), (89,12), (89,13), (89,14), (88,14), (87,14)",
        "time": 30.403954076730187
    },
    "Uber_Train_Walk": {
        "cost": 24.055000000000003,
        "env_tax": 0.005000000000000001,
        "route": "(10,50)|(10,50), (11,50), (12,50), (13,50), (14,50), (15,50), (16,50), (17,50), (18,50), (19,50), (20,50), (21,50), (22,50), (23,50), (24,50), (25,50), (26,50), (27,50), (28,50), (29,50), (30,50), (31,50), (32,50), (33,50), (34,50), (35,50), (36,50), (37,50), (38,50), (39,50), (40,50), (41,50), (42,50), (43,50), (44,50), (45,50), (46,50), (47,50), (48,50), (49,50), (50,50), (51,50), (52,50), (53,50), (54,50), (55,50), (56,50), (57,50), (58,50), (59,50), (60,50), (61,50), (62,50), (63,50), (64,50), (65,50), (66,50), (67,50), (68,50), (69,50), (70,50), (71,50), (72,50), (73,50), (74,50), (75,50), (76,50), (77,50), (78,50), (79,50), (80,50), (81,50), (82,50), (83,50), (84,50), (85,50), (86,50), (87,50), (88,50), (89,50), (90,50), (90,50), (90,49), (90,48), (90,47), (90,46), (90,45), (90,44), (90,43), (90,42), (90,41), (90,40), (90,39), (90,38), (90,37), (90,36), (90,35), (90,34), (90,33), (90,32), (90,31), (90,30), (90,29), (90,28), (90,27), (90,26), (90,25), (90,24), (90,23), (90,22), (90,21), (90,20), (90,19), (90,18), (90,17), (90,16), (90,15), (90,14), (90,13), (90,12), (90,11), (90,10)|(90,10), (89,10), (88,10), (87,10), (87,10), (87,11), (87,12), (87,13), (87,14)",
        "time": 536.3757768898997
    },
    "Walk": {
        "cost": 0,
        "env_tax": 0,
        "route": "(10,50), (11,50), (12,50), (13,50), (14,50), (15,50), (16,50), (17,50), (18,50), (19,50), (20,50), (21,50), (22,50), (23,50), (24,50), (25,50), (26,50), (27,50), (28,50), (29,50), (30,50), (31,50), (32,50), (33,50), (34,50), (35,50), (36,50), (37,50), (38,50), (39,50), (40,50), (41,50), (42,50), (43,50), (44,50), (45,50), (46,50), (47,50), (48,50), (49,50), (50,50), (51,50), (52,50), (53,50), (54,50), (55,50), (56,50), (57,50), (58,50), (59,50), (60,50), (61,50), (62,50), (63,50), (64,50), (65,50), (66,50), (67,50), (68,50), (69,50), (70,50), (71,50), (72,50), (73,50), (74,50), (75,50), (76,50), (77,50), (78,50), (79,50), (80,50), (81,50), (82,50), (83,50), (84,50), (85,50), (86,50), (87,50), (87,50), (87,49), (87,48), (87,47), (87,46), (87,45), (87,44), (87,43), (87,42), (87,41), (87,40), (87,39), (87,38), (87,37), (87,36), (87,35), (87,34), (87,33), (87,32), (87,31), (87,30), (87,29), (87,28), (87,27), (87,26), (87,25), (87,24), (87,23), (87,22), (87,21), (87,20), (87,19), (87,18), (87,17), (87,16), (87,15), (87,14)",
        "time": 8425.793366738248
    },
    "Walk_Train_Uber": {
        "cost": 24.953818732523104,
        "env_tax": 0.04000000000000001,
        "route": "(10,50), (10,50)|(10,50), (11,50), (12,50), (13,50), (14,50), (15,50), (16,50), (17,50), (18,50), (19,50), (20,50), (21,50), (22,50), (23,50), (24,50), (25,50), (26,50), (27,50), (28,50), (29,50), (30,50), (31,50), (32,50), (33,50), (34,50), (35,50), (36,50), (37,50), (38,50), (39,50), (40,50), (41,50), (42,50), (43,50), (44,50), (45,50), (46,50), (47,50), (48,50), (49,50), (50,50), (51,50), (52,50), (53,50), (54,50), (55,50), (56,50), (57,50), (58,50), (59,50), (60,50), (61,50), (62,50), (63,50), (64,50), (65,50), (66,50), (67,50), (68,50), (69,50), (70,50), (71,50), (72,50), (73,50), (74,50), (75,50), (76,50), (77,50), (78,50), (79,50), (80,50), (81,50), (82,50), (83,50), (84,50), (85,50), (86,50), (87,50), (88,50), (89,50), (90,50), (90,50), (90,49), (90,48), (90,47), (90,46), (90,45), (90,44), (90,43), (90,42), (90,41), (90,40), (90,39), (90,38), (90,37), (90,36), (90,35), (90,34), (90,33), (90,32), (90,31), (90,30), (90,29), (90,28), (90,27), (90,26), (90,25), (90,24), (90,23), (90,22), (90,21), (90,20), (90,19), (90,18), (90,17), (90,16), (90,15), (90,14), (90,13), (90,12), (90,11), (90,10)|(90,10), (90,11), (90,12), (89,12), (89,13), (89,14), (88,14), (87,14)",
        "time": 10.813126546528839
    },
    "Walk_Train_Walk": {
        "cost": 12.200000000000001,
        "env_tax": 0,
        "route": "(10,50), (10,50)|(10,50), (11,50), (12,50), (13,50), (14,50), (15,50), (16,50), (17,50), (18,50), (19,50), (20,50), (21,50), (22,50), (23,50), (24,50), (25,50), (26,50), (27,50), (28,50), (29,50), (30,50), (31,50), (32,50), (33,50), (34,50), (35,50), (36,50), (37,50), (38,50), (39,50), (40,50), (41,50), (42,50), (43,50), (44,50), (45,50), (46,50), (47,50), (48,50), (49,50), (50,50), (51,50), (52,50), (53,50), (54,50), (55,50), (56,50), (57,50), (58,50), (59,50), (60,50), (61,50), (62,50), (63,50), (64,50), (65,50), (66,50), (67,50), (68,50), (69,50), (70,50), (71,50), (72,50), (73,50), (74,50), (75,50), (76,50), (77,50), (78,50), (79,50), (80,50), (81,50), (82,50), (83,50), (84,50), (85,50), (86,50), (87,50), (88,50), (89,50), (90,50), (90,50), (90,49), (90,48), (90,47), (90,46), (90,45), (90,44), (90,43), (90,42), (90,41), (90,40), (90,39), (90,38), (90,37), (90,36), (90,35), (90,34), (90,33), (90,32), (90,31), (90,30), (90,29), (90,28), (90,27), (90,26), (90,25), (90,24), (90,23), (90,22), (90,21), (90,20), (90,19), (90,18), (90,17), (90,16), (90,15), (90,14), (90,13), (90,12), (90,11), (90,10)|(90,10), (89,10), (88,10), (87,10), (87,10), (87,11), (87,12), (87,13), (87,14)",
        "time": 526.2889268773841
    }
}