{
    "Uber": {
        "cost": 29.390769807140856,
        "env_tax": 0.515,
        "route": "(94,88), (95,88), (96,88), (96,87), (97,87), (97,86), (98,86), (99,86), (99,85), (99,84), (99,83), (99,82), (99,81), (99,80), (99,79), (99,78), (99,77), (99,76), (99,75), (99,74), (99,73), (99,72), (99,71), (99,70), (99,69), (99,68), (99,67), (99,66), (99,65), (99,64), (99,63), (99,62), (99,61), (99,60), (99,59), (99,58), (99,57), (99,56), (99,55), (99,54), (99,53), (99,52), (99,51), (99,50), (99,49), (99,48), (99,47), (99,46), (99,45), (99,44), (99,43), (99,42), (99,41), (99,40), (99,39), (99,38), (99,37), (99,36), (99,35), (99,34), (99,33), (99,32), (99,31), (99,30), (99,29), (99,28), (99,27), (99,26), (98,26), (98,25), (98,24), (98,23), (98,22), (98,21), (97,21), (97,20), (96,20), (95,20), (95,19), (95,18), (94,18), (93,18), (92,18), (91,18), (90,18), (89,18), (88,18), (88,17), (87,17), (86,17), (86,16), (85,16), (85,15), (84,15), (83,15), (82,15), (81,15), (80,15), (79,15), (79,16), (78,16), (77,16), (76,16)",
        "time": 12.436159820926928
    },
    "Uber_Train_Uber": {
        "cost": 35.03602082715445,
        "env_tax": 0.08000000000000002,
        "route": "(94,88), (94,89), (94,90), (93,90), (92,90), (91,90), (90,90)|(90,90), (89,90), (88,90), (87,90), (86,90), (85,90), (84,90), (83,90), (82,90), (81,90), (80,90), (80,90), (80,89), (80,88), (80,87), (80,86), (80,85), (80,84), (80,83), (80,82), (80,81), (80,80), (80,79), (80,78), (80,77), (80,76), (80,75), (80,74), (80,73), (80,72), (80,71), (80,70), (80,69), (80,68), (80,67), (80,66), (80,65), (80,64), (80,63), (80,62), (80,61), (80,60), (80,59), (80,58), (80,57), (80,56), (80,55), (80,54), (80,53), (80,52), (80,51), (80,50), (80,49), (80,48), (80,47), (80,46), (80,45), (80,44), (80,43), (80,42), (80,41), (80,40), (80,39), (80,38), (80,37), (80,36), (80,35), (80,34), (80,33), (80,32), (80,31), (80,30), (80,29), (80,28), (80,27), (80,26), (80,25), (80,24), (80,23), (80,22), (80,21), (80,20)|(80,20), (80,19), (80,18), (80,17), (79,17), (79,16), (78,16), (77,16), (76,16)",
        "time": 25.354553219138584
    },
    "Uber_Train_Walk": {
        "cost": 20.872055477451088,
        "env_tax": 0.035,
        "route": "(94,88), (94,89), (94,90), (93,90), (92,90), (91,90), (90,90)|(90,90), (89,90), (88,90), (87,90), (86,90), (85,90), (84,90), (83,90), (82,90), (81,90), (80,90), (80,90), (80,89), (80,88), (80,87), (80,86), (80,85), (80,84), (80,83), (80,82), (80,81), (80,80), (80,79), (80,78), (80,77), (80,76), (80,75), (80,74), (80,73), (80,72), (80,71), (80,70), (80,69), (80,68), (80,67), (80,66), (80,65), (80,64), (80,63), (80,62), (80,61), (80,60), (80,59), (80,58), (80,57), (80,56), (80,55), (80,54), (80,53), (80,52), (80,51), (80,50), (80,49), (80,48), (80,47), (80,46), (80,45), (80,44), (80,43), (80,42), (80,41), (80,40), (80,39), (80,38), (80,37), (80,36), (80,35), (80,34), (80,33), (80,32), (80,31), (80,30), (80,29), (80,28), (80,27), (80,26), (80,25), (80,24), (80,23), (80,22), (80,21), (80,20)|(80,20), (79,20), (78,20), (77,20), (76,20), (76,20), (76,19), (76,18), (76,17), (76,16)",
        "time": 611.0489555728902
    },
    "Walk": {
        "cost": 0,
        "env_tax": 0,
        "route": "(94,88), (93,88), (92,88), (91,88), (90,88), (89,88), (88,88), (87,88), (86,88), (85,88), (84,88), (83,88), (82,88), (81,88), (80,88), (79,88), (78,88), (77,88), (76,88), (76,88), (76,87), (76,86), (76,85), (76,84), (76,83), (76,82), (76,81), (76,80), (76,79), (76,78), (76,77), (76,76), (76,75), (76,74), (76,73), (76,72), (76,71), (76,70), (76,69), (76,68), (76,67), (76,66), (76,65), (76,64), (76,63), (76,62), (76,61), (76,60), (76,59), (76,58), (76,57), (76,56), (76,55), (76,54), (76,53), (76,52), (76,51), (76,50), (76,49), (76,48), (76,47), (76,46), (76,45), (76,44), (76,43), (76,42), (76,41), (76,40), (76,39), (76,38), (76,37), (76,36), (76,35), (76,34), (76,33), (76,32), (76,31), (76,30), (76,29), (76,28), (76,27), (76,26), (76,25), (76,24), (76,23), (76,22), (76,21), (76,20), (76,19), (76,18), (76,17), (76,16)",
        "time": 6710.808876163206
    },
    "Walk_Train_Uber": {
        "cost": 22.492607971839668,
        "env_tax": 0.045000000000000005,
        "route": "(94,88), (93,88), (92,88), (91,88), (90,88), (90,88), (90,89), (90,90)|(90,90), (89,90), (88,90), (87,90), (86,90), (85,90), (84,90), (83,90), (82,90), (81,90), (80,90), (80,90), (80,89), (80,88), (80,87), (80,86), (80,85), (80,84), (80,83), (80,82), (80,81), (80,80), (80,79), (80,78), (80,77), (80,76), (80,75), (80,74), (80,73), (80,72), (80,71), (80,70), (80,69), (80,68), (80,67), (80,66), (80,65), (80,64), (80,63), (80,62), (80,61), (80,60), (80,59), (80,58), (80,57), (80,56), (80,55), (80,54), (80,53), (80,52), (80,51), (80,50), (80,49), (80,48), (80,47), (80,46), (80,45), (80,44), (80,43), (80,42), (80,41), (80,40), (80,39), (80,38), (80,37), (80,36), (80,35), (80,34), (80,33), (80,32), (80,31), (80,30), (80,29), (80,28), (80,27), (80,26), (80,25), (80,24), (80,23), (80,22), (80,21), (80,20)|(80,20), (80,19), (80,18), (80,17), (79,17), (79,16), (78,16), (77,16), (76,16)",
        "time": 463.9542556445411
    },
    "Walk_Train_Walk": {
        "cost": 8.200000000000001,
        "env_tax": 0,
        "route": "(94,88), (93,88), (92,88), (91,88), (90,88), (90,88), (90,89), (90,90)|(90,90), (89,90), (88,90), (87,90), (86,90), (85,90), (84,90), (83,90), (82,90), (81,90), (80,90), (80,90), (80,89), (80,88), (80,87), (80,86), (80,85), (80,84), (80,83), (80,82), (80,81), (80,80), (80,79), (80,78), (80,77), (80,76), (80,75), (80,74), (80,73), (80,72), (80,71), (80,70), (80,69), (80,68), (80,67), (80,66), (80,65), (80,64), (80,63), (80,62), (80,61), (80,60), (80,59), (80,58), (80,57), (80,56), (80,55), (80,54), (80,53), (80,52), (80,51), (80,50), (80,49), (80,48), (80,47), (80,46), (80,45), (80,44), (80,43), (80,42), (80,41), (80,40), (80,39), (80,38), (80,37), (80,36), (80,35), (80,34), (80,33), (80,32), (80,31), (80,30), (80,29), (80,28), (80,27), (80,26), (80,25), (80,24), (80,23), (80,22), (80,21), (80,20)|(80,20), (79,20), (78,20), (77,20), (76,20), (76,20), (76,19), (76,18), (76,17), (76,16)",
        "time": 1051.084650330027
    }
}