{
    "Uber": {
        "cost": 56.230224493897204,
        "env_tax": 0.19500000000000003,
        "route": "(41,60), (41,59), (42,59), (42,58), (42,57), (42,56), (42,55), (42,54), (43,54), (43,53), (44,53), (44,52), (44,51), (45,51), (46,51), (46,50), (46,49), (46,48), (47,48), (47,47), (47,46), (47,45), (47,44), (48,44), (49,44), (50,44), (50,43), (51,43), (52,43), (53,43), (54,43), (55,43), (56,43), (56,42), (57,42), (58,42), (59,42), (59,41), (60,41)",
        "time": 20.55998832575427
    },
    "Uber_Train_Uber": {
        "cost": 29.79947808619037,
        "env_tax": 0.020000000000000004,
        "route": "(41,60), (40,60)|(40,60), (41,60), (42,60), (43,60), (44,60), (45,60), (46,60), (47,60), (48,60), (49,60), (50,60), (51,60), (52,60), (53,60), (54,60), (55,60), (56,60), (57,60), (58,60), (59,60), (60,60), (60,60), (60,59), (60,58), (60,57), (60,56), (60,55), (60,54), (60,53), (60,52), (60,51), (60,50), (60,49), (60,48), (60,47), (60,46), (60,45), (60,44), (60,43), (60,42), (60,41), (60,40)|(60,40), (60,41)",
        "time": 23.904969052639238
    },
    "Uber_Train_Walk": {
        "cost": 17.596850095759788,
        "env_tax": 0.010000000000000002,
        "route": "(41,60), (40,60)|(40,60), (41,60), (42,60), (43,60), (44,60), (45,60), (46,60), (47,60), (48,60), (49,60), (50,60), (51,60), (52,60), (53,60), (54,60), (55,60), (56,60), (57,60), (58,60), (59,60), (60,60), (60,60), (60,59), (60,58), (60,57), (60,56), (60,55), (60,54), (60,53), (60,52), (60,51), (60,50), (60,49), (60,48), (60,47), (60,46), (60,45), (60,44), (60,43), (60,42), (60,41), (60,40)|(60,40), (60,40), (60,41)",
        "time": 91.79405622223462
    },
    "Walk": {
        "cost": 0,
        "env_tax": 0,
        "route": "(41,60), (42,60), (43,60), (44,60), (45,60), (46,60), (47,60), (48,60), (49,60), (50,60), (51,60), (52,60), (53,60), (54,60), (55,60), (56,60), (57,60), (58,60), (59,60), (60,60), (60,60), (60,59), (60,58), (60,57), (60,56), (60,55), (60,54), (60,53), (60,52), (60,51), (60,50), (60,49), (60,48), (60,47), (60,46), (60,45), (60,44), (60,43), (60,42), (60,41)",
        "time": 2833.452636602243
    },
    "Walk_Train_Uber": {
        "cost": 17.290437402476773,
        "env_tax": 0.010000000000000002,
        "route": "(41,60), (40,60), (40,60)|(40,60), (41,60), (42,60), (43,60), (44,60), (45,60), (46,60), (47,60), (48,60), (49,60), (50,60), (51,60), (52,60), (53,60), (54,60), (55,60), (56,60), (57,60), (58,60), (59,60), (60,60), (60,60), (60,59), (60,58), (60,57), (60,56), (60,55), (60,54), (60,53), (60,52), (60,51), (60,50), (60,49), (60,48), (60,47), (60,46), (60,45), (60,44), (60,43), (60,42), (60,41), (60,40)|(60,40), (60,41)",
        "time": 88.85042773720204
    },
    "Walk_Train_Walk": {
        "cost": 4.2,
        "env_tax": 0,
        "route": "(41,60), (40,60), (40,60)|(40,60), (41,60), (42,60), (43,60), (44,60), (45,60), (46,60), (47,60), (48,60), (49,60), (50,60), (51,60), (52,60), (53,60), (54,60), (55,60), (56,60), (57,60), (58,60), (59,60), (60,60), (60,60), (60,59), (60,58), (60,57), (60,56), (60,55), (60,54), (60,53), (60,52), (60,51), (60,50), (60,49), (60,48), (60,47), (60,46), (60,45), (60,44), (60,43), (60,42), (60,41), (60,40)|(60,40), (60,40), (60,41)",
        "time": 155.78580824373347
    }
}