{
    "Uber": {
        "cost": 31.73305238538913,
        "env_tax": 0.18500000000000003,
        "route": "(48,7), (49,7), (50,7), (51,7), (52,7), (53,7), (54,7), (55,7), (55,8), (55,9), (55,10), (55,11), (55,12), (55,13), (55,14), (55,15), (55,16), (55,17), (55,18), (55,19), (55,20), (55,21), (55,22), (55,23), (55,24), (55,25), (55,26), (55,27), (55,28), (55,29), (55,30), (55,31), (55,32), (55,33), (55,34), (55,35), (55,36)",
        "time": 13.75022724758972
    },
    "Uber_Train_Uber": {
        "cost": 38.17036929999392,
        "env_tax": 0.08000000000000002,
        "route": "(48,7), (48,8), (48,9), (49,9), (49,10), (50,10)|(50,10), (50,10), (50,11), (50,12), (50,13), (50,14), (50,15), (50,16), (50,17), (50,18), (50,19), (50,20), (50,21), (50,22), (50,23), (50,24), (50,25), (50,26), (50,27), (50,28), (50,29), (50,30), (50,31), (50,32), (50,33), (50,34), (50,35), (50,36), (50,37), (50,38), (50,39), (50,40)|(50,40), (50,39), (51,39), (51,38), (51,37), (51,36), (52,36), (53,36), (54,36), (55,36)",
        "time": 22.11380018004356
    },
    "Uber_Train_Walk": {
        "cost": 16.46262318225916,
        "env_tax": 0.030000000000000006,
        "route": "(48,7), (48,8), (48,9), (49,9), (49,10), (50,10)|(50,10), (50,10), (50,11), (50,12), (50,13), (50,14), (50,15), (50,16), (50,17), (50,18), (50,19), (50,20), (50,21), (50,22), (50,23), (50,24), (50,25), (50,26), (50,27), (50,28), (50,29), (50,30), (50,31), (50,32), (50,33), (50,34), (50,35), (50,36), (50,37), (50,38), (50,39), (50,40)|(50,40), (51,40), (52,40), (53,40), (54,40), (55,40), (55,40), (55,39), (55,38), (55,37), (55,36)",
        "time": 686.475081962534
    },
    "Walk": {
        "cost": 0,
        "env_tax": 0,
        "route": "(48,7), (49,7), (50,7), (51,7), (52,7), (53,7), (54,7), (55,7), (55,7), (55,8), (55,9), (55,10), (55,11), (55,12), (55,13), (55,14), (55,15), (55,16), (55,17), (55,18), (55,19), (55,20), (55,21), (55,22), (55,23), (55,24), (55,25), (55,26), (55,27), (55,28), (55,29), (55,30), (55,31), (55,32), (55,33), (55,34), (55,35), (55,36)",
        "time": 2684.3235504652826
    },
    "Walk_Train_Uber": {
        "cost": 24.897837925089444,
        "env_tax": 0.05,
        "route": "(48,7), (49,7), (50,7), (50,7), (50,8), (50,9), (50,10)|(50,10), (50,10), (50,11), (50,12), (50,13), (50,14), (50,15), (50,16), (50,17), (50,18), (50,19), (50,20), (50,21), (50,22), (50,23), (50,24), (50,25), (50,26), (50,27), (50,28), (50,29), (50,30), (50,31), (50,32), (50,33), (50,34), (50,35), (50,36), (50,37), (50,38), (50,39), (50,40)|(50,40), (50,39), (51,39), (51,38), (51,37), (51,36), (52,36), (53,36), (54,36), (55,36)",
        "time": 388.83671222294845
    },
    "Walk_Train_Walk": {
        "cost": 3.2,
        "env_tax": 0,
        "route": "(48,7), (49,7), (50,7), (50,7), (50,8), (50,9), (50,10)|(50,10), (50,10), (50,11), (50,12), (50,13), (50,14), (50,15), (50,16), (50,17), (50,18), (50,19), (50,20), (50,21), (50,22), (50,23), (50,24), (50,25), (50,26), (50,27), (50,28), (50,29), (50,30), (50,31), (50,32), (50,33), (50,34), (50,35), (50,36), (50,37), (50,38), (50,39), (50,40)|(50,40), (51,40), (52,40), (53,40), (54,40), (55,40), (55,40), (55,39), (55,38), (55,37), (55,36)",
        "time": 1051.1709059528407
    }
}