{
    "Uber": {
        "cost": 32.16583189698289,
        "env_tax": 0.42500000000000004,
        "route": "(21,67), (21,68), (21,69), (21,70), (20,70), (20,71), (20,72), (20,73), (20,74), (20,75), (20,76), (20,77), (20,78), (20,79), (20,80), (20,81), (20,82), (20,83), (20,84), (20,85), (20,86), (20,87), (21,87), (21,88), (21,89), (21,90), (21,91), (21,92), (21,93), (21,94), (21,95), (21,96), (22,96), (22,97), (22,98), (23,98), (24,98), (25,98), (26,98), (27,98), (28,98), (29,98), (30,98), (31,98), (32,98), (33,98), (34,98), (35,98), (36,98), (37,98), (38,98), (39,98), (40,98), (41,98), (42,98), (43,98), (44,98), (45,98), (46,98), (47,98), (48,98), (49,98), (50,98), (51,98), (52,98), (53,98), (54,98), (55,98), (56,98), (57,98), (58,98), (58,97), (59,97), (60,97), (61,97), (62,97), (62,96), (63,96), (64,96), (64,95), (65,95), (66,95), (67,95), (67,94), (67,93)",
        "time": 12.07551424370607
    },
    "Uber_Train_Uber": {
        "cost": 34.2857371353776,
        "env_tax": 0.060000000000000005,
        "route": "(21,67), (21,68), (21,69), (21,70), (20,70)|(20,70), (21,70), (22,70), (23,70), (24,70), (25,70), (26,70), (27,70), (28,70), (29,70), (30,70), (31,70), (32,70), (33,70), (34,70), (35,70), (36,70), (37,70), (38,70), (39,70), (40,70), (41,70), (42,70), (43,70), (44,70), (45,70), (46,70), (47,70), (48,70), (49,70), (50,70), (51,70), (52,70), (53,70), (54,70), (55,70), (56,70), (57,70), (58,70), (59,70), (60,70), (61,70), (62,70), (63,70), (64,70), (65,70), (66,70), (67,70), (68,70), (69,70), (70,70), (70,70), (70,71), (70,72), (70,73), (70,74), (70,75), (70,76), (70,77), (70,78), (70,79), (70,80), (70,81), (70,82), (70,83), (70,84), (70,85), (70,86), (70,87), (70,88), (70,89), (70,90)|(70,90), (69,90), (69,91), (69,92), (69,93), (68,93), (67,93)",
        "time": 14.252970602347132
    },
    "Uber_Train_Walk": {
        "cost": 20.9935496322944,
        "env_tax": 0.025,
        "route": "(21,67), (21,68), (21,69), (21,70), (20,70)|(20,70), (21,70), (22,70), (23,70), (24,70), (25,70), (26,70), (27,70), (28,70), (29,70), (30,70), (31,70), (32,70), (33,70), (34,70), (35,70), (36,70), (37,70), (38,70), (39,70), (40,70), (41,70), (42,70), (43,70), (44,70), (45,70), (46,70), (47,70), (48,70), (49,70), (50,70), (51,70), (52,70), (53,70), (54,70), (55,70), (56,70), (57,70), (58,70), (59,70), (60,70), (61,70), (62,70), (63,70), (64,70), (65,70), (66,70), (67,70), (68,70), (69,70), (70,70), (70,70), (70,71), (70,72), (70,73), (70,74), (70,75), (70,76), (70,77), (70,78), (70,79), (70,80), (70,81), (70,82), (70,83), (70,84), (70,85), (70,86), (70,87), (70,88), (70,89), (70,90)|(70,90), (69,90), (68,90), (67,90), (67,90), (67,91), (67,92), (67,93)",
        "time": 461.2153674776688
    },
    "Walk": {
        "cost": 0,
        "env_tax": 0,
        "route": "(21,67), (22,67), (23,67), (24,67), (25,67), (26,67), (27,67), (28,67), (29,67), (30,67), (31,67), (32,67), (33,67), (34,67), (35,67), (36,67), (37,67), (38,67), (39,67), (40,67), (41,67), (42,67), (43,67), (44,67), (45,67), (46,67), (47,67), (48,67), (49,67), (50,67), (51,67), (52,67), (53,67), (54,67), (55,67), (56,67), (57,67), (58,67), (59,67), (60,67), (61,67), (62,67), (63,67), (64,67), (65,67), (66,67), (67,67), (67,67), (67,68), (67,69), (67,70), (67,71), (67,72), (67,73), (67,74), (67,75), (67,76), (67,77), (67,78), (67,79), (67,80), (67,81), (67,82), (67,83), (67,84), (67,85), (67,86), (67,87), (67,88), (67,89), (67,90), (67,91), (67,92), (67,93)",
        "time": 5368.647100930565
    },
    "Walk_Train_Uber": {
        "cost": 20.5301821149529,
        "env_tax": 0.035,
        "route": "(21,67), (20,67), (20,67), (20,68), (20,69), (20,70)|(20,70), (21,70), (22,70), (23,70), (24,70), (25,70), (26,70), (27,70), (28,70), (29,70), (30,70), (31,70), (32,70), (33,70), (34,70), (35,70), (36,70), (37,70), (38,70), (39,70), (40,70), (41,70), (42,70), (43,70), (44,70), (45,70), (46,70), (47,70), (48,70), (49,70), (50,70), (51,70), (52,70), (53,70), (54,70), (55,70), (56,70), (57,70), (58,70), (59,70), (60,70), (61,70), (62,70), (63,70), (64,70), (65,70), (66,70), (67,70), (68,70), (69,70), (70,70), (70,70), (70,71), (70,72), (70,73), (70,74), (70,75), (70,76), (70,77), (70,78), (70,79), (70,80), (70,81), (70,82), (70,83), (70,84), (70,85), (70,86), (70,87), (70,88), (70,89), (70,90)|(70,90), (69,90), (69,91), (69,92), (69,93), (68,93), (67,93)",
        "time": 314.1636454567346
    },
    "Walk_Train_Walk": {
        "cost": 7.2,
        "env_tax": 0,
        "route": "(21,67), (20,67), (20,67), (20,68), (20,69), (20,70)|(20,70), (21,70), (22,70), (23,70), (24,70), (25,70), (26,70), (27,70), (28,70), (29,70), (30,70), (31,70), (32,70), (33,70), (34,70), (35,70), (36,70), (37,70), (38,70), (39,70), (40,70), (41,70), (42,70), (43,70), (44,70), (45,70), (46,70), (47,70), (48,70), (49,70), (50,70), (51,70), (52,70), (53,70), (54,70), (55,70), (56,70), (57,70), (58,70), (59,70), (60,70), (61,70), (62,70), (63,70), (64,70), (65,70), (66,70), (67,70), (68,70), (69,70), (70,70), (70,70), (70,71), (70,72), (70,73), (70,74), (70,75), (70,76), (70,77), (70,78), (70,79), (70,80), (70,81), (70,82), (70,83), (70,84), (70,85), (70,86), (70,87), (70,88), (70,89), (70,90)|(70,90), (69,90), (68,90), (67,90), (67,90), (67,91), (67,92), (67,93)",
        "time": 752.2561771365598
    }
}