{
    "Uber": {
        "cost": 37.25248280366711,
        "env_tax": 0.15000000000000002,
        "route": "(54,61), (54,62), (53,62), (53,63), (53,64), (53,65), (52,65), (52,66), (51,66), (50,66), (50,67), (50,68), (49,68), (49,69), (49,70), (48,70), (47,70), (47,71), (47,72), (47,73), (47,74), (47,75), (46,75), (45,75), (45,76), (45,77), (44,77), (43,77), (43,78), (43,79)",
        "time": 14.499701453025676
    },
    "Uber_Train_Uber": {
        "cost": 34.08916146992704,
        "env_tax": 0.05500000000000001,
        "route": "(54,61), (53,61), (52,61), (51,61), (50,61), (50,60)|(50,60), (49,60), (48,60), (47,60), (46,60), (45,60), (44,60), (43,60), (42,60), (41,60), (40,60), (40,60), (40,61), (40,62), (40,63), (40,64), (40,65), (40,66), (40,67), (40,68), (40,69), (40,70), (40,71), (40,72), (40,73), (40,74), (40,75), (40,76), (40,77), (40,78), (40,79), (40,80)|(40,80), (41,80), (42,80), (43,80), (43,79)",
        "time": 25.221954845376544
    },
    "Uber_Train_Walk": {
        "cost": 20.404565896407007,
        "env_tax": 0.030000000000000006,
        "route": "(54,61), (53,61), (52,61), (51,61), (50,61), (50,60)|(50,60), (49,60), (48,60), (47,60), (46,60), (45,60), (44,60), (43,60), (42,60), (41,60), (40,60), (40,60), (40,61), (40,62), (40,63), (40,64), (40,65), (40,66), (40,67), (40,68), (40,69), (40,70), (40,71), (40,72), (40,73), (40,74), (40,75), (40,76), (40,77), (40,78), (40,79), (40,80)|(40,80), (41,80), (42,80), (43,80), (43,80), (43,79)",
        "time": 313.83972726376277
    },
    "Walk": {
        "cost": 0,
        "env_tax": 0,
        "route": "(54,61), (53,61), (52,61), (51,61), (50,61), (49,61), (48,61), (47,61), (46,61), (45,61), (44,61), (43,61), (43,61), (43,62), (43,63), (43,64), (43,65), (43,66), (43,67), (43,68), (43,69), (43,70), (43,71), (43,72), (43,73), (43,74), (43,75), (43,76), (43,77), (43,78), (43,79)",
        "time": 2162.3717489859223
    },
    "Walk_Train_Uber": {
        "cost": 17.24038537876254,
        "env_tax": 0.025,
        "route": "(54,61), (53,61), (52,61), (51,61), (50,61), (50,61), (50,60)|(50,60), (49,60), (48,60), (47,60), (46,60), (45,60), (44,60), (43,60), (42,60), (41,60), (40,60), (40,60), (40,61), (40,62), (40,63), (40,64), (40,65), (40,66), (40,67), (40,68), (40,69), (40,70), (40,71), (40,72), (40,73), (40,74), (40,75), (40,76), (40,77), (40,78), (40,79), (40,80)|(40,80), (41,80), (42,80), (43,80), (43,79)",
        "time": 388.0497833692189
    },
    "Walk_Train_Walk": {
        "cost": 3.2,
        "env_tax": 0,
        "route": "(54,61), (53,61), (52,61), (51,61), (50,61), (50,61), (50,60)|(50,60), (49,60), (48,60), (47,60), (46,60), (45,60), (44,60), (43,60), (42,60), (41,60), (40,60), (40,60), (40,61), (40,62), (40,63), (40,64), (40,65), (40,66), (40,67), (40,68), (40,69), (40,70), (40,71), (40,72), (40,73), (40,74), (40,75), (40,76), (40,77), (40,78), (40,79), (40,80)|(40,80), (41,80), (42,80), (43,80), (43,80), (43,79)",
        "time": 676.5732226522246
    }
}