{
    "Uber": {
        "cost": 77.49092994734148,
        "env_tax": 0.5100000000000001,
        "route": "(43,7), (42,7), (42,8), (41,8), (41,9), (40,9), (39,9), (39,10), (39,11), (39,12), (39,13), (39,14), (39,15), (39,16), (39,17), (39,18), (39,19), (39,20), (39,21), (39,22), (39,23), (39,24), (39,25), (39,26), (39,27), (39,28), (39,29), (39,30), (39,31), (39,32), (39,33), (39,34), (39,35), (39,36), (38,36), (38,37), (38,38), (38,39), (38,40), (38,41), (38,42), (38,43), (38,44), (38,45), (38,46), (38,47), (38,48), (38,49), (38,50), (38,51), (37,51), (37,52), (37,53), (37,54), (37,55), (37,56), (37,57), (37,58), (37,59), (37,60), (37,61), (37,62), (37,63), (37,64), (37,65), (37,66), (37,67), (37,68), (37,69), (37,70), (37,71), (37,72), (37,73), (37,74), (37,75), (37,76), (37,77), (37,78), (37,79), (37,80), (37,81), (37,82), (37,83), (37,84), (37,85), (37,86), (37,87), (37,88), (38,88), (38,89), (39,89), (39,90), (39,91), (39,92), (40,92), (41,92), (41,93), (42,93), (42,94), (43,94), (44,94), (44,95)",
        "time": 25.261075520124418
    },
    "Uber_Train_Uber": {
        "cost": 36.34036537224625,
        "env_tax": 0.085,
        "route": "(43,7), (42,7), (42,8), (41,8), (41,9), (40,9), (40,10)|(40,10), (40,10), (40,11), (40,12), (40,13), (40,14), (40,15), (40,16), (40,17), (40,18), (40,19), (40,20), (40,21), (40,22), (40,23), (40,24), (40,25), (40,26), (40,27), (40,28), (40,29), (40,30), (40,31), (40,32), (40,33), (40,34), (40,35), (40,36), (40,37), (40,38), (40,39), (40,40), (40,41), (40,42), (40,43), (40,44), (40,45), (40,46), (40,47), (40,48), (40,49), (40,50), (40,51), (40,52), (40,53), (40,54), (40,55), (40,56), (40,57), (40,58), (40,59), (40,60), (40,61), (40,62), (40,63), (40,64), (40,65), (40,66), (40,67), (40,68), (40,69), (40,70), (40,71), (40,72), (40,73), (40,74), (40,75), (40,76), (40,77), (40,78), (40,79), (40,80), (40,81), (40,82), (40,83), (40,84), (40,85), (40,86), (40,87), (40,88), (40,89), (40,90)|(40,90), (40,91), (40,92), (41,92), (41,93), (42,93), (42,94), (43,94), (44,94), (44,95)",
        "time": 18.98105265028883
    },
    "Uber_Train_Walk": {
        "cost": 21.893209504870207,
        "env_tax": 0.035,
        "route": "(43,7), (42,7), (42,8), (41,8), (41,9), (40,9), (40,10)|(40,10), (40,10), (40,11), (40,12), (40,13), (40,14), (40,15), (40,16), (40,17), (40,18), (40,19), (40,20), (40,21), (40,22), (40,23), (40,24), (40,25), (40,26), (40,27), (40,28), (40,29), (40,30), (40,31), (40,32), (40,33), (40,34), (40,35), (40,36), (40,37), (40,38), (40,39), (40,40), (40,41), (40,42), (40,43), (40,44), (40,45), (40,46), (40,47), (40,48), (40,49), (40,50), (40,51), (40,52), (40,53), (40,54), (40,55), (40,56), (40,57), (40,58), (40,59), (40,60), (40,61), (40,62), (40,63), (40,64), (40,65), (40,66), (40,67), (40,68), (40,69), (40,70), (40,71), (40,72), (40,73), (40,74), (40,75), (40,76), (40,77), (40,78), (40,79), (40,80), (40,81), (40,82), (40,83), (40,84), (40,85), (40,86), (40,87), (40,88), (40,89), (40,90)|(40,90), (41,90), (42,90), (43,90), (44,90), (44,90), (44,91), (44,92), (44,93), (44,94), (44,95)",
        "time": 684.0900057553292
    },
    "Walk": {
        "cost": 0,
        "env_tax": 0,
        "route": "(43,7), (44,7), (44,7), (44,8), (44,9), (44,10), (44,11), (44,12), (44,13), (44,14), (44,15), (44,16), (44,17), (44,18), (44,19), (44,20), (44,21), (44,22), (44,23), (44,24), (44,25), (44,26), (44,27), (44,28), (44,29), (44,30), (44,31), (44,32), (44,33), (44,34), (44,35), (44,36), (44,37), (44,38), (44,39), (44,40), (44,41), (44,42), (44,43), (44,44), (44,45), (44,46), (44,47), (44,48), (44,49), (44,50), (44,51), (44,52), (44,53), (44,54), (44,55), (44,56), (44,57), (44,58), (44,59), (44,60), (44,61), (44,62), (44,63), (44,64), (44,65), (44,66), (44,67), (44,68), (44,69), (44,70), (44,71), (44,72), (44,73), (44,74), (44,75), (44,76), (44,77), (44,78), (44,79), (44,80), (44,81), (44,82), (44,83), (44,84), (44,85), (44,86), (44,87), (44,88), (44,89), (44,90), (44,91), (44,92), (44,93), (44,94), (44,95)",
        "time": 6636.244333094726
    },
    "Walk_Train_Uber": {
        "cost": 22.497393259373947,
        "env_tax": 0.05,
        "route": "(43,7), (42,7), (41,7), (40,7), (40,7), (40,8), (40,9), (40,10)|(40,10), (40,10), (40,11), (40,12), (40,13), (40,14), (40,15), (40,16), (40,17), (40,18), (40,19), (40,20), (40,21), (40,22), (40,23), (40,24), (40,25), (40,26), (40,27), (40,28), (40,29), (40,30), (40,31), (40,32), (40,33), (40,34), (40,35), (40,36), (40,37), (40,38), (40,39), (40,40), (40,41), (40,42), (40,43), (40,44), (40,45), (40,46), (40,47), (40,48), (40,49), (40,50), (40,51), (40,52), (40,53), (40,54), (40,55), (40,56), (40,57), (40,58), (40,59), (40,60), (40,61), (40,62), (40,63), (40,64), (40,65), (40,66), (40,67), (40,68), (40,69), (40,70), (40,71), (40,72), (40,73), (40,74), (40,75), (40,76), (40,77), (40,78), (40,79), (40,80), (40,81), (40,82), (40,83), (40,84), (40,85), (40,86), (40,87), (40,88), (40,89), (40,90)|(40,90), (40,91), (40,92), (41,92), (41,93), (42,93), (42,94), (43,94), (44,94), (44,95)",
        "time": 461.9139445060555
    },
    "Walk_Train_Walk": {
        "cost": 8.200000000000001,
        "env_tax": 0,
        "route": "(43,7), (42,7), (41,7), (40,7), (40,7), (40,8), (40,9), (40,10)|(40,10), (40,10), (40,11), (40,12), (40,13), (40,14), (40,15), (40,16), (40,17), (40,18), (40,19), (40,20), (40,21), (40,22), (40,23), (40,24), (40,25), (40,26), (40,27), (40,28), (40,29), (40,30), (40,31), (40,32), (40,33), (40,34), (40,35), (40,36), (40,37), (40,38), (40,39), (40,40), (40,41), (40,42), (40,43), (40,44), (40,45), (40,46), (40,47), (40,48), (40,49), (40,50), (40,51), (40,52), (40,53), (40,54), (40,55), (40,56), (40,57), (40,58), (40,59), (40,60), (40,61), (40,62), (40,63), (40,64), (40,65), (40,66), (40,67), (40,68), (40,69), (40,70), (40,71), (40,72), (40,73), (40,74), (40,75), (40,76), (40,77), (40,78), (40,79), (40,80), (40,81), (40,82), (40,83), (40,84), (40,85), (40,86), (40,87), (40,88), (40,89), (40,90)|(40,90), (41,90), (42,90), (43,90), (44,90), (44,90), (44,91), (44,92), (44,93), (44,94), (44,95)",
        "time": 1124.8682399369122
    }
}