{
    "Uber": {
        "cost": 22.514933362420752,
        "env_tax": 0.14500000000000002,
        "route": "(59,80), (60,80), (60,81), (60,82), (60,83), (61,83), (62,83), (62,84), (63,84), (63,85), (63,86), (64,86), (65,86), (66,86), (67,86), (68,86), (69,86), (70,86), (71,86), (72,86), (73,86), (74,86), (75,86), (76,86), (77,86), (78,86), (79,86), (80,86), (81,86)",
        "time": 9.545696004690694
    },
    "Uber_Train_Uber": {
        "cost": 28.249640329459837,
        "env_tax": 0.04000000000000001,
        "route": "(59,80), (60,80)|(60,80), (61,80), (62,80), (63,80), (64,80), (65,80), (66,80), (67,80), (68,80), (69,80), (70,80), (71,80), (72,80), (73,80), (74,80), (75,80), (76,80), (77,80), (78,80), (79,80), (80,80), (80,80), (80,81), (80,82), (80,83), (80,84), (80,85), (80,86), (80,87), (80,88), (80,89), (80,90)|(80,90), (81,90), (81,89), (81,88), (81,87), (81,86)",
        "time": 17.978806376806432
    },
    "Uber_Train_Walk": {
        "cost": 15.579477508179988,
        "env_tax": 0.010000000000000002,
        "route": "(59,80), (60,80)|(60,80), (61,80), (62,80), (63,80), (64,80), (65,80), (66,80), (67,80), (68,80), (69,80), (70,80), (71,80), (72,80), (73,80), (74,80), (75,80), (76,80), (77,80), (78,80), (79,80), (80,80), (80,80), (80,81), (80,82), (80,83), (80,84), (80,85), (80,86), (80,87), (80,88), (80,89), (80,90)|(80,90), (81,90), (81,90), (81,89), (81,88), (81,87), (81,86)",
        "time": 390.4667746970737
    },
    "Walk": {
        "cost": 0,
        "env_tax": 0,
        "route": "(59,80), (60,80), (61,80), (62,80), (63,80), (64,80), (65,80), (66,80), (67,80), (68,80), (69,80), (70,80), (71,80), (72,80), (73,80), (74,80), (75,80), (76,80), (77,80), (78,80), (79,80), (80,80), (81,80), (81,80), (81,81), (81,82), (81,83), (81,84), (81,85), (81,86)",
        "time": 2087.807205917442
    },
    "Walk_Train_Uber": {
        "cost": 15.994125645018679,
        "env_tax": 0.030000000000000006,
        "route": "(59,80), (60,80), (60,80)|(60,80), (61,80), (62,80), (63,80), (64,80), (65,80), (66,80), (67,80), (68,80), (69,80), (70,80), (71,80), (72,80), (73,80), (74,80), (75,80), (76,80), (77,80), (78,80), (79,80), (80,80), (80,80), (80,81), (80,82), (80,83), (80,84), (80,85), (80,86), (80,87), (80,88), (80,89), (80,90)|(80,90), (81,90), (81,89), (81,88), (81,87), (81,86)",
        "time": 88.248063628386
    },
    "Walk_Train_Walk": {
        "cost": 3.2,
        "env_tax": 0,
        "route": "(59,80), (60,80), (60,80)|(60,80), (61,80), (62,80), (63,80), (64,80), (65,80), (66,80), (67,80), (68,80), (69,80), (70,80), (71,80), (72,80), (73,80), (74,80), (75,80), (76,80), (77,80), (78,80), (79,80), (80,80), (80,80), (80,81), (80,82), (80,83), (80,84), (80,85), (80,86), (80,87), (80,88), (80,89), (80,90)|(80,90), (81,90), (81,90), (81,89), (81,88), (81,87), (81,86)",
        "time": 453.00837976459263
    }
}