{
    "Uber": {
        "cost": 21.462490440442895,
        "env_tax": 0.26,
        "route": "(4,39), (3,39), (2,39), (2,40), (1,40), (1,41), (1,42), (1,43), (1,44), (1,45), (1,46), (1,47), (1,48), (1,49), (1,50), (1,51), (1,52), (1,53), (0,53), (0,54), (0,55), (0,56), (0,57), (0,58), (0,59), (0,60), (0,61), (0,62), (0,63), (0,64), (0,65), (0,66), (0,67), (0,68), (0,69), (0,70), (0,71), (0,72), (0,73), (1,73), (1,74), (2,74), (3,74), (4,74), (5,74), (6,74), (7,74), (8,74), (9,74), (10,74), (10,75), (11,75)",
        "time": 8.073424515082898
    },
    "Uber_Train_Uber": {
        "cost": 30.043967656944968,
        "env_tax": 0.07500000000000001,
        "route": "(4,39), (5,39), (5,40), (6,40), (7,40), (8,40), (9,40), (10,40)|(10,40), (10,40), (10,41), (10,42), (10,43), (10,44), (10,45), (10,46), (10,47), (10,48), (10,49), (10,50), (10,51), (10,52), (10,53), (10,54), (10,55), (10,56), (10,57), (10,58), (10,59), (10,60), (10,61), (10,62), (10,63), (10,64), (10,65), (10,66), (10,67), (10,68), (10,69), (10,70)|(10,70), (10,71), (10,72), (10,73), (10,74), (10,75), (11,75)",
        "time": 19.134227505371836
    },
    "Uber_Train_Walk": {
        "cost": 16.97348459732432,
        "env_tax": 0.04000000000000001,
        "route": "(4,39), (5,39), (5,40), (6,40), (7,40), (8,40), (9,40), (10,40)|(10,40), (10,40), (10,41), (10,42), (10,43), (10,44), (10,45), (10,46), (10,47), (10,48), (10,49), (10,50), (10,51), (10,52), (10,53), (10,54), (10,55), (10,56), (10,57), (10,58), (10,59), (10,60), (10,61), (10,62), (10,63), (10,64), (10,65), (10,66), (10,67), (10,68), (10,69), (10,70)|(10,70), (11,70), (11,70), (11,71), (11,72), (11,73), (11,74), (11,75)",
        "time": 462.8732844894091
    },
    "Walk": {
        "cost": 0,
        "env_tax": 0,
        "route": "(4,39), (5,39), (6,39), (7,39), (8,39), (9,39), (10,39), (11,39), (11,39), (11,40), (11,41), (11,42), (11,43), (11,44), (11,45), (11,46), (11,47), (11,48), (11,49), (11,50), (11,51), (11,52), (11,53), (11,54), (11,55), (11,56), (11,57), (11,58), (11,59), (11,60), (11,61), (11,62), (11,63), (11,64), (11,65), (11,66), (11,67), (11,68), (11,69), (11,70), (11,71), (11,72), (11,73), (11,74), (11,75)",
        "time": 3206.2753519446433
    },
    "Walk_Train_Uber": {
        "cost": 16.660461805093924,
        "env_tax": 0.035,
        "route": "(4,39), (5,39), (6,39), (7,39), (8,39), (9,39), (10,39), (10,39), (10,40)|(10,40), (10,40), (10,41), (10,42), (10,43), (10,44), (10,45), (10,46), (10,47), (10,48), (10,49), (10,50), (10,51), (10,52), (10,53), (10,54), (10,55), (10,56), (10,57), (10,58), (10,59), (10,60), (10,61), (10,62), (10,63), (10,64), (10,65), (10,66), (10,67), (10,68), (10,69), (10,70)|(10,70), (10,71), (10,72), (10,73), (10,74), (10,75), (11,75)",
        "time": 535.1048236306393
    },
    "Walk_Train_Walk": {
        "cost": 3.2,
        "env_tax": 0,
        "route": "(4,39), (5,39), (6,39), (7,39), (8,39), (9,39), (10,39), (10,39), (10,40)|(10,40), (10,40), (10,41), (10,42), (10,43), (10,44), (10,45), (10,46), (10,47), (10,48), (10,49), (10,50), (10,51), (10,52), (10,53), (10,54), (10,55), (10,56), (10,57), (10,58), (10,59), (10,60), (10,61), (10,62), (10,63), (10,64), (10,65), (10,66), (10,67), (10,68), (10,69), (10,70)|(10,70), (11,70), (11,70), (11,71), (11,72), (11,73), (11,74), (11,75)",
        "time": 973.0743408433038
    }
}