{
    "Uber": {
        "cost": 36.659522270677265,
        "env_tax": 0.21000000000000002,
        "route": "(37,45), (36,45), (35,45), (34,45), (33,45), (32,45), (31,45), (30,45), (29,45), (28,45), (27,45), (26,45), (25,45), (24,45), (23,45), (22,45), (21,45), (20,45), (19,45), (18,45), (17,45), (16,45), (15,45), (15,46), (14,46), (14,47), (13,47), (13,48), (13,49), (13,50), (13,51), (13,52), (13,53), (13,54), (13,55), (13,56), (13,57), (13,58), (14,58), (14,59), (14,60), (14,61)",
        "time": 15.581623802030926
    },
    "Uber_Train_Uber": {
        "cost": 42.11653371729025,
        "env_tax": 0.07500000000000001,
        "route": "(37,45), (37,44), (38,44), (38,43), (38,42), (39,42), (39,41), (39,40), (40,40)|(40,40), (39,40), (38,40), (37,40), (36,40), (35,40), (34,40), (33,40), (32,40), (31,40), (30,40), (29,40), (28,40), (27,40), (26,40), (25,40), (24,40), (23,40), (22,40), (21,40), (20,40), (19,40), (18,40), (17,40), (16,40), (15,40), (14,40), (13,40), (12,40), (11,40), (10,40), (10,40), (10,41), (10,42), (10,43), (10,44), (10,45), (10,46), (10,47), (10,48), (10,49), (10,50), (10,51), (10,52), (10,53), (10,54), (10,55), (10,56), (10,57), (10,58), (10,59), (10,60)|(10,60), (11,60), (12,60), (13,60), (14,60), (14,61)",
        "time": 22.498232260154488
    },
    "Uber_Train_Walk": {
        "cost": 26.403778359032863,
        "env_tax": 0.045000000000000005,
        "route": "(37,45), (37,44), (38,44), (38,43), (38,42), (39,42), (39,41), (39,40), (40,40)|(40,40), (39,40), (38,40), (37,40), (36,40), (35,40), (34,40), (33,40), (32,40), (31,40), (30,40), (29,40), (28,40), (27,40), (26,40), (25,40), (24,40), (23,40), (22,40), (21,40), (20,40), (19,40), (18,40), (17,40), (16,40), (15,40), (14,40), (13,40), (12,40), (11,40), (10,40), (10,40), (10,41), (10,42), (10,43), (10,44), (10,45), (10,46), (10,47), (10,48), (10,49), (10,50), (10,51), (10,52), (10,53), (10,54), (10,55), (10,56), (10,57), (10,58), (10,59), (10,60)|(10,60), (11,60), (12,60), (13,60), (14,60), (14,60), (14,61)",
        "time": 391.79786322397496
    },
    "Walk": {
        "cost": 0,
        "env_tax": 0,
        "route": "(37,45), (36,45), (35,45), (34,45), (33,45), (32,45), (31,45), (30,45), (29,45), (28,45), (27,45), (26,45), (25,45), (24,45), (23,45), (22,45), (21,45), (20,45), (19,45), (18,45), (17,45), (16,45), (15,45), (14,45), (14,45), (14,46), (14,47), (14,48), (14,49), (14,50), (14,51), (14,52), (14,53), (14,54), (14,55), (14,56), (14,57), (14,58), (14,59), (14,60), (14,61)",
        "time": 2908.0171796707227
    },
    "Walk_Train_Uber": {
        "cost": 18.912541588025373,
        "env_tax": 0.030000000000000006,
        "route": "(37,45), (38,45), (39,45), (40,45), (40,45), (40,44), (40,43), (40,42), (40,41), (40,40)|(40,40), (39,40), (38,40), (37,40), (36,40), (35,40), (34,40), (33,40), (32,40), (31,40), (30,40), (29,40), (28,40), (27,40), (26,40), (25,40), (24,40), (23,40), (22,40), (21,40), (20,40), (19,40), (18,40), (17,40), (16,40), (15,40), (14,40), (13,40), (12,40), (11,40), (10,40), (10,40), (10,41), (10,42), (10,43), (10,44), (10,45), (10,46), (10,47), (10,48), (10,49), (10,50), (10,51), (10,52), (10,53), (10,54), (10,55), (10,56), (10,57), (10,58), (10,59), (10,60)|(10,60), (11,60), (12,60), (13,60), (14,60), (14,61)",
        "time": 610.3030342323517
    },
    "Walk_Train_Walk": {
        "cost": 5.2,
        "env_tax": 0,
        "route": "(37,45), (38,45), (39,45), (40,45), (40,45), (40,44), (40,43), (40,42), (40,41), (40,40)|(40,40), (39,40), (38,40), (37,40), (36,40), (35,40), (34,40), (33,40), (32,40), (31,40), (30,40), (29,40), (28,40), (27,40), (26,40), (25,40), (24,40), (23,40), (22,40), (21,40), (20,40), (19,40), (18,40), (17,40), (16,40), (15,40), (14,40), (13,40), (12,40), (11,40), (10,40), (10,40), (10,41), (10,42), (10,43), (10,44), (10,45), (10,46), (10,47), (10,48), (10,49), (10,50), (10,51), (10,52), (10,53), (10,54), (10,55), (10,56), (10,57), (10,58), (10,59), (10,60)|(10,60), (11,60), (12,60), (13,60), (14,60), (14,60), (14,61)",
        "time": 977.8554403984186
    }
}