{
    "Uber": {
        "cost": 52.61328027194029,
        "env_tax": 0.4,
        "route": "(70,69), (70,68), (71,68), (71,67), (72,67), (73,67), (74,67), (75,67), (75,66), (76,66), (77,66), (78,66), (79,66), (80,66), (80,65), (80,64), (80,63), (80,62), (80,61), (80,60), (80,59), (80,58), (80,57), (80,56), (80,55), (80,54), (80,53), (80,52), (80,51), (80,50), (80,49), (80,48), (80,47), (80,46), (80,45), (80,44), (80,43), (80,42), (80,41), (80,40), (80,39), (80,38), (80,37), (80,36), (80,35), (80,34), (80,33), (80,32), (80,31), (79,31), (79,30), (79,29), (79,28), (79,27), (78,27), (78,26), (78,25), (78,24), (78,23), (77,23), (77,22), (76,22), (76,21), (76,20), (75,20), (74,20), (74,19), (74,18), (74,17), (73,17), (72,17), (72,16), (71,16), (70,16), (69,16), (68,16), (67,16), (66,16), (65,16), (64,16)",
        "time": 19.25099881751448
    },
    "Uber_Train_Uber": {
        "cost": 35.0166172566278,
        "env_tax": 0.05500000000000001,
        "route": "(70,69), (70,70)|(70,70), (69,70), (68,70), (67,70), (66,70), (65,70), (64,70), (63,70), (62,70), (61,70), (60,70), (60,70), (60,69), (60,68), (60,67), (60,66), (60,65), (60,64), (60,63), (60,62), (60,61), (60,60), (60,59), (60,58), (60,57), (60,56), (60,55), (60,54), (60,53), (60,52), (60,51), (60,50), (60,49), (60,48), (60,47), (60,46), (60,45), (60,44), (60,43), (60,42), (60,41), (60,40), (60,39), (60,38), (60,37), (60,36), (60,35), (60,34), (60,33), (60,32), (60,31), (60,30), (60,29), (60,28), (60,27), (60,26), (60,25), (60,24), (60,23), (60,22), (60,21), (60,20)|(60,20), (60,19), (60,18), (61,18), (61,17), (61,16), (62,16), (63,16), (64,16)",
        "time": 24.025547409022302
    },
    "Uber_Train_Walk": {
        "cost": 18.889776652757128,
        "env_tax": 0.010000000000000002,
        "route": "(70,69), (70,70)|(70,70), (69,70), (68,70), (67,70), (66,70), (65,70), (64,70), (63,70), (62,70), (61,70), (60,70), (60,70), (60,69), (60,68), (60,67), (60,66), (60,65), (60,64), (60,63), (60,62), (60,61), (60,60), (60,59), (60,58), (60,57), (60,56), (60,55), (60,54), (60,53), (60,52), (60,51), (60,50), (60,49), (60,48), (60,47), (60,46), (60,45), (60,44), (60,43), (60,42), (60,41), (60,40), (60,39), (60,38), (60,37), (60,36), (60,35), (60,34), (60,33), (60,32), (60,31), (60,30), (60,29), (60,28), (60,27), (60,26), (60,25), (60,24), (60,23), (60,22), (60,21), (60,20)|(60,20), (61,20), (62,20), (63,20), (64,20), (64,20), (64,19), (64,18), (64,17), (64,16)",
        "time": 617.3527642130285
    },
    "Walk": {
        "cost": 0,
        "env_tax": 0,
        "route": "(70,69), (69,69), (68,69), (67,69), (66,69), (65,69), (64,69), (64,69), (64,68), (64,67), (64,66), (64,65), (64,64), (64,63), (64,62), (64,61), (64,60), (64,59), (64,58), (64,57), (64,56), (64,55), (64,54), (64,53), (64,52), (64,51), (64,50), (64,49), (64,48), (64,47), (64,46), (64,45), (64,44), (64,43), (64,42), (64,41), (64,40), (64,39), (64,38), (64,37), (64,36), (64,35), (64,34), (64,33), (64,32), (64,31), (64,30), (64,29), (64,28), (64,27), (64,26), (64,25), (64,24), (64,23), (64,22), (64,21), (64,20), (64,19), (64,18), (64,17), (64,16)",
        "time": 4399.3080410403245
    },
    "Walk_Train_Uber": {
        "cost": 22.215679423426202,
        "env_tax": 0.045000000000000005,
        "route": "(70,69), (70,69), (70,70)|(70,70), (69,70), (68,70), (67,70), (66,70), (65,70), (64,70), (63,70), (62,70), (61,70), (60,70), (60,70), (60,69), (60,68), (60,67), (60,66), (60,65), (60,64), (60,63), (60,62), (60,61), (60,60), (60,59), (60,58), (60,57), (60,56), (60,55), (60,54), (60,53), (60,52), (60,51), (60,50), (60,49), (60,48), (60,47), (60,46), (60,45), (60,44), (60,43), (60,42), (60,41), (60,40), (60,39), (60,38), (60,37), (60,36), (60,35), (60,34), (60,33), (60,32), (60,31), (60,30), (60,29), (60,28), (60,27), (60,26), (60,25), (60,24), (60,23), (60,22), (60,21), (60,20)|(60,20), (60,19), (60,18), (61,18), (61,17), (61,16), (62,16), (63,16), (64,16)",
        "time": 90.98511612827406
    },
    "Walk_Train_Walk": {
        "cost": 6.2,
        "env_tax": 0,
        "route": "(70,69), (70,69), (70,70)|(70,70), (69,70), (68,70), (67,70), (66,70), (65,70), (64,70), (63,70), (62,70), (61,70), (60,70), (60,70), (60,69), (60,68), (60,67), (60,66), (60,65), (60,64), (60,63), (60,62), (60,61), (60,60), (60,59), (60,58), (60,57), (60,56), (60,55), (60,54), (60,53), (60,52), (60,51), (60,50), (60,49), (60,48), (60,47), (60,46), (60,45), (60,44), (60,43), (60,42), (60,41), (60,40), (60,39), (60,38), (60,37), (60,36), (60,35), (60,34), (60,33), (60,32), (60,31), (60,30), (60,29), (60,28), (60,27), (60,26), (60,25), (60,24), (60,23), (60,22), (60,21), (60,20)|(60,20), (61,20), (62,20), (63,20), (64,20), (64,20), (64,19), (64,18), (64,17), (64,16)",
        "time": 679.0690110049388
    }
}