{
    "Uber": {
        "cost": 50.65439628193779,
        "env_tax": 0.43,
        "route": "(58,55), (58,54), (59,54), (60,54), (61,54), (62,54), (63,54), (64,54), (65,54), (66,54), (67,54), (68,54), (69,54), (70,54), (71,54), (72,54), (73,54), (74,54), (75,54), (76,54), (77,54), (78,54), (79,54), (80,54), (80,53), (80,52), (81,52), (82,52), (82,51), (83,51), (84,51), (85,51), (86,51), (87,51), (88,51), (89,51), (90,51), (91,51), (91,50), (91,49), (92,49), (93,49), (94,49), (95,49), (95,48), (96,48), (96,47), (96,46), (96,45), (96,44), (96,43), (96,42), (96,41), (96,40), (96,39), (97,39), (97,38), (97,37), (97,36), (97,35), (97,34), (97,33), (97,32), (97,31), (97,30), (98,30), (98,29), (98,28), (98,27), (98,26), (98,25), (98,24), (98,23), (98,22), (98,21), (97,21), (97,20), (96,20), (95,20), (95,19), (95,18), (94,18), (93,18), (92,18), (92,17), (92,16)",
        "time": 16.501772210231273
    },
    "Uber_Train_Uber": {
        "cost": 39.072919945531055,
        "env_tax": 0.07500000000000001,
        "route": "(58,55), (58,54), (58,53), (58,52), (59,52), (59,51), (59,50), (60,50)|(60,50), (61,50), (62,50), (63,50), (64,50), (65,50), (66,50), (67,50), (68,50), (69,50), (70,50), (71,50), (72,50), (73,50), (74,50), (75,50), (76,50), (77,50), (78,50), (79,50), (80,50), (81,50), (82,50), (83,50), (84,50), (85,50), (86,50), (87,50), (88,50), (89,50), (90,50), (90,50), (90,49), (90,48), (90,47), (90,46), (90,45), (90,44), (90,43), (90,42), (90,41), (90,40), (90,39), (90,38), (90,37), (90,36), (90,35), (90,34), (90,33), (90,32), (90,31), (90,30), (90,29), (90,28), (90,27), (90,26), (90,25), (90,24), (90,23), (90,22), (90,21), (90,20)|(90,20), (90,19), (90,18), (91,18), (92,18), (92,17), (92,16)",
        "time": 22.412502037754233
    },
    "Uber_Train_Walk": {
        "cost": 25.751124711933453,
        "env_tax": 0.04000000000000001,
        "route": "(58,55), (58,54), (58,53), (58,52), (59,52), (59,51), (59,50), (60,50)|(60,50), (61,50), (62,50), (63,50), (64,50), (65,50), (66,50), (67,50), (68,50), (69,50), (70,50), (71,50), (72,50), (73,50), (74,50), (75,50), (76,50), (77,50), (78,50), (79,50), (80,50), (81,50), (82,50), (83,50), (84,50), (85,50), (86,50), (87,50), (88,50), (89,50), (90,50), (90,50), (90,49), (90,48), (90,47), (90,46), (90,45), (90,44), (90,43), (90,42), (90,41), (90,40), (90,39), (90,38), (90,37), (90,36), (90,35), (90,34), (90,33), (90,32), (90,31), (90,30), (90,29), (90,28), (90,27), (90,26), (90,25), (90,24), (90,23), (90,22), (90,21), (90,20)|(90,20), (91,20), (92,20), (92,20), (92,19), (92,18), (92,17), (92,16)",
        "time": 464.01174421616383
    },
    "Walk": {
        "cost": 0,
        "env_tax": 0,
        "route": "(58,55), (59,55), (60,55), (61,55), (62,55), (63,55), (64,55), (65,55), (66,55), (67,55), (68,55), (69,55), (70,55), (71,55), (72,55), (73,55), (74,55), (75,55), (76,55), (77,55), (78,55), (79,55), (80,55), (81,55), (82,55), (83,55), (84,55), (85,55), (86,55), (87,55), (88,55), (89,55), (90,55), (91,55), (92,55), (92,55), (92,54), (92,53), (92,52), (92,51), (92,50), (92,49), (92,48), (92,47), (92,46), (92,45), (92,44), (92,43), (92,42), (92,41), (92,40), (92,39), (92,38), (92,37), (92,36), (92,35), (92,34), (92,33), (92,32), (92,31), (92,30), (92,29), (92,28), (92,27), (92,26), (92,25), (92,24), (92,23), (92,22), (92,21), (92,20), (92,19), (92,18), (92,17), (92,16)",
        "time": 5443.211643999045
    },
    "Walk_Train_Uber": {
        "cost": 19.07838498710607,
        "env_tax": 0.035,
        "route": "(58,55), (59,55), (60,55), (60,55), (60,54), (60,53), (60,52), (60,51), (60,50)|(60,50), (61,50), (62,50), (63,50), (64,50), (65,50), (66,50), (67,50), (68,50), (69,50), (70,50), (71,50), (72,50), (73,50), (74,50), (75,50), (76,50), (77,50), (78,50), (79,50), (80,50), (81,50), (82,50), (83,50), (84,50), (85,50), (86,50), (87,50), (88,50), (89,50), (90,50), (90,50), (90,49), (90,48), (90,47), (90,46), (90,45), (90,44), (90,43), (90,42), (90,41), (90,40), (90,39), (90,38), (90,37), (90,36), (90,35), (90,34), (90,33), (90,32), (90,31), (90,30), (90,29), (90,28), (90,27), (90,26), (90,25), (90,24), (90,23), (90,22), (90,21), (90,20)|(90,20), (90,19), (90,18), (91,18), (92,18), (92,17), (92,16)",
        "time": 538.9633004044584
    },
    "Walk_Train_Walk": {
        "cost": 6.2,
        "env_tax": 0,
        "route": "(58,55), (59,55), (60,55), (60,55), (60,54), (60,53), (60,52), (60,51), (60,50)|(60,50), (61,50), (62,50), (63,50), (64,50), (65,50), (66,50), (67,50), (68,50), (69,50), (70,50), (71,50), (72,50), (73,50), (74,50), (75,50), (76,50), (77,50), (78,50), (79,50), (80,50), (81,50), (82,50), (83,50), (84,50), (85,50), (86,50), (87,50), (88,50), (89,50), (90,50), (90,50), (90,49), (90,48), (90,47), (90,46), (90,45), (90,44), (90,43), (90,42), (90,41), (90,40), (90,39), (90,38), (90,37), (90,36), (90,35), (90,34), (90,33), (90,32), (90,31), (90,30), (90,29), (90,28), (90,27), (90,26), (90,25), (90,24), (90,23), (90,22), (90,21), (90,20)|(90,20), (91,20), (92,20), (92,20), (92,19), (92,18), (92,17), (92,16)",
        "time": 977.5024784032005
    }
}