{
    "Uber": {
        "cost": 19.43381639615122,
        "env_tax": 0.05,
        "route": "(26,52), (27,52), (27,53), (28,53), (28,54), (29,54), (30,54), (31,54), (32,54), (32,55)",
        "time": 10.508123152374658
    },
    "Uber_Train_Uber": {
        "cost": 34.17115077852629,
        "env_tax": 0.07500000000000001,
        "route": "(26,52), (27,52), (28,52), (29,52), (30,52), (30,51), (30,50)|(30,50), (30,50)|(30,50), (30,51), (30,52), (30,53), (30,54), (31,54), (32,54), (32,55)",
        "time": 26.172374394661365
    },
    "Uber_Train_Walk": {
        "cost": 17.30976798153727,
        "env_tax": 0.035,
        "route": "(26,52), (27,52), (28,52), (29,52), (30,52), (30,51), (30,50)|(30,50), (30,50)|(30,50), (31,50), (32,50), (32,50), (32,51), (32,52), (32,53), (32,54), (32,55)",
        "time": 538.3075745992169
    },
    "Walk": {
        "cost": 0,
        "env_tax": 0,
        "route": "(26,52), (27,52), (28,52), (29,52), (30,52), (31,52), (32,52), (32,52), (32,53), (32,54), (32,55)",
        "time": 671.0808876163206
    },
    "Walk_Train_Uber": {
        "cost": 18.83745697019575,
        "env_tax": 0.04000000000000001,
        "route": "(26,52), (27,52), (28,52), (29,52), (30,52), (30,52), (30,51), (30,50)|(30,50), (30,50)|(30,50), (30,51), (30,52), (30,53), (30,54), (31,54), (32,54), (32,55)",
        "time": 460.5145243903509
    },
    "Walk_Train_Walk": {
        "cost": 0.2,
        "env_tax": 0,
        "route": "(26,52), (27,52), (28,52), (29,52), (30,52), (30,52), (30,51), (30,50)|(30,50), (30,50)|(30,50), (31,50), (32,50), (32,50), (32,51), (32,52), (32,53), (32,54), (32,55)",
        "time": 972.6653336184761
    }
}