{
    "Uber": {
        "cost": 51.822604907557434,
        "env_tax": 0.15500000000000003,
        "route": "(46,44), (47,44), (47,45), (47,46), (47,47), (48,47), (48,48), (48,49), (48,50), (49,50), (50,50), (50,51), (51,51), (52,51), (52,52), (52,53), (52,54), (52,55), (52,56), (52,57), (53,57), (53,58), (54,58), (55,58), (56,58), (57,58), (58,58), (59,58), (60,58), (61,58), (62,58)",
        "time": 16.205175002378624
    },
    "Uber_Train_Uber": {
        "cost": 39.5038384250749,
        "env_tax": 0.07,
        "route": "(46,44), (47,44), (47,43), (48,43), (48,42), (49,42), (49,41), (50,41), (50,40)|(50,40), (51,40), (52,40), (53,40), (54,40), (55,40), (56,40), (57,40), (58,40), (59,40), (60,40), (60,40), (60,41), (60,42), (60,43), (60,44), (60,45), (60,46), (60,47), (60,48), (60,49), (60,50), (60,51), (60,52), (60,53), (60,54), (60,55), (60,56), (60,57), (60,58), (60,59), (60,60)|(60,60), (60,59), (61,59), (61,58), (62,58)",
        "time": 29.60072804646251
    },
    "Uber_Train_Walk": {
        "cost": 25.215346370712002,
        "env_tax": 0.045000000000000005,
        "route": "(46,44), (47,44), (47,43), (48,43), (48,42), (49,42), (49,41), (50,41), (50,40)|(50,40), (51,40), (52,40), (53,40), (54,40), (55,40), (56,40), (57,40), (58,40), (59,40), (60,40), (60,40), (60,41), (60,42), (60,43), (60,44), (60,45), (60,46), (60,47), (60,48), (60,49), (60,50), (60,51), (60,52), (60,53), (60,54), (60,55), (60,56), (60,57), (60,58), (60,59), (60,60)|(60,60), (61,60), (62,60), (62,60), (62,59), (62,58)",
        "time": 309.85020533452524
    },
    "Walk": {
        "cost": 0,
        "env_tax": 0,
        "route": "(46,44), (47,44), (48,44), (49,44), (50,44), (51,44), (52,44), (53,44), (54,44), (55,44), (56,44), (57,44), (58,44), (59,44), (60,44), (61,44), (62,44), (62,44), (62,45), (62,46), (62,47), (62,48), (62,49), (62,50), (62,51), (62,52), (62,53), (62,54), (62,55), (62,56), (62,57), (62,58)",
        "time": 2236.936292054402
    },
    "Walk_Train_Uber": {
        "cost": 19.471894765088766,
        "env_tax": 0.025,
        "route": "(46,44), (47,44), (48,44), (49,44), (50,44), (50,44), (50,43), (50,42), (50,41), (50,40)|(50,40), (51,40), (52,40), (53,40), (54,40), (55,40), (56,40), (57,40), (58,40), (59,40), (60,40), (60,40), (60,41), (60,42), (60,43), (60,44), (60,45), (60,46), (60,47), (60,48), (60,49), (60,50), (60,51), (60,52), (60,53), (60,54), (60,55), (60,56), (60,57), (60,58), (60,59), (60,60)|(60,60), (60,59), (61,59), (61,58), (62,58)",
        "time": 609.1354919594136
    },
    "Walk_Train_Walk": {
        "cost": 3.2,
        "env_tax": 0,
        "route": "(46,44), (47,44), (48,44), (49,44), (50,44), (50,44), (50,43), (50,42), (50,41), (50,40)|(50,40), (51,40), (52,40), (53,40), (54,40), (55,40), (56,40), (57,40), (58,40), (59,40), (60,40), (60,40), (60,41), (60,42), (60,43), (60,44), (60,45), (60,46), (60,47), (60,48), (60,49), (60,50), (60,51), (60,52), (60,53), (60,54), (60,55), (60,56), (60,57), (60,58), (60,59), (60,60)|(60,60), (61,60), (62,60), (62,60), (62,59), (62,58)",
        "time": 899.6629759584275
    }
}