{
    "Uber": {
        "cost": 49.199517086826134,
        "env_tax": 0.3400000000000001,
        "route": "(82,8), (82,7), (81,7), (80,7), (79,7), (78,7), (77,7), (76,7), (75,7), (74,7), (73,7), (72,7), (71,7), (70,7), (69,7), (68,7), (68,8), (68,9), (67,9), (66,9), (66,10), (65,10), (65,11), (64,11), (63,11), (62,11), (62,12), (62,13), (61,13), (60,13), (59,13), (59,14), (59,15), (59,16), (59,17), (59,18), (59,19), (59,20), (59,21), (59,22), (59,23), (59,24), (58,24), (57,24), (56,24), (55,24), (55,25), (55,26), (55,27), (55,28), (55,29), (55,30), (55,31), (55,32), (55,33), (55,34), (55,35), (55,36), (55,37), (55,38), (55,39), (55,40), (55,41), (54,41), (53,41), (53,42), (53,43), (53,44)",
        "time": 15.631421177416653
    },
    "Uber_Train_Uber": {
        "cost": 39.57141057846524,
        "env_tax": 0.065,
        "route": "(82,8), (81,8), (81,9), (81,10), (80,10)|(80,10), (79,10), (78,10), (77,10), (76,10), (75,10), (74,10), (73,10), (72,10), (71,10), (70,10), (69,10), (68,10), (67,10), (66,10), (65,10), (64,10), (63,10), (62,10), (61,10), (60,10), (59,10), (58,10), (57,10), (56,10), (55,10), (54,10), (53,10), (52,10), (51,10), (50,10), (50,10), (50,11), (50,12), (50,13), (50,14), (50,15), (50,16), (50,17), (50,18), (50,19), (50,20), (50,21), (50,22), (50,23), (50,24), (50,25), (50,26), (50,27), (50,28), (50,29), (50,30), (50,31), (50,32), (50,33), (50,34), (50,35), (50,36), (50,37), (50,38), (50,39), (50,40)|(50,40), (50,41), (51,41), (52,41), (53,41), (53,42), (53,43), (53,44)",
        "time": 21.15849840143513
    },
    "Uber_Train_Walk": {
        "cost": 18.73534027818156,
        "env_tax": 0.025,
        "route": "(82,8), (81,8), (81,9), (81,10), (80,10)|(80,10), (79,10), (78,10), (77,10), (76,10), (75,10), (74,10), (73,10), (72,10), (71,10), (70,10), (69,10), (68,10), (67,10), (66,10), (65,10), (64,10), (63,10), (62,10), (61,10), (60,10), (59,10), (58,10), (57,10), (56,10), (55,10), (54,10), (53,10), (52,10), (51,10), (50,10), (50,10), (50,11), (50,12), (50,13), (50,14), (50,15), (50,16), (50,17), (50,18), (50,19), (50,20), (50,21), (50,22), (50,23), (50,24), (50,25), (50,26), (50,27), (50,28), (50,29), (50,30), (50,31), (50,32), (50,33), (50,34), (50,35), (50,36), (50,37), (50,38), (50,39), (50,40)|(50,40), (51,40), (52,40), (53,40), (53,40), (53,41), (53,42), (53,43), (53,44)",
        "time": 533.1091568341899
    },
    "Walk": {
        "cost": 0,
        "env_tax": 0,
        "route": "(82,8), (81,8), (80,8), (79,8), (78,8), (77,8), (76,8), (75,8), (74,8), (73,8), (72,8), (71,8), (70,8), (69,8), (68,8), (67,8), (66,8), (65,8), (64,8), (63,8), (62,8), (61,8), (60,8), (59,8), (58,8), (57,8), (56,8), (55,8), (54,8), (53,8), (53,8), (53,9), (53,10), (53,11), (53,12), (53,13), (53,14), (53,15), (53,16), (53,17), (53,18), (53,19), (53,20), (53,21), (53,22), (53,23), (53,24), (53,25), (53,26), (53,27), (53,28), (53,29), (53,30), (53,31), (53,32), (53,33), (53,34), (53,35), (53,36), (53,37), (53,38), (53,39), (53,40), (53,41), (53,42), (53,43), (53,44)",
        "time": 4846.695299451205
    },
    "Walk_Train_Uber": {
        "cost": 27.32849327850612,
        "env_tax": 0.04000000000000001,
        "route": "(82,8), (81,8), (80,8), (80,8), (80,9), (80,10)|(80,10), (79,10), (78,10), (77,10), (76,10), (75,10), (74,10), (73,10), (72,10), (71,10), (70,10), (69,10), (68,10), (67,10), (66,10), (65,10), (64,10), (63,10), (62,10), (61,10), (60,10), (59,10), (58,10), (57,10), (56,10), (55,10), (54,10), (53,10), (52,10), (51,10), (50,10), (50,10), (50,11), (50,12), (50,13), (50,14), (50,15), (50,16), (50,17), (50,18), (50,19), (50,20), (50,21), (50,22), (50,23), (50,24), (50,25), (50,26), (50,27), (50,28), (50,29), (50,30), (50,31), (50,32), (50,33), (50,34), (50,35), (50,36), (50,37), (50,38), (50,39), (50,40)|(50,40), (50,41), (51,41), (52,41), (53,41), (53,42), (53,43), (53,44)",
        "time": 312.0304787517952
    },
    "Walk_Train_Walk": {
        "cost": 6.2,
        "env_tax": 0,
        "route": "(82,8), (81,8), (80,8), (80,8), (80,9), (80,10)|(80,10), (79,10), (78,10), (77,10), (76,10), (75,10), (74,10), (73,10), (72,10), (71,10), (70,10), (69,10), (68,10), (67,10), (66,10), (65,10), (64,10), (63,10), (62,10), (61,10), (60,10), (59,10), (58,10), (57,10), (56,10), (55,10), (54,10), (53,10), (52,10), (51,10), (50,10), (50,10), (50,11), (50,12), (50,13), (50,14), (50,15), (50,16), (50,17), (50,18), (50,19), (50,20), (50,21), (50,22), (50,23), (50,24), (50,25), (50,26), (50,27), (50,28), (50,29), (50,30), (50,31), (50,32), (50,33), (50,34), (50,35), (50,36), (50,37), (50,38), (50,39), (50,40)|(50,40), (51,40), (52,40), (53,40), (53,40), (53,41), (53,42), (53,43), (53,44)",
        "time": 824.0126028616407
    }
}