{
    "Uber": {
        "cost": 63.20932362722744,
        "env_tax": 0.8200000000000002,
        "route": "(84,88), (85,88), (86,88), (87,88), (88,88), (89,88), (89,87), (89,86), (89,85), (89,84), (89,83), (90,83), (90,82), (90,81), (91,81), (91,80), (92,80), (92,79), (92,78), (92,77), (92,76), (92,75), (93,75), (93,74), (93,73), (93,72), (93,71), (93,70), (93,69), (93,68), (93,67), (93,66), (93,65), (93,64), (93,63), (93,62), (93,61), (93,60), (93,59), (93,58), (93,57), (93,56), (93,55), (93,54), (93,53), (93,52), (92,52), (92,51), (92,50), (92,49), (91,49), (91,48), (91,47), (90,47), (90,46), (90,45), (89,45), (89,44), (88,44), (87,44), (87,43), (87,42), (87,41), (86,41), (86,40), (86,39), (85,39), (84,39), (84,38), (84,37), (83,37), (83,36), (83,35), (82,35), (81,35), (81,34), (81,33), (81,32), (80,32), (80,31), (79,31), (79,30), (78,30), (77,30), (76,30), (76,29), (76,28), (76,27), (76,26), (75,26), (75,25), (75,24), (74,24), (73,24), (73,23), (73,22), (73,21), (72,21), (72,20), (72,19), (71,19), (71,18), (70,18), (69,18), (69,17), (69,16), (69,15), (68,15), (68,14), (68,13), (67,13), (67,12), (66,12), (66,11), (65,11), (64,11), (63,11), (62,11), (61,11), (61,10), (61,9), (61,8), (61,7), (60,7), (60,6), (59,6), (59,5), (58,5), (57,5), (56,5), (55,5), (54,5), (53,5), (52,5), (52,4), (51,4), (50,4), (49,4), (48,4), (47,4), (46,4), (45,4), (44,4), (43,4), (42,4), (41,4), (40,4), (39,4), (38,4), (37,4), (36,4), (35,4), (35,5), (34,5), (33,5), (32,5), (32,6), (31,6), (30,6), (30,7), (30,8), (30,9), (30,10), (30,11)",
        "time": 19.11512212890344
    },
    "Uber_Train_Uber": {
        "cost": 37.981315763143584,
        "env_tax": 0.045000000000000005,
        "route": "(84,88), (83,88), (83,89), (83,90), (82,90), (81,90), (80,90)|(80,90), (79,90), (78,90), (77,90), (76,90), (75,90), (74,90), (73,90), (72,90), (71,90), (70,90), (69,90), (68,90), (67,90), (66,90), (65,90), (64,90), (63,90), (62,90), (61,90), (60,90), (59,90), (58,90), (57,90), (56,90), (55,90), (54,90), (53,90), (52,90), (51,90), (50,90), (49,90), (48,90), (47,90), (46,90), (45,90), (44,90), (43,90), (42,90), (41,90), (40,90), (39,90), (38,90), (37,90), (36,90), (35,90), (34,90), (33,90), (32,90), (31,90), (30,90), (30,90), (30,89), (30,88), (30,87), (30,86), (30,85), (30,84), (30,83), (30,82), (30,81), (30,80), (30,79), (30,78), (30,77), (30,76), (30,75), (30,74), (30,73), (30,72), (30,71), (30,70), (30,69), (30,68), (30,67), (30,66), (30,65), (30,64), (30,63), (30,62), (30,61), (30,60), (30,59), (30,58), (30,57), (30,56), (30,55), (30,54), (30,53), (30,52), (30,51), (30,50), (30,49), (30,48), (30,47), (30,46), (30,45), (30,44), (30,43), (30,42), (30,41), (30,40), (30,39), (30,38), (30,37), (30,36), (30,35), (30,34), (30,33), (30,32), (30,31), (30,30), (30,29), (30,28), (30,27), (30,26), (30,25), (30,24), (30,23), (30,22), (30,21), (30,20), (30,19), (30,18), (30,17), (30,16), (30,15), (30,14), (30,13), (30,12), (30,11), (30,10)|(30,10), (30,11)",
        "time": 22.102704878617423
    },
    "Uber_Train_Walk": {
        "cost": 26.281556523957015,
        "env_tax": 0.035,
        "route": "(84,88), (83,88), (83,89), (83,90), (82,90), (81,90), (80,90)|(80,90), (79,90), (78,90), (77,90), (76,90), (75,90), (74,90), (73,90), (72,90), (71,90), (70,90), (69,90), (68,90), (67,90), (66,90), (65,90), (64,90), (63,90), (62,90), (61,90), (60,90), (59,90), (58,90), (57,90), (56,90), (55,90), (54,90), (53,90), (52,90), (51,90), (50,90), (49,90), (48,90), (47,90), (46,90), (45,90), (44,90), (43,90), (42,90), (41,90), (40,90), (39,90), (38,90), (37,90), (36,90), (35,90), (34,90), (33,90), (32,90), (31,90), (30,90), (30,90), (30,89), (30,88), (30,87), (30,86), (30,85), (30,84), (30,83), (30,82), (30,81), (30,80), (30,79), (30,78), (30,77), (30,76), (30,75), (30,74), (30,73), (30,72), (30,71), (30,70), (30,69), (30,68), (30,67), (30,66), (30,65), (30,64), (30,63), (30,62), (30,61), (30,60), (30,59), (30,58), (30,57), (30,56), (30,55), (30,54), (30,53), (30,52), (30,51), (30,50), (30,49), (30,48), (30,47), (30,46), (30,45), (30,44), (30,43), (30,42), (30,41), (30,40), (30,39), (30,38), (30,37), (30,36), (30,35), (30,34), (30,33), (30,32), (30,31), (30,30), (30,29), (30,28), (30,27), (30,26), (30,25), (30,24), (30,23), (30,22), (30,21), (30,20), (30,19), (30,18), (30,17), (30,16), (30,15), (30,14), (30,13), (30,12), (30,11), (30,10)|(30,10), (30,10), (30,11)",
        "time": 89.80104352118084
    },
    "Walk": {
        "cost": 0,
        "env_tax": 0,
        "route": "(84,88), (83,88), (82,88), (81,88), (80,88), (79,88), (78,88), (77,88), (76,88), (75,88), (74,88), (73,88), (72,88), (71,88), (70,88), (69,88), (68,88), (67,88), (66,88), (65,88), (64,88), (63,88), (62,88), (61,88), (60,88), (59,88), (58,88), (57,88), (56,88), (55,88), (54,88), (53,88), (52,88), (51,88), (50,88), (49,88), (48,88), (47,88), (46,88), (45,88), (44,88), (43,88), (42,88), (41,88), (40,88), (39,88), (38,88), (37,88), (36,88), (35,88), (34,88), (33,88), (32,88), (31,88), (30,88), (30,88), (30,87), (30,86), (30,85), (30,84), (30,83), (30,82), (30,81), (30,80), (30,79), (30,78), (30,77), (30,76), (30,75), (30,74), (30,73), (30,72), (30,71), (30,70), (30,69), (30,68), (30,67), (30,66), (30,65), (30,64), (30,63), (30,62), (30,61), (30,60), (30,59), (30,58), (30,57), (30,56), (30,55), (30,54), (30,53), (30,52), (30,51), (30,50), (30,49), (30,48), (30,47), (30,46), (30,45), (30,44), (30,43), (30,42), (30,41), (30,40), (30,39), (30,38), (30,37), (30,36), (30,35), (30,34), (30,33), (30,32), (30,31), (30,30), (30,29), (30,28), (30,27), (30,26), (30,25), (30,24), (30,23), (30,22), (30,21), (30,20), (30,19), (30,18), (30,17), (30,16), (30,15), (30,14), (30,13), (30,12), (30,11)",
        "time": 9767.95514197089
    },
    "Walk_Train_Uber": {
        "cost": 25.33861309265428,
        "env_tax": 0.010000000000000002,
        "route": "(84,88), (83,88), (82,88), (81,88), (80,88), (80,88), (80,89), (80,90)|(80,90), (79,90), (78,90), (77,90), (76,90), (75,90), (74,90), (73,90), (72,90), (71,90), (70,90), (69,90), (68,90), (67,90), (66,90), (65,90), (64,90), (63,90), (62,90), (61,90), (60,90), (59,90), (58,90), (57,90), (56,90), (55,90), (54,90), (53,90), (52,90), (51,90), (50,90), (49,90), (48,90), (47,90), (46,90), (45,90), (44,90), (43,90), (42,90), (41,90), (40,90), (39,90), (38,90), (37,90), (36,90), (35,90), (34,90), (33,90), (32,90), (31,90), (30,90), (30,90), (30,89), (30,88), (30,87), (30,86), (30,85), (30,84), (30,83), (30,82), (30,81), (30,80), (30,79), (30,78), (30,77), (30,76), (30,75), (30,74), (30,73), (30,72), (30,71), (30,70), (30,69), (30,68), (30,67), (30,66), (30,65), (30,64), (30,63), (30,62), (30,61), (30,60), (30,59), (30,58), (30,57), (30,56), (30,55), (30,54), (30,53), (30,52), (30,51), (30,50), (30,49), (30,48), (30,47), (30,46), (30,45), (30,44), (30,43), (30,42), (30,41), (30,40), (30,39), (30,38), (30,37), (30,36), (30,35), (30,34), (30,33), (30,32), (30,31), (30,30), (30,29), (30,28), (30,27), (30,26), (30,25), (30,24), (30,23), (30,22), (30,21), (30,20), (30,19), (30,18), (30,17), (30,16), (30,15), (30,14), (30,13), (30,12), (30,11), (30,10)|(30,10), (30,11)",
        "time": 462.5803108374152
    },
    "Walk_Train_Walk": {
        "cost": 13.200000000000001,
        "env_tax": 0,