{
    "Uber": {
        "cost": 33.37061025650538,
        "env_tax": 0.23500000000000001,
        "route": "(60,34), (61,34), (61,33), (61,32), (62,32), (63,32), (64,32), (65,32), (66,32), (67,32), (68,32), (69,32), (70,32), (71,32), (72,32), (73,32), (74,32), (75,32), (76,32), (77,32), (78,32), (78,31), (79,31), (80,31), (81,31), (82,31), (83,31), (84,31), (85,31), (86,31), (87,31), (88,31), (89,31), (90,31), (91,31), (92,31), (93,31), (94,31), (94,32), (95,32), (95,33), (96,33), (96,34), (97,34), (98,34), (98,35), (98,36)",
        "time": 12.005423181471564
    },
    "Uber_Train_Uber": {
        "cost": 34.17732605791576,
        "env_tax": 0.09,
        "route": "(60,34), (60,33), (60,32), (60,31), (60,30)|(60,30), (61,30), (62,30), (63,30), (64,30), (65,30), (66,30), (67,30), (68,30), (69,30), (70,30), (71,30), (72,30), (73,30), (74,30), (75,30), (76,30), (77,30), (78,30), (79,30), (80,30), (81,30), (82,30), (83,30), (84,30), (85,30), (86,30), (87,30), (88,30), (89,30), (90,30), (90,30), (90,31), (90,32), (90,33), (90,34), (90,35), (90,36), (90,37), (90,38), (90,39), (90,40)|(90,40), (91,40), (92,40), (93,40), (94,40), (95,40), (96,40), (96,39), (97,39), (97,38), (98,38), (98,37), (98,36)",
        "time": 14.12375883692024
    },
    "Uber_Train_Walk": {
        "cost": 19.476426223349684,
        "env_tax": 0.025,
        "route": "(60,34), (60,33), (60,32), (60,31), (60,30)|(60,30), (61,30), (62,30), (63,30), (64,30), (65,30), (66,30), (67,30), (68,30), (69,30), (70,30), (71,30), (72,30), (73,30), (74,30), (75,30), (76,30), (77,30), (78,30), (79,30), (80,30), (81,30), (82,30), (83,30), (84,30), (85,30), (86,30), (87,30), (88,30), (89,30), (90,30), (90,30), (90,31), (90,32), (90,33), (90,34), (90,35), (90,36), (90,37), (90,38), (90,39), (90,40)|(90,40), (91,40), (92,40), (93,40), (94,40), (95,40), (96,40), (97,40), (98,40), (98,40), (98,39), (98,38), (98,37), (98,36)",
        "time": 908.5396409796917
    },
    "Walk": {
        "cost": 0,
        "env_tax": 0,
        "route": "(60,34), (61,34), (62,34), (63,34), (64,34), (65,34), (66,34), (67,34), (68,34), (69,34), (70,34), (71,34), (72,34), (73,34), (74,34), (75,34), (76,34), (77,34), (78,34), (79,34), (80,34), (81,34), (82,34), (83,34), (84,34), (85,34), (86,34), (87,34), (88,34), (89,34), (90,34), (91,34), (92,34), (93,34), (94,34), (95,34), (96,34), (97,34), (98,34), (98,34), (98,35), (98,36)",
        "time": 2982.5817227392026
    },
    "Walk_Train_Uber": {
        "cost": 18.918461418582314,
        "env_tax": 0.065,
        "route": "(60,34), (60,34), (60,33), (60,32), (60,31), (60,30)|(60,30), (61,30), (62,30), (63,30), (64,30), (65,30), (66,30), (67,30), (68,30), (69,30), (70,30), (71,30), (72,30), (73,30), (74,30), (75,30), (76,30), (77,30), (78,30), (79,30), (80,30), (81,30), (82,30), (83,30), (84,30), (85,30), (86,30), (87,30), (88,30), (89,30), (90,30), (90,30), (90,31), (90,32), (90,33), (90,34), (90,35), (90,36), (90,37), (90,38), (90,39), (90,40)|(90,40), (91,40), (92,40), (93,40), (94,40), (95,40), (96,40), (96,39), (97,39), (97,38), (98,38), (98,37), (98,36)",
        "time": 310.6046933188555
    },
    "Walk_Train_Walk": {
        "cost": 4.2,
        "env_tax": 0,
        "route": "(60,34), (60,34), (60,33), (60,32), (60,31), (60,30)|(60,30), (61,30), (62,30), (63,30), (64,30), (65,30), (66,30), (67,30), (68,30), (69,30), (70,30), (71,30), (72,30), (73,30), (74,30), (75,30), (76,30), (77,30), (78,30), (79,30), (80,30), (81,30), (82,30), (83,30), (84,30), (85,30), (86,30), (87,30), (88,30), (89,30), (90,30), (90,30), (90,31), (90,32), (90,33), (90,34), (90,35), (90,36), (90,37), (90,38), (90,39), (90,40)|(90,40), (91,40), (92,40), (93,40), (94,40), (95,40), (96,40), (97,40), (98,40), (98,40), (98,39), (98,38), (98,37), (98,36)",
        "time": 1197.2395170232396
    }
}