{
    "Uber": {
        "cost": 45.949125183189615,
        "env_tax": 0.44500000000000006,
        "route": "(5,12), (4,12), (3,12), (3,13), (3,14), (3,15), (3,16), (2,16), (2,17), (2,18), (1,18), (0,18), (0,19), (0,20), (0,21), (0,22), (0,23), (0,24), (0,25), (0,26), (0,27), (0,28), (0,29), (0,30), (0,31), (0,32), (0,33), (0,34), (0,35), (0,36), (0,37), (0,38), (0,39), (0,40), (0,41), (1,41), (1,42), (1,43), (1,44), (1,45), (1,46), (1,47), (1,48), (1,49), (1,50), (1,51), (2,51), (3,51), (3,52), (4,52), (5,52), (5,53), (6,53), (7,53), (8,53), (9,53), (10,53), (11,53), (12,53), (13,53), (14,53), (15,53), (16,53), (17,53), (18,53), (19,53), (20,53), (21,53), (22,53), (23,53), (24,53), (25,53), (26,53), (27,53), (28,53), (29,53), (30,53), (31,53), (32,53), (33,53), (34,53), (35,53), (36,53), (37,53), (38,53), (39,53), (40,53), (41,53), (42,53)",
        "time": 15.16073024708706
    },
    "Uber_Train_Uber": {
        "cost": 37.747007513019135,
        "env_tax": 0.07,
        "route": "(5,12), (6,12), (6,11), (7,11), (8,11), (8,10), (9,10), (10,10)|(10,10), (11,10), (12,10), (13,10), (14,10), (15,10), (16,10), (17,10), (18,10), (19,10), (20,10), (21,10), (22,10), (23,10), (24,10), (25,10), (26,10), (27,10), (28,10), (29,10), (30,10), (31,10), (32,10), (33,10), (34,10), (35,10), (36,10), (37,10), (38,10), (39,10), (40,10), (40,10), (40,11), (40,12), (40,13), (40,14), (40,15), (40,16), (40,17), (40,18), (40,19), (40,20), (40,21), (40,22), (40,23), (40,24), (40,25), (40,26), (40,27), (40,28), (40,29), (40,30), (40,31), (40,32), (40,33), (40,34), (40,35), (40,36), (40,37), (40,38), (40,39), (40,40), (40,41), (40,42), (40,43), (40,44), (40,45), (40,46), (40,47), (40,48), (40,49), (40,50)|(40,50), (40,51), (41,51), (41,52), (42,52), (42,53)",
        "time": 23.443818496735815
    },
    "Uber_Train_Walk": {
        "cost": 19.950319511443393,
        "env_tax": 0.04000000000000001,
        "route": "(5,12), (6,12), (6,11), (7,11), (8,11), (8,10), (9,10), (10,10)|(10,10), (11,10), (12,10), (13,10), (14,10), (15,10), (16,10), (17,10), (18,10), (19,10), (20,10), (21,10), (22,10), (23,10), (24,10), (25,10), (26,10), (27,10), (28,10), (29,10), (30,10), (31,10), (32,10), (33,10), (34,10), (35,10), (36,10), (37,10), (38,10), (39,10), (40,10), (40,10), (40,11), (40,12), (40,13), (40,14), (40,15), (40,16), (40,17), (40,18), (40,19), (40,20), (40,21), (40,22), (40,23), (40,24), (40,25), (40,26), (40,27), (40,28), (40,29), (40,30), (40,31), (40,32), (40,33), (40,34), (40,35), (40,36), (40,37), (40,38), (40,39), (40,40), (40,41), (40,42), (40,43), (40,44), (40,45), (40,46), (40,47), (40,48), (40,49), (40,50)|(40,50), (41,50), (42,50), (42,50), (42,51), (42,52), (42,53)",
        "time": 387.6839577825637
    },
    "Walk": {
        "cost": 0,
        "env_tax": 0,
        "route": "(5,12), (6,12), (7,12), (8,12), (9,12), (10,12), (11,12), (12,12), (13,12), (14,12), (15,12), (16,12), (17,12), (18,12), (19,12), (20,12), (21,12), (22,12), (23,12), (24,12), (25,12), (26,12), (27,12), (28,12), (29,12), (30,12), (31,12), (32,12), (33,12), (34,12), (35,12), (36,12), (37,12), (38,12), (39,12), (40,12), (41,12), (42,12), (42,12), (42,13), (42,14), (42,15), (42,16), (42,17), (42,18), (42,19), (42,20), (42,21), (42,22), (42,23), (42,24), (42,25), (42,26), (42,27), (42,28), (42,29), (42,30), (42,31), (42,32), (42,33), (42,34), (42,35), (42,36), (42,37), (42,38), (42,39), (42,40), (42,41), (42,42), (42,43), (42,44), (42,45), (42,46), (42,47), (42,48), (42,49), (42,50), (42,51), (42,52), (42,53)",
        "time": 5816.034359341445
    },
    "Walk_Train_Uber": {
        "cost": 23.44425466115381,
        "env_tax": 0.030000000000000006,
        "route": "(5,12), (6,12), (7,12), (8,12), (9,12), (10,12), (10,12), (10,11), (10,10)|(10,10), (11,10), (12,10), (13,10), (14,10), (15,10), (16,10), (17,10), (18,10), (19,10), (20,10), (21,10), (22,10), (23,10), (24,10), (25,10), (26,10), (27,10), (28,10), (29,10), (30,10), (31,10), (32,10), (33,10), (34,10), (35,10), (36,10), (37,10), (38,10), (39,10), (40,10), (40,10), (40,11), (40,12), (40,13), (40,14), (40,15), (40,16), (40,17), (40,18), (40,19), (40,20), (40,21), (40,22), (40,23), (40,24), (40,25), (40,26), (40,27), (40,28), (40,29), (40,30), (40,31), (40,32), (40,33), (40,34), (40,35), (40,36), (40,37), (40,38), (40,39), (40,40), (40,41), (40,42), (40,43), (40,44), (40,45), (40,46), (40,47), (40,48), (40,49), (40,50)|(40,50), (40,51), (41,51), (41,52), (42,52), (42,53)",
        "time": 539.4003118116348
    },
    "Walk_Train_Walk": {
        "cost": 7.2,
        "env_tax": 0,
        "route": "(5,12), (6,12), (7,12), (8,12), (9,12), (10,12), (10,12), (10,11), (10,10)|(10,10), (11,10), (12,10), (13,10), (14,10), (15,10), (16,10), (17,10), (18,10), (19,10), (20,10), (21,10), (22,10), (23,10), (24,10), (25,10), (26,10), (27,10), (28,10), (29,10), (30,10), (31,10), (32,10), (33,10), (34,10), (35,10), (36,10), (37,10), (38,10), (39,10), (40,10), (40,10), (40,11), (40,12), (40,13), (40,14), (40,15), (40,16), (40,17), (40,18), (40,19), (40,20), (40,21), (40,22), (40,23), (40,24), (40,25), (40,26), (40,27), (40,28), (40,29), (40,30), (40,31), (40,32), (40,33), (40,34), (40,35), (40,36), (40,37), (40,38), (40,39), (40,40), (40,41), (40,42), (40,43), (40,44), (40,45), (40,46), (40,47), (40,48), (40,49), (40,50)|(40,50), (41,50), (42,50), (42,50), (42,51), (42,52), (42,53)",
        "time": 902.904701162121
    }
}