{
    "Uber": {
        "cost": 41.788714318670365,
        "env_tax": 0.54,
        "route": "(89,23), (89,22), (89,21), (89,20), (89,19), (89,18), (88,18), (88,17), (88,16), (88,15), (88,14), (87,14), (87,13), (86,13), (85,13), (84,13), (83,13), (82,13), (81,13), (80,13), (79,13), (78,13), (77,13), (76,13), (75,13), (74,13), (73,13), (72,13), (71,13), (70,13), (69,13), (68,13), (67,13), (66,13), (65,13), (64,13), (63,13), (62,13), (61,13), (60,13), (59,13), (58,13), (57,13), (56,13), (55,13), (54,13), (53,13), (52,13), (51,13), (50,13), (49,13), (48,13), (47,13), (47,14), (46,14), (45,14), (44,14), (43,14), (42,14), (41,14), (40,14), (39,14), (38,14), (37,14), (36,14), (35,14), (34,14), (33,14), (32,14), (31,14), (30,14), (29,14), (28,14), (27,14), (26,14), (25,14), (24,14), (24,15), (23,15), (22,15), (21,15), (20,15), (19,15), (18,15), (17,15), (16,15), (15,15), (15,16), (15,17), (15,18), (14,18), (13,18), (12,18), (12,19), (11,19), (11,20), (10,20), (10,21), (10,22), (10,23), (9,23), (9,24), (9,25), (9,26), (9,27), (9,28), (9,29), (10,29)",
        "time": 12.387429964217244
    },
    "Uber_Train_Uber": {
        "cost": 33.95772338176354,
        "env_tax": 0.035,
        "route": "(89,23), (89,22), (89,21), (89,20), (90,20)|(90,20), (89,20), (88,20), (87,20), (86,20), (85,20), (84,20), (83,20), (82,20), (81,20), (80,20), (79,20), (78,20), (77,20), (76,20), (75,20), (74,20), (73,20), (72,20), (71,20), (70,20), (69,20), (68,20), (67,20), (66,20), (65,20), (64,20), (63,20), (62,20), (61,20), (60,20), (59,20), (58,20), (57,20), (56,20), (55,20), (54,20), (53,20), (52,20), (51,20), (50,20), (49,20), (48,20), (47,20), (46,20), (45,20), (44,20), (43,20), (42,20), (41,20), (40,20), (39,20), (38,20), (37,20), (36,20), (35,20), (34,20), (33,20), (32,20), (31,20), (30,20), (29,20), (28,20), (27,20), (26,20), (25,20), (24,20), (23,20), (22,20), (21,20), (20,20), (19,20), (18,20), (17,20), (16,20), (15,20), (14,20), (13,20), (12,20), (11,20), (10,20), (10,20), (10,21), (10,22), (10,23), (10,24), (10,25), (10,26), (10,27), (10,28), (10,29), (10,30)|(10,30), (10,29)",
        "time": 24.58349496779417
    },
    "Uber_Train_Walk": {
        "cost": 21.856083814636662,
        "env_tax": 0.025,
        "route": "(89,23), (89,22), (89,21), (89,20), (90,20)|(90,20), (89,20), (88,20), (87,20), (86,20), (85,20), (84,20), (83,20), (82,20), (81,20), (80,20), (79,20), (78,20), (77,20), (76,20), (75,20), (74,20), (73,20), (72,20), (71,20), (70,20), (69,20), (68,20), (67,20), (66,20), (65,20), (64,20), (63,20), (62,20), (61,20), (60,20), (59,20), (58,20), (57,20), (56,20), (55,20), (54,20), (53,20), (52,20), (51,20), (50,20), (49,20), (48,20), (47,20), (46,20), (45,20), (44,20), (43,20), (42,20), (41,20), (40,20), (39,20), (38,20), (37,20), (36,20), (35,20), (34,20), (33,20), (32,20), (31,20), (30,20), (29,20), (28,20), (27,20), (26,20), (25,20), (24,20), (23,20), (22,20), (21,20), (20,20), (19,20), (18,20), (17,20), (16,20), (15,20), (14,20), (13,20), (12,20), (11,20), (10,20), (10,20), (10,21), (10,22), (10,23), (10,24), (10,25), (10,26), (10,27), (10,28), (10,29), (10,30)|(10,30), (10,30), (10,29)",
        "time": 86.99011326080371
    },
    "Walk": {
        "cost": 0,
        "env_tax": 0,
        "route": "(89,23), (88,23), (87,23), (86,23), (85,23), (84,23), (83,23), (82,23), (81,23), (80,23), (79,23), (78,23), (77,23), (76,23), (75,23), (74,23), (73,23), (72,23), (71,23), (70,23), (69,23), (68,23), (67,23), (66,23), (65,23), (64,23), (63,23), (62,23), (61,23), (60,23), (59,23), (58,23), (57,23), (56,23), (55,23), (54,23), (53,23), (52,23), (51,23), (50,23), (49,23), (48,23), (47,23), (46,23), (45,23), (44,23), (43,23), (42,23), (41,23), (40,23), (39,23), (38,23), (37,23), (36,23), (35,23), (34,23), (33,23), (32,23), (31,23), (30,23), (29,23), (28,23), (27,23), (26,23), (25,23), (24,23), (23,23), (22,23), (21,23), (20,23), (19,23), (18,23), (17,23), (16,23), (15,23), (14,23), (13,23), (12,23), (11,23), (10,23), (10,23), (10,24), (10,25), (10,26), (10,27), (10,28), (10,29)",
        "time": 6337.986160820806
    },
    "Walk_Train_Uber": {
        "cost": 21.28386405414931,
        "env_tax": 0.010000000000000002,
        "route": "(89,23), (90,23), (90,23), (90,22), (90,21), (90,20)|(90,20), (89,20), (88,20), (87,20), (86,20), (85,20), (84,20), (83,20), (82,20), (81,20), (80,20), (79,20), (78,20), (77,20), (76,20), (75,20), (74,20), (73,20), (72,20), (71,20), (70,20), (69,20), (68,20), (67,20), (66,20), (65,20), (64,20), (63,20), (62,20), (61,20), (60,20), (59,20), (58,20), (57,20), (56,20), (55,20), (54,20), (53,20), (52,20), (51,20), (50,20), (49,20), (48,20), (47,20), (46,20), (45,20), (44,20), (43,20), (42,20), (41,20), (40,20), (39,20), (38,20), (37,20), (36,20), (35,20), (34,20), (33,20), (32,20), (31,20), (30,20), (29,20), (28,20), (27,20), (26,20), (25,20), (24,20), (23,20), (22,20), (21,20), (20,20), (19,20), (18,20), (17,20), (16,20), (15,20), (14,20), (13,20), (12,20), (11,20), (10,20), (10,20), (10,21), (10,22), (10,23), (10,24), (10,25), (10,26), (10,27), (10,28), (10,29), (10,30)|(10,30), (10,29)",
        "time": 313.66790066055484
    },
    "Walk_Train_Walk": {
        "cost": 9.200000000000001,
        "env_tax": 0,
        "route": "(89,23), (90,23), (90,23), (90,22), (90,21), (90,20)|(90,20), (89,20), (88,20), (87,20), (86,20), (85,20), (84,20), (83,20), (82,20), (81,20), (80,20), (79,20), (78,20), (77,20), (76,20), (75,20), (74,20), (73,20), (72,20), (71,20), (70,20), (69,20), (68,20), (67,20), (66,20), (65,20), (64,20), (63,20), (62,20), (61,20), (60,20), (59,20), (58,20), (57,20), (56,20), (55,20), (54,20), (53,20), (52,20), (51,20), (50,20), (49,20), (48,20), (47,20), (46,20), (45,20), (44,20), (43,20), (42,20), (41,20), (40,20), (39,20), (38,20), (37,20), (36,20), (35,20), (34,20), (33,20), (32,20), (31,20), (30,20), (29,20), (28,20), (27,20), (26,20), (25,20), (24,20), (23,20), (22,20), (21,20), (20,20), (19,20), (18,20), (17,20), (16,20), (15,20), (14,20), (13,20), (12,20), (11,20), (10,20), (10,20), (10,21), (10,22), (10,23), (10,24), (10,25), (10,26), (10,27), (10,28), (10,29), (10,30)|(10,30), (10,30), (10,29)",
        "time": 380.64967203437527
    }
}