{
    "Uber": {
        "cost": 28.90510873681851,
        "env_tax": 0.395,
        "route": "(82,57), (83,57), (83,56), (84,56), (85,56), (86,56), (87,56), (88,56), (89,56), (90,56), (91,56), (92,56), (93,56), (93,55), (93,54), (93,53), (93,52), (93,51), (94,51), (94,50), (94,49), (95,49), (95,48), (96,48), (96,47), (96,46), (96,45), (96,44), (96,43), (96,42), (96,41), (96,40), (96,39), (97,39), (97,38), (97,37), (97,36), (97,35), (97,34), (97,33), (97,32), (97,31), (97,30), (98,30), (98,29), (98,28), (98,27), (98,26), (98,25), (98,24), (98,23), (98,22), (98,21), (98,20), (98,19), (98,18), (98,17), (98,16), (98,15), (98,14), (98,13), (98,12), (98,11), (98,10), (98,9), (98,8), (97,8), (97,7), (97,6), (96,6), (96,5), (95,5), (94,5), (93,5), (92,5), (91,5), (90,5), (90,4), (90,3)",
        "time": 8.114076869522737
    },
    "Uber_Train_Uber": {
        "cost": 33.131966554577474,
        "env_tax": 0.07,
        "route": "(82,57), (82,58), (82,59), (81,59), (81,60), (80,60)|(80,60), (81,60), (82,60), (83,60), (84,60), (85,60), (86,60), (87,60), (88,60), (89,60), (90,60), (90,60), (90,59), (90,58), (90,57), (90,56), (90,55), (90,54), (90,53), (90,52), (90,51), (90,50), (90,49), (90,48), (90,47), (90,46), (90,45), (90,44), (90,43), (90,42), (90,41), (90,40), (90,39), (90,38), (90,37), (90,36), (90,35), (90,34), (90,33), (90,32), (90,31), (90,30), (90,29), (90,28), (90,27), (90,26), (90,25), (90,24), (90,23), (90,22), (90,21), (90,20), (90,19), (90,18), (90,17), (90,16), (90,15), (90,14), (90,13), (90,12), (90,11), (90,10)|(90,10), (90,9), (90,8), (90,7), (90,6), (90,5), (90,4), (90,3)",
        "time": 22.34377711370522
    },
    "Uber_Train_Walk": {
        "cost": 20.626077141981316,
        "env_tax": 0.030000000000000006,
        "route": "(82,57), (82,58), (82,59), (81,59), (81,60), (80,60)|(80,60), (81,60), (82,60), (83,60), (84,60), (85,60), (86,60), (87,60), (88,60), (89,60), (90,60), (90,60), (90,59), (90,58), (90,57), (90,56), (90,55), (90,54), (90,53), (90,52), (90,51), (90,50), (90,49), (90,48), (90,47), (90,46), (90,45), (90,44), (90,43), (90,42), (90,41), (90,40), (90,39), (90,38), (90,37), (90,36), (90,35), (90,34), (90,33), (90,32), (90,31), (90,30), (90,29), (90,28), (90,27), (90,26), (90,25), (90,24), (90,23), (90,22), (90,21), (90,20), (90,19), (90,18), (90,17), (90,16), (90,15), (90,14), (90,13), (90,12), (90,11), (90,10)|(90,10), (90,10), (90,9), (90,8), (90,7), (90,6), (90,5), (90,4), (90,3)",
        "time": 535.0899587423535
    },
    "Walk": {
        "cost": 0,
        "env_tax": 0,
        "route": "(82,57), (83,57), (84,57), (85,57), (86,57), (87,57), (88,57), (89,57), (90,57), (90,57), (90,56), (90,55), (90,54), (90,53), (90,52), (90,51), (90,50), (90,49), (90,48), (90,47), (90,46), (90,45), (90,44), (90,43), (90,42), (90,41), (90,40), (90,39), (90,38), (90,37), (90,36), (90,35), (90,34), (90,33), (90,32), (90,31), (90,30), (90,29), (90,28), (90,27), (90,26), (90,25), (90,24), (90,23), (90,22), (90,21), (90,20), (90,19), (90,18), (90,17), (90,16), (90,15), (90,14), (90,13), (90,12), (90,11), (90,10), (90,9), (90,8), (90,7), (90,6), (90,5), (90,4), (90,3)",
        "time": 4623.001670245764
    },
    "Walk_Train_Uber": {
        "cost": 18.766640531016876,
        "env_tax": 0.04000000000000001,
        "route": "(82,57), (81,57), (80,57), (80,57), (80,58), (80,59), (80,60)|(80,60), (81,60), (82,60), (83,60), (84,60), (85,60), (86,60), (87,60), (88,60), (89,60), (90,60), (90,60), (90,59), (90,58), (90,57), (90,56), (90,55), (90,54), (90,53), (90,52), (90,51), (90,50), (90,49), (90,48), (90,47), (90,46), (90,45), (90,44), (90,43), (90,42), (90,41), (90,40), (90,39), (90,38), (90,37), (90,36), (90,35), (90,34), (90,33), (90,32), (90,31), (90,30), (90,29), (90,28), (90,27), (90,26), (90,25), (90,24), (90,23), (90,22), (90,21), (90,20), (90,19), (90,18), (90,17), (90,16), (90,15), (90,14), (90,13), (90,12), (90,11), (90,10)|(90,10), (90,9), (90,8), (90,7), (90,6), (90,5), (90,4), (90,3)",
        "time": 382.7913571597714
    },
    "Walk_Train_Walk": {
        "cost": 6.2,
        "env_tax": 0,
        "route": "(82,57), (81,57), (80,57), (80,57), (80,58), (80,59), (80,60)|(80,60), (81,60), (82,60), (83,60), (84,60), (85,60), (86,60), (87,60), (88,60), (89,60), (90,60), (90,60), (90,59), (90,58), (90,57), (90,56), (90,55), (90,54), (90,53), (90,52), (90,51), (90,50), (90,49), (90,48), (90,47), (90,46), (90,45), (90,44), (90,43), (90,42), (90,41), (90,40), (90,39), (90,38), (90,37), (90,36), (90,35), (90,34), (90,33), (90,32), (90,31), (90,30), (90,29), (90,28), (90,27), (90,26), (90,25), (90,24), (90,23), (90,22), (90,21), (90,20), (90,19), (90,18), (90,17), (90,16), (90,15), (90,14), (90,13), (90,12), (90,11), (90,10)|(90,10), (90,10), (90,9), (90,8), (90,7), (90,6), (90,5), (90,4), (90,3)",
        "time": 898.1719329028999
    }
}