{
    "Uber": {
        "cost": 31.78495414950197,
        "env_tax": 0.32000000000000006,
        "route": "(26,82), (26,83), (26,84), (26,85), (26,86), (27,86), (27,87), (27,88), (27,89), (27,90), (28,90), (29,90), (29,91), (30,91), (31,91), (32,91), (33,91), (33,92), (34,92), (35,92), (36,92), (37,92), (38,92), (39,92), (40,92), (41,92), (42,92), (43,92), (44,92), (45,92), (46,92), (47,92), (48,92), (49,92), (50,92), (51,92), (52,92), (53,92), (54,92), (55,92), (56,92), (57,92), (58,92), (58,91), (58,90), (59,90), (59,89), (60,89), (60,88), (60,87), (61,87), (61,86), (62,86), (62,85), (62,84), (62,83), (62,82), (62,81), (62,80), (63,80), (63,79), (63,78), (63,77), (63,76)",
        "time": 11.054883552444366
    },
    "Uber_Train_Uber": {
        "cost": 33.39961787418662,
        "env_tax": 0.07500000000000001,
        "route": "(26,82), (27,82), (28,82), (28,81), (28,80), (29,80), (30,80)|(30,80), (31,80), (32,80), (33,80), (34,80), (35,80), (36,80), (37,80), (38,80), (39,80), (40,80), (41,80), (42,80), (43,80), (44,80), (45,80), (46,80), (47,80), (48,80), (49,80), (50,80), (51,80), (52,80), (53,80), (54,80), (55,80), (56,80), (57,80), (58,80), (59,80), (60,80), (60,80)|(60,80), (60,79), (60,78), (60,77), (61,77), (62,77), (63,77), (63,76)",
        "time": 22.34558265086894
    },
    "Uber_Train_Walk": {
        "cost": 16.940362503731528,
        "env_tax": 0.035,
        "route": "(26,82), (27,82), (28,82), (28,81), (28,80), (29,80), (30,80)|(30,80), (31,80), (32,80), (33,80), (34,80), (35,80), (36,80), (37,80), (38,80), (39,80), (40,80), (41,80), (42,80), (43,80), (44,80), (45,80), (46,80), (47,80), (48,80), (49,80), (50,80), (51,80), (52,80), (53,80), (54,80), (55,80), (56,80), (57,80), (58,80), (59,80), (60,80), (60,80)|(60,80), (61,80), (62,80), (63,80), (63,80), (63,79), (63,78), (63,77), (63,76)",
        "time": 537.6828470171637
    },
    "Walk": {
        "cost": 0,
        "env_tax": 0,
        "route": "(26,82), (27,82), (28,82), (29,82), (30,82), (31,82), (32,82), (33,82), (34,82), (35,82), (36,82), (37,82), (38,82), (39,82), (40,82), (41,82), (42,82), (43,82), (44,82), (45,82), (46,82), (47,82), (48,82), (49,82), (50,82), (51,82), (52,82), (53,82), (54,82), (55,82), (56,82), (57,82), (58,82), (59,82), (60,82), (61,82), (62,82), (63,82), (63,82), (63,81), (63,80), (63,79), (63,78), (63,77), (63,76)",
        "time": 3206.2753519446433
    },
    "Walk_Train_Uber": {
        "cost": 19.781202486564922,
        "env_tax": 0.04000000000000001,
        "route": "(26,82), (27,82), (28,82), (29,82), (30,82), (30,82), (30,81), (30,80)|(30,80), (31,80), (32,80), (33,80), (34,80), (35,80), (36,80), (37,80), (38,80), (39,80), (40,80), (41,80), (42,80), (43,80), (44,80), (45,80), (46,80), (47,80), (48,80), (49,80), (50,80), (51,80), (52,80), (53,80), (54,80), (55,80), (56,80), (57,80), (58,80), (59,80), (60,80), (60,80)|(60,80), (60,79), (60,78), (60,77), (61,77), (62,77), (63,77), (63,76)",
        "time": 460.0749438409678
    },
    "Walk_Train_Walk": {
        "cost": 3.2,
        "env_tax": 0,
        "route": "(26,82), (27,82), (28,82), (29,82), (30,82), (30,82), (30,81), (30,80)|(30,80), (31,80), (32,80), (33,80), (34,80), (35,80), (36,80), (37,80), (38,80), (39,80), (40,80), (41,80), (42,80), (43,80), (44,80), (45,80), (46,80), (47,80), (48,80), (49,80), (50,80), (51,80), (52,80), (53,80), (54,80), (55,80), (56,80), (57,80), (58,80), (59,80), (60,80), (60,80)|(60,80), (61,80), (62,80), (63,80), (63,80), (63,79), (63,78), (63,77), (63,76)",
        "time": 975.6679554386175
    }
}