{
    "Uber": {
        "cost": 75.76779893659548,
        "env_tax": 0.7200000000000001,
        "route": "(84,95), (84,96), (84,97), (83,97), (82,97), (81,97), (81,98), (80,98), (79,98), (78,98), (77,98), (76,98), (75,98), (74,98), (73,98), (72,98), (71,98), (70,98), (69,98), (68,98), (67,98), (66,98), (65,98), (64,98), (63,98), (62,98), (62,97), (61,97), (60,97), (60,96), (59,96), (58,96), (57,96), (56,96), (55,96), (54,96), (53,96), (53,95), (52,95), (51,95), (50,95), (49,95), (48,95), (47,95), (47,94), (47,93), (46,93), (45,93), (45,92), (44,92), (44,91), (44,90), (43,90), (43,89), (42,89), (42,88), (42,87), (42,86), (42,85), (41,85), (40,85), (40,84), (40,83), (40,82), (39,82), (38,82), (38,81), (38,80), (37,80), (37,79), (36,79), (35,79), (34,79), (33,79), (33,78), (33,77), (33,76), (32,76), (31,76), (31,75), (31,74), (30,74), (29,74), (29,73), (29,72), (29,71), (29,70), (29,69), (29,68), (29,67), (28,67), (27,67), (26,67), (25,67), (25,66), (24,66), (24,65), (24,64), (24,63), (23,63), (23,62), (23,61), (23,60), (23,59), (23,58), (23,57), (23,56), (23,55), (23,54), (23,53), (23,52), (23,51), (23,50), (23,49), (23,48), (23,47), (23,46), (23,45), (23,44), (23,43), (23,42), (23,41), (23,40), (23,39), (23,38), (23,37), (23,36), (23,35), (23,34), (23,33), (23,32), (23,31), (23,30), (23,29), (24,29), (24,28), (24,27), (24,26), (24,25), (24,24), (24,23), (24,22), (25,22), (26,22)",
        "time": 24.47889844664516
    },
    "Uber_Train_Uber": {
        "cost": 39.99224894556208,
        "env_tax": 0.085,
        "route": "(84,95), (84,94), (84,93), (83,93), (82,93), (81,93), (81,92), (81,91), (81,90), (80,90)|(80,90), (79,90), (78,90), (77,90), (76,90), (75,90), (74,90), (73,90), (72,90), (71,90), (70,90), (69,90), (68,90), (67,90), (66,90), (65,90), (64,90), (63,90), (62,90), (61,90), (60,90), (59,90), (58,90), (57,90), (56,90), (55,90), (54,90), (53,90), (52,90), (51,90), (50,90), (49,90), (48,90), (47,90), (46,90), (45,90), (44,90), (43,90), (42,90), (41,90), (40,90), (39,90), (38,90), (37,90), (36,90), (35,90), (34,90), (33,90), (32,90), (31,90), (30,90), (30,90), (30,89), (30,88), (30,87), (30,86), (30,85), (30,84), (30,83), (30,82), (30,81), (30,80), (30,79), (30,78), (30,77), (30,76), (30,75), (30,74), (30,73), (30,72), (30,71), (30,70), (30,69), (30,68), (30,67), (30,66), (30,65), (30,64), (30,63), (30,62), (30,61), (30,60), (30,59), (30,58), (30,57), (30,56), (30,55), (30,54), (30,53), (30,52), (30,51), (30,50), (30,49), (30,48), (30,47), (30,46), (30,45), (30,44), (30,43), (30,42), (30,41), (30,40), (30,39), (30,38), (30,37), (30,36), (30,35), (30,34), (30,33), (30,32), (30,31), (30,30), (30,29), (30,28), (30,27), (30,26), (30,25), (30,24), (30,23), (30,22), (30,21), (30,20)|(30,20), (30,21), (29,21), (28,21), (27,21), (26,21), (26,22)",
        "time": 23.384557692020074
    },
    "Uber_Train_Walk": {
        "cost": 25.653024272953946,
        "env_tax": 0.05,
        "route": "(84,95), (84,94), (84,93), (83,93), (82,93), (81,93), (81,92), (81,91), (81,90), (80,90)|(80,90), (79,90), (78,90), (77,90), (76,90), (75,90), (74,90), (73,90), (72,90), (71,90), (70,90), (69,90), (68,90), (67,90), (66,90), (65,90), (64,90), (63,90), (62,90), (61,90), (60,90), (59,90), (58,90), (57,90), (56,90), (55,90), (54,90), (53,90), (52,90), (51,90), (50,90), (49,90), (48,90), (47,90), (46,90), (45,90), (44,90), (43,90), (42,90), (41,90), (40,90), (39,90), (38,90), (37,90), (36,90), (35,90), (34,90), (33,90), (32,90), (31,90), (30,90), (30,90), (30,89), (30,88), (30,87), (30,86), (30,85), (30,84), (30,83), (30,82), (30,81), (30,80), (30,79), (30,78), (30,77), (30,76), (30,75), (30,74), (30,73), (30,72), (30,71), (30,70), (30,69), (30,68), (30,67), (30,66), (30,65), (30,64), (30,63), (30,62), (30,61), (30,60), (30,59), (30,58), (30,57), (30,56), (30,55), (30,54), (30,53), (30,52), (30,51), (30,50), (30,49), (30,48), (30,47), (30,46), (30,45), (30,44), (30,43), (30,42), (30,41), (30,40), (30,39), (30,38), (30,37), (30,36), (30,35), (30,34), (30,33), (30,32), (30,31), (30,30), (30,29), (30,28), (30,27), (30,26), (30,25), (30,24), (30,23), (30,22), (30,21), (30,20)|(30,20), (29,20), (28,20), (27,20), (26,20), (26,20), (26,21), (26,22)",
        "time": 463.56723845795426
    },
    "Walk": {
        "cost": 0,
        "env_tax": 0,
        "route": "(84,95), (83,95), (82,95), (81,95), (80,95), (79,95), (78,95), (77,95), (76,95), (75,95), (74,95), (73,95), (72,95), (71,95), (70,95), (69,95), (68,95), (67,95), (66,95), (65,95), (64,95), (63,95), (62,95), (61,95), (60,95), (59,95), (58,95), (57,95), (56,95), (55,95), (54,95), (53,95), (52,95), (51,95), (50,95), (49,95), (48,95), (47,95), (46,95), (45,95), (44,95), (43,95), (42,95), (41,95), (40,95), (39,95), (38,95), (37,95), (36,95), (35,95), (34,95), (33,95), (32,95), (31,95), (30,95), (29,95), (28,95), (27,95), (26,95), (26,95), (26,94), (26,93), (26,92), (26,91), (26,90), (26,89), (26,88), (26,87), (26,86), (26,85), (26,84), (26,83), (26,82), (26,81), (26,80), (26,79), (26,78), (26,77), (26,76), (26,75), (26,74), (26,73), (26,72), (26,71), (26,70), (26,69), (26,68), (26,67), (26,66), (26,65), (26,64), (26,63), (26,62), (26,61), (26,60), (26,59), (26,58), (26,57), (26,56), (26,55), (26,54), (26,53), (26,52), (26,51), (26,50), (26,49), (26,48), (26,47), (26,46), (26,45), (26,44), (26,43), (26,42), (26,41), (26,40), (26,39), (26,38), (26,37), (26,36), (26,35), (26,34), (26,33), (26,32), (26,31), (26,30), (26,29), (26,28), (26,27), (26,26), (26,25), (26,24), (26,23), (26,22)",
        "time": 9767.95514197089
    },
    "Walk_Train_Uber": {
        "cost": 26.910129975691415,
        "env_tax": 0.035,
        "route": "(84,95), (83,95), (82,95), (81,95), (80,95), (80,95), (80,94), (80,93), (80,92), (80,91), (80,90)|(80,90), (79,90), (78,90), (77,90), (76,90), (75,90), (74,90), (73,90), (72,90), (71,90), (70,90), (69,90), (68,90), (67,90), (66,90), (65,90), (64,90), (63,90), (62,90), (61,90), (60,90), (59,90), (58,90), (57,90), (56,90), (55,90), (54,90), (53,90), (52,90), (51,90), (50,90), (49,90), (48,90), (47,90), (46,90), (45,90), (44,90), (43,90), (42,90), (41,90), (40,90), (39,90), (38,90), (37,90), (36,90), (35,90), (34,90), (33,90), (32,90), (31,90), (30,90), (30,90), (30,89), (30,88), (30,87), (30,86), (30,85), (30,84), (30,83), (30,82), (30,81), (30,80), (30,79), (30,78), (30,77), (30,76), (30,75), (30,74), (30,73), (30,72), (30,71), (30,70), (30,69), (30,68), (30,67), (30,66), (30,65), (30,64), (30,63), (30,62), (30,61), (30,60), (30,59), (30,58), (30,57), (30,56), (30,55), (30,54), (30,53), (30,52), (30,51), (30,50), (30,49), (30,48), (30,47), (30,46), (30,45), (30,44), (30,43), (30,42), (30,41), (30,40), (30,39), (30,38), (30,37), (30,36), (30,35), (30,34), (30,33), (30,32), (30,31), (30,30), (30,29), (30,28), (30,27), (30,26), (30,25), (30,24), (30,23), (30,22), (30,21), (30,20)|(30,20), (30,21), (29,21), (28,21), (27,21), (26,21), (26,22)",
        "time": 687.3378065761814
    },
    "Walk_Train_Walk": {
        "cost": 12.200000000000001,
        "env_tax": 0,