{
    "Uber": {
        "cost": 18.38344960210989,
        "env_tax": 0.06000000000000001,
        "route": "(75,47), (76,47), (77,47), (77,48), (77,49), (78,49), (79,49), (80,49), (81,49), (82,49), (83,49), (84,49)",
        "time": 9.353818902678855
    },
    "Uber_Train_Uber": {
        "cost": 34.518323827745505,
        "env_tax": 0.07500000000000001,
        "route": "(75,47), (74,47), (73,47), (72,47), (72,48), (72,49), (72,50), (71,50), (70,50)|(70,50), (71,50), (72,50), (73,50), (74,50), (75,50), (76,50), (77,50), (78,50), (79,50), (80,50), (80,50)|(80,50), (80,49), (81,49), (82,49), (83,49), (84,49)",
        "time": 20.15074812658909
    },
    "Uber_Train_Walk": {
        "cost": 19.300078088724852,
        "env_tax": 0.045000000000000005,
        "route": "(75,47), (74,47), (73,47), (72,47), (72,48), (72,49), (72,50), (71,50), (70,50)|(70,50), (71,50), (72,50), (73,50), (74,50), (75,50), (76,50), (77,50), (78,50), (79,50), (80,50), (80,50)|(80,50), (81,50), (82,50), (83,50), (84,50), (84,50), (84,49)",
        "time": 385.7488275769079
    },
    "Walk": {
        "cost": 0,
        "env_tax": 0,
        "route": "(75,47), (76,47), (77,47), (78,47), (79,47), (80,47), (81,47), (82,47), (83,47), (84,47), (84,47), (84,48), (84,49)",
        "time": 820.2099737532808
    },
    "Walk_Train_Uber": {
        "cost": 16.37258596383744,
        "env_tax": 0.030000000000000006,
        "route": "(75,47), (74,47), (73,47), (72,47), (71,47), (70,47), (70,47), (70,48), (70,49), (70,50)|(70,50), (71,50), (72,50), (73,50), (74,50), (75,50), (76,50), (77,50), (78,50), (79,50), (80,50), (80,50)|(80,50), (80,49), (81,49), (82,49), (83,49), (84,49)",
        "time": 608.1178969467372
    },
    "Walk_Train_Walk": {
        "cost": 1.2000000000000002,
        "env_tax": 0,
        "route": "(75,47), (74,47), (73,47), (72,47), (71,47), (70,47), (70,47), (70,48), (70,49), (70,50)|(70,50), (71,50), (72,50), (73,50), (74,50), (75,50), (76,50), (77,50), (78,50), (79,50), (80,50), (80,50)|(80,50), (81,50), (82,50), (83,50), (84,50), (84,50), (84,49)",
        "time": 974.5218811198547
    }
}