{
    "Uber": {
        "cost": 13.315975333281335,
        "env_tax": 0.065,
        "route": "(14,89), (13,89), (12,89), (11,89), (11,90), (11,91), (11,92), (10,92), (10,93), (10,94), (9,94), (8,94), (7,94)",
        "time": 5.444595498080874
    },
    "Uber_Train_Uber": {
        "cost": 25.214576911478954,
        "env_tax": 0.07,
        "route": "(14,89), (13,89), (12,89), (11,89), (11,90), (10,90)|(10,90), (10,90)|(10,90), (10,91), (10,92), (10,93), (10,94), (9,94), (8,94), (7,94)",
        "time": 16.37020733099414
    },
    "Uber_Train_Walk": {
        "cost": 12.749195824068847,
        "env_tax": 0.030000000000000006,
        "route": "(14,89), (13,89), (12,89), (11,89), (11,90), (10,90)|(10,90), (10,90)|(10,90), (9,90), (8,90), (7,90), (7,90), (7,91), (7,92), (7,93), (7,94)",
        "time": 538.0350502398975
    },
    "Walk": {
        "cost": 0,
        "env_tax": 0,
        "route": "(14,89), (13,89), (12,89), (11,89), (10,89), (9,89), (8,89), (7,89), (7,89), (7,90), (7,91), (7,92), (7,93), (7,94)",
        "time": 894.7745168217608
    },
    "Walk_Train_Uber": {
        "cost": 12.875557320096828,
        "env_tax": 0.04000000000000001,
        "route": "(14,89), (13,89), (12,89), (11,89), (10,89), (10,89), (10,90)|(10,90), (10,90)|(10,90), (10,91), (10,92), (10,93), (10,94), (9,94), (8,94), (7,94)",
        "time": 387.83071866981413
    },
    "Walk_Train_Walk": {
        "cost": 0.2,
        "env_tax": 0,
        "route": "(14,89), (13,89), (12,89), (11,89), (10,89), (10,89), (10,90)|(10,90), (10,90)|(10,90), (9,90), (8,90), (7,90), (7,90), (7,91), (7,92), (7,93), (7,94)",
        "time": 902.7963810777442
    }
}