{
    "Uber": {
        "cost": 38.889950815647055,
        "env_tax": 0.545,
        "route": "(2,26), (2,25), (2,24), (2,23), (2,22), (2,21), (2,20), (2,19), (2,18), (2,17), (2,16), (3,16), (3,15), (4,15), (5,15), (6,15), (7,15), (7,14), (7,13), (8,13), (8,12), (9,12), (10,12), (11,12), (12,12), (13,12), (14,12), (15,12), (16,12), (17,12), (18,12), (19,12), (20,12), (21,12), (22,12), (23,12), (24,12), (25,12), (26,12), (27,12), (28,12), (29,12), (30,12), (31,12), (32,12), (33,12), (34,12), (35,12), (36,12), (37,12), (38,12), (39,12), (40,12), (41,12), (42,12), (43,12), (44,12), (45,12), (46,12), (47,12), (48,12), (49,12), (50,12), (51,12), (52,12), (53,12), (54,12), (55,12), (56,12), (57,12), (58,12), (59,12), (60,12), (61,12), (62,12), (63,12), (64,12), (65,12), (66,12), (67,12), (68,12), (69,12), (70,12), (71,12), (72,12), (73,12), (74,12), (75,12), (76,12), (77,12), (78,12), (79,12), (80,12), (81,12), (82,12), (83,12), (84,12), (84,13), (85,13), (85,14), (85,15), (85,16), (86,16), (86,17), (86,18), (86,19), (86,20), (86,21), (86,22)",
        "time": 13.770592677956499
    },
    "Uber_Train_Uber": {
        "cost": 36.211020269121946,
        "env_tax": 0.1,
        "route": "(2,26), (2,27), (3,27), (4,27), (5,27), (6,27), (6,28), (7,28), (7,29), (7,30), (8,30), (9,30), (10,30)|(10,30), (11,30), (12,30), (13,30), (14,30), (15,30), (16,30), (17,30), (18,30), (19,30), (20,30), (21,30), (22,30), (23,30), (24,30), (25,30), (26,30), (27,30), (28,30), (29,30), (30,30), (31,30), (32,30), (33,30), (34,30), (35,30), (36,30), (37,30), (38,30), (39,30), (40,30), (41,30), (42,30), (43,30), (44,30), (45,30), (46,30), (47,30), (48,30), (49,30), (50,30), (51,30), (52,30), (53,30), (54,30), (55,30), (56,30), (57,30), (58,30), (59,30), (60,30), (61,30), (62,30), (63,30), (64,30), (65,30), (66,30), (67,30), (68,30), (69,30), (70,30), (71,30), (72,30), (73,30), (74,30), (75,30), (76,30), (77,30), (78,30), (79,30), (80,30), (81,30), (82,30), (83,30), (84,30), (85,30), (86,30), (87,30), (88,30), (89,30), (90,30), (90,30), (90,29), (90,28), (90,27), (90,26), (90,25), (90,24), (90,23), (90,22), (90,21), (90,20)|(90,20), (89,20), (89,21), (88,21), (88,22), (87,22), (86,22)",
        "time": 28.26363238110952
    },
    "Uber_Train_Walk": {
        "cost": 23.168360534294983,
        "env_tax": 0.065,
        "route": "(2,26), (2,27), (3,27), (4,27), (5,27), (6,27), (6,28), (7,28), (7,29), (7,30), (8,30), (9,30), (10,30)|(10,30), (11,30), (12,30), (13,30), (14,30), (15,30), (16,30), (17,30), (18,30), (19,30), (20,30), (21,30), (22,30), (23,30), (24,30), (25,30), (26,30), (27,30), (28,30), (29,30), (30,30), (31,30), (32,30), (33,30), (34,30), (35,30), (36,30), (37,30), (38,30), (39,30), (40,30), (41,30), (42,30), (43,30), (44,30), (45,30), (46,30), (47,30), (48,30), (49,30), (50,30), (51,30), (52,30), (53,30), (54,30), (55,30), (56,30), (57,30), (58,30), (59,30), (60,30), (61,30), (62,30), (63,30), (64,30), (65,30), (66,30), (67,30), (68,30), (69,30), (70,30), (71,30), (72,30), (73,30), (74,30), (75,30), (76,30), (77,30), (78,30), (79,30), (80,30), (81,30), (82,30), (83,30), (84,30), (85,30), (86,30), (87,30), (88,30), (89,30), (90,30), (90,30), (90,29), (90,28), (90,27), (90,26), (90,25), (90,24), (90,23), (90,22), (90,21), (90,20)|(90,20), (89,20), (88,20), (87,20), (86,20), (86,20), (86,21), (86,22)",
        "time": 462.73335343170265
    },
    "Walk": {
        "cost": 0,
        "env_tax": 0,
        "route": "(2,26), (3,26), (4,26), (5,26), (6,26), (7,26), (8,26), (9,26), (10,26), (11,26), (12,26), (13,26), (14,26), (15,26), (16,26), (17,26), (18,26), (19,26), (20,26), (21,26), (22,26), (23,26), (24,26), (25,26), (26,26), (27,26), (28,26), (29,26), (30,26), (31,26), (32,26), (33,26), (34,26), (35,26), (36,26), (37,26), (38,26), (39,26), (40,26), (41,26), (42,26), (43,26), (44,26), (45,26), (46,26), (47,26), (48,26), (49,26), (50,26), (51,26), (52,26), (53,26), (54,26), (55,26), (56,26), (57,26), (58,26), (59,26), (60,26), (61,26), (62,26), (63,26), (64,26), (65,26), (66,26), (67,26), (68,26), (69,26), (70,26), (71,26), (72,26), (73,26), (74,26), (75,26), (76,26), (77,26), (78,26), (79,26), (80,26), (81,26), (82,26), (83,26), (84,26), (85,26), (86,26), (86,26), (86,25), (86,24), (86,23), (86,22)",
        "time": 6561.679790026246
    },
    "Walk_Train_Uber": {
        "cost": 22.41526024323071,
        "env_tax": 0.035,
        "route": "(2,26), (3,26), (4,26), (5,26), (6,26), (7,26), (8,26), (9,26), (10,26), (10,26), (10,27), (10,28), (10,29), (10,30)|(10,30), (11,30), (12,30), (13,30), (14,30), (15,30), (16,30), (17,30), (18,30), (19,30), (20,30), (21,30), (22,30), (23,30), (24,30), (25,30), (26,30), (27,30), (28,30), (29,30), (30,30), (31,30), (32,30), (33,30), (34,30), (35,30), (36,30), (37,30), (38,30), (39,30), (40,30), (41,30), (42,30), (43,30), (44,30), (45,30), (46,30), (47,30), (48,30), (49,30), (50,30), (51,30), (52,30), (53,30), (54,30), (55,30), (56,30), (57,30), (58,30), (59,30), (60,30), (61,30), (62,30), (63,30), (64,30), (65,30), (66,30), (67,30), (68,30), (69,30), (70,30), (71,30), (72,30), (73,30), (74,30), (75,30), (76,30), (77,30), (78,30), (79,30), (80,30), (81,30), (82,30), (83,30), (84,30), (85,30), (86,30), (87,30), (88,30), (89,30), (90,30), (90,30), (90,29), (90,28), (90,27), (90,26), (90,25), (90,24), (90,23), (90,22), (90,21), (90,20)|(90,20), (89,20), (89,21), (88,21), (88,22), (87,22), (86,22)",
        "time": 911.3931845917987
    },
    "Walk_Train_Walk": {
        "cost": 9.200000000000001,
        "env_tax": 0,
        "route": "(2,26), (3,26), (4,26), (5,26), (6,26), (7,26), (8,26), (9,26), (10,26), (10,26), (10,27), (10,28), (10,29), (10,30)|(10,30), (11,30), (12,30), (13,30), (14,30), (15,30), (16,30), (17,30), (18,30), (19,30), (20,30), (21,30), (22,30), (23,30), (24,30), (25,30), (26,30), (27,30), (28,30), (29,30), (30,30), (31,30), (32,30), (33,30), (34,30), (35,30), (36,30), (37,30), (38,30), (39,30), (40,30), (41,30), (42,30), (43,30), (44,30), (45,30), (46,30), (47,30), (48,30), (49,30), (50,30), (51,30), (52,30), (53,30), (54,30), (55,30), (56,30), (57,30), (58,30), (59,30), (60,30), (61,30), (62,30), (63,30), (64,30), (65,30), (66,30), (67,30), (68,30), (69,30), (70,30), (71,30), (72,30), (73,30), (74,30), (75,30), (76,30), (77,30), (78,30), (79,30), (80,30), (81,30), (82,30), (83,30), (84,30), (85,30), (86,30), (87,30), (88,30), (89,30), (90,30), (90,30), (90,29), (90,28), (90,27), (90,26), (90,25), (90,24), (90,23), (90,22), (90,21), (90,20)|(90,20), (89,20), (88,20), (87,20), (86,20), (86,20), (86,21), (86,22)",
        "time": 1350.4919659735167
    }
}