{
    "Uber": {
        "cost": 62.45579874586045,
        "env_tax": 0.36500000000000005,
        "route": "(40,47), (40,46), (40,45), (40,44), (40,43), (40,42), (40,41), (40,40), (40,39), (41,39), (41,38), (41,37), (41,36), (42,36), (42,35), (42,34), (42,33), (42,32), (42,31), (42,30), (42,29), (43,29), (43,28), (43,27), (43,26), (43,25), (43,24), (44,24), (45,24), (46,24), (47,24), (48,24), (49,24), (50,24), (51,24), (52,24), (53,24), (54,24), (55,24), (56,24), (57,24), (58,24), (59,24), (60,24), (61,24), (62,24), (63,24), (64,24), (65,24), (66,24), (67,24), (68,24), (69,24), (70,24), (71,24), (72,24), (73,24), (74,24), (75,24), (76,24), (77,24), (78,24), (78,25), (79,25), (80,25), (81,25), (82,25), (82,26), (83,26), (83,27), (83,28), (84,28), (84,29)",
        "time": 20.60333242279334
    },
    "Uber_Train_Uber": {
        "cost": 35.304922385992654,
        "env_tax": 0.05000000000000001,
        "route": "(40,47), (40,48), (40,49), (40,50)|(40,50), (41,50), (42,50), (43,50), (44,50), (45,50), (46,50), (47,50), (48,50), (49,50), (50,50), (51,50), (52,50), (53,50), (54,50), (55,50), (56,50), (57,50), (58,50), (59,50), (60,50), (61,50), (62,50), (63,50), (64,50), (65,50), (66,50), (67,50), (68,50), (69,50), (70,50), (71,50), (72,50), (73,50), (74,50), (75,50), (76,50), (77,50), (78,50), (79,50), (80,50), (80,50), (80,49), (80,48), (80,47), (80,46), (80,45), (80,44), (80,43), (80,42), (80,41), (80,40), (80,39), (80,38), (80,37), (80,36), (80,35), (80,34), (80,33), (80,32), (80,31), (80,30)|(80,30), (81,30), (82,30), (83,30), (84,30), (84,29)",
        "time": 22.096936537218454
    },
    "Uber_Train_Walk": {
        "cost": 21.30287345985469,
        "env_tax": 0.020000000000000004,
        "route": "(40,47), (40,48), (40,49), (40,50)|(40,50), (41,50), (42,50), (43,50), (44,50), (45,50), (46,50), (47,50), (48,50), (49,50), (50,50), (51,50), (52,50), (53,50), (54,50), (55,50), (56,50), (57,50), (58,50), (59,50), (60,50), (61,50), (62,50), (63,50), (64,50), (65,50), (66,50), (67,50), (68,50), (69,50), (70,50), (71,50), (72,50), (73,50), (74,50), (75,50), (76,50), (77,50), (78,50), (79,50), (80,50), (80,50), (80,49), (80,48), (80,47), (80,46), (80,45), (80,44), (80,43), (80,42), (80,41), (80,40), (80,39), (80,38), (80,37), (80,36), (80,35), (80,34), (80,33), (80,32), (80,31), (80,30)|(80,30), (81,30), (82,30), (83,30), (84,30), (84,30), (84,29)",
        "time": 387.09815387466216
    },
    "Walk": {
        "cost": 0,
        "env_tax": 0,
        "route": "(40,47), (41,47), (42,47), (43,47), (44,47), (45,47), (46,47), (47,47), (48,47), (49,47), (50,47), (51,47), (52,47), (53,47), (54,47), (55,47), (56,47), (57,47), (58,47), (59,47), (60,47), (61,47), (62,47), (63,47), (64,47), (65,47), (66,47), (67,47), (68,47), (69,47), (70,47), (71,47), (72,47), (73,47), (74,47), (75,47), (76,47), (77,47), (78,47), (79,47), (80,47), (81,47), (82,47), (83,47), (84,47), (84,47), (84,46), (84,45), (84,44), (84,43), (84,42), (84,41), (84,40), (84,39), (84,38), (84,37), (84,36), (84,35), (84,34), (84,33), (84,32), (84,31), (84,30), (84,29)",
        "time": 4623.001670245764
    },
    "Walk_Train_Uber": {
        "cost": 19.849013049317964,
        "env_tax": 0.030000000000000006,
        "route": "(40,47), (40,47), (40,48), (40,49), (40,50)|(40,50), (41,50), (42,50), (43,50), (44,50), (45,50), (46,50), (47,50), (48,50), (49,50), (50,50), (51,50), (52,50), (53,50), (54,50), (55,50), (56,50), (57,50), (58,50), (59,50), (60,50), (61,50), (62,50), (63,50), (64,50), (65,50), (66,50), (67,50), (68,50), (69,50), (70,50), (71,50), (72,50), (73,50), (74,50), (75,50), (76,50), (77,50), (78,50), (79,50), (80,50), (80,50), (80,49), (80,48), (80,47), (80,46), (80,45), (80,44), (80,43), (80,42), (80,41), (80,40), (80,39), (80,38), (80,37), (80,36), (80,35), (80,34), (80,33), (80,32), (80,31), (80,30)|(80,30), (81,30), (82,30), (83,30), (84,30), (84,29)",
        "time": 239.66657807765097
    },
    "Walk_Train_Walk": {
        "cost": 6.2,
        "env_tax": 0,
        "route": "(40,47), (40,47), (40,48), (40,49), (40,50)|(40,50), (41,50), (42,50), (43,50), (44,50), (45,50), (46,50), (47,50), (48,50), (49,50), (50,50), (51,50), (52,50), (53,50), (54,50), (55,50), (56,50), (57,50), (58,50), (59,50), (60,50), (61,50), (62,50), (63,50), (64,50), (65,50), (66,50), (67,50), (68,50), (69,50), (70,50), (71,50), (72,50), (73,50), (74,50), (75,50), (76,50), (77,50), (78,50), (79,50), (80,50), (80,50), (80,49), (80,48), (80,47), (80,46), (80,45), (80,44), (80,43), (80,42), (80,41), (80,40), (80,39), (80,38), (80,37), (80,36), (80,35), (80,34), (80,33), (80,32), (80,31), (80,30)|(80,30), (81,30), (82,30), (83,30), (84,30), (84,30), (84,29)",
        "time": 604.4685266245052
    }
}