{
    "Uber": {
        "cost": 16.145030255122748,
        "env_tax": 0.04000000000000001,
        "route": "(40,76), (39,76), (38,76), (38,77), (37,77), (37,78), (37,79), (36,79)",
        "time": 8.479124372380818
    },
    "Uber_Train_Uber": {
        "cost": 28.979599630864815,
        "env_tax": 0.05500000000000001,
        "route": "(40,76), (40,77), (40,78), (40,79), (40,80)|(40,80), (40,80)|(40,80), (39,80), (38,80), (37,80), (37,79), (36,79)",
        "time": 20.311366645162938
    },
    "Uber_Train_Walk": {
        "cost": 14.157129514336644,
        "env_tax": 0.025,
        "route": "(40,76), (40,77), (40,78), (40,79), (40,80)|(40,80), (40,80)|(40,80), (39,80), (38,80), (37,80), (36,80), (36,80), (36,79)",
        "time": 387.1865301951157
    },
    "Walk": {
        "cost": 0,
        "env_tax": 0,
        "route": "(40,76), (39,76), (38,76), (37,76), (36,76), (36,76), (36,77), (36,78), (36,79)",
        "time": 521.9518014793605
    },
    "Walk_Train_Uber": {
        "cost": 14.413032348783425,
        "env_tax": 0.030000000000000006,
        "route": "(40,76), (40,76), (40,77), (40,78), (40,79), (40,80)|(40,80), (40,80)|(40,80), (39,80), (38,80), (37,80), (37,79), (36,79)",
        "time": 313.057884027795
    },
    "Walk_Train_Walk": {
        "cost": 0.2,
        "env_tax": 0,
        "route": "(40,76), (40,76), (40,77), (40,78), (40,79), (40,80)|(40,80), (40,80)|(40,80), (39,80), (38,80), (37,80), (36,80), (36,80), (36,79)",
        "time": 679.1087907800573
    }
}