{
    "Uber": {
        "cost": 20.6289373038971,
        "env_tax": 0.13,
        "route": "(25,30), (24,30), (24,31), (23,31), (22,31), (21,31), (20,31), (19,31), (18,31), (17,31), (16,31), (15,31), (14,31), (13,31), (13,32), (12,32), (11,32), (10,32), (9,32), (8,32), (7,32), (6,32), (6,33), (5,33), (4,33), (3,33)",
        "time": 11.475168446426883
    },
    "Uber_Train_Uber": {
        "cost": 29.49627997190817,
        "env_tax": 0.08500000000000002,
        "route": "(25,30), (24,30), (23,30), (22,30), (21,30), (20,30)|(20,30), (19,30), (18,30), (17,30), (16,30), (15,30), (14,30), (13,30), (12,30), (11,30), (10,30), (10,30)|(10,30), (9,30), (8,30), (7,30), (7,31), (7,32), (6,32), (6,33), (5,33), (4,33), (3,33)",
        "time": 21.55083842181405
    },
    "Uber_Train_Walk": {
        "cost": 15.674471204162753,
        "env_tax": 0.030000000000000006,
        "route": "(25,30), (24,30), (23,30), (22,30), (21,30), (20,30)|(20,30), (19,30), (18,30), (17,30), (16,30), (15,30), (14,30), (13,30), (12,30), (11,30), (10,30), (10,30)|(10,30), (9,30), (8,30), (7,30), (6,30), (5,30), (4,30), (3,30), (3,30), (3,31), (3,32), (3,33)",
        "time": 761.8212938907886
    },
    "Walk": {
        "cost": 0,
        "env_tax": 0,
        "route": "(25,30), (24,30), (23,30), (22,30), (21,30), (20,30), (19,30), (18,30), (17,30), (16,30), (15,30), (14,30), (13,30), (12,30), (11,30), (10,30), (9,30), (8,30), (7,30), (6,30), (5,30), (4,30), (3,30), (3,30), (3,31), (3,32), (3,33)",
        "time": 1864.1135767120018
    },
    "Walk_Train_Uber": {
        "cost": 15.13030887371557,
        "env_tax": 0.05500000000000001,
        "route": "(25,30), (24,30), (23,30), (22,30), (21,30), (20,30), (20,30)|(20,30), (19,30), (18,30), (17,30), (16,30), (15,30), (14,30), (13,30), (12,30), (11,30), (10,30), (10,30)|(10,30), (9,30), (8,30), (7,30), (7,31), (7,32), (6,32), (6,33), (5,33), (4,33), (3,33)",
        "time": 388.69941541867496
    },
    "Walk_Train_Walk": {
        "cost": 1.2000000000000002,
        "env_tax": 0,
        "route": "(25,30), (24,30), (23,30), (22,30), (21,30), (20,30), (20,30)|(20,30), (19,30), (18,30), (17,30), (16,30), (15,30), (14,30), (13,30), (12,30), (11,30), (10,30), (10,30)|(10,30), (9,30), (8,30), (7,30), (6,30), (5,30), (4,30), (3,30), (3,30), (3,31), (3,32), (3,33)",
        "time": 1124.2345149354137
    }
}