{
    "Uber": {
        "cost": 40.30028657597522,
        "env_tax": 0.22000000000000003,
        "route": "(60,41), (61,41), (62,41), (63,41), (64,41), (65,41), (66,41), (67,41), (68,41), (69,41), (69,40), (69,39), (70,39), (71,39), (72,39), (73,39), (74,39), (75,39), (75,38), (76,38), (77,38), (78,38), (79,38), (80,38), (81,38), (82,38), (83,38), (84,38), (85,38), (86,38), (87,38), (88,38), (89,38), (90,38), (91,38), (92,38), (93,38), (94,38), (95,38), (96,38), (96,39), (97,39), (97,40), (98,40)",
        "time": 12.339034296861772
    },
    "Uber_Train_Uber": {
        "cost": 30.6066154400922,
        "env_tax": 0.05500000000000001,
        "route": "(60,41), (60,40)|(60,40), (61,40), (62,40), (63,40), (64,40), (65,40), (66,40), (67,40), (68,40), (69,40), (70,40), (71,40), (72,40), (73,40), (74,40), (75,40), (76,40), (77,40), (78,40), (79,40), (80,40), (81,40), (82,40), (83,40), (84,40), (85,40), (86,40), (87,40), (88,40), (89,40), (90,40), (90,40)|(90,40), (91,40), (92,40), (93,40), (94,40), (95,40), (96,40), (97,40), (98,40)",
        "time": 21.03115715332391
    },
    "Uber_Train_Walk": {
        "cost": 15.763581847018926,
        "env_tax": 0.010000000000000002,
        "route": "(60,41), (60,40)|(60,40), (61,40), (62,40), (63,40), (64,40), (65,40), (66,40), (67,40), (68,40), (69,40), (70,40), (71,40), (72,40), (73,40), (74,40), (75,40), (76,40), (77,40), (78,40), (79,40), (80,40), (81,40), (82,40), (83,40), (84,40), (85,40), (86,40), (87,40), (88,40), (89,40), (90,40), (90,40)|(90,40), (91,40), (92,40), (93,40), (94,40), (95,40), (96,40), (97,40), (98,40), (98,40)",
        "time": 610.2745695049633
    },
    "Walk": {
        "cost": 0,
        "env_tax": 0,
        "route": "(60,41), (61,41), (62,41), (63,41), (64,41), (65,41), (66,41), (67,41), (68,41), (69,41), (70,41), (71,41), (72,41), (73,41), (74,41), (75,41), (76,41), (77,41), (78,41), (79,41), (80,41), (81,41), (82,41), (83,41), (84,41), (85,41), (86,41), (87,41), (88,41), (89,41), (90,41), (91,41), (92,41), (93,41), (94,41), (95,41), (96,41), (97,41), (98,41), (98,41), (98,40)",
        "time": 2908.0171796707227
    },
    "Walk_Train_Uber": {
        "cost": 17.611719646235652,
        "env_tax": 0.045000000000000005,
        "route": "(60,41), (60,41), (60,40)|(60,40), (61,40), (62,40), (63,40), (64,40), (65,40), (66,40), (67,40), (68,40), (69,40), (70,40), (71,40), (72,40), (73,40), (74,40), (75,40), (76,40), (77,40), (78,40), (79,40), (80,40), (81,40), (82,40), (83,40), (84,40), (85,40), (86,40), (87,40), (88,40), (89,40), (90,40), (90,40)|(90,40), (91,40), (92,40), (93,40), (94,40), (95,40), (96,40), (97,40), (98,40)",
        "time": 86.03497922659061
    },
    "Walk_Train_Walk": {
        "cost": 3.2,
        "env_tax": 0,
        "route": "(60,41), (60,41), (60,40)|(60,40), (61,40), (62,40), (63,40), (64,40), (65,40), (66,40), (67,40), (68,40), (69,40), (70,40), (71,40), (72,40), (73,40), (74,40), (75,40), (76,40), (77,40), (78,40), (79,40), (80,40), (81,40), (82,40), (83,40), (84,40), (85,40), (86,40), (87,40), (88,40), (89,40), (90,40), (90,40)|(90,40), (91,40), (92,40), (93,40), (94,40), (95,40), (96,40), (97,40), (98,40), (98,40)",
        "time": 677.493160309357
    }
}