{
    "Uber": {
        "cost": 59.73217599022467,
        "env_tax": 0.25500000000000006,
        "route": "(48,47), (48,48), (48,49), (48,50), (48,51), (48,52), (48,53), (47,53), (47,54), (47,55), (47,56), (47,57), (47,58), (47,59), (47,60), (47,61), (46,61), (46,62), (46,63), (46,64), (46,65), (46,66), (46,67), (46,68), (46,69), (47,69), (47,70), (47,71), (47,72), (47,73), (47,74), (48,74), (48,75), (48,76), (48,77), (48,78), (48,79), (48,80), (48,81), (48,82), (48,83), (48,84), (48,85), (48,86), (48,87), (48,88), (47,88), (47,89), (47,90), (46,90), (46,91)",
        "time": 20.696671576752543
    },
    "Uber_Train_Uber": {
        "cost": 36.08937952276408,
        "env_tax": 0.06000000000000001,
        "route": "(48,47), (48,48), (48,49), (48,50), (49,50), (50,50)|(50,50), (50,50), (50,51), (50,52), (50,53), (50,54), (50,55), (50,56), (50,57), (50,58), (50,59), (50,60), (50,61), (50,62), (50,63), (50,64), (50,65), (50,66), (50,67), (50,68), (50,69), (50,70), (50,71), (50,72), (50,73), (50,74), (50,75), (50,76), (50,77), (50,78), (50,79), (50,80), (50,81), (50,82), (50,83), (50,84), (50,85), (50,86), (50,87), (50,88), (50,89), (50,90)|(50,90), (49,90), (48,90), (47,90), (46,90), (46,91)",
        "time": 24.905460170608876
    },
    "Uber_Train_Walk": {
        "cost": 21.301531641861555,
        "env_tax": 0.030000000000000006,
        "route": "(48,47), (48,48), (48,49), (48,50), (49,50), (50,50)|(50,50), (50,50), (50,51), (50,52), (50,53), (50,54), (50,55), (50,56), (50,57), (50,58), (50,59), (50,60), (50,61), (50,62), (50,63), (50,64), (50,65), (50,66), (50,67), (50,68), (50,69), (50,70), (50,71), (50,72), (50,73), (50,74), (50,75), (50,76), (50,77), (50,78), (50,79), (50,80), (50,81), (50,82), (50,83), (50,84), (50,85), (50,86), (50,87), (50,88), (50,89), (50,90)|(50,90), (49,90), (48,90), (47,90), (46,90), (46,90), (46,91)",
        "time": 388.25481751247673
    },
    "Walk": {
        "cost": 0,
        "env_tax": 0,
        "route": "(48,47), (47,47), (46,47), (46,47), (46,48), (46,49), (46,50), (46,51), (46,52), (46,53), (46,54), (46,55), (46,56), (46,57), (46,58), (46,59), (46,60), (46,61), (46,62), (46,63), (46,64), (46,65), (46,66), (46,67), (46,68), (46,69), (46,70), (46,71), (46,72), (46,73), (46,74), (46,75), (46,76), (46,77), (46,78), (46,79), (46,80), (46,81), (46,82), (46,83), (46,84), (46,85), (46,86), (46,87), (46,88), (46,89), (46,90), (46,91)",
        "time": 3429.9689811500834
    },
    "Walk_Train_Uber": {
        "cost": 18.05827047877571,
        "env_tax": 0.030000000000000006,
        "route": "(48,47), (49,47), (50,47), (50,47), (50,48), (50,49), (50,50)|(50,50), (50,50), (50,51), (50,52), (50,53), (50,54), (50,55), (50,56), (50,57), (50,58), (50,59), (50,60), (50,61), (50,62), (50,63), (50,64), (50,65), (50,66), (50,67), (50,68), (50,69), (50,70), (50,71), (50,72), (50,73), (50,74), (50,75), (50,76), (50,77), (50,78), (50,79), (50,80), (50,81), (50,82), (50,83), (50,84), (50,85), (50,86), (50,87), (50,88), (50,89), (50,90)|(50,90), (49,90), (48,90), (47,90), (46,90), (46,91)",
        "time": 388.7779581314948
    },
    "Walk_Train_Walk": {
        "cost": 4.2,
        "env_tax": 0,
        "route": "(48,47), (49,47), (50,47), (50,47), (50,48), (50,49), (50,50)|(50,50), (50,50), (50,51), (50,52), (50,53), (50,54), (50,55), (50,56), (50,57), (50,58), (50,59), (50,60), (50,61), (50,62), (50,63), (50,64), (50,65), (50,66), (50,67), (50,68), (50,69), (50,70), (50,71), (50,72), (50,73), (50,74), (50,75), (50,76), (50,77), (50,78), (50,79), (50,80), (50,81), (50,82), (50,83), (50,84), (50,85), (50,86), (50,87), (50,88), (50,89), (50,90)|(50,90), (49,90), (48,90), (47,90), (46,90), (46,90), (46,91)",
        "time": 752.327876230041
    }
}