{
    "Uber": {
        "cost": 38.6653262913114,
        "env_tax": 0.5750000000000001,
        "route": "(20,1), (20,2), (19,2), (19,3), (18,3), (17,3), (16,3), (16,4), (16,5), (16,6), (16,7), (15,7), (14,7), (14,8), (14,9), (13,9), (12,9), (11,9), (11,10), (10,10), (10,11), (10,12), (10,13), (10,14), (10,15), (10,16), (10,17), (10,18), (10,19), (10,20), (10,21), (10,22), (10,23), (10,24), (10,25), (10,26), (10,27), (10,28), (10,29), (10,30), (10,31), (10,32), (10,33), (10,34), (10,35), (10,36), (10,37), (10,38), (10,39), (10,40), (10,41), (10,42), (10,43), (10,44), (10,45), (10,46), (10,47), (10,48), (10,49), (10,50), (10,51), (10,52), (10,53), (10,54), (10,55), (10,56), (10,57), (10,58), (10,59), (10,60), (10,61), (10,62), (10,63), (10,64), (10,65), (10,66), (10,67), (10,68), (10,69), (10,70), (10,71), (10,72), (10,73), (10,74), (10,75), (11,75), (11,76), (11,77), (11,78), (11,79), (11,80), (11,81), (11,82), (11,83), (11,84), (11,85), (11,86), (11,87), (11,88), (11,89), (12,89), (13,89), (14,89), (15,89), (16,89), (17,89), (18,89), (19,89), (20,89), (21,89), (22,89), (23,89), (24,89), (25,89), (26,89)",
        "time": 10.908899625925635
    },
    "Uber_Train_Uber": {
        "cost": 35.507013563465385,
        "env_tax": 0.08000000000000002,
        "route": "(20,1), (20,2), (20,3), (20,4), (20,5), (20,6), (20,7), (20,8), (20,9), (20,10)|(20,10), (21,10), (22,10), (23,10), (24,10), (25,10), (26,10), (27,10), (28,10), (29,10), (30,10), (30,10), (30,11), (30,12), (30,13), (30,14), (30,15), (30,16), (30,17), (30,18), (30,19), (30,20), (30,21), (30,22), (30,23), (30,24), (30,25), (30,26), (30,27), (30,28), (30,29), (30,30), (30,31), (30,32), (30,33), (30,34), (30,35), (30,36), (30,37), (30,38), (30,39), (30,40), (30,41), (30,42), (30,43), (30,44), (30,45), (30,46), (30,47), (30,48), (30,49), (30,50), (30,51), (30,52), (30,53), (30,54), (30,55), (30,56), (30,57), (30,58), (30,59), (30,60), (30,61), (30,62), (30,63), (30,64), (30,65), (30,66), (30,67), (30,68), (30,69), (30,70), (30,71), (30,72), (30,73), (30,74), (30,75), (30,76), (30,77), (30,78), (30,79), (30,80), (30,81), (30,82), (30,83), (30,84), (30,85), (30,86), (30,87), (30,88), (30,89), (30,90)|(30,90), (29,90), (28,90), (27,90), (26,90), (26,89)",
        "time": 22.64789903519188
    },
    "Uber_Train_Walk": {
        "cost": 22.49330511214442,
        "env_tax": 0.05,
        "route": "(20,1), (20,2), (20,3), (20,4), (20,5), (20,6), (20,7), (20,8), (20,9), (20,10)|(20,10), (21,10), (22,10), (23,10), (24,10), (25,10), (26,10), (27,10), (28,10), (29,10), (30,10), (30,10), (30,11), (30,12), (30,13), (30,14), (30,15), (30,16), (30,17), (30,18), (30,19), (30,20), (30,21), (30,22), (30,23), (30,24), (30,25), (30,26), (30,27), (30,28), (30,29), (30,30), (30,31), (30,32), (30,33), (30,34), (30,35), (30,36), (30,37), (30,38), (30,39), (30,40), (30,41), (30,42), (30,43), (30,44), (30,45), (30,46), (30,47), (30,48), (30,49), (30,50), (30,51), (30,52), (30,53), (30,54), (30,55), (30,56), (30,57), (30,58), (30,59), (30,60), (30,61), (30,62), (30,63), (30,64), (30,65), (30,66), (30,67), (30,68), (30,69), (30,70), (30,71), (30,72), (30,73), (30,74), (30,75), (30,76), (30,77), (30,78), (30,79), (30,80), (30,81), (30,82), (30,83), (30,84), (30,85), (30,86), (30,87), (30,88), (30,89), (30,90)|(30,90), (29,90), (28,90), (27,90), (26,90), (26,90), (26,89)",
        "time": 385.1923043379506
    },
    "Walk": {
        "cost": 0,
        "env_tax": 0,
        "route": "(20,1), (21,1), (22,1), (23,1), (24,1), (25,1), (26,1), (26,1), (26,2), (26,3), (26,4), (26,5), (26,6), (26,7), (26,8), (26,9), (26,10), (26,11), (26,12), (26,13), (26,14), (26,15), (26,16), (26,17), (26,18), (26,19), (26,20), (26,21), (26,22), (26,23), (26,24), (26,25), (26,26), (26,27), (26,28), (26,29), (26,30), (26,31), (26,32), (26,33), (26,34), (26,35), (26,36), (26,37), (26,38), (26,39), (26,40), (26,41), (26,42), (26,43), (26,44), (26,45), (26,46), (26,47), (26,48), (26,49), (26,50), (26,51), (26,52), (26,53), (26,54), (26,55), (26,56), (26,57), (26,58), (26,59), (26,60), (26,61), (26,62), (26,63), (26,64), (26,65), (26,66), (26,67), (26,68), (26,69), (26,70), (26,71), (26,72), (26,73), (26,74), (26,75), (26,76), (26,77), (26,78), (26,79), (26,80), (26,81), (26,82), (26,83), (26,84), (26,85), (26,86), (26,87), (26,88), (26,89)",
        "time": 7009.067048437127
    },
    "Walk_Train_Uber": {
        "cost": 22.31136678931368,
        "env_tax": 0.030000000000000006,
        "route": "(20,1), (20,1), (20,2), (20,3), (20,4), (20,5), (20,6), (20,7), (20,8), (20,9), (20,10)|(20,10), (21,10), (22,10), (23,10), (24,10), (25,10), (26,10), (27,10), (28,10), (29,10), (30,10), (30,10), (30,11), (30,12), (30,13), (30,14), (30,15), (30,16), (30,17), (30,18), (30,19), (30,20), (30,21), (30,22), (30,23), (30,24), (30,25), (30,26), (30,27), (30,28), (30,29), (30,30), (30,31), (30,32), (30,33), (30,34), (30,35), (30,36), (30,37), (30,38), (30,39), (30,40), (30,41), (30,42), (30,43), (30,44), (30,45), (30,46), (30,47), (30,48), (30,49), (30,50), (30,51), (30,52), (30,53), (30,54), (30,55), (30,56), (30,57), (30,58), (30,59), (30,60), (30,61), (30,62), (30,63), (30,64), (30,65), (30,66), (30,67), (30,68), (30,69), (30,70), (30,71), (30,72), (30,73), (30,74), (30,75), (30,76), (30,77), (30,78), (30,79), (30,80), (30,81), (30,82), (30,83), (30,84), (30,85), (30,86), (30,87), (30,88), (30,89), (30,90)|(30,90), (29,90), (28,90), (27,90), (26,90), (26,89)",
        "time": 684.5903296886509
    },
    "Walk_Train_Walk": {
        "cost": 9.200000000000001,
        "env_tax": 0,
        "route": "(20,1), (20,1), (20,2), (20,3), (20,4), (20,5), (20,6), (20,7), (20,8), (20,9), (20,10)|(20,10), (21,10), (22,10), (23,10), (24,10), (25,10), (26,10), (27,10), (28,10), (29,10), (30,10), (30,10), (30,11), (30,12), (30,13), (30,14), (30,15), (30,16), (30,17), (30,18), (30,19), (30,20), (30,21), (30,22), (30,23), (30,24), (30,25), (30,26), (30,27), (30,28), (30,29), (30,30), (30,31), (30,32), (30,33), (30,34), (30,35), (30,36), (30,37), (30,38), (30,39), (30,40), (30,41), (30,42), (30,43), (30,44), (30,45), (30,46), (30,47), (30,48), (30,49), (30,50), (30,51), (30,52), (30,53), (30,54), (30,55), (30,56), (30,57), (30,58), (30,59), (30,60), (30,61), (30,62), (30,63), (30,64), (30,65), (30,66), (30,67), (30,68), (30,69), (30,70), (30,71), (30,72), (30,73), (30,74), (30,75), (30,76), (30,77), (30,78), (30,79), (30,80), (30,81), (30,82), (30,83), (30,84), (30,85), (30,86), (30,87), (30,88), (30,89), (30,90)|(30,90), (29,90), (28,90), (27,90), (26,90), (26,90), (26,89)",
        "time": 1050.355025018502
    }
}