{
    "Uber": {
        "cost": 30.068083901728087,
        "env_tax": 0.44000000000000006,
        "route": "(10,36), (10,35), (10,34), (10,33), (10,32), (9,32), (9,31), (9,30), (9,29), (9,28), (9,27), (9,26), (9,25), (9,24), (9,23), (9,22), (9,21), (9,20), (9,19), (9,18), (9,17), (9,16), (9,15), (9,14), (9,13), (9,12), (9,11), (9,10), (10,10), (11,10), (11,9), (12,9), (13,9), (14,9), (14,8), (14,7), (15,7), (16,7), (16,6), (17,6), (18,6), (18,5), (19,5), (20,5), (21,5), (22,5), (23,5), (24,5), (25,5), (26,5), (27,5), (28,5), (29,5), (30,5), (31,5), (32,5), (33,5), (34,5), (35,5), (35,4), (36,4), (37,4), (38,4), (39,4), (40,4), (41,4), (42,4), (43,4), (44,4), (45,4), (46,4), (47,4), (48,4), (49,4), (50,4), (51,4), (52,4), (52,5), (53,5), (54,5), (55,5), (55,6), (55,7), (56,7), (56,8), (56,9), (56,10), (57,10)",
        "time": 10.633600883783261
    },
    "Uber_Train_Uber": {
        "cost": 34.25073208218732,
        "env_tax": 0.045000000000000005,
        "route": "(10,36), (10,37), (10,38), (10,39), (10,40)|(10,40), (11,40), (12,40), (13,40), (14,40), (15,40), (16,40), (17,40), (18,40), (19,40), (20,40), (21,40), (22,40), (23,40), (24,40), (25,40), (26,40), (27,40), (28,40), (29,40), (30,40), (31,40), (32,40), (33,40), (34,40), (35,40), (36,40), (37,40), (38,40), (39,40), (40,40), (41,40), (42,40), (43,40), (44,40), (45,40), (46,40), (47,40), (48,40), (49,40), (50,40), (51,40), (52,40), (53,40), (54,40), (55,40), (56,40), (57,40), (58,40), (59,40), (60,40), (60,40), (60,39), (60,38), (60,37), (60,36), (60,35), (60,34), (60,33), (60,32), (60,31), (60,30), (60,29), (60,28), (60,27), (60,26), (60,25), (60,24), (60,23), (60,22), (60,21), (60,20), (60,19), (60,18), (60,17), (60,16), (60,15), (60,14), (60,13), (60,12), (60,11), (60,10)|(60,10), (59,10), (58,10), (57,10)",
        "time": 24.097021384787954
    },
    "Uber_Train_Walk": {
        "cost": 21.33905339948924,
        "env_tax": 0.025,
        "route": "(10,36), (10,37), (10,38), (10,39), (10,40)|(10,40), (11,40), (12,40), (13,40), (14,40), (15,40), (16,40), (17,40), (18,40), (19,40), (20,40), (21,40), (22,40), (23,40), (24,40), (25,40), (26,40), (27,40), (28,40), (29,40), (30,40), (31,40), (32,40), (33,40), (34,40), (35,40), (36,40), (37,40), (38,40), (39,40), (40,40), (41,40), (42,40), (43,40), (44,40), (45,40), (46,40), (47,40), (48,40), (49,40), (50,40), (51,40), (52,40), (53,40), (54,40), (55,40), (56,40), (57,40), (58,40), (59,40), (60,40), (60,40), (60,39), (60,38), (60,37), (60,36), (60,35), (60,34), (60,33), (60,32), (60,31), (60,30), (60,29), (60,28), (60,27), (60,26), (60,25), (60,24), (60,23), (60,22), (60,21), (60,20), (60,19), (60,18), (60,17), (60,16), (60,15), (60,14), (60,13), (60,12), (60,11), (60,10)|(60,10), (59,10), (58,10), (57,10), (57,10)",
        "time": 237.25418329135636
    },
    "Walk": {
        "cost": 0,
        "env_tax": 0,
        "route": "(10,36), (11,36), (12,36), (13,36), (14,36), (15,36), (16,36), (17,36), (18,36), (19,36), (20,36), (21,36), (22,36), (23,36), (24,36), (25,36), (26,36), (27,36), (28,36), (29,36), (30,36), (31,36), (32,36), (33,36), (34,36), (35,36), (36,36), (37,36), (38,36), (39,36), (40,36), (41,36), (42,36), (43,36), (44,36), (45,36), (46,36), (47,36), (48,36), (49,36), (50,36), (51,36), (52,36), (53,36), (54,36), (55,36), (56,36), (57,36), (57,36), (57,35), (57,34), (57,33), (57,32), (57,31), (57,30), (57,29), (57,28), (57,27), (57,26), (57,25), (57,24), (57,23), (57,22), (57,21), (57,20), (57,19), (57,18), (57,17), (57,16), (57,15), (57,14), (57,13), (57,12), (57,11), (57,10)",
        "time": 5443.211643999045
    },
    "Walk_Train_Uber": {
        "cost": 20.841924374321703,
        "env_tax": 0.020000000000000004,
        "route": "(10,36), (10,36), (10,37), (10,38), (10,39), (10,40)|(10,40), (11,40), (12,40), (13,40), (14,40), (15,40), (16,40), (17,40), (18,40), (19,40), (20,40), (21,40), (22,40), (23,40), (24,40), (25,40), (26,40), (27,40), (28,40), (29,40), (30,40), (31,40), (32,40), (33,40), (34,40), (35,40), (36,40), (37,40), (38,40), (39,40), (40,40), (41,40), (42,40), (43,40), (44,40), (45,40), (46,40), (47,40), (48,40), (49,40), (50,40), (51,40), (52,40), (53,40), (54,40), (55,40), (56,40), (57,40), (58,40), (59,40), (60,40), (60,40), (60,39), (60,38), (60,37), (60,36), (60,35), (60,34), (60,33), (60,32), (60,31), (60,30), (60,29), (60,28), (60,27), (60,26), (60,25), (60,24), (60,23), (60,22), (60,21), (60,20), (60,19), (60,18), (60,17), (60,16), (60,15), (60,14), (60,13), (60,12), (60,11), (60,10)|(60,10), (59,10), (58,10), (57,10)",
        "time": 315.7345751790748
    },
    "Walk_Train_Walk": {
        "cost": 8.200000000000001,
        "env_tax": 0,
        "route": "(10,36), (10,36), (10,37), (10,38), (10,39), (10,40)|(10,40), (11,40), (12,40), (13,40), (14,40), (15,40), (16,40), (17,40), (18,40), (19,40), (20,40), (21,40), (22,40), (23,40), (24,40), (25,40), (26,40), (27,40), (28,40), (29,40), (30,40), (31,40), (32,40), (33,40), (34,40), (35,40), (36,40), (37,40), (38,40), (39,40), (40,40), (41,40), (42,40), (43,40), (44,40), (45,40), (46,40), (47,40), (48,40), (49,40), (50,40), (51,40), (52,40), (53,40), (54,40), (55,40), (56,40), (57,40), (58,40), (59,40), (60,40), (60,40), (60,39), (60,38), (60,37), (60,36), (60,35), (60,34), (60,33), (60,32), (60,31), (60,30), (60,29), (60,28), (60,27), (60,26), (60,25), (60,24), (60,23), (60,22), (60,21), (60,20), (60,19), (60,18), (60,17), (60,16), (60,15), (60,14), (60,13), (60,12), (60,11), (60,10)|(60,10), (59,10), (58,10), (57,10), (57,10)",
        "time": 527.5785957776595
    }
}