{
    "Uber": {
        "cost": 21.47941913892233,
        "env_tax": 0.30000000000000004,
        "route": "(2,34), (2,35), (2,36), (2,37), (2,38), (2,39), (2,40), (1,40), (1,41), (1,42), (1,43), (1,44), (1,45), (1,46), (1,47), (1,48), (1,49), (1,50), (1,51), (1,52), (1,53), (0,53), (0,54), (0,55), (0,56), (0,57), (0,58), (0,59), (0,60), (0,61), (0,62), (0,63), (0,64), (0,65), (0,66), (0,67), (0,68), (0,69), (0,70), (0,71), (0,72), (0,73), (0,74), (0,75), (0,76), (0,77), (0,78), (0,79), (0,80), (0,81), (0,82), (0,83), (0,84), (0,85), (0,86), (0,87), (1,87), (2,87), (3,87), (3,88)",
        "time": 12.991374139590047
    },
    "Uber_Train_Uber": {
        "cost": 33.64813208925181,
        "env_tax": 0.115,
        "route": "(2,34), (3,34), (3,33), (4,33), (5,33), (6,33), (6,32), (7,32), (7,31), (7,30), (8,30), (9,30), (10,30)|(10,30), (10,30), (10,31), (10,32), (10,33), (10,34), (10,35), (10,36), (10,37), (10,38), (10,39), (10,40), (10,41), (10,42), (10,43), (10,44), (10,45), (10,46), (10,47), (10,48), (10,49), (10,50), (10,51), (10,52), (10,53), (10,54), (10,55), (10,56), (10,57), (10,58), (10,59), (10,60), (10,61), (10,62), (10,63), (10,64), (10,65), (10,66), (10,67), (10,68), (10,69), (10,70), (10,71), (10,72), (10,73), (10,74), (10,75), (10,76), (10,77), (10,78), (10,79), (10,80), (10,81), (10,82), (10,83), (10,84), (10,85), (10,86), (10,87), (10,88), (10,89), (10,90)|(10,90), (10,89), (9,89), (8,89), (7,89), (6,89), (5,89), (4,89), (3,89), (3,88)",
        "time": 20.565042855613246
    },
    "Uber_Train_Walk": {
        "cost": 20.673565024877707,
        "env_tax": 0.065,
        "route": "(2,34), (3,34), (3,33), (4,33), (5,33), (6,33), (6,32), (7,32), (7,31), (7,30), (8,30), (9,30), (10,30)|(10,30), (10,30), (10,31), (10,32), (10,33), (10,34), (10,35), (10,36), (10,37), (10,38), (10,39), (10,40), (10,41), (10,42), (10,43), (10,44), (10,45), (10,46), (10,47), (10,48), (10,49), (10,50), (10,51), (10,52), (10,53), (10,54), (10,55), (10,56), (10,57), (10,58), (10,59), (10,60), (10,61), (10,62), (10,63), (10,64), (10,65), (10,66), (10,67), (10,68), (10,69), (10,70), (10,71), (10,72), (10,73), (10,74), (10,75), (10,76), (10,77), (10,78), (10,79), (10,80), (10,81), (10,82), (10,83), (10,84), (10,85), (10,86), (10,87), (10,88), (10,89), (10,90)|(10,90), (9,90), (8,90), (7,90), (6,90), (5,90), (4,90), (3,90), (3,90), (3,89), (3,88)",
        "time": 684.9429467022597
    },
    "Walk": {
        "cost": 0,
        "env_tax": 0,
        "route": "(2,34), (3,34), (3,34), (3,35), (3,36), (3,37), (3,38), (3,39), (3,40), (3,41), (3,42), (3,43), (3,44), (3,45), (3,46), (3,47), (3,48), (3,49), (3,50), (3,51), (3,52), (3,53), (3,54), (3,55), (3,56), (3,57), (3,58), (3,59), (3,60), (3,61), (3,62), (3,63), (3,64), (3,65), (3,66), (3,67), (3,68), (3,69), (3,70), (3,71), (3,72), (3,73), (3,74), (3,75), (3,76), (3,77), (3,78), (3,79), (3,80), (3,81), (3,82), (3,83), (3,84), (3,85), (3,86), (3,87), (3,88)",
        "time": 4101.049868766404
    },
    "Walk_Train_Uber": {
        "cost": 19.320848214196015,
        "env_tax": 0.05,
        "route": "(2,34), (3,34), (4,34), (5,34), (6,34), (7,34), (8,34), (9,34), (10,34), (10,34), (10,33), (10,32), (10,31), (10,30)|(10,30), (10,30), (10,31), (10,32), (10,33), (10,34), (10,35), (10,36), (10,37), (10,38), (10,39), (10,40), (10,41), (10,42), (10,43), (10,44), (10,45), (10,46), (10,47), (10,48), (10,49), (10,50), (10,51), (10,52), (10,53), (10,54), (10,55), (10,56), (10,57), (10,58), (10,59), (10,60), (10,61), (10,62), (10,63), (10,64), (10,65), (10,66), (10,67), (10,68), (10,69), (10,70), (10,71), (10,72), (10,73), (10,74), (10,75), (10,76), (10,77), (10,78), (10,79), (10,80), (10,81), (10,82), (10,83), (10,84), (10,85), (10,86), (10,87), (10,88), (10,89), (10,90)|(10,90), (10,89), (9,89), (8,89), (7,89), (6,89), (5,89), (4,89), (3,89), (3,88)",
        "time": 907.0245459948364
    },
    "Walk_Train_Walk": {
        "cost": 6.2,
        "env_tax": 0,
        "route": "(2,34), (3,34), (4,34), (5,34), (6,34), (7,34), (8,34), (9,34), (10,34), (10,34), (10,33), (10,32), (10,31), (10,30)|(10,30), (10,30), (10,31), (10,32), (10,33), (10,34), (10,35), (10,36), (10,37), (10,38), (10,39), (10,40), (10,41), (10,42), (10,43), (10,44), (10,45), (10,46), (10,47), (10,48), (10,49), (10,50), (10,51), (10,52), (10,53), (10,54), (10,55), (10,56), (10,57), (10,58), (10,59), (10,60), (10,61), (10,62), (10,63), (10,64), (10,65), (10,66), (10,67), (10,68), (10,69), (10,70), (10,71), (10,72), (10,73), (10,74), (10,75), (10,76), (10,77), (10,78), (10,79), (10,80), (10,81), (10,82), (10,83), (10,84), (10,85), (10,86), (10,87), (10,88), (10,89), (10,90)|(10,90), (9,90), (8,90), (7,90), (6,90), (5,90), (4,90), (3,90), (3,90), (3,89), (3,88)",
        "time": 1570.964817574269
    }
}