{
    "Uber": {
        "cost": 17.263380834597903,
        "env_tax": 0.07,
        "route": "(28,80), (27,80), (26,80), (26,79), (26,78), (25,78), (25,77), (25,76), (25,75), (25,74), (25,73), (25,72), (25,71), (25,70)",
        "time": 7.087133478007332
    },
    "Uber_Train_Uber": {
        "cost": 29.682722378365344,
        "env_tax": 0.04500000000000001,
        "route": "(28,80), (29,80), (30,80)|(30,80), (29,80), (28,80), (27,80), (26,80), (25,80), (24,80), (23,80), (22,80), (21,80), (20,80), (20,80), (20,79), (20,78), (20,77), (20,76), (20,75), (20,74), (20,73), (20,72), (20,71), (20,70)|(20,70), (21,70), (22,70), (23,70), (24,70), (25,70)",
        "time": 27.049965661751784
    },
    "Uber_Train_Walk": {
        "cost": 14.783097289045148,
        "env_tax": 0.015000000000000003,
        "route": "(28,80), (29,80), (30,80)|(30,80), (29,80), (28,80), (27,80), (26,80), (25,80), (24,80), (23,80), (22,80), (21,80), (20,80), (20,80), (20,79), (20,78), (20,77), (20,76), (20,75), (20,74), (20,73), (20,72), (20,71), (20,70)|(20,70), (21,70), (22,70), (23,70), (24,70), (25,70), (25,70)",
        "time": 383.3790165217732
    },
    "Walk": {
        "cost": 0,
        "env_tax": 0,
        "route": "(28,80), (27,80), (26,80), (25,80), (25,80), (25,79), (25,78), (25,77), (25,76), (25,75), (25,74), (25,73), (25,72), (25,71), (25,70)",
        "time": 969.339059890241
    },
    "Walk_Train_Uber": {
        "cost": 16.93118530516765,
        "env_tax": 0.030000000000000006,
        "route": "(28,80), (29,80), (30,80), (30,80)|(30,80), (29,80), (28,80), (27,80), (26,80), (25,80), (24,80), (23,80), (22,80), (21,80), (20,80), (20,80), (20,79), (20,78), (20,77), (20,76), (20,75), (20,74), (20,73), (20,72), (20,71), (20,70)|(20,70), (21,70), (22,70), (23,70), (24,70), (25,70)",
        "time": 159.12708387536114
    },
    "Walk_Train_Walk": {
        "cost": 2.2,
        "env_tax": 0,
        "route": "(28,80), (29,80), (30,80), (30,80)|(30,80), (29,80), (28,80), (27,80), (26,80), (25,80), (24,80), (23,80), (22,80), (21,80), (20,80), (20,80), (20,79), (20,78), (20,77), (20,76), (20,75), (20,74), (20,73), (20,72), (20,71), (20,70)|(20,70), (21,70), (22,70), (23,70), (24,70), (25,70), (25,70)",
        "time": 524.5437107057043
    }
}