{
    "Uber": {
        "cost": 72.47791944480748,
        "env_tax": 0.35000000000000003,
        "route": "(98,38), (97,38), (96,38), (95,38), (94,38), (93,38), (92,38), (91,38), (90,38), (89,38), (88,38), (87,38), (86,38), (85,38), (84,38), (83,38), (82,38), (81,38), (80,38), (79,38), (78,38), (77,38), (76,38), (75,38), (75,39), (74,39), (73,39), (72,39), (71,39), (70,39), (69,39), (69,40), (69,41), (68,41), (68,42), (68,43), (68,44), (68,45), (67,45), (66,45), (65,45), (64,45), (63,45), (62,45), (61,45), (60,45), (59,45), (58,45), (57,45), (56,45), (55,45), (54,45), (54,46), (53,46), (52,46), (51,46), (51,47), (50,47), (49,47), (48,47), (47,47), (47,48), (46,48), (45,48), (44,48), (43,48), (42,48), (41,48), (40,48), (39,48)",
        "time": 27.420738041705246
    },
    "Uber_Train_Uber": {
        "cost": 35.06113729537889,
        "env_tax": 0.07500000000000001,
        "route": "(98,38), (97,38), (97,39), (96,39), (96,40), (95,40), (94,40), (93,40), (92,40), (91,40), (90,40)|(90,40), (89,40), (88,40), (87,40), (86,40), (85,40), (84,40), (83,40), (82,40), (81,40), (80,40), (79,40), (78,40), (77,40), (76,40), (75,40), (74,40), (73,40), (72,40), (71,40), (70,40), (69,40), (68,40), (67,40), (66,40), (65,40), (64,40), (63,40), (62,40), (61,40), (60,40), (59,40), (58,40), (57,40), (56,40), (55,40), (54,40), (53,40), (52,40), (51,40), (50,40), (49,40), (48,40), (47,40), (46,40), (45,40), (44,40), (43,40), (42,40), (41,40), (40,40), (40,40), (40,41), (40,42), (40,43), (40,44), (40,45), (40,46), (40,47), (40,48), (40,49), (40,50)|(40,50), (40,49), (40,48), (39,48)",
        "time": 18.392942111535028
    },
    "Uber_Train_Walk": {
        "cost": 21.010757842352866,
        "env_tax": 0.05500000000000001,
        "route": "(98,38), (97,38), (97,39), (96,39), (96,40), (95,40), (94,40), (93,40), (92,40), (91,40), (90,40)|(90,40), (89,40), (88,40), (87,40), (86,40), (85,40), (84,40), (83,40), (82,40), (81,40), (80,40), (79,40), (78,40), (77,40), (76,40), (75,40), (74,40), (73,40), (72,40), (71,40), (70,40), (69,40), (68,40), (67,40), (66,40), (65,40), (64,40), (63,40), (62,40), (61,40), (60,40), (59,40), (58,40), (57,40), (56,40), (55,40), (54,40), (53,40), (52,40), (51,40), (50,40), (49,40), (48,40), (47,40), (46,40), (45,40), (44,40), (43,40), (42,40), (41,40), (40,40), (40,40), (40,41), (40,42), (40,43), (40,44), (40,45), (40,46), (40,47), (40,48), (40,49), (40,50)|(40,50), (39,50), (39,50), (39,49), (39,48)",
        "time": 234.6616240414878
    },
    "Walk": {
        "cost": 0,
        "env_tax": 0,
        "route": "(98,38), (97,38), (96,38), (95,38), (94,38), (93,38), (92,38), (91,38), (90,38), (89,38), (88,38), (87,38), (86,38), (85,38), (84,38), (83,38), (82,38), (81,38), (80,38), (79,38), (78,38), (77,38), (76,38), (75,38), (74,38), (73,38), (72,38), (71,38), (70,38), (69,38), (68,38), (67,38), (66,38), (65,38), (64,38), (63,38), (62,38), (61,38), (60,38), (59,38), (58,38), (57,38), (56,38), (55,38), (54,38), (53,38), (52,38), (51,38), (50,38), (49,38), (48,38), (47,38), (46,38), (45,38), (44,38), (43,38), (42,38), (41,38), (40,38), (39,38), (39,38), (39,39), (39,40), (39,41), (39,42), (39,43), (39,44), (39,45), (39,46), (39,47), (39,48)",
        "time": 5144.9534717251245
    },
    "Walk_Train_Uber": {
        "cost": 22.012403379892994,
        "env_tax": 0.020000000000000004,
        "route": "(98,38), (97,38), (96,38), (95,38), (94,38), (93,38), (92,38), (91,38), (90,38), (90,38), (90,39), (90,40)|(90,40), (89,40), (88,40), (87,40), (86,40), (85,40), (84,40), (83,40), (82,40), (81,40), (80,40), (79,40), (78,40), (77,40), (76,40), (75,40), (74,40), (73,40), (72,40), (71,40), (70,40), (69,40), (68,40), (67,40), (66,40), (65,40), (64,40), (63,40), (62,40), (61,40), (60,40), (59,40), (58,40), (57,40), (56,40), (55,40), (54,40), (53,40), (52,40), (51,40), (50,40), (49,40), (48,40), (47,40), (46,40), (45,40), (44,40), (43,40), (42,40), (41,40), (40,40), (40,40), (40,41), (40,42), (40,43), (40,44), (40,45), (40,46), (40,47), (40,48), (40,49), (40,50)|(40,50), (40,49), (40,48), (39,48)",
        "time": 759.1126563984525
    },
    "Walk_Train_Walk": {
        "cost": 6.2,
        "env_tax": 0,
        "route": "(98,38), (97,38), (96,38), (95,38), (94,38), (93,38), (92,38), (91,38), (90,38), (90,38), (90,39), (90,40)|(90,40), (89,40), (88,40), (87,40), (86,40), (85,40), (84,40), (83,40), (82,40), (81,40), (80,40), (79,40), (78,40), (77,40), (76,40), (75,40), (74,40), (73,40), (72,40), (71,40), (70,40), (69,40), (68,40), (67,40), (66,40), (65,40), (64,40), (63,40), (62,40), (61,40), (60,40), (59,40), (58,40), (57,40), (56,40), (55,40), (54,40), (53,40), (52,40), (51,40), (50,40), (49,40), (48,40), (47,40), (46,40), (45,40), (44,40), (43,40), (42,40), (41,40), (40,40), (40,40), (40,41), (40,42), (40,43), (40,44), (40,45), (40,46), (40,47), (40,48), (40,49), (40,50)|(40,50), (39,50), (39,50), (39,49), (39,48)",
        "time": 974.5901296598898
    }
}