{
    "Uber": {
        "cost": 18.789166587100308,
        "env_tax": 0.18000000000000002,
        "route": "(79,97), (79,98), (78,98), (77,98), (76,98), (75,98), (74,98), (73,98), (72,98), (71,98), (70,98), (69,98), (68,98), (67,98), (66,98), (65,98), (64,98), (63,98), (62,98), (62,97), (61,97), (60,97), (60,96), (59,96), (58,96), (57,96), (56,96), (55,96), (54,96), (53,96), (53,95), (53,94), (53,93), (53,92), (53,91), (53,90)",
        "time": 7.80411770453694
    },
    "Uber_Train_Uber": {
        "cost": 29.11532699510931,
        "env_tax": 0.065,
        "route": "(79,97), (79,96), (79,95), (79,94), (79,93), (79,92), (79,91), (79,90), (80,90)|(80,90), (79,90), (78,90), (77,90), (76,90), (75,90), (74,90), (73,90), (72,90), (71,90), (70,90), (69,90), (68,90), (67,90), (66,90), (65,90), (64,90), (63,90), (62,90), (61,90), (60,90), (59,90), (58,90), (57,90), (56,90), (55,90), (54,90), (53,90), (52,90), (51,90), (50,90), (50,90)|(50,90), (51,90), (52,90), (53,90)",
        "time": 21.410396116645977
    },
    "Uber_Train_Walk": {
        "cost": 16.509677648855643,
        "env_tax": 0.045000000000000005,
        "route": "(79,97), (79,96), (79,95), (79,94), (79,93), (79,92), (79,91), (79,90), (80,90)|(80,90), (79,90), (78,90), (77,90), (76,90), (75,90), (74,90), (73,90), (72,90), (71,90), (70,90), (69,90), (68,90), (67,90), (66,90), (65,90), (64,90), (63,90), (62,90), (61,90), (60,90), (59,90), (58,90), (57,90), (56,90), (55,90), (54,90), (53,90), (52,90), (51,90), (50,90), (50,90)|(50,90), (51,90), (52,90), (53,90), (53,90)",
        "time": 236.46822139582775
    },
    "Walk": {
        "cost": 0,
        "env_tax": 0,
        "route": "(79,97), (78,97), (77,97), (76,97), (75,97), (74,97), (73,97), (72,97), (71,97), (70,97), (69,97), (68,97), (67,97), (66,97), (65,97), (64,97), (63,97), (62,97), (61,97), (60,97), (59,97), (58,97), (57,97), (56,97), (55,97), (54,97), (53,97), (53,97), (53,96), (53,95), (53,94), (53,93), (53,92), (53,91), (53,90)",
        "time": 2460.6299212598424
    },
    "Walk_Train_Uber": {
        "cost": 16.060862481893626,
        "env_tax": 0.020000000000000004,
        "route": "(79,97), (80,97), (80,97), (80,96), (80,95), (80,94), (80,93), (80,92), (80,91), (80,90)|(80,90), (79,90), (78,90), (77,90), (76,90), (75,90), (74,90), (73,90), (72,90), (71,90), (70,90), (69,90), (68,90), (67,90), (66,90), (65,90), (64,90), (63,90), (62,90), (61,90), (60,90), (59,90), (58,90), (57,90), (56,90), (55,90), (54,90), (53,90), (52,90), (51,90), (50,90), (50,90)|(50,90), (51,90), (52,90), (53,90)",
        "time": 608.6865509308606
    },
    "Walk_Train_Walk": {
        "cost": 3.2,
        "env_tax": 0,
        "route": "(79,97), (80,97), (80,97), (80,96), (80,95), (80,94), (80,93), (80,92), (80,91), (80,90)|(80,90), (79,90), (78,90), (77,90), (76,90), (75,90), (74,90), (73,90), (72,90), (71,90), (70,90), (69,90), (68,90), (67,90), (66,90), (65,90), (64,90), (63,90), (62,90), (61,90), (60,90), (59,90), (58,90), (57,90), (56,90), (55,90), (54,90), (53,90), (52,90), (51,90), (50,90), (50,90)|(50,90), (51,90), (52,90), (53,90), (53,90)",
        "time": 826.9100747870632
    }
}