{
    "Uber": {
        "cost": 72.64963383768308,
        "env_tax": 0.335,
        "route": "(32,38), (32,37), (33,37), (34,37), (35,37), (36,37), (37,37), (37,36), (38,36), (39,36), (40,36), (41,36), (42,36), (43,36), (44,36), (45,36), (46,36), (46,37), (47,37), (48,37), (49,37), (50,37), (51,37), (51,36), (52,36), (53,36), (54,36), (55,36), (56,36), (57,36), (58,36), (59,36), (60,36), (61,36), (62,36), (63,36), (63,37), (64,37), (65,37), (66,37), (67,37), (68,37), (68,38), (69,38), (69,39), (70,39), (71,39), (72,39), (73,39), (73,40), (74,40), (75,40), (75,41), (75,42), (75,43), (76,43), (76,44), (76,45), (76,46), (76,47), (77,47), (77,48), (77,49), (78,49), (78,50), (78,51), (79,51)",
        "time": 21.572597058644718
    },
    "Uber_Train_Uber": {
        "cost": 34.55877603372912,
        "env_tax": 0.04000000000000001,
        "route": "(32,38), (31,38), (30,38), (30,39), (30,40)|(30,40), (31,40), (32,40), (33,40), (34,40), (35,40), (36,40), (37,40), (38,40), (39,40), (40,40), (41,40), (42,40), (43,40), (44,40), (45,40), (46,40), (47,40), (48,40), (49,40), (50,40), (51,40), (52,40), (53,40), (54,40), (55,40), (56,40), (57,40), (58,40), (59,40), (60,40), (61,40), (62,40), (63,40), (64,40), (65,40), (66,40), (67,40), (68,40), (69,40), (70,40), (71,40), (72,40), (73,40), (74,40), (75,40), (76,40), (77,40), (78,40), (79,40), (80,40), (80,40), (80,41), (80,42), (80,43), (80,44), (80,45), (80,46), (80,47), (80,48), (80,49), (80,50)|(80,50), (80,51), (79,51)",
        "time": 25.63455066512241
    },
    "Uber_Train_Walk": {
        "cost": 21.681186382033037,
        "env_tax": 0.025,
        "route": "(32,38), (31,38), (30,38), (30,39), (30,40)|(30,40), (31,40), (32,40), (33,40), (34,40), (35,40), (36,40), (37,40), (38,40), (39,40), (40,40), (41,40), (42,40), (43,40), (44,40), (45,40), (46,40), (47,40), (48,40), (49,40), (50,40), (51,40), (52,40), (53,40), (54,40), (55,40), (56,40), (57,40), (58,40), (59,40), (60,40), (61,40), (62,40), (63,40), (64,40), (65,40), (66,40), (67,40), (68,40), (69,40), (70,40), (71,40), (72,40), (73,40), (74,40), (75,40), (76,40), (77,40), (78,40), (79,40), (80,40), (80,40), (80,41), (80,42), (80,43), (80,44), (80,45), (80,46), (80,47), (80,48), (80,49), (80,50)|(80,50), (79,50), (79,50), (79,51)",
        "time": 168.94215646118244
    },
    "Walk": {
        "cost": 0,
        "env_tax": 0,
        "route": "(32,38), (33,38), (34,38), (35,38), (36,38), (37,38), (38,38), (39,38), (40,38), (41,38), (42,38), (43,38), (44,38), (45,38), (46,38), (47,38), (48,38), (49,38), (50,38), (51,38), (52,38), (53,38), (54,38), (55,38), (56,38), (57,38), (58,38), (59,38), (60,38), (61,38), (62,38), (63,38), (64,38), (65,38), (66,38), (67,38), (68,38), (69,38), (70,38), (71,38), (72,38), (73,38), (74,38), (75,38), (76,38), (77,38), (78,38), (79,38), (79,38), (79,39), (79,40), (79,41), (79,42), (79,43), (79,44), (79,45), (79,46), (79,47), (79,48), (79,49), (79,50), (79,51)",
        "time": 4473.872584108804
    },
    "Walk_Train_Uber": {
        "cost": 19.00720758933374,
        "env_tax": 0.015000000000000003,
        "route": "(32,38), (31,38), (30,38), (30,38), (30,39), (30,40)|(30,40), (31,40), (32,40), (33,40), (34,40), (35,40), (36,40), (37,40), (38,40), (39,40), (40,40), (41,40), (42,40), (43,40), (44,40), (45,40), (46,40), (47,40), (48,40), (49,40), (50,40), (51,40), (52,40), (53,40), (54,40), (55,40), (56,40), (57,40), (58,40), (59,40), (60,40), (61,40), (62,40), (63,40), (64,40), (65,40), (66,40), (67,40), (68,40), (69,40), (70,40), (71,40), (72,40), (73,40), (74,40), (75,40), (76,40), (77,40), (78,40), (79,40), (80,40), (80,40), (80,41), (80,42), (80,43), (80,44), (80,45), (80,46), (80,47), (80,48), (80,49), (80,50)|(80,50), (80,51), (79,51)",
        "time": 318.4581479605207
    },
    "Walk_Train_Walk": {
        "cost": 6.2,
        "env_tax": 0,
        "route": "(32,38), (31,38), (30,38), (30,38), (30,39), (30,40)|(30,40), (31,40), (32,40), (33,40), (34,40), (35,40), (36,40), (37,40), (38,40), (39,40), (40,40), (41,40), (42,40), (43,40), (44,40), (45,40), (46,40), (47,40), (48,40), (49,40), (50,40), (51,40), (52,40), (53,40), (54,40), (55,40), (56,40), (57,40), (58,40), (59,40), (60,40), (61,40), (62,40), (63,40), (64,40), (65,40), (66,40), (67,40), (68,40), (69,40), (70,40), (71,40), (72,40), (73,40), (74,40), (75,40), (76,40), (77,40), (78,40), (79,40), (80,40), (80,40), (80,41), (80,42), (80,43), (80,44), (80,45), (80,46), (80,47), (80,48), (80,49), (80,50)|(80,50), (79,50), (79,50), (79,51)",
        "time": 457.5250236538163
    }
}