{
    "Uber": {
        "cost": 60.91932963929238,
        "env_tax": 0.645,
        "route": "(34,72), (35,72), (35,73), (35,74), (35,75), (35,76), (35,77), (35,78), (35,79), (36,79), (37,79), (37,80), (38,80), (39,80), (40,80), (41,80), (42,80), (43,80), (44,80), (45,80), (46,80), (47,80), (48,80), (49,80), (50,80), (51,80), (52,80), (53,80), (54,80), (55,80), (56,80), (57,80), (58,80), (59,80), (60,80), (61,80), (62,80), (63,80), (64,80), (65,80), (66,80), (67,80), (68,80), (69,80), (69,79), (70,79), (70,78), (71,78), (72,78), (73,78), (74,78), (75,78), (76,78), (77,78), (77,77), (78,77), (79,77), (79,76), (80,76), (80,75), (80,74), (81,74), (82,74), (83,74), (83,73), (84,73), (84,72), (85,72), (86,72), (86,71), (86,70), (86,69), (87,69), (88,69), (89,69), (89,68), (89,67), (90,67), (91,67), (91,66), (92,66), (93,66), (93,65), (94,65), (95,65), (95,64), (96,64), (97,64), (97,63), (98,63), (99,63), (99,62), (99,61), (99,60), (99,59), (99,58), (99,57), (99,56), (99,55), (99,54), (99,53), (99,52), (98,52), (97,52), (97,51), (97,50), (97,49), (97,48), (96,48), (96,47), (96,46), (96,45), (96,44), (96,43), (96,42), (96,41), (96,40), (96,39), (96,38), (95,38), (95,37), (95,36), (95,35), (95,34), (95,33), (95,32), (94,32), (94,31), (94,30)",
        "time": 21.646189854159537
    },
    "Uber_Train_Uber": {
        "cost": 38.560824485914594,
        "env_tax": 0.060000000000000005,
        "route": "(34,72), (34,71), (33,71), (33,70), (32,70), (31,70), (30,70)|(30,70), (31,70), (32,70), (33,70), (34,70), (35,70), (36,70), (37,70), (38,70), (39,70), (40,70), (41,70), (42,70), (43,70), (44,70), (45,70), (46,70), (47,70), (48,70), (49,70), (50,70), (51,70), (52,70), (53,70), (54,70), (55,70), (56,70), (57,70), (58,70), (59,70), (60,70), (61,70), (62,70), (63,70), (64,70), (65,70), (66,70), (67,70), (68,70), (69,70), (70,70), (71,70), (72,70), (73,70), (74,70), (75,70), (76,70), (77,70), (78,70), (79,70), (80,70), (81,70), (82,70), (83,70), (84,70), (85,70), (86,70), (87,70), (88,70), (89,70), (90,70), (90,70), (90,69), (90,68), (90,67), (90,66), (90,65), (90,64), (90,63), (90,62), (90,61), (90,60), (90,59), (90,58), (90,57), (90,56), (90,55), (90,54), (90,53), (90,52), (90,51), (90,50), (90,49), (90,48), (90,47), (90,46), (90,45), (90,44), (90,43), (90,42), (90,41), (90,40), (90,39), (90,38), (90,37), (90,36), (90,35), (90,34), (90,33), (90,32), (90,31), (90,30)|(90,30), (91,30), (92,30), (93,30), (94,30)",
        "time": 25.5934463345258
    },
    "Uber_Train_Walk": {
        "cost": 25.886271909851622,
        "env_tax": 0.035,
        "route": "(34,72), (34,71), (33,71), (33,70), (32,70), (31,70), (30,70)|(30,70), (31,70), (32,70), (33,70), (34,70), (35,70), (36,70), (37,70), (38,70), (39,70), (40,70), (41,70), (42,70), (43,70), (44,70), (45,70), (46,70), (47,70), (48,70), (49,70), (50,70), (51,70), (52,70), (53,70), (54,70), (55,70), (56,70), (57,70), (58,70), (59,70), (60,70), (61,70), (62,70), (63,70), (64,70), (65,70), (66,70), (67,70), (68,70), (69,70), (70,70), (71,70), (72,70), (73,70), (74,70), (75,70), (76,70), (77,70), (78,70), (79,70), (80,70), (81,70), (82,70), (83,70), (84,70), (85,70), (86,70), (87,70), (88,70), (89,70), (90,70), (90,70), (90,69), (90,68), (90,67), (90,66), (90,65), (90,64), (90,63), (90,62), (90,61), (90,60), (90,59), (90,58), (90,57), (90,56), (90,55), (90,54), (90,53), (90,52), (90,51), (90,50), (90,49), (90,48), (90,47), (90,46), (90,45), (90,44), (90,43), (90,42), (90,41), (90,40), (90,39), (90,38), (90,37), (90,36), (90,35), (90,34), (90,33), (90,32), (90,31), (90,30)|(90,30), (91,30), (92,30), (93,30), (94,30), (94,30)",
        "time": 314.19090139480346
    },
    "Walk": {
        "cost": 0,
        "env_tax": 0,
        "route": "(34,72), (35,72), (36,72), (37,72), (38,72), (39,72), (40,72), (41,72), (42,72), (43,72), (44,72), (45,72), (46,72), (47,72), (48,72), (49,72), (50,72), (51,72), (52,72), (53,72), (54,72), (55,72), (56,72), (57,72), (58,72), (59,72), (60,72), (61,72), (62,72), (63,72), (64,72), (65,72), (66,72), (67,72), (68,72), (69,72), (70,72), (71,72), (72,72), (73,72), (74,72), (75,72), (76,72), (77,72), (78,72), (79,72), (80,72), (81,72), (82,72), (83,72), (84,72), (85,72), (86,72), (87,72), (88,72), (89,72), (90,72), (91,72), (92,72), (93,72), (94,72), (94,72), (94,71), (94,70), (94,69), (94,68), (94,67), (94,66), (94,65), (94,64), (94,63), (94,62), (94,61), (94,60), (94,59), (94,58), (94,57), (94,56), (94,55), (94,54), (94,53), (94,52), (94,51), (94,50), (94,49), (94,48), (94,47), (94,46), (94,45), (94,44), (94,43), (94,42), (94,41), (94,40), (94,39), (94,38), (94,37), (94,36), (94,35), (94,34), (94,33), (94,32), (94,31), (94,30)",
        "time": 7605.583392984967
    },
    "Walk_Train_Uber": {
        "cost": 22.840610111858197,
        "env_tax": 0.025,
        "route": "(34,72), (33,72), (32,72), (31,72), (30,72), (30,72), (30,71), (30,70)|(30,70), (31,70), (32,70), (33,70), (34,70), (35,70), (36,70), (37,70), (38,70), (39,70), (40,70), (41,70), (42,70), (43,70), (44,70), (45,70), (46,70), (47,70), (48,70), (49,70), (50,70), (51,70), (52,70), (53,70), (54,70), (55,70), (56,70), (57,70), (58,70), (59,70), (60,70), (61,70), (62,70), (63,70), (64,70), (65,70), (66,70), (67,70), (68,70), (69,70), (70,70), (71,70), (72,70), (73,70), (74,70), (75,70), (76,70), (77,70), (78,70), (79,70), (80,70), (81,70), (82,70), (83,70), (84,70), (85,70), (86,70), (87,70), (88,70), (89,70), (90,70), (90,70), (90,69), (90,68), (90,67), (90,66), (90,65), (90,64), (90,63), (90,62), (90,61), (90,60), (90,59), (90,58), (90,57), (90,56), (90,55), (90,54), (90,53), (90,52), (90,51), (90,50), (90,49), (90,48), (90,47), (90,46), (90,45), (90,44), (90,43), (90,42), (90,41), (90,40), (90,39), (90,38), (90,37), (90,36), (90,35), (90,34), (90,33), (90,32), (90,31), (90,30)|(90,30), (91,30), (92,30), (93,30), (94,30)",
        "time": 461.8348057023864
    },
    "Walk_Train_Walk": {
        "cost": 10.200000000000001,
        "env_tax": 0,
        "route": "(34,72), (33,72), (32,72), (31,72), (30,72), (30,72), (30,71), (30,70)|(30,70), (31,70), (32,70), (33,70), (34,70), (35,70), (36,70), (37,70), (38,70), (39,70), (40,70), (41,70), (42,70), (43,70), (44,70), (45,70), (46,70), (47,70), (48,70), (49,70), (50,70), (51,70), (52,70), (53,70), (54,70), (55,70), (56,70), (57,70), (58,70), (59,70), (60,70), (61,70), (62,70), (63,70), (64,70), (65,70), (66,70), (67,70), (68,70), (69,70), (70,70), (71,70), (72,70), (73,70), (74,70), (75,70), (76,70), (77,70), (78,70), (79,70), (80,70), (81,70), (82,70), (83,70), (84,70), (85,70), (86,70), (87,70), (88,70), (89,70), (90,70), (90,70), (90,69), (90,68), (90,67), (90,66), (90,65), (90,64), (90,63), (90,62), (90,61), (90,60), (90,59), (90,58), (90,57), (90,56), (90,55), (90,54), (90,53), (90,52), (90,51), (90,50), (90,49), (90,48), (90,47), (90,46), (90,45), (90,44), (90,43), (90,42), (90,41), (90,40), (90,39), (90,38), (90,37), (90,36), (90,35), (90,34), (90,33), (90,32), (90,31), (90,30)|(90,30), (91,30), (92,30), (93,30), (94,30), (94,30)",
        "time": 753.7978900191264
    }
}