{
    "Uber": {
        "cost": 28.10809558513041,
        "env_tax": 0.325,
        "route": "(11,5), (12,5), (13,5), (14,5), (15,5), (16,5), (17,5), (18,5), (19,5), (20,5), (21,5), (22,5), (23,5), (24,5), (25,5), (26,5), (27,5), (28,5), (29,5), (30,5), (31,5), (32,5), (33,5), (34,5), (35,5), (35,4), (36,4), (37,4), (38,4), (39,4), (40,4), (41,4), (42,4), (43,4), (44,4), (45,4), (46,4), (47,4), (48,4), (49,4), (50,4), (51,4), (52,4), (52,5), (53,5), (54,5), (55,5), (55,6), (55,7), (55,8), (55,9), (55,10), (55,11), (55,12), (55,13), (55,14), (55,15), (55,16), (55,17), (55,18), (56,18), (56,19), (56,20), (56,21), (56,22)",
        "time": 15.702108629493353
    },
    "Uber_Train_Uber": {
        "cost": 34.008121246782906,
        "env_tax": 0.07,
        "route": "(11,5), (11,6), (11,7), (11,8), (11,9), (11,10), (10,10)|(10,10), (11,10), (12,10), (13,10), (14,10), (15,10), (16,10), (17,10), (18,10), (19,10), (20,10), (21,10), (22,10), (23,10), (24,10), (25,10), (26,10), (27,10), (28,10), (29,10), (30,10), (31,10), (32,10), (33,10), (34,10), (35,10), (36,10), (37,10), (38,10), (39,10), (40,10), (41,10), (42,10), (43,10), (44,10), (45,10), (46,10), (47,10), (48,10), (49,10), (50,10), (51,10), (52,10), (53,10), (54,10), (55,10), (56,10), (57,10), (58,10), (59,10), (60,10), (60,10), (60,11), (60,12), (60,13), (60,14), (60,15), (60,16), (60,17), (60,18), (60,19), (60,20)|(60,20), (59,20), (58,20), (57,20), (56,20), (56,21), (56,22)",
        "time": 21.966413007376154
    },
    "Uber_Train_Walk": {
        "cost": 18.839446731374306,
        "env_tax": 0.035,
        "route": "(11,5), (11,6), (11,7), (11,8), (11,9), (11,10), (10,10)|(10,10), (11,10), (12,10), (13,10), (14,10), (15,10), (16,10), (17,10), (18,10), (19,10), (20,10), (21,10), (22,10), (23,10), (24,10), (25,10), (26,10), (27,10), (28,10), (29,10), (30,10), (31,10), (32,10), (33,10), (34,10), (35,10), (36,10), (37,10), (38,10), (39,10), (40,10), (41,10), (42,10), (43,10), (44,10), (45,10), (46,10), (47,10), (48,10), (49,10), (50,10), (51,10), (52,10), (53,10), (54,10), (55,10), (56,10), (57,10), (58,10), (59,10), (60,10), (60,10), (60,11), (60,12), (60,13), (60,14), (60,15), (60,16), (60,17), (60,18), (60,19), (60,20)|(60,20), (59,20), (58,20), (57,20), (56,20), (56,20), (56,21), (56,22)",
        "time": 456.4025428651165
    },
    "Walk": {
        "cost": 0,
        "env_tax": 0,
        "route": "(11,5), (12,5), (13,5), (14,5), (15,5), (16,5), (17,5), (18,5), (19,5), (20,5), (21,5), (22,5), (23,5), (24,5), (25,5), (26,5), (27,5), (28,5), (29,5), (30,5), (31,5), (32,5), (33,5), (34,5), (35,5), (36,5), (37,5), (38,5), (39,5), (40,5), (41,5), (42,5), (43,5), (44,5), (45,5), (46,5), (47,5), (48,5), (49,5), (50,5), (51,5), (52,5), (53,5), (54,5), (55,5), (56,5), (56,5), (56,6), (56,7), (56,8), (56,9), (56,10), (56,11), (56,12), (56,13), (56,14), (56,15), (56,16), (56,17), (56,18), (56,19), (56,20), (56,21), (56,22)",
        "time": 4623.001670245764
    },
    "Walk_Train_Uber": {
        "cost": 21.770656668203486,
        "env_tax": 0.035,
        "route": "(11,5), (10,5), (10,5), (10,6), (10,7), (10,8), (10,9), (10,10)|(10,10), (11,10), (12,10), (13,10), (14,10), (15,10), (16,10), (17,10), (18,10), (19,10), (20,10), (21,10), (22,10), (23,10), (24,10), (25,10), (26,10), (27,10), (28,10), (29,10), (30,10), (31,10), (32,10), (33,10), (34,10), (35,10), (36,10), (37,10), (38,10), (39,10), (40,10), (41,10), (42,10), (43,10), (44,10), (45,10), (46,10), (47,10), (48,10), (49,10), (50,10), (51,10), (52,10), (53,10), (54,10), (55,10), (56,10), (57,10), (58,10), (59,10), (60,10), (60,10), (60,11), (60,12), (60,13), (60,14), (60,15), (60,16), (60,17), (60,18), (60,19), (60,20)|(60,20), (59,20), (58,20), (57,20), (56,20), (56,21), (56,22)",
        "time": 458.20307603857975
    },
    "Walk_Train_Walk": {
        "cost": 6.2,
        "env_tax": 0,
        "route": "(11,5), (10,5), (10,5), (10,6), (10,7), (10,8), (10,9), (10,10)|(10,10), (11,10), (12,10), (13,10), (14,10), (15,10), (16,10), (17,10), (18,10), (19,10), (20,10), (21,10), (22,10), (23,10), (24,10), (25,10), (26,10), (27,10), (28,10), (29,10), (30,10), (31,10), (32,10), (33,10), (34,10), (35,10), (36,10), (37,10), (38,10), (39,10), (40,10), (41,10), (42,10), (43,10), (44,10), (45,10), (46,10), (47,10), (48,10), (49,10), (50,10), (51,10), (52,10), (53,10), (54,10), (55,10), (56,10), (57,10), (58,10), (59,10), (60,10), (60,10), (60,11), (60,12), (60,13), (60,14), (60,15), (60,16), (60,17), (60,18), (60,19), (60,20)|(60,20), (59,20), (58,20), (57,20), (56,20), (56,20), (56,21), (56,22)",
        "time": 897.765139454355
    }
}