{
    "Uber": {
        "cost": 54.16067046947241,
        "env_tax": 0.5900000000000001,
        "route": "(70,84), (71,84), (72,84), (73,84), (74,84), (75,84), (75,83), (76,83), (77,83), (78,83), (78,82), (78,81), (78,80), (79,80), (80,80), (80,79), (80,78), (80,77), (80,76), (80,75), (80,74), (80,73), (80,72), (80,71), (80,70), (80,69), (80,68), (80,67), (80,66), (80,65), (80,64), (80,63), (80,62), (80,61), (80,60), (80,59), (80,58), (80,57), (80,56), (80,55), (80,54), (80,53), (80,52), (80,51), (80,50), (80,49), (80,48), (80,47), (80,46), (80,45), (80,44), (80,43), (80,42), (80,41), (80,40), (80,39), (80,38), (80,37), (80,36), (80,35), (80,34), (80,33), (80,32), (80,31), (80,30), (80,29), (80,28), (80,27), (80,26), (80,25), (80,24), (80,23), (80,22), (80,21), (80,20), (80,19), (80,18), (80,17), (80,16), (80,15), (80,14), (80,13), (80,12), (80,11), (80,10), (79,10), (79,9), (79,8), (79,7), (79,6), (78,6), (77,6), (77,5), (76,5), (75,5), (74,5), (74,4), (73,4), (72,4), (71,4), (70,4), (69,4), (68,4), (67,4), (66,4), (65,4), (64,4), (63,4), (62,4), (61,4), (60,4), (59,4), (58,4), (57,4), (56,4), (55,4), (54,4), (53,4)",
        "time": 21.350156684727637
    },
    "Uber_Train_Uber": {
        "cost": 36.628513815687555,
        "env_tax": 0.07500000000000001,
        "route": "(70,84), (70,83), (70,82), (70,81), (70,80)|(70,80), (69,80), (68,80), (67,80), (66,80), (65,80), (64,80), (63,80), (62,80), (61,80), (60,80), (59,80), (58,80), (57,80), (56,80), (55,80), (54,80), (53,80), (52,80), (51,80), (50,80), (50,80), (50,79), (50,78), (50,77), (50,76), (50,75), (50,74), (50,73), (50,72), (50,71), (50,70), (50,69), (50,68), (50,67), (50,66), (50,65), (50,64), (50,63), (50,62), (50,61), (50,60), (50,59), (50,58), (50,57), (50,56), (50,55), (50,54), (50,53), (50,52), (50,51), (50,50), (50,49), (50,48), (50,47), (50,46), (50,45), (50,44), (50,43), (50,42), (50,41), (50,40), (50,39), (50,38), (50,37), (50,36), (50,35), (50,34), (50,33), (50,32), (50,31), (50,30), (50,29), (50,28), (50,27), (50,26), (50,25), (50,24), (50,23), (50,22), (50,21), (50,20), (50,19), (50,18), (50,17), (50,16), (50,15), (50,14), (50,13), (50,12), (50,11), (50,10)|(50,10), (51,10), (51,9), (51,8), (51,7), (51,6), (51,5), (52,5), (52,4), (53,4)",
        "time": 17.230961500011183
    },
    "Uber_Train_Walk": {
        "cost": 22.75017976433496,
        "env_tax": 0.025,
        "route": "(70,84), (70,83), (70,82), (70,81), (70,80)|(70,80), (69,80), (68,80), (67,80), (66,80), (65,80), (64,80), (63,80), (62,80), (61,80), (60,80), (59,80), (58,80), (57,80), (56,80), (55,80), (54,80), (53,80), (52,80), (51,80), (50,80), (50,80), (50,79), (50,78), (50,77), (50,76), (50,75), (50,74), (50,73), (50,72), (50,71), (50,70), (50,69), (50,68), (50,67), (50,66), (50,65), (50,64), (50,63), (50,62), (50,61), (50,60), (50,59), (50,58), (50,57), (50,56), (50,55), (50,54), (50,53), (50,52), (50,51), (50,50), (50,49), (50,48), (50,47), (50,46), (50,45), (50,44), (50,43), (50,42), (50,41), (50,40), (50,39), (50,38), (50,37), (50,36), (50,35), (50,34), (50,33), (50,32), (50,31), (50,30), (50,29), (50,28), (50,27), (50,26), (50,25), (50,24), (50,23), (50,22), (50,21), (50,20), (50,19), (50,18), (50,17), (50,16), (50,15), (50,14), (50,13), (50,12), (50,11), (50,10)|(50,10), (51,10), (52,10), (53,10), (53,10), (53,9), (53,8), (53,7), (53,6), (53,5), (53,4)",
        "time": 683.8920514009025
    },
    "Walk": {
        "cost": 0,
        "env_tax": 0,
        "route": "(70,84), (69,84), (68,84), (67,84), (66,84), (65,84), (64,84), (63,84), (62,84), (61,84), (60,84), (59,84), (58,84), (57,84), (56,84), (55,84), (54,84), (53,84), (53,84), (53,83), (53,82), (53,81), (53,80), (53,79), (53,78), (53,77), (53,76), (53,75), (53,74), (53,73), (53,72), (53,71), (53,70), (53,69), (53,68), (53,67), (53,66), (53,65), (53,64), (53,63), (53,62), (53,61), (53,60), (53,59), (53,58), (53,57), (53,56), (53,55), (53,54), (53,53), (53,52), (53,51), (53,50), (53,49), (53,48), (53,47), (53,46), (53,45), (53,44), (53,43), (53,42), (53,41), (53,40), (53,39), (53,38), (53,37), (53,36), (53,35), (53,34), (53,33), (53,32), (53,31), (53,30), (53,29), (53,28), (53,27), (53,26), (53,25), (53,24), (53,23), (53,22), (53,21), (53,20), (53,19), (53,18), (53,17), (53,16), (53,15), (53,14), (53,13), (53,12), (53,11), (53,10), (53,9), (53,8), (53,7), (53,6), (53,5), (53,4)",
        "time": 7232.760677642567
    },
    "Walk_Train_Uber": {
        "cost": 23.502703902624635,
        "env_tax": 0.05,
        "route": "(70,84), (70,84), (70,83), (70,82), (70,81), (70,80)|(70,80), (69,80), (68,80), (67,80), (66,80), (65,80), (64,80), (63,80), (62,80), (61,80), (60,80), (59,80), (58,80), (57,80), (56,80), (55,80), (54,80), (53,80), (52,80), (51,80), (50,80), (50,80), (50,79), (50,78), (50,77), (50,76), (50,75), (50,74), (50,73), (50,72), (50,71), (50,70), (50,69), (50,68), (50,67), (50,66), (50,65), (50,64), (50,63), (50,62), (50,61), (50,60), (50,59), (50,58), (50,57), (50,56), (50,55), (50,54), (50,53), (50,52), (50,51), (50,50), (50,49), (50,48), (50,47), (50,46), (50,45), (50,44), (50,43), (50,42), (50,41), (50,40), (50,39), (50,38), (50,37), (50,36), (50,35), (50,34), (50,33), (50,32), (50,31), (50,30), (50,29), (50,28), (50,27), (50,26), (50,25), (50,24), (50,23), (50,22), (50,21), (50,20), (50,19), (50,18), (50,17), (50,16), (50,15), (50,14), (50,13), (50,12), (50,11), (50,10)|(50,10), (51,10), (51,9), (51,8), (51,7), (51,6), (51,5), (52,5), (52,4), (53,4)",
        "time": 314.2331808127808
    },
    "Walk_Train_Walk": {
        "cost": 9.200000000000001,
        "env_tax": 0,
        "route": "(70,84), (70,84), (70,83), (70,82), (70,81), (70,80)|(70,80), (69,80), (68,80), (67,80), (66,80), (65,80), (64,80), (63,80), (62,80), (61,80), (60,80), (59,80), (58,80), (57,80), (56,80), (55,80), (54,80), (53,80), (52,80), (51,80), (50,80), (50,80), (50,79), (50,78), (50,77), (50,76), (50,75), (50,74), (50,73), (50,72), (50,71), (50,70), (50,69), (50,68), (50,67), (50,66), (50,65), (50,64), (50,63), (50,62), (50,61), (50,60), (50,59), (50,58), (50,57), (50,56), (50,55), (50,54), (50,53), (50,52), (50,51), (50,50), (50,49), (50,48), (50,47), (50,46), (50,45), (50,44), (50,43), (50,42), (50,41), (50,40), (50,39), (50,38), (50,37), (50,36), (50,35), (50,34), (50,33), (50,32), (50,31), (50,30), (50,29), (50,28), (50,27), (50,26), (50,25), (50,24), (50,23), (50,22), (50,21), (50,20), (50,19), (50,18), (50,17), (50,16), (50,15), (50,14), (50,13), (50,12), (50,11), (50,10)|(50,10), (51,10), (52,10), (53,10), (53,10), (53,9), (53,8), (53,7), (53,6), (53,5), (53,4)",
        "time": 975.4396234158044
    }
}