{
    "Uber": {
        "cost": 39.782797517187596,
        "env_tax": 0.395,
        "route": "(96,75), (96,76), (96,77), (96,78), (96,79), (95,79), (95,80), (94,80), (93,80), (93,81), (92,81), (91,81), (90,81), (90,82), (90,83), (89,83), (89,84), (88,84), (87,84), (86,84), (85,84), (84,84), (83,84), (82,84), (81,84), (81,85), (80,85), (79,85), (78,85), (77,85), (76,85), (75,85), (74,85), (73,85), (72,85), (71,85), (70,85), (69,85), (68,85), (67,85), (66,85), (65,85), (64,85), (63,85), (62,85), (61,85), (60,85), (59,85), (58,85), (57,85), (56,85), (55,85), (54,85), (53,85), (52,85), (51,85), (50,85), (49,85), (48,85), (47,85), (46,85), (46,84), (45,84), (44,84), (44,83), (43,83), (43,82), (43,81), (43,80), (42,80), (42,79), (42,78), (41,78), (41,77), (41,76), (41,75), (41,74), (40,74), (40,73)",
        "time": 16.4302408869067
    },
    "Uber_Train_Uber": {
        "cost": 33.884453596935884,
        "env_tax": 0.08000000000000002,
        "route": "(96,75), (96,74), (95,74), (95,73), (94,73), (93,73), (93,72), (93,71), (92,71), (91,71), (91,70), (90,70)|(90,70), (89,70), (88,70), (87,70), (86,70), (85,70), (84,70), (83,70), (82,70), (81,70), (80,70), (79,70), (78,70), (77,70), (76,70), (75,70), (74,70), (73,70), (72,70), (71,70), (70,70), (69,70), (68,70), (67,70), (66,70), (65,70), (64,70), (63,70), (62,70), (61,70), (60,70), (59,70), (58,70), (57,70), (56,70), (55,70), (54,70), (53,70), (52,70), (51,70), (50,70), (49,70), (48,70), (47,70), (46,70), (45,70), (44,70), (43,70), (42,70), (41,70), (40,70), (40,70)|(40,70), (40,71), (40,72), (40,73)",
        "time": 16.78195778421484
    },
    "Uber_Train_Walk": {
        "cost": 19.11393426015586,
        "env_tax": 0.06000000000000001,
        "route": "(96,75), (96,74), (95,74), (95,73), (94,73), (93,73), (93,72), (93,71), (92,71), (91,71), (91,70), (90,70)|(90,70), (89,70), (88,70), (87,70), (86,70), (85,70), (84,70), (83,70), (82,70), (81,70), (80,70), (79,70), (78,70), (77,70), (76,70), (75,70), (74,70), (73,70), (72,70), (71,70), (70,70), (69,70), (68,70), (67,70), (66,70), (65,70), (64,70), (63,70), (62,70), (61,70), (60,70), (59,70), (58,70), (57,70), (56,70), (55,70), (54,70), (53,70), (52,70), (51,70), (50,70), (49,70), (48,70), (47,70), (46,70), (45,70), (44,70), (43,70), (42,70), (41,70), (40,70), (40,70)|(40,70), (40,70), (40,71), (40,72), (40,73)",
        "time": 238.59597356267818
    },
    "Walk": {
        "cost": 0,
        "env_tax": 0,
        "route": "(96,75), (95,75), (94,75), (93,75), (92,75), (91,75), (90,75), (89,75), (88,75), (87,75), (86,75), (85,75), (84,75), (83,75), (82,75), (81,75), (80,75), (79,75), (78,75), (77,75), (76,75), (75,75), (74,75), (73,75), (72,75), (71,75), (70,75), (69,75), (68,75), (67,75), (66,75), (65,75), (64,75), (63,75), (62,75), (61,75), (60,75), (59,75), (58,75), (57,75), (56,75), (55,75), (54,75), (53,75), (52,75), (51,75), (50,75), (49,75), (48,75), (47,75), (46,75), (45,75), (44,75), (43,75), (42,75), (41,75), (40,75), (40,75), (40,74), (40,73)",
        "time": 4324.743497971845
    },
    "Walk_Train_Uber": {
        "cost": 18.643142333682512,
        "env_tax": 0.020000000000000004,
        "route": "(96,75), (95,75), (94,75), (93,75), (92,75), (91,75), (90,75), (90,75), (90,74), (90,73), (90,72), (90,71), (90,70)|(90,70), (89,70), (88,70), (87,70), (86,70), (85,70), (84,70), (83,70), (82,70), (81,70), (80,70), (79,70), (78,70), (77,70), (76,70), (75,70), (74,70), (73,70), (72,70), (71,70), (70,70), (69,70), (68,70), (67,70), (66,70), (65,70), (64,70), (63,70), (62,70), (61,70), (60,70), (59,70), (58,70), (57,70), (56,70), (55,70), (54,70), (53,70), (52,70), (51,70), (50,70), (49,70), (48,70), (47,70), (46,70), (45,70), (44,70), (43,70), (42,70), (41,70), (40,70), (40,70)|(40,70), (40,71), (40,72), (40,73)",
        "time": 833.7226314856326
    },
    "Walk_Train_Walk": {
        "cost": 5.2,
        "env_tax": 0,
        "route": "(96,75), (95,75), (94,75), (93,75), (92,75), (91,75), (90,75), (90,75), (90,74), (90,73), (90,72), (90,71), (90,70)|(90,70), (89,70), (88,70), (87,70), (86,70), (85,70), (84,70), (83,70), (82,70), (81,70), (80,70), (79,70), (78,70), (77,70), (76,70), (75,70), (74,70), (73,70), (72,70), (71,70), (70,70), (69,70), (68,70), (67,70), (66,70), (65,70), (64,70), (63,70), (62,70), (61,70), (60,70), (59,70), (58,70), (57,70), (56,70), (55,70), (54,70), (53,70), (52,70), (51,70), (50,70), (49,70), (48,70), (47,70), (46,70), (45,70), (44,70), (43,70), (42,70), (41,70), (40,70), (40,70)|(40,70), (40,70), (40,71), (40,72), (40,73)",
        "time": 1049.9274783919768
    }
}