{
    "Uber": {
        "cost": 25.417279452801637,
        "env_tax": 0.37000000000000005,
        "route": "(12,37), (11,37), (10,37), (9,37), (8,37), (7,37), (6,37), (5,37), (4,37), (4,38), (4,39), (3,39), (2,39), (2,40), (1,40), (1,41), (1,42), (1,43), (1,44), (1,45), (1,46), (1,47), (1,48), (1,49), (1,50), (1,51), (1,52), (1,53), (2,53), (2,54), (2,55), (2,56), (2,57), (2,58), (2,59), (2,60), (2,61), (2,62), (2,63), (2,64), (2,65), (2,66), (2,67), (2,68), (2,69), (2,70), (2,71), (2,72), (2,73), (2,74), (2,75), (3,75), (3,76), (3,77), (3,78), (3,79), (3,80), (3,81), (3,82), (3,83), (3,84), (3,85), (3,86), (3,87), (3,88), (3,89), (4,89), (5,89), (6,89), (7,89), (8,89), (9,89), (10,89), (11,89)",
        "time": 9.122445764544018
    },
    "Uber_Train_Uber": {
        "cost": 30.963344404531323,
        "env_tax": 0.04500000000000001,
        "route": "(12,37), (12,38), (12,39), (12,40), (11,40), (10,40)|(10,40), (10,40), (10,41), (10,42), (10,43), (10,44), (10,45), (10,46), (10,47), (10,48), (10,49), (10,50), (10,51), (10,52), (10,53), (10,54), (10,55), (10,56), (10,57), (10,58), (10,59), (10,60), (10,61), (10,62), (10,63), (10,64), (10,65), (10,66), (10,67), (10,68), (10,69), (10,70), (10,71), (10,72), (10,73), (10,74), (10,75), (10,76), (10,77), (10,78), (10,79), (10,80), (10,81), (10,82), (10,83), (10,84), (10,85), (10,86), (10,87), (10,88), (10,89), (10,90)|(10,90), (11,90), (11,89)",
        "time": 20.348269364770562
    },
    "Uber_Train_Walk": {
        "cost": 18.870955955024154,
        "env_tax": 0.030000000000000006,
        "route": "(12,37), (12,38), (12,39), (12,40), (11,40), (10,40)|(10,40), (10,40), (10,41), (10,42), (10,43), (10,44), (10,45), (10,46), (10,47), (10,48), (10,49), (10,50), (10,51), (10,52), (10,53), (10,54), (10,55), (10,56), (10,57), (10,58), (10,59), (10,60), (10,61), (10,62), (10,63), (10,64), (10,65), (10,66), (10,67), (10,68), (10,69), (10,70), (10,71), (10,72), (10,73), (10,74), (10,75), (10,76), (10,77), (10,78), (10,79), (10,80), (10,81), (10,82), (10,83), (10,84), (10,85), (10,86), (10,87), (10,88), (10,89), (10,90)|(10,90), (11,90), (11,90), (11,89)",
        "time": 160.11904070187293
    },
    "Walk": {
        "cost": 0,
        "env_tax": 0,
        "route": "(12,37), (11,37), (11,37), (11,38), (11,39), (11,40), (11,41), (11,42), (11,43), (11,44), (11,45), (11,46), (11,47), (11,48), (11,49), (11,50), (11,51), (11,52), (11,53), (11,54), (11,55), (11,56), (11,57), (11,58), (11,59), (11,60), (11,61), (11,62), (11,63), (11,64), (11,65), (11,66), (11,67), (11,68), (11,69), (11,70), (11,71), (11,72), (11,73), (11,74), (11,75), (11,76), (11,77), (11,78), (11,79), (11,80), (11,81), (11,82), (11,83), (11,84), (11,85), (11,86), (11,87), (11,88), (11,89)",
        "time": 3951.9207826294437
    },
    "Walk_Train_Uber": {
        "cost": 17.322187091168722,
        "env_tax": 0.015000000000000003,
        "route": "(12,37), (11,37), (10,37), (10,37), (10,38), (10,39), (10,40)|(10,40), (10,40), (10,41), (10,42), (10,43), (10,44), (10,45), (10,46), (10,47), (10,48), (10,49), (10,50), (10,51), (10,52), (10,53), (10,54), (10,55), (10,56), (10,57), (10,58), (10,59), (10,60), (10,61), (10,62), (10,63), (10,64), (10,65), (10,66), (10,67), (10,68), (10,69), (10,70), (10,71), (10,72), (10,73), (10,74), (10,75), (10,76), (10,77), (10,78), (10,79), (10,80), (10,81), (10,82), (10,83), (10,84), (10,85), (10,86), (10,87), (10,88), (10,89), (10,90)|(10,90), (11,90), (11,89)",
        "time": 380.40752727509454
    },
    "Walk_Train_Walk": {
        "cost": 5.2,
        "env_tax": 0,
        "route": "(12,37), (11,37), (10,37), (10,37), (10,38), (10,39), (10,40)|(10,40), (10,40), (10,41), (10,42), (10,43), (10,44), (10,45), (10,46), (10,47), (10,48), (10,49), (10,50), (10,51), (10,52), (10,53), (10,54), (10,55), (10,56), (10,57), (10,58), (10,59), (10,60), (10,61), (10,62), (10,63), (10,64), (10,65), (10,66), (10,67), (10,68), (10,69), (10,70), (10,71), (10,72), (10,73), (10,74), (10,75), (10,76), (10,77), (10,78), (10,79), (10,80), (10,81), (10,82), (10,83), (10,84), (10,85), (10,86), (10,87), (10,88), (10,89), (10,90)|(10,90), (11,90), (11,90), (11,89)",
        "time": 526.519549145547
    }
}