{
    "Uber": {
        "cost": 44.46909428226167,
        "env_tax": 0.525,
        "route": "(79,19), (80,19), (81,19), (82,19), (83,19), (83,20), (84,20), (85,20), (86,20), (86,21), (86,22), (87,22), (88,22), (88,23), (89,23), (89,24), (89,25), (89,26), (89,27), (89,28), (89,29), (89,30), (89,31), (89,32), (89,33), (89,34), (89,35), (89,36), (89,37), (89,38), (89,39), (88,39), (88,40), (88,41), (88,42), (88,43), (88,44), (88,45), (88,46), (88,47), (88,48), (88,49), (88,50), (88,51), (88,52), (88,53), (88,54), (88,55), (88,56), (88,57), (88,58), (88,59), (88,60), (88,61), (88,62), (87,62), (87,63), (87,64), (86,64), (86,65), (86,66), (86,67), (86,68), (86,69), (86,70), (86,71), (86,72), (86,73), (86,74), (86,75), (86,76), (86,77), (86,78), (86,79), (86,80), (86,81), (86,82), (86,83), (86,84), (85,84), (84,84), (83,84), (82,84), (81,84), (81,85), (80,85), (80,86), (79,86), (78,86), (77,86), (76,86), (75,86), (74,86), (73,86), (72,86), (71,86), (70,86), (69,86), (68,86), (67,86), (66,86), (65,86), (64,86), (63,86), (63,85)",
        "time": 17.281585198555163
    },
    "Uber_Train_Uber": {
        "cost": 35.92627460634943,
        "env_tax": 0.06000000000000001,
        "route": "(79,19), (80,19), (80,20)|(80,20), (79,20), (78,20), (77,20), (76,20), (75,20), (74,20), (73,20), (72,20), (71,20), (70,20), (69,20), (68,20), (67,20), (66,20), (65,20), (64,20), (63,20), (62,20), (61,20), (60,20), (60,20), (60,21), (60,22), (60,23), (60,24), (60,25), (60,26), (60,27), (60,28), (60,29), (60,30), (60,31), (60,32), (60,33), (60,34), (60,35), (60,36), (60,37), (60,38), (60,39), (60,40), (60,41), (60,42), (60,43), (60,44), (60,45), (60,46), (60,47), (60,48), (60,49), (60,50), (60,51), (60,52), (60,53), (60,54), (60,55), (60,56), (60,57), (60,58), (60,59), (60,60), (60,61), (60,62), (60,63), (60,64), (60,65), (60,66), (60,67), (60,68), (60,69), (60,70), (60,71), (60,72), (60,73), (60,74), (60,75), (60,76), (60,77), (60,78), (60,79), (60,80)|(60,80), (60,81), (60,82), (60,83), (61,83), (62,83), (62,84), (63,84), (63,85)",
        "time": 27.430153408187543
    },
    "Uber_Train_Walk": {
        "cost": 20.491927315768237,
        "env_tax": 0.015000000000000003,
        "route": "(79,19), (80,19), (80,20)|(80,20), (79,20), (78,20), (77,20), (76,20), (75,20), (74,20), (73,20), (72,20), (71,20), (70,20), (69,20), (68,20), (67,20), (66,20), (65,20), (64,20), (63,20), (62,20), (61,20), (60,20), (60,20), (60,21), (60,22), (60,23), (60,24), (60,25), (60,26), (60,27), (60,28), (60,29), (60,30), (60,31), (60,32), (60,33), (60,34), (60,35), (60,36), (60,37), (60,38), (60,39), (60,40), (60,41), (60,42), (60,43), (60,44), (60,45), (60,46), (60,47), (60,48), (60,49), (60,50), (60,51), (60,52), (60,53), (60,54), (60,55), (60,56), (60,57), (60,58), (60,59), (60,60), (60,61), (60,62), (60,63), (60,64), (60,65), (60,66), (60,67), (60,68), (60,69), (60,70), (60,71), (60,72), (60,73), (60,74), (60,75), (60,76), (60,77), (60,78), (60,79), (60,80)|(60,80), (61,80), (62,80), (63,80), (63,80), (63,81), (63,82), (63,83), (63,84), (63,85)",
        "time": 611.0928261492935
    },
    "Walk": {
        "cost": 0,
        "env_tax": 0,
        "route": "(79,19), (78,19), (77,19), (76,19), (75,19), (74,19), (73,19), (72,19), (71,19), (70,19), (69,19), (68,19), (67,19), (66,19), (65,19), (64,19), (63,19), (63,19), (63,20), (63,21), (63,22), (63,23), (63,24), (63,25), (63,26), (63,27), (63,28), (63,29), (63,30), (63,31), (63,32), (63,33), (63,34), (63,35), (63,36), (63,37), (63,38), (63,39), (63,40), (63,41), (63,42), (63,43), (63,44), (63,45), (63,46), (63,47), (63,48), (63,49), (63,50), (63,51), (63,52), (63,53), (63,54), (63,55), (63,56), (63,57), (63,58), (63,59), (63,60), (63,61), (63,62), (63,63), (63,64), (63,65), (63,66), (63,67), (63,68), (63,69), (63,70), (63,71), (63,72), (63,73), (63,74), (63,75), (63,76), (63,77), (63,78), (63,79), (63,80), (63,81), (63,82), (63,83), (63,84), (63,85)",
        "time": 6114.292531615366
    },
    "Walk_Train_Uber": {
        "cost": 24.14877570041625,
        "env_tax": 0.045000000000000005,
        "route": "(79,19), (80,19), (80,19), (80,20)|(80,20), (79,20), (78,20), (77,20), (76,20), (75,20), (74,20), (73,20), (72,20), (71,20), (70,20), (69,20), (68,20), (67,20), (66,20), (65,20), (64,20), (63,20), (62,20), (61,20), (60,20), (60,20), (60,21), (60,22), (60,23), (60,24), (60,25), (60,26), (60,27), (60,28), (60,29), (60,30), (60,31), (60,32), (60,33), (60,34), (60,35), (60,36), (60,37), (60,38), (60,39), (60,40), (60,41), (60,42), (60,43), (60,44), (60,45), (60,46), (60,47), (60,48), (60,49), (60,50), (60,51), (60,52), (60,53), (60,54), (60,55), (60,56), (60,57), (60,58), (60,59), (60,60), (60,61), (60,62), (60,63), (60,64), (60,65), (60,66), (60,67), (60,68), (60,69), (60,70), (60,71), (60,72), (60,73), (60,74), (60,75), (60,76), (60,77), (60,78), (60,79), (60,80)|(60,80), (60,81), (60,82), (60,83), (61,83), (62,83), (62,84), (63,84), (63,85)",
        "time": 159.22555216645424
    },
    "Walk_Train_Walk": {
        "cost": 8.200000000000001,
        "env_tax": 0,
        "route": "(79,19), (80,19), (80,19), (80,20)|(80,20), (79,20), (78,20), (77,20), (76,20), (75,20), (74,20), (73,20), (72,20), (71,20), (70,20), (69,20), (68,20), (67,20), (66,20), (65,20), (64,20), (63,20), (62,20), (61,20), (60,20), (60,20), (60,21), (60,22), (60,23), (60,24), (60,25), (60,26), (60,27), (60,28), (60,29), (60,30), (60,31), (60,32), (60,33), (60,34), (60,35), (60,36), (60,37), (60,38), (60,39), (60,40), (60,41), (60,42), (60,43), (60,44), (60,45), (60,46), (60,47), (60,48), (60,49), (60,50), (60,51), (60,52), (60,53), (60,54), (60,55), (60,56), (60,57), (60,58), (60,59), (60,60), (60,61), (60,62), (60,63), (60,64), (60,65), (60,66), (60,67), (60,68), (60,69), (60,70), (60,71), (60,72), (60,73), (60,74), (60,75), (60,76), (60,77), (60,78), (60,79), (60,80)|(60,80), (61,80), (62,80), (63,80), (63,80), (63,81), (63,82), (63,83), (63,84), (63,85)",
        "time": 750.3565080563887
    }
}