{
    "Uber": {
        "cost": 39.761281011505936,
        "env_tax": 0.5950000000000001,
        "route": "(34,5), (33,5), (32,5), (31,5), (30,5), (29,5), (28,5), (27,5), (26,5), (25,5), (24,5), (23,5), (22,5), (21,5), (20,5), (19,5), (18,5), (18,6), (17,6), (16,6), (16,7), (15,7), (14,7), (14,8), (14,9), (13,9), (12,9), (11,9), (11,10), (10,10), (9,10), (9,11), (9,12), (9,13), (9,14), (9,15), (9,16), (9,17), (9,18), (9,19), (9,20), (9,21), (9,22), (9,23), (9,24), (9,25), (9,26), (9,27), (9,28), (9,29), (9,30), (9,31), (9,32), (9,33), (9,34), (9,35), (9,36), (9,37), (9,38), (9,39), (9,40), (9,41), (9,42), (9,43), (9,44), (9,45), (9,46), (9,47), (9,48), (9,49), (8,49), (8,50), (8,51), (8,52), (8,53), (8,54), (8,55), (8,56), (8,57), (8,58), (9,58), (9,59), (9,60), (9,61), (9,62), (9,63), (9,64), (9,65), (9,66), (9,67), (9,68), (9,69), (9,70), (9,71), (9,72), (9,73), (9,74), (10,74), (10,75), (11,75), (11,76), (11,77), (11,78), (11,79), (11,80), (11,81), (12,81), (12,82), (12,83), (13,83), (13,84), (14,84), (15,84), (16,84), (16,85), (16,86), (16,87), (17,87), (18,87)",
        "time": 12.490467464716435
    },
    "Uber_Train_Uber": {
        "cost": 36.02628196008999,
        "env_tax": 0.08000000000000002,
        "route": "(34,5), (33,5), (32,5), (32,6), (31,6), (30,6), (30,7), (30,8), (30,9), (30,10)|(30,10), (29,10), (28,10), (27,10), (26,10), (25,10), (24,10), (23,10), (22,10), (21,10), (20,10), (20,10), (20,11), (20,12), (20,13), (20,14), (20,15), (20,16), (20,17), (20,18), (20,19), (20,20), (20,21), (20,22), (20,23), (20,24), (20,25), (20,26), (20,27), (20,28), (20,29), (20,30), (20,31), (20,32), (20,33), (20,34), (20,35), (20,36), (20,37), (20,38), (20,39), (20,40), (20,41), (20,42), (20,43), (20,44), (20,45), (20,46), (20,47), (20,48), (20,49), (20,50), (20,51), (20,52), (20,53), (20,54), (20,55), (20,56), (20,57), (20,58), (20,59), (20,60), (20,61), (20,62), (20,63), (20,64), (20,65), (20,66), (20,67), (20,68), (20,69), (20,70), (20,71), (20,72), (20,73), (20,74), (20,75), (20,76), (20,77), (20,78), (20,79), (20,80), (20,81), (20,82), (20,83), (20,84), (20,85), (20,86), (20,87), (20,88), (20,89), (20,90)|(20,90), (19,90), (18,90), (18,89), (18,88), (18,87)",
        "time": 17.84215700186799
    },
    "Uber_Train_Walk": {
        "cost": 22.942062828010656,
        "env_tax": 0.05,
        "route": "(34,5), (33,5), (32,5), (32,6), (31,6), (30,6), (30,7), (30,8), (30,9), (30,10)|(30,10), (29,10), (28,10), (27,10), (26,10), (25,10), (24,10), (23,10), (22,10), (21,10), (20,10), (20,10), (20,11), (20,12), (20,13), (20,14), (20,15), (20,16), (20,17), (20,18), (20,19), (20,20), (20,21), (20,22), (20,23), (20,24), (20,25), (20,26), (20,27), (20,28), (20,29), (20,30), (20,31), (20,32), (20,33), (20,34), (20,35), (20,36), (20,37), (20,38), (20,39), (20,40), (20,41), (20,42), (20,43), (20,44), (20,45), (20,46), (20,47), (20,48), (20,49), (20,50), (20,51), (20,52), (20,53), (20,54), (20,55), (20,56), (20,57), (20,58), (20,59), (20,60), (20,61), (20,62), (20,63), (20,64), (20,65), (20,66), (20,67), (20,68), (20,69), (20,70), (20,71), (20,72), (20,73), (20,74), (20,75), (20,76), (20,77), (20,78), (20,79), (20,80), (20,81), (20,82), (20,83), (20,84), (20,85), (20,86), (20,87), (20,88), (20,89), (20,90)|(20,90), (19,90), (18,90), (18,90), (18,89), (18,88), (18,87)",
        "time": 388.97030420227173
    },
    "Walk": {
        "cost": 0,
        "env_tax": 0,
        "route": "(34,5), (33,5), (32,5), (31,5), (30,5), (29,5), (28,5), (27,5), (26,5), (25,5), (24,5), (23,5), (22,5), (21,5), (20,5), (19,5), (18,5), (18,5), (18,6), (18,7), (18,8), (18,9), (18,10), (18,11), (18,12), (18,13), (18,14), (18,15), (18,16), (18,17), (18,18), (18,19), (18,20), (18,21), (18,22), (18,23), (18,24), (18,25), (18,26), (18,27), (18,28), (18,29), (18,30), (18,31), (18,32), (18,33), (18,34), (18,35), (18,36), (18,37), (18,38), (18,39), (18,40), (18,41), (18,42), (18,43), (18,44), (18,45), (18,46), (18,47), (18,48), (18,49), (18,50), (18,51), (18,52), (18,53), (18,54), (18,55), (18,56), (18,57), (18,58), (18,59), (18,60), (18,61), (18,62), (18,63), (18,64), (18,65), (18,66), (18,67), (18,68), (18,69), (18,70), (18,71), (18,72), (18,73), (18,74), (18,75), (18,76), (18,77), (18,78), (18,79), (18,80), (18,81), (18,82), (18,83), (18,84), (18,85), (18,86), (18,87)",
        "time": 7307.325220711047
    },
    "Walk_Train_Uber": {
        "cost": 21.853314285630365,
        "env_tax": 0.030000000000000006,
        "route": "(34,5), (33,5), (32,5), (31,5), (30,5), (30,5), (30,6), (30,7), (30,8), (30,9), (30,10)|(30,10), (29,10), (28,10), (27,10), (26,10), (25,10), (24,10), (23,10), (22,10), (21,10), (20,10), (20,10), (20,11), (20,12), (20,13), (20,14), (20,15), (20,16), (20,17), (20,18), (20,19), (20,20), (20,21), (20,22), (20,23), (20,24), (20,25), (20,26), (20,27), (20,28), (20,29), (20,30), (20,31), (20,32), (20,33), (20,34), (20,35), (20,36), (20,37), (20,38), (20,39), (20,40), (20,41), (20,42), (20,43), (20,44), (20,45), (20,46), (20,47), (20,48), (20,49), (20,50), (20,51), (20,52), (20,53), (20,54), (20,55), (20,56), (20,57), (20,58), (20,59), (20,60), (20,61), (20,62), (20,63), (20,64), (20,65), (20,66), (20,67), (20,68), (20,69), (20,70), (20,71), (20,72), (20,73), (20,74), (20,75), (20,76), (20,77), (20,78), (20,79), (20,80), (20,81), (20,82), (20,83), (20,84), (20,85), (20,86), (20,87), (20,88), (20,89), (20,90)|(20,90), (19,90), (18,90), (18,89), (18,88), (18,87)",
        "time": 692.8894042087246
    },
    "Walk_Train_Walk": {
        "cost": 9.200000000000001,
        "env_tax": 0,
        "route": "(34,5), (33,5), (32,5), (31,5), (30,5), (30,5), (30,6), (30,7), (30,8), (30,9), (30,10)|(30,10), (29,10), (28,10), (27,10), (26,10), (25,10), (24,10), (23,10), (22,10), (21,10), (20,10), (20,10), (20,11), (20,12), (20,13), (20,14), (20,15), (20,16), (20,17), (20,18), (20,19), (20,20), (20,21), (20,22), (20,23), (20,24), (20,25), (20,26), (20,27), (20,28), (20,29), (20,30), (20,31), (20,32), (20,33), (20,34), (20,35), (20,36), (20,37), (20,38), (20,39), (20,40), (20,41), (20,42), (20,43), (20,44), (20,45), (20,46), (20,47), (20,48), (20,49), (20,50), (20,51), (20,52), (20,53), (20,54), (20,55), (20,56), (20,57), (20,58), (20,59), (20,60), (20,61), (20,62), (20,63), (20,64), (20,65), (20,66), (20,67), (20,68), (20,69), (20,70), (20,71), (20,72), (20,73), (20,74), (20,75), (20,76), (20,77), (20,78), (20,79), (20,80), (20,81), (20,82), (20,83), (20,84), (20,85), (20,86), (20,87), (20,88), (20,89), (20,90)|(20,90), (19,90), (18,90), (18,90), (18,89), (18,88), (18,87)",
        "time": 1055.0532506261525
    }
}