{
    "Uber": {
        "cost": 19.353561362375277,
        "env_tax": 0.04000000000000001,
        "route": "(53,32), (54,32), (55,32), (55,33), (56,33), (57,33), (58,33), (58,34)",
        "time": 4.785589657398671
    },
    "Uber_Train_Uber": {
        "cost": 35.54963396749432,
        "env_tax": 0.065,
        "route": "(53,32), (53,31), (52,31), (51,31), (50,31), (50,30)|(50,30), (51,30), (52,30), (53,30), (54,30), (55,30), (56,30), (57,30), (58,30), (59,30), (60,30), (60,30)|(60,30), (60,31), (60,32), (59,32), (58,32), (58,33), (58,34)",
        "time": 23.453109387405696
    },
    "Uber_Train_Walk": {
        "cost": 17.3746408236514,
        "env_tax": 0.030000000000000006,
        "route": "(53,32), (53,31), (52,31), (51,31), (50,31), (50,30)|(50,30), (51,30), (52,30), (53,30), (54,30), (55,30), (56,30), (57,30), (58,30), (59,30), (60,30), (60,30)|(60,30), (59,30), (58,30), (58,30), (58,31), (58,32), (58,33), (58,34)",
        "time": 463.8948207689753
    },
    "Walk": {
        "cost": 0,
        "env_tax": 0,
        "route": "(53,32), (54,32), (55,32), (56,32), (57,32), (58,32), (58,32), (58,33), (58,34)",
        "time": 521.9518014793605
    },
    "Walk_Train_Uber": {
        "cost": 17.496661746797123,
        "env_tax": 0.035,
        "route": "(53,32), (52,32), (51,32), (50,32), (50,32), (50,31), (50,30)|(50,30), (51,30), (52,30), (53,30), (54,30), (55,30), (56,30), (57,30), (58,30), (59,30), (60,30), (60,30)|(60,30), (60,31), (60,32), (59,32), (58,32), (58,33), (58,34)",
        "time": 383.3504957353267
    },
    "Walk_Train_Walk": {
        "cost": 1.2000000000000002,
        "env_tax": 0,
        "route": "(53,32), (52,32), (51,32), (50,32), (50,32), (50,31), (50,30)|(50,30), (51,30), (52,30), (53,30), (54,30), (55,30), (56,30), (57,30), (58,30), (59,30), (60,30), (60,30)|(60,30), (59,30), (58,30), (58,30), (58,31), (58,32), (58,33), (58,34)",
        "time": 824.9331344444042
    }
}