{
    "Uber": {
        "cost": 49.24876165219626,
        "env_tax": 0.385,
        "route": "(28,30), (29,30), (29,29), (29,28), (29,27), (29,26), (29,25), (29,24), (29,23), (29,22), (29,21), (30,21), (31,21), (32,21), (33,21), (34,21), (35,21), (36,21), (37,21), (38,21), (39,21), (40,21), (41,21), (42,21), (43,21), (44,21), (45,21), (46,21), (47,21), (48,21), (49,21), (50,21), (51,21), (52,21), (53,21), (54,21), (55,21), (56,21), (56,20), (57,20), (58,20), (59,20), (60,20), (61,20), (62,20), (63,20), (64,20), (65,20), (65,21), (66,21), (67,21), (68,21), (69,21), (70,21), (71,21), (72,21), (73,21), (74,21), (75,21), (76,21), (76,22), (77,22), (78,22), (79,22), (80,22), (81,22), (81,23), (82,23), (82,24), (82,25), (82,26), (83,26), (83,27), (83,28), (83,29), (83,30), (84,30)",
        "time": 18.222614797370163
    },
    "Uber_Train_Uber": {
        "cost": 32.036636764652094,
        "env_tax": 0.04000000000000001,
        "route": "(28,30), (29,30), (30,30)|(30,30), (31,30), (32,30), (33,30), (34,30), (35,30), (36,30), (37,30), (38,30), (39,30), (40,30), (41,30), (42,30), (43,30), (44,30), (45,30), (46,30), (47,30), (48,30), (49,30), (50,30), (51,30), (52,30), (53,30), (54,30), (55,30), (56,30), (57,30), (58,30), (59,30), (60,30), (61,30), (62,30), (63,30), (64,30), (65,30), (66,30), (67,30), (68,30), (69,30), (70,30), (71,30), (72,30), (73,30), (74,30), (75,30), (76,30), (77,30), (78,30), (79,30), (80,30), (80,30)|(80,30), (81,30), (82,30), (83,30), (84,30)",
        "time": 22.433005329633335
    },
    "Uber_Train_Walk": {
        "cost": 18.316586755723595,
        "env_tax": 0.015000000000000003,
        "route": "(28,30), (29,30), (30,30)|(30,30), (31,30), (32,30), (33,30), (34,30), (35,30), (36,30), (37,30), (38,30), (39,30), (40,30), (41,30), (42,30), (43,30), (44,30), (45,30), (46,30), (47,30), (48,30), (49,30), (50,30), (51,30), (52,30), (53,30), (54,30), (55,30), (56,30), (57,30), (58,30), (59,30), (60,30), (61,30), (62,30), (63,30), (64,30), (65,30), (66,30), (67,30), (68,30), (69,30), (70,30), (71,30), (72,30), (73,30), (74,30), (75,30), (76,30), (77,30), (78,30), (79,30), (80,30), (80,30)|(80,30), (81,30), (82,30), (83,30), (84,30), (84,30)",
        "time": 312.42695588859374
    },
    "Walk": {
        "cost": 0,
        "env_tax": 0,
        "route": "(28,30), (29,30), (30,30), (31,30), (32,30), (33,30), (34,30), (35,30), (36,30), (37,30), (38,30), (39,30), (40,30), (41,30), (42,30), (43,30), (44,30), (45,30), (46,30), (47,30), (48,30), (49,30), (50,30), (51,30), (52,30), (53,30), (54,30), (55,30), (56,30), (57,30), (58,30), (59,30), (60,30), (61,30), (62,30), (63,30), (64,30), (65,30), (66,30), (67,30), (68,30), (69,30), (70,30), (71,30), (72,30), (73,30), (74,30), (75,30), (76,30), (77,30), (78,30), (79,30), (80,30), (81,30), (82,30), (83,30), (84,30), (84,30)",
        "time": 4175.614411834884
    },
    "Walk_Train_Uber": {
        "cost": 18.24171441011472,
        "env_tax": 0.025,
        "route": "(28,30), (29,30), (30,30), (30,30)|(30,30), (31,30), (32,30), (33,30), (34,30), (35,30), (36,30), (37,30), (38,30), (39,30), (40,30), (41,30), (42,30), (43,30), (44,30), (45,30), (46,30), (47,30), (48,30), (49,30), (50,30), (51,30), (52,30), (53,30), (54,30), (55,30), (56,30), (57,30), (58,30), (59,30), (60,30), (61,30), (62,30), (63,30), (64,30), (65,30), (66,30), (67,30), (68,30), (69,30), (70,30), (71,30), (72,30), (73,30), (74,30), (75,30), (76,30), (77,30), (78,30), (79,30), (80,30), (80,30)|(80,30), (81,30), (82,30), (83,30), (84,30)",
        "time": 166.0425375023654
    },
    "Walk_Train_Walk": {
        "cost": 5.2,
        "env_tax": 0,
        "route": "(28,30), (29,30), (30,30), (30,30)|(30,30), (31,30), (32,30), (33,30), (34,30), (35,30), (36,30), (37,30), (38,30), (39,30), (40,30), (41,30), (42,30), (43,30), (44,30), (45,30), (46,30), (47,30), (48,30), (49,30), (50,30), (51,30), (52,30), (53,30), (54,30), (55,30), (56,30), (57,30), (58,30), (59,30), (60,30), (61,30), (62,30), (63,30), (64,30), (65,30), (66,30), (67,30), (68,30), (69,30), (70,30), (71,30), (72,30), (73,30), (74,30), (75,30), (76,30), (77,30), (78,30), (79,30), (80,30), (80,30)|(80,30), (81,30), (82,30), (83,30), (84,30), (84,30)",
        "time": 455.4475334614863
    }
}