{
    "Uber": {
        "cost": 17.405888680052914,
        "env_tax": 0.14,
        "route": "(81,90), (81,91), (81,92), (81,93), (80,93), (79,93), (79,94), (78,94), (77,94), (76,94), (75,94), (74,94), (73,94), (72,94), (71,94), (70,94), (69,94), (68,94), (67,94), (66,94), (65,94), (64,94), (63,94), (62,94), (61,94), (60,94), (59,94), (58,94)",
        "time": 11.332369396603982
    },
    "Uber_Train_Uber": {
        "cost": 27.992719892446292,
        "env_tax": 0.045000000000000005,
        "route": "(81,90), (80,90)|(80,90), (79,90), (78,90), (77,90), (76,90), (75,90), (74,90), (73,90), (72,90), (71,90), (70,90), (69,90), (68,90), (67,90), (66,90), (65,90), (64,90), (63,90), (62,90), (61,90), (60,90), (60,90)|(60,90), (59,90), (58,90), (58,91), (58,92), (58,93), (58,94)",
        "time": 23.955052716324694
    },
    "Uber_Train_Walk": {
        "cost": 14.187529639597695,
        "env_tax": 0.010000000000000002,
        "route": "(81,90), (80,90)|(80,90), (79,90), (78,90), (77,90), (76,90), (75,90), (74,90), (73,90), (72,90), (71,90), (70,90), (69,90), (68,90), (67,90), (66,90), (65,90), (64,90), (63,90), (62,90), (61,90), (60,90), (60,90)|(60,90), (59,90), (58,90), (58,90), (58,91), (58,92), (58,93), (58,94)",
        "time": 460.3347800798707
    },
    "Walk": {
        "cost": 0,
        "env_tax": 0,
        "route": "(81,90), (80,90), (79,90), (78,90), (77,90), (76,90), (75,90), (74,90), (73,90), (72,90), (71,90), (70,90), (69,90), (68,90), (67,90), (66,90), (65,90), (64,90), (63,90), (62,90), (61,90), (60,90), (59,90), (58,90), (58,90), (58,91), (58,92), (58,93), (58,94)",
        "time": 2013.242662848962
    },
    "Walk_Train_Uber": {
        "cost": 16.160477827323326,
        "env_tax": 0.035,
        "route": "(81,90), (80,90), (80,90)|(80,90), (79,90), (78,90), (77,90), (76,90), (75,90), (74,90), (73,90), (72,90), (71,90), (70,90), (69,90), (68,90), (67,90), (66,90), (65,90), (64,90), (63,90), (62,90), (61,90), (60,90), (60,90)|(60,90), (59,90), (58,90), (58,91), (58,92), (58,93), (58,94)",
        "time": 90.6327020048764
    },
    "Walk_Train_Walk": {
        "cost": 2.2,
        "env_tax": 0,
        "route": "(81,90), (80,90), (80,90)|(80,90), (79,90), (78,90), (77,90), (76,90), (75,90), (74,90), (73,90), (72,90), (71,90), (70,90), (69,90), (68,90), (67,90), (66,90), (65,90), (64,90), (63,90), (62,90), (61,90), (60,90), (60,90)|(60,90), (59,90), (58,90), (58,90), (58,91), (58,92), (58,93), (58,94)",
        "time": 527.6358042260256
    }
}