{
    "Uber": {
        "cost": 31.592921430281702,
        "env_tax": 0.27,
        "route": "(63,70), (64,70), (65,70), (66,70), (67,70), (67,71), (68,71), (69,71), (70,71), (71,71), (72,71), (73,71), (74,71), (74,72), (75,72), (76,72), (77,72), (78,72), (79,72), (80,72), (81,72), (82,72), (83,72), (84,72), (85,72), (86,72), (87,72), (88,72), (89,72), (90,72), (91,72), (91,71), (92,71), (93,71), (93,70), (93,69), (94,69), (95,69), (95,68), (95,67), (95,66), (95,65), (95,64), (95,63), (95,62), (95,61), (95,60), (95,59), (95,58), (95,57), (95,56), (95,55), (95,54), (95,53)",
        "time": 14.058055075001842
    },
    "Uber_Train_Uber": {
        "cost": 33.441303394659556,
        "env_tax": 0.065,
        "route": "(63,70), (62,70), (61,70), (60,70)|(60,70), (61,70), (62,70), (63,70), (64,70), (65,70), (66,70), (67,70), (68,70), (69,70), (70,70), (71,70), (72,70), (73,70), (74,70), (75,70), (76,70), (77,70), (78,70), (79,70), (80,70), (81,70), (82,70), (83,70), (84,70), (85,70), (86,70), (87,70), (88,70), (89,70), (90,70), (90,70), (90,69), (90,68), (90,67), (90,66), (90,65), (90,64), (90,63), (90,62), (90,61), (90,60), (90,59), (90,58), (90,57), (90,56), (90,55), (90,54), (90,53), (90,52), (90,51), (90,50)|(90,50), (90,51), (91,51), (92,51), (92,52), (93,52), (93,53), (94,53), (95,53)",
        "time": 19.793584936158236
    },
    "Uber_Train_Walk": {
        "cost": 19.03074825422802,
        "env_tax": 0.020000000000000004,
        "route": "(63,70), (62,70), (61,70), (60,70)|(60,70), (61,70), (62,70), (63,70), (64,70), (65,70), (66,70), (67,70), (68,70), (69,70), (70,70), (71,70), (72,70), (73,70), (74,70), (75,70), (76,70), (77,70), (78,70), (79,70), (80,70), (81,70), (82,70), (83,70), (84,70), (85,70), (86,70), (87,70), (88,70), (89,70), (90,70), (90,70), (90,69), (90,68), (90,67), (90,66), (90,65), (90,64), (90,63), (90,62), (90,61), (90,60), (90,59), (90,58), (90,57), (90,56), (90,55), (90,54), (90,53), (90,52), (90,51), (90,50)|(90,50), (91,50), (92,50), (93,50), (94,50), (95,50), (95,50), (95,51), (95,52), (95,53)",
        "time": 609.6845706910424
    },
    "Walk": {
        "cost": 0,
        "env_tax": 0,
        "route": "(63,70), (64,70), (65,70), (66,70), (67,70), (68,70), (69,70), (70,70), (71,70), (72,70), (73,70), (74,70), (75,70), (76,70), (77,70), (78,70), (79,70), (80,70), (81,70), (82,70), (83,70), (84,70), (85,70), (86,70), (87,70), (88,70), (89,70), (90,70), (91,70), (92,70), (93,70), (94,70), (95,70), (95,70), (95,69), (95,68), (95,67), (95,66), (95,65), (95,64), (95,63), (95,62), (95,61), (95,60), (95,59), (95,58), (95,57), (95,56), (95,55), (95,54), (95,53)",
        "time": 3653.6626103555236
    },
    "Walk_Train_Uber": {
        "cost": 19.577472826393937,
        "env_tax": 0.045000000000000005,
        "route": "(63,70), (62,70), (61,70), (60,70), (60,70)|(60,70), (61,70), (62,70), (63,70), (64,70), (65,70), (66,70), (67,70), (68,70), (69,70), (70,70), (71,70), (72,70), (73,70), (74,70), (75,70), (76,70), (77,70), (78,70), (79,70), (80,70), (81,70), (82,70), (83,70), (84,70), (85,70), (86,70), (87,70), (88,70), (89,70), (90,70), (90,70), (90,69), (90,68), (90,67), (90,66), (90,65), (90,64), (90,63), (90,62), (90,61), (90,60), (90,59), (90,58), (90,57), (90,56), (90,55), (90,54), (90,53), (90,52), (90,51), (90,50)|(90,50), (90,51), (91,51), (92,51), (92,52), (93,52), (93,53), (94,53), (95,53)",
        "time": 241.2491630723942
    },
    "Walk_Train_Walk": {
        "cost": 5.2,
        "env_tax": 0,
        "route": "(63,70), (62,70), (61,70), (60,70), (60,70)|(60,70), (61,70), (62,70), (63,70), (64,70), (65,70), (66,70), (67,70), (68,70), (69,70), (70,70), (71,70), (72,70), (73,70), (74,70), (75,70), (76,70), (77,70), (78,70), (79,70), (80,70), (81,70), (82,70), (83,70), (84,70), (85,70), (86,70), (87,70), (88,70), (89,70), (90,70), (90,70), (90,69), (90,68), (90,67), (90,66), (90,65), (90,64), (90,63), (90,62), (90,61), (90,60), (90,59), (90,58), (90,57), (90,56), (90,55), (90,54), (90,53), (90,52), (90,51), (90,50)|(90,50), (91,50), (92,50), (93,50), (94,50), (95,50), (95,50), (95,51), (95,52), (95,53)",
        "time": 827.994734706458
    }
}