{
    "Uber": {
        "cost": 26.94808054123007,
        "env_tax": 0.09500000000000001,
        "route": "(51,74), (50,74), (49,74), (48,74), (47,74), (47,73), (47,72), (46,72), (45,72), (44,72), (43,72), (42,72), (42,71), (42,70), (41,70), (41,69), (41,68), (41,67), (40,67)",
        "time": 9.064069667105091
    },
    "Uber_Train_Uber": {
        "cost": 31.263067629734362,
        "env_tax": 0.05000000000000001,
        "route": "(51,74), (51,73), (51,72), (51,71), (50,71), (50,70)|(50,70), (49,70), (48,70), (47,70), (46,70), (45,70), (44,70), (43,70), (42,70), (41,70), (40,70), (40,70)|(40,70), (40,69), (40,68), (40,67)",
        "time": 20.025073901515924
    },
    "Uber_Train_Walk": {
        "cost": 17.483881617123004,
        "env_tax": 0.030000000000000006,
        "route": "(51,74), (51,73), (51,72), (51,71), (50,71), (50,70)|(50,70), (49,70), (48,70), (47,70), (46,70), (45,70), (44,70), (43,70), (42,70), (41,70), (40,70), (40,70)|(40,70), (40,70), (40,69), (40,68), (40,67)",
        "time": 238.22125974638774
    },
    "Walk": {
        "cost": 0,
        "env_tax": 0,
        "route": "(51,74), (50,74), (49,74), (48,74), (47,74), (46,74), (45,74), (44,74), (43,74), (42,74), (41,74), (40,74), (40,74), (40,73), (40,72), (40,71), (40,70), (40,69), (40,68), (40,67)",
        "time": 1342.1617752326413
    },
    "Walk_Train_Uber": {
        "cost": 15.178576380354734,
        "env_tax": 0.020000000000000004,
        "route": "(51,74), (50,74), (50,74), (50,73), (50,72), (50,71), (50,70)|(50,70), (49,70), (48,70), (47,70), (46,70), (45,70), (44,70), (43,70), (42,70), (41,70), (40,70), (40,70)|(40,70), (40,69), (40,68), (40,67)",
        "time": 386.57959665398965
    },
    "Walk_Train_Walk": {
        "cost": 1.2000000000000002,
        "env_tax": 0,
        "route": "(51,74), (50,74), (50,74), (50,73), (50,72), (50,71), (50,70)|(50,70), (49,70), (48,70), (47,70), (46,70), (45,70), (44,70), (43,70), (42,70), (41,70), (40,70), (40,70)|(40,70), (40,70), (40,69), (40,68), (40,67)",
        "time": 603.3760351524596
    }
}