{
    "Uber": {
        "cost": 69.65444471853309,
        "env_tax": 0.31000000000000005,
        "route": "(53,34), (53,35), (53,36), (53,37), (53,38), (53,39), (53,40), (53,41), (53,42), (53,43), (53,44), (53,45), (53,46), (52,46), (52,47), (52,48), (52,49), (52,50), (52,51), (52,52), (52,53), (52,54), (52,55), (52,56), (52,57), (52,58), (52,59), (52,60), (52,61), (52,62), (52,63), (52,64), (52,65), (52,66), (53,66), (53,67), (53,68), (53,69), (53,70), (53,71), (53,72), (53,73), (53,74), (53,75), (53,76), (53,77), (53,78), (53,79), (53,80), (53,81), (53,82), (52,82), (52,83), (52,84), (52,85), (52,86), (52,87), (52,88), (52,89), (52,90), (52,91), (51,91)",
        "time": 23.829360484810152
    },
    "Uber_Train_Uber": {
        "cost": 36.65467057400948,
        "env_tax": 0.05500000000000001,
        "route": "(53,34), (52,34), (52,33), (51,33), (50,33), (50,32), (50,31), (50,30)|(50,30), (50,30), (50,31), (50,32), (50,33), (50,34), (50,35), (50,36), (50,37), (50,38), (50,39), (50,40), (50,41), (50,42), (50,43), (50,44), (50,45), (50,46), (50,47), (50,48), (50,49), (50,50), (50,51), (50,52), (50,53), (50,54), (50,55), (50,56), (50,57), (50,58), (50,59), (50,60), (50,61), (50,62), (50,63), (50,64), (50,65), (50,66), (50,67), (50,68), (50,69), (50,70), (50,71), (50,72), (50,73), (50,74), (50,75), (50,76), (50,77), (50,78), (50,79), (50,80), (50,81), (50,82), (50,83), (50,84), (50,85), (50,86), (50,87), (50,88), (50,89), (50,90)|(50,90), (51,90), (51,91)",
        "time": 28.91514739703914
    },
    "Uber_Train_Walk": {
        "cost": 24.575078343561756,
        "env_tax": 0.04000000000000001,
        "route": "(53,34), (52,34), (52,33), (51,33), (50,33), (50,32), (50,31), (50,30)|(50,30), (50,30), (50,31), (50,32), (50,33), (50,34), (50,35), (50,36), (50,37), (50,38), (50,39), (50,40), (50,41), (50,42), (50,43), (50,44), (50,45), (50,46), (50,47), (50,48), (50,49), (50,50), (50,51), (50,52), (50,53), (50,54), (50,55), (50,56), (50,57), (50,58), (50,59), (50,60), (50,61), (50,62), (50,63), (50,64), (50,65), (50,66), (50,67), (50,68), (50,69), (50,70), (50,71), (50,72), (50,73), (50,74), (50,75), (50,76), (50,77), (50,78), (50,79), (50,80), (50,81), (50,82), (50,83), (50,84), (50,85), (50,86), (50,87), (50,88), (50,89), (50,90)|(50,90), (51,90), (51,90), (51,91)",
        "time": 169.05022989406126
    },
    "Walk": {
        "cost": 0,
        "env_tax": 0,
        "route": "(53,34), (52,34), (51,34), (51,34), (51,35), (51,36), (51,37), (51,38), (51,39), (51,40), (51,41), (51,42), (51,43), (51,44), (51,45), (51,46), (51,47), (51,48), (51,49), (51,50), (51,51), (51,52), (51,53), (51,54), (51,55), (51,56), (51,57), (51,58), (51,59), (51,60), (51,61), (51,62), (51,63), (51,64), (51,65), (51,66), (51,67), (51,68), (51,69), (51,70), (51,71), (51,72), (51,73), (51,74), (51,75), (51,76), (51,77), (51,78), (51,79), (51,80), (51,81), (51,82), (51,83), (51,84), (51,85), (51,86), (51,87), (51,88), (51,89), (51,90), (51,91)",
        "time": 4399.3080410403245
    },
    "Walk_Train_Uber": {
        "cost": 18.954681949595365,
        "env_tax": 0.015000000000000003,
        "route": "(53,34), (52,34), (51,34), (50,34), (50,34), (50,33), (50,32), (50,31), (50,30)|(50,30), (50,30), (50,31), (50,32), (50,33), (50,34), (50,35), (50,36), (50,37), (50,38), (50,39), (50,40), (50,41), (50,42), (50,43), (50,44), (50,45), (50,46), (50,47), (50,48), (50,49), (50,50), (50,51), (50,52), (50,53), (50,54), (50,55), (50,56), (50,57), (50,58), (50,59), (50,60), (50,61), (50,62), (50,63), (50,64), (50,65), (50,66), (50,67), (50,68), (50,69), (50,70), (50,71), (50,72), (50,73), (50,74), (50,75), (50,76), (50,77), (50,78), (50,79), (50,80), (50,81), (50,82), (50,83), (50,84), (50,85), (50,86), (50,87), (50,88), (50,89), (50,90)|(50,90), (51,90), (51,91)",
        "time": 540.8001677444694
    },
    "Walk_Train_Walk": {
        "cost": 6.2,
        "env_tax": 0,
        "route": "(53,34), (52,34), (51,34), (50,34), (50,34), (50,33), (50,32), (50,31), (50,30)|(50,30), (50,30), (50,31), (50,32), (50,33), (50,34), (50,35), (50,36), (50,37), (50,38), (50,39), (50,40), (50,41), (50,42), (50,43), (50,44), (50,45), (50,46), (50,47), (50,48), (50,49), (50,50), (50,51), (50,52), (50,53), (50,54), (50,55), (50,56), (50,57), (50,58), (50,59), (50,60), (50,61), (50,62), (50,63), (50,64), (50,65), (50,66), (50,67), (50,68), (50,69), (50,70), (50,71), (50,72), (50,73), (50,74), (50,75), (50,76), (50,77), (50,78), (50,79), (50,80), (50,81), (50,82), (50,83), (50,84), (50,85), (50,86), (50,87), (50,88), (50,89), (50,90)|(50,90), (51,90), (51,90), (51,91)",
        "time": 681.0409119330949
    }
}