{
    "Uber": {
        "cost": 32.38425663077312,
        "env_tax": 0.21000000000000002,
        "route": "(33,62), (33,63), (32,63), (31,63), (30,63), (30,64), (29,64), (29,65), (29,66), (29,67), (28,67), (27,67), (26,67), (25,67), (25,68), (24,68), (23,68), (22,68), (22,69), (22,70), (21,70), (20,70), (20,71), (19,71), (18,71), (17,71), (17,72), (16,72), (15,72), (15,73), (15,74), (14,74), (14,75), (13,75), (13,76), (13,77), (12,77), (11,77), (11,78), (11,79), (11,80), (11,81)",
        "time": 12.42958442707893
    },
    "Uber_Train_Uber": {
        "cost": 32.61945811548071,
        "env_tax": 0.04500000000000001,
        "route": "(33,62), (33,61), (32,61), (31,61), (30,61), (30,60)|(30,60), (29,60), (28,60), (27,60), (26,60), (25,60), (24,60), (23,60), (22,60), (21,60), (20,60), (19,60), (18,60), (17,60), (16,60), (15,60), (14,60), (13,60), (12,60), (11,60), (10,60), (10,60), (10,61), (10,62), (10,63), (10,64), (10,65), (10,66), (10,67), (10,68), (10,69), (10,70), (10,71), (10,72), (10,73), (10,74), (10,75), (10,76), (10,77), (10,78), (10,79), (10,80)|(10,80), (11,80), (11,81)",
        "time": 20.394886580690127
    },
    "Uber_Train_Walk": {
        "cost": 20.62955299743897,
        "env_tax": 0.030000000000000006,
        "route": "(33,62), (33,61), (32,61), (31,61), (30,61), (30,60)|(30,60), (29,60), (28,60), (27,60), (26,60), (25,60), (24,60), (23,60), (22,60), (21,60), (20,60), (19,60), (18,60), (17,60), (16,60), (15,60), (14,60), (13,60), (12,60), (11,60), (10,60), (10,60), (10,61), (10,62), (10,63), (10,64), (10,65), (10,66), (10,67), (10,68), (10,69), (10,70), (10,71), (10,72), (10,73), (10,74), (10,75), (10,76), (10,77), (10,78), (10,79), (10,80)|(10,80), (11,80), (11,80), (11,81)",
        "time": 161.4255851279947
    },
    "Walk": {
        "cost": 0,
        "env_tax": 0,
        "route": "(33,62), (32,62), (31,62), (30,62), (29,62), (28,62), (27,62), (26,62), (25,62), (24,62), (23,62), (22,62), (21,62), (20,62), (19,62), (18,62), (17,62), (16,62), (15,62), (14,62), (13,62), (12,62), (11,62), (11,62), (11,63), (11,64), (11,65), (11,66), (11,67), (11,68), (11,69), (11,70), (11,71), (11,72), (11,73), (11,74), (11,75), (11,76), (11,77), (11,78), (11,79), (11,80), (11,81)",
        "time": 3057.146265807683
    },
    "Walk_Train_Uber": {
        "cost": 16.475504174305318,
        "env_tax": 0.015000000000000003,
        "route": "(33,62), (32,62), (31,62), (30,62), (30,62), (30,61), (30,60)|(30,60), (29,60), (28,60), (27,60), (26,60), (25,60), (24,60), (23,60), (22,60), (21,60), (20,60), (19,60), (18,60), (17,60), (16,60), (15,60), (14,60), (13,60), (12,60), (11,60), (10,60), (10,60), (10,61), (10,62), (10,63), (10,64), (10,65), (10,66), (10,67), (10,68), (10,69), (10,70), (10,71), (10,72), (10,73), (10,74), (10,75), (10,76), (10,77), (10,78), (10,79), (10,80)|(10,80), (11,80), (11,81)",
        "time": 385.64044807758773
    },
    "Walk_Train_Walk": {
        "cost": 4.2,
        "env_tax": 0,
        "route": "(33,62), (32,62), (31,62), (30,62), (30,62), (30,61), (30,60)|(30,60), (29,60), (28,60), (27,60), (26,60), (25,60), (24,60), (23,60), (22,60), (21,60), (20,60), (19,60), (18,60), (17,60), (16,60), (15,60), (14,60), (13,60), (12,60), (11,60), (10,60), (10,60), (10,61), (10,62), (10,63), (10,64), (10,65), (10,66), (10,67), (10,68), (10,69), (10,70), (10,71), (10,72), (10,73), (10,74), (10,75), (10,76), (10,77), (10,78), (10,79), (10,80)|(10,80), (11,80), (11,80), (11,81)",
        "time": 527.8798749848224
    }
}