{
    "Uber": {
        "cost": 61.579542631539795,
        "env_tax": 0.47000000000000003,
        "route": "(86,84), (85,84), (84,84), (83,84), (82,84), (81,84), (81,85), (80,85), (80,86), (79,86), (79,87), (78,87), (77,87), (77,88), (76,88), (75,88), (74,88), (74,89), (73,89), (72,89), (71,89), (70,89), (69,89), (69,90), (68,90), (67,90), (66,90), (65,90), (64,90), (63,90), (62,90), (61,90), (60,90), (59,90), (58,90), (57,90), (56,90), (55,90), (54,90), (53,90), (52,90), (52,89), (52,88), (51,88), (50,88), (50,87), (49,87), (48,87), (48,86), (48,85), (47,85), (46,85), (46,84), (45,84), (44,84), (44,83), (43,83), (43,82), (43,81), (43,80), (42,80), (42,79), (42,78), (42,77), (42,76), (42,75), (42,74), (42,73), (42,72), (42,71), (42,70), (42,69), (42,68), (42,67), (42,66), (42,65), (42,64), (42,63), (42,62), (42,61), (42,60), (42,59), (42,58), (42,57), (41,57), (40,57), (40,56), (40,55), (40,54), (40,53), (40,52), (40,51), (39,51), (39,50)",
        "time": 19.501941185129446
    },
    "Uber_Train_Uber": {
        "cost": 34.75803411753225,
        "env_tax": 0.05500000000000001,
        "route": "(86,84), (87,84), (88,84), (89,84), (89,83), (90,83), (90,82), (90,81), (90,80)|(90,80), (89,80), (88,80), (87,80), (86,80), (85,80), (84,80), (83,80), (82,80), (81,80), (80,80), (79,80), (78,80), (77,80), (76,80), (75,80), (74,80), (73,80), (72,80), (71,80), (70,80), (69,80), (68,80), (67,80), (66,80), (65,80), (64,80), (63,80), (62,80), (61,80), (60,80), (59,80), (58,80), (57,80), (56,80), (55,80), (54,80), (53,80), (52,80), (51,80), (50,80), (49,80), (48,80), (47,80), (46,80), (45,80), (44,80), (43,80), (42,80), (41,80), (40,80), (40,80), (40,79), (40,78), (40,77), (40,76), (40,75), (40,74), (40,73), (40,72), (40,71), (40,70), (40,69), (40,68), (40,67), (40,66), (40,65), (40,64), (40,63), (40,62), (40,61), (40,60), (40,59), (40,58), (40,57), (40,56), (40,55), (40,54), (40,53), (40,52), (40,51), (40,50)|(40,50), (39,50)",
        "time": 27.350000239795598
    },
    "Uber_Train_Walk": {
        "cost": 21.46809826692386,
        "env_tax": 0.045000000000000005,
        "route": "(86,84), (87,84), (88,84), (89,84), (89,83), (90,83), (90,82), (90,81), (90,80)|(90,80), (89,80), (88,80), (87,80), (86,80), (85,80), (84,80), (83,80), (82,80), (81,80), (80,80), (79,80), (78,80), (77,80), (76,80), (75,80), (74,80), (73,80), (72,80), (71,80), (70,80), (69,80), (68,80), (67,80), (66,80), (65,80), (64,80), (63,80), (62,80), (61,80), (60,80), (59,80), (58,80), (57,80), (56,80), (55,80), (54,80), (53,80), (52,80), (51,80), (50,80), (49,80), (48,80), (47,80), (46,80), (45,80), (44,80), (43,80), (42,80), (41,80), (40,80), (40,80), (40,79), (40,78), (40,77), (40,76), (40,75), (40,74), (40,73), (40,72), (40,71), (40,70), (40,69), (40,68), (40,67), (40,66), (40,65), (40,64), (40,63), (40,62), (40,61), (40,60), (40,59), (40,58), (40,57), (40,56), (40,55), (40,54), (40,53), (40,52), (40,51), (40,50)|(40,50), (39,50), (39,50)",
        "time": 88.11857351934525
    },
    "Walk": {
        "cost": 0,
        "env_tax": 0,
        "route": "(86,84), (85,84), (84,84), (83,84), (82,84), (81,84), (80,84), (79,84), (78,84), (77,84), (76,84), (75,84), (74,84), (73,84), (72,84), (71,84), (70,84), (69,84), (68,84), (67,84), (66,84), (65,84), (64,84), (63,84), (62,84), (61,84), (60,84), (59,84), (58,84), (57,84), (56,84), (55,84), (54,84), (53,84), (52,84), (51,84), (50,84), (49,84), (48,84), (47,84), (46,84), (45,84), (44,84), (43,84), (42,84), (41,84), (40,84), (39,84), (39,84), (39,83), (39,82), (39,81), (39,80), (39,79), (39,78), (39,77), (39,76), (39,75), (39,74), (39,73), (39,72), (39,71), (39,70), (39,69), (39,68), (39,67), (39,66), (39,65), (39,64), (39,63), (39,62), (39,61), (39,60), (39,59), (39,58), (39,57), (39,56), (39,55), (39,54), (39,53), (39,52), (39,51), (39,50)",
        "time": 6039.727988546886
    },
    "Walk_Train_Uber": {
        "cost": 21.228749246812956,
        "env_tax": 0.010000000000000002,
        "route": "(86,84), (87,84), (88,84), (89,84), (90,84), (90,84), (90,83), (90,82), (90,81), (90,80)|(90,80), (89,80), (88,80), (87,80), (86,80), (85,80), (84,80), (83,80), (82,80), (81,80), (80,80), (79,80), (78,80), (77,80), (76,80), (75,80), (74,80), (73,80), (72,80), (71,80), (70,80), (69,80), (68,80), (67,80), (66,80), (65,80), (64,80), (63,80), (62,80), (61,80), (60,80), (59,80), (58,80), (57,80), (56,80), (55,80), (54,80), (53,80), (52,80), (51,80), (50,80), (49,80), (48,80), (47,80), (46,80), (45,80), (44,80), (43,80), (42,80), (41,80), (40,80), (40,80), (40,79), (40,78), (40,77), (40,76), (40,75), (40,74), (40,73), (40,72), (40,71), (40,70), (40,69), (40,68), (40,67), (40,66), (40,65), (40,64), (40,63), (40,62), (40,61), (40,60), (40,59), (40,58), (40,57), (40,56), (40,55), (40,54), (40,53), (40,52), (40,51), (40,50)|(40,50), (39,50)",
        "time": 612.3023012384373
    },
    "Walk_Train_Walk": {
        "cost": 8.200000000000001,
        "env_tax": 0,
        "route": "(86,84), (87,84), (88,84), (89,84), (90,84), (90,84), (90,83), (90,82), (90,81), (90,80)|(90,80), (89,80), (88,80), (87,80), (86,80), (85,80), (84,80), (83,80), (82,80), (81,80), (80,80), (79,80), (78,80), (77,80), (76,80), (75,80), (74,80), (73,80), (72,80), (71,80), (70,80), (69,80), (68,80), (67,80), (66,80), (65,80), (64,80), (63,80), (62,80), (61,80), (60,80), (59,80), (58,80), (57,80), (56,80), (55,80), (54,80), (53,80), (52,80), (51,80), (50,80), (49,80), (48,80), (47,80), (46,80), (45,80), (44,80), (43,80), (42,80), (41,80), (40,80), (40,80), (40,79), (40,78), (40,77), (40,76), (40,75), (40,74), (40,73), (40,72), (40,71), (40,70), (40,69), (40,68), (40,67), (40,66), (40,65), (40,64), (40,63), (40,62), (40,61), (40,60), (40,59), (40,58), (40,57), (40,56), (40,55), (40,54), (40,53), (40,52), (40,51), (40,50)|(40,50), (39,50), (39,50)",
        "time": 677.4861281412832
    }
}