{
    "Uber": {
        "cost": 38.200497251864576,
        "env_tax": 0.28,
        "route": "(61,68), (62,68), (63,68), (64,68), (65,68), (66,68), (67,68), (68,68), (69,68), (70,68), (71,68), (71,67), (72,67), (73,67), (74,67), (75,67), (75,66), (76,66), (77,66), (78,66), (79,66), (80,66), (80,65), (81,65), (82,65), (83,65), (84,65), (85,65), (86,65), (87,65), (88,65), (89,65), (90,65), (90,64), (91,64), (92,64), (93,64), (93,63), (93,62), (93,61), (93,60), (93,59), (93,58), (93,57), (93,56), (93,55), (93,54), (93,53), (93,52), (92,52), (92,51), (92,50), (92,49), (91,49), (91,48), (90,48)",
        "time": 16.450879503318085
    },
    "Uber_Train_Uber": {
        "cost": 32.8496181544969,
        "env_tax": 0.035,
        "route": "(61,68), (61,69), (61,70), (60,70)|(60,70), (61,70), (62,70), (63,70), (64,70), (65,70), (66,70), (67,70), (68,70), (69,70), (70,70), (71,70), (72,70), (73,70), (74,70), (75,70), (76,70), (77,70), (78,70), (79,70), (80,70), (81,70), (82,70), (83,70), (84,70), (85,70), (86,70), (87,70), (88,70), (89,70), (90,70), (90,70), (90,69), (90,68), (90,67), (90,66), (90,65), (90,64), (90,63), (90,62), (90,61), (90,60), (90,59), (90,58), (90,57), (90,56), (90,55), (90,54), (90,53), (90,52), (90,51), (90,50)|(90,50), (90,49), (90,48)",
        "time": 19.19671544385556
    },
    "Uber_Train_Walk": {
        "cost": 19.60883832547261,
        "env_tax": 0.020000000000000004,
        "route": "(61,68), (61,69), (61,70), (60,70)|(60,70), (61,70), (62,70), (63,70), (64,70), (65,70), (66,70), (67,70), (68,70), (69,70), (70,70), (71,70), (72,70), (73,70), (74,70), (75,70), (76,70), (77,70), (78,70), (79,70), (80,70), (81,70), (82,70), (83,70), (84,70), (85,70), (86,70), (87,70), (88,70), (89,70), (90,70), (90,70), (90,69), (90,68), (90,67), (90,66), (90,65), (90,64), (90,63), (90,62), (90,61), (90,60), (90,59), (90,58), (90,57), (90,56), (90,55), (90,54), (90,53), (90,52), (90,51), (90,50)|(90,50), (90,50), (90,49), (90,48)",
        "time": 162.3362865261215
    },
    "Walk": {
        "cost": 0,
        "env_tax": 0,
        "route": "(61,68), (62,68), (63,68), (64,68), (65,68), (66,68), (67,68), (68,68), (69,68), (70,68), (71,68), (72,68), (73,68), (74,68), (75,68), (76,68), (77,68), (78,68), (79,68), (80,68), (81,68), (82,68), (83,68), (84,68), (85,68), (86,68), (87,68), (88,68), (89,68), (90,68), (90,68), (90,67), (90,66), (90,65), (90,64), (90,63), (90,62), (90,61), (90,60), (90,59), (90,58), (90,57), (90,56), (90,55), (90,54), (90,53), (90,52), (90,51), (90,50), (90,49), (90,48)",
        "time": 3653.6626103555236
    },
    "Walk_Train_Uber": {
        "cost": 17.805413930517485,
        "env_tax": 0.015000000000000003,
        "route": "(61,68), (60,68), (60,68), (60,69), (60,70)|(60,70), (61,70), (62,70), (63,70), (64,70), (65,70), (66,70), (67,70), (68,70), (69,70), (70,70), (71,70), (72,70), (73,70), (74,70), (75,70), (76,70), (77,70), (78,70), (79,70), (80,70), (81,70), (82,70), (83,70), (84,70), (85,70), (86,70), (87,70), (88,70), (89,70), (90,70), (90,70), (90,69), (90,68), (90,67), (90,66), (90,65), (90,64), (90,63), (90,62), (90,61), (90,60), (90,59), (90,58), (90,57), (90,56), (90,55), (90,54), (90,53), (90,52), (90,51), (90,50)|(90,50), (90,49), (90,48)",
        "time": 239.32923404555467
    },
    "Walk_Train_Walk": {
        "cost": 5.2,
        "env_tax": 0,
        "route": "(61,68), (60,68), (60,68), (60,69), (60,70)|(60,70), (61,70), (62,70), (63,70), (64,70), (65,70), (66,70), (67,70), (68,70), (69,70), (70,70), (71,70), (72,70), (73,70), (74,70), (75,70), (76,70), (77,70), (78,70), (79,70), (80,70), (81,70), (82,70), (83,70), (84,70), (85,70), (86,70), (87,70), (88,70), (89,70), (90,70), (90,70), (90,69), (90,68), (90,67), (90,66), (90,65), (90,64), (90,63), (90,62), (90,61), (90,60), (90,59), (90,58), (90,57), (90,56), (90,55), (90,54), (90,53), (90,52), (90,51), (90,50)|(90,50), (90,50), (90,49), (90,48)",
        "time": 378.4775515379663
    }
}