{
    "Uber": {
        "cost": 54.30744960686698,
        "env_tax": 0.4850000000000001,
        "route": "(98,3), (98,4), (98,5), (98,6), (98,7), (98,8), (98,9), (98,10), (98,11), (98,12), (98,13), (98,14), (98,15), (98,16), (98,17), (98,18), (98,19), (98,20), (98,21), (98,22), (98,23), (98,24), (98,25), (98,26), (98,27), (98,28), (98,29), (98,30), (97,30), (97,31), (97,32), (97,33), (97,34), (97,35), (97,36), (97,37), (97,38), (97,39), (96,39), (96,40), (96,41), (96,42), (96,43), (96,44), (96,45), (96,46), (96,47), (96,48), (95,48), (95,49), (94,49), (93,49), (92,49), (91,49), (91,50), (91,51), (90,51), (89,51), (88,51), (87,51), (86,51), (85,51), (84,51), (83,51), (82,51), (81,51), (80,51), (79,51), (78,51), (77,51), (76,51), (75,51), (75,52), (74,52), (73,52), (72,52), (71,52), (70,52), (69,52), (68,52), (67,52), (66,52), (65,52), (64,52), (63,52), (62,52), (61,52), (60,52), (59,52), (58,52), (57,52), (56,52), (55,52), (54,52), (53,52), (52,52), (51,52)",
        "time": 21.479751473342155
    },
    "Uber_Train_Uber": {
        "cost": 36.0354395118447,
        "env_tax": 0.10000000000000002,
        "route": "(98,3), (98,4), (97,4), (96,4), (95,4), (95,5), (94,5), (93,5), (93,6), (93,7), (92,7), (92,8), (91,8), (91,9), (90,9), (90,10)|(90,10), (89,10), (88,10), (87,10), (86,10), (85,10), (84,10), (83,10), (82,10), (81,10), (80,10), (79,10), (78,10), (77,10), (76,10), (75,10), (74,10), (73,10), (72,10), (71,10), (70,10), (69,10), (68,10), (67,10), (66,10), (65,10), (64,10), (63,10), (62,10), (61,10), (60,10), (59,10), (58,10), (57,10), (56,10), (55,10), (54,10), (53,10), (52,10), (51,10), (50,10), (50,10), (50,11), (50,12), (50,13), (50,14), (50,15), (50,16), (50,17), (50,18), (50,19), (50,20), (50,21), (50,22), (50,23), (50,24), (50,25), (50,26), (50,27), (50,28), (50,29), (50,30), (50,31), (50,32), (50,33), (50,34), (50,35), (50,36), (50,37), (50,38), (50,39), (50,40), (50,41), (50,42), (50,43), (50,44), (50,45), (50,46), (50,47), (50,48), (50,49), (50,50)|(50,50), (50,51), (51,51), (51,52)",
        "time": 24.462213402591296
    },
    "Uber_Train_Walk": {
        "cost": 21.608090166049642,
        "env_tax": 0.08000000000000002,
        "route": "(98,3), (98,4), (97,4), (96,4), (95,4), (95,5), (94,5), (93,5), (93,6), (93,7), (92,7), (92,8), (91,8), (91,9), (90,9), (90,10)|(90,10), (89,10), (88,10), (87,10), (86,10), (85,10), (84,10), (83,10), (82,10), (81,10), (80,10), (79,10), (78,10), (77,10), (76,10), (75,10), (74,10), (73,10), (72,10), (71,10), (70,10), (69,10), (68,10), (67,10), (66,10), (65,10), (64,10), (63,10), (62,10), (61,10), (60,10), (59,10), (58,10), (57,10), (56,10), (55,10), (54,10), (53,10), (52,10), (51,10), (50,10), (50,10), (50,11), (50,12), (50,13), (50,14), (50,15), (50,16), (50,17), (50,18), (50,19), (50,20), (50,21), (50,22), (50,23), (50,24), (50,25), (50,26), (50,27), (50,28), (50,29), (50,30), (50,31), (50,32), (50,33), (50,34), (50,35), (50,36), (50,37), (50,38), (50,39), (50,40), (50,41), (50,42), (50,43), (50,44), (50,45), (50,46), (50,47), (50,48), (50,49), (50,50)|(50,50), (51,50), (51,50), (51,51), (51,52)",
        "time": 240.11212225130748
    },
    "Walk": {
        "cost": 0,
        "env_tax": 0,
        "route": "(98,3), (97,3), (96,3), (95,3), (94,3), (93,3), (92,3), (91,3), (90,3), (89,3), (88,3), (87,3), (86,3), (85,3), (84,3), (83,3), (82,3), (81,3), (80,3), (79,3), (78,3), (77,3), (76,3), (75,3), (74,3), (73,3), (72,3), (71,3), (70,3), (69,3), (68,3), (67,3), (66,3), (65,3), (64,3), (63,3), (62,3), (61,3), (60,3), (59,3), (58,3), (57,3), (56,3), (55,3), (54,3), (53,3), (52,3), (51,3), (51,3), (51,4), (51,5), (51,6), (51,7), (51,8), (51,9), (51,10), (51,11), (51,12), (51,13), (51,14), (51,15), (51,16), (51,17), (51,18), (51,19), (51,20), (51,21), (51,22), (51,23), (51,24), (51,25), (51,26), (51,27), (51,28), (51,29), (51,30), (51,31), (51,32), (51,33), (51,34), (51,35), (51,36), (51,37), (51,38), (51,39), (51,40), (51,41), (51,42), (51,43), (51,44), (51,45), (51,46), (51,47), (51,48), (51,49), (51,50), (51,51), (51,52)",
        "time": 7158.1961345740865
    },
    "Walk_Train_Uber": {
        "cost": 23.2167771755266,
        "env_tax": 0.020000000000000004,
        "route": "(98,3), (97,3), (96,3), (95,3), (94,3), (93,3), (92,3), (91,3), (90,3), (90,3), (90,4), (90,5), (90,6), (90,7), (90,8), (90,9), (90,10)|(90,10), (89,10), (88,10), (87,10), (86,10), (85,10), (84,10), (83,10), (82,10), (81,10), (80,10), (79,10), (78,10), (77,10), (76,10), (75,10), (74,10), (73,10), (72,10), (71,10), (70,10), (69,10), (68,10), (67,10), (66,10), (65,10), (64,10), (63,10), (62,10), (61,10), (60,10), (59,10), (58,10), (57,10), (56,10), (55,10), (54,10), (53,10), (52,10), (51,10), (50,10), (50,10), (50,11), (50,12), (50,13), (50,14), (50,15), (50,16), (50,17), (50,18), (50,19), (50,20), (50,21), (50,22), (50,23), (50,24), (50,25), (50,26), (50,27), (50,28), (50,29), (50,30), (50,31), (50,32), (50,33), (50,34), (50,35), (50,36), (50,37), (50,38), (50,39), (50,40), (50,41), (50,42), (50,43), (50,44), (50,45), (50,46), (50,47), (50,48), (50,49), (50,50)|(50,50), (50,51), (51,51), (51,52)",
        "time": 1134.9243017064944
    },
    "Walk_Train_Walk": {
        "cost": 8.200000000000001,
        "env_tax": 0,
        "route": "(98,3), (97,3), (96,3), (95,3), (94,3), (93,3), (92,3), (91,3), (90,3), (90,3), (90,4), (90,5), (90,6), (90,7), (90,8), (90,9), (90,10)|(90,10), (89,10), (88,10), (87,10), (86,10), (85,10), (84,10), (83,10), (82,10), (81,10), (80,10), (79,10), (78,10), (77,10), (76,10), (75,10), (74,10), (73,10), (72,10), (71,10), (70,10), (69,10), (68,10), (67,10), (66,10), (65,10), (64,10), (63,10), (62,10), (61,10), (60,10), (59,10), (58,10), (57,10), (56,10), (55,10), (54,10), (53,10), (52,10), (51,10), (50,10), (50,10), (50,11), (50,12), (50,13), (50,14), (50,15), (50,16), (50,17), (50,18), (50,19), (50,20), (50,21), (50,22), (50,23), (50,24), (50,25), (50,26), (50,27), (50,28), (50,29), (50,30), (50,31), (50,32), (50,33), (50,34), (50,35), (50,36), (50,37), (50,38), (50,39), (50,40), (50,41), (50,42), (50,43), (50,44), (50,45), (50,46), (50,47), (50,48), (50,49), (50,50)|(50,50), (51,50), (51,50), (51,51), (51,52)",
        "time": 1351.82258759446
    }
}