{
    "Uber": {
        "cost": 44.16575631385613,
        "env_tax": 0.25500000000000006,
        "route": "(45,58), (44,58), (43,58), (42,58), (41,58), (40,58), (39,58), (38,58), (37,58), (36,58), (35,58), (34,58), (33,58), (32,58), (31,58), (30,58), (29,58), (28,58), (27,58), (26,58), (25,58), (24,58), (23,58), (22,58), (21,58), (20,58), (20,59), (19,59), (18,59), (17,59), (16,59), (15,59), (14,59), (13,59), (12,59), (11,59), (10,59), (9,59), (8,59), (7,59), (6,59), (5,59), (4,59), (3,59), (2,59), (2,60), (2,61), (2,62), (2,63), (2,64), (2,65)",
        "time": 16.996325894712076
    },
    "Uber_Train_Uber": {
        "cost": 36.93812275871861,
        "env_tax": 0.11000000000000001,
        "route": "(45,58), (44,58), (43,58), (42,58), (42,59), (41,59), (40,59), (40,60)|(40,60), (39,60), (38,60), (37,60), (36,60), (35,60), (34,60), (33,60), (32,60), (31,60), (30,60), (29,60), (28,60), (27,60), (26,60), (25,60), (24,60), (23,60), (22,60), (21,60), (20,60), (19,60), (18,60), (17,60), (16,60), (15,60), (14,60), (13,60), (12,60), (11,60), (10,60), (10,60)|(10,60), (9,60), (8,60), (7,60), (6,60), (5,60), (5,61), (4,61), (4,62), (3,62), (2,62), (2,63), (2,64), (2,65)",
        "time": 26.032046449977678
    },
    "Uber_Train_Walk": {
        "cost": 23.089255318495304,
        "env_tax": 0.04000000000000001,
        "route": "(45,58), (44,58), (43,58), (42,58), (42,59), (41,59), (40,59), (40,60)|(40,60), (39,60), (38,60), (37,60), (36,60), (35,60), (34,60), (33,60), (32,60), (31,60), (30,60), (29,60), (28,60), (27,60), (26,60), (25,60), (24,60), (23,60), (22,60), (21,60), (20,60), (19,60), (18,60), (17,60), (16,60), (15,60), (14,60), (13,60), (12,60), (11,60), (10,60), (10,60)|(10,60), (9,60), (8,60), (7,60), (6,60), (5,60), (4,60), (3,60), (2,60), (2,60), (2,61), (2,62), (2,63), (2,64), (2,65)",
        "time": 981.3110327526952
    },
    "Walk": {
        "cost": 0,
        "env_tax": 0,
        "route": "(45,58), (44,58), (43,58), (42,58), (41,58), (40,58), (39,58), (38,58), (37,58), (36,58), (35,58), (34,58), (33,58), (32,58), (31,58), (30,58), (29,58), (28,58), (27,58), (26,58), (25,58), (24,58), (23,58), (22,58), (21,58), (20,58), (19,58), (18,58), (17,58), (16,58), (15,58), (14,58), (13,58), (12,58), (11,58), (10,58), (9,58), (8,58), (7,58), (6,58), (5,58), (4,58), (3,58), (2,58), (2,58), (2,59), (2,60), (2,61), (2,62), (2,63), (2,64), (2,65)",
        "time": 3728.2271534240035
    },
    "Walk_Train_Uber": {
        "cost": 18.524628385552177,
        "env_tax": 0.07,
        "route": "(45,58), (44,58), (43,58), (42,58), (41,58), (40,58), (40,58), (40,59), (40,60)|(40,60), (39,60), (38,60), (37,60), (36,60), (35,60), (34,60), (33,60), (32,60), (31,60), (30,60), (29,60), (28,60), (27,60), (26,60), (25,60), (24,60), (23,60), (22,60), (21,60), (20,60), (19,60), (18,60), (17,60), (16,60), (15,60), (14,60), (13,60), (12,60), (11,60), (10,60), (10,60)|(10,60), (9,60), (8,60), (7,60), (6,60), (5,60), (5,61), (4,61), (4,62), (3,62), (2,62), (2,63), (2,64), (2,65)",
        "time": 534.1800380767627
    },
    "Walk_Train_Walk": {
        "cost": 3.2,
        "env_tax": 0,
        "route": "(45,58), (44,58), (43,58), (42,58), (41,58), (40,58), (40,58), (40,59), (40,60)|(40,60), (39,60), (38,60), (37,60), (36,60), (35,60), (34,60), (33,60), (32,60), (31,60), (30,60), (29,60), (28,60), (27,60), (26,60), (25,60), (24,60), (23,60), (22,60), (21,60), (20,60), (19,60), (18,60), (17,60), (16,60), (15,60), (14,60), (13,60), (12,60), (11,60), (10,60), (10,60)|(10,60), (9,60), (8,60), (7,60), (6,60), (5,60), (4,60), (3,60), (2,60), (2,60), (2,61), (2,62), (2,63), (2,64), (2,65)",
        "time": 1493.8695073844706
    }
}