{
    "Uber": {
        "cost": 29.392912238359024,
        "env_tax": 0.25,
        "route": "(78,2), (77,2), (76,2), (75,2), (74,2), (73,2), (72,2), (71,2), (70,2), (69,2), (68,2), (67,2), (66,2), (65,2), (64,2), (63,2), (62,2), (62,3), (62,4), (62,5), (62,6), (61,6), (61,7), (60,7), (60,8), (59,8), (59,9), (59,10), (59,11), (59,12), (59,13), (59,14), (59,15), (59,16), (59,17), (59,18), (59,19), (59,20), (59,21), (59,22), (59,23), (59,24), (59,25), (59,26), (59,27), (59,28), (59,29), (59,30), (58,30), (58,31)",
        "time": 11.046246429789708
    },
    "Uber_Train_Uber": {
        "cost": 31.88224464778782,
        "env_tax": 0.07500000000000001,
        "route": "(78,2), (78,3), (78,4), (78,5), (79,5), (79,6), (79,7), (79,8), (79,9), (79,10), (80,10)|(80,10), (79,10), (78,10), (77,10), (76,10), (75,10), (74,10), (73,10), (72,10), (71,10), (70,10), (69,10), (68,10), (67,10), (66,10), (65,10), (64,10), (63,10), (62,10), (61,10), (60,10), (60,10), (60,11), (60,12), (60,13), (60,14), (60,15), (60,16), (60,17), (60,18), (60,19), (60,20), (60,21), (60,22), (60,23), (60,24), (60,25), (60,26), (60,27), (60,28), (60,29), (60,30)|(60,30), (60,31), (59,31), (58,31)",
        "time": 21.824190818945432
    },
    "Uber_Train_Walk": {
        "cost": 17.770396000082147,
        "env_tax": 0.05500000000000001,
        "route": "(78,2), (78,3), (78,4), (78,5), (79,5), (79,6), (79,7), (79,8), (79,9), (79,10), (80,10)|(80,10), (79,10), (78,10), (77,10), (76,10), (75,10), (74,10), (73,10), (72,10), (71,10), (70,10), (69,10), (68,10), (67,10), (66,10), (65,10), (64,10), (63,10), (62,10), (61,10), (60,10), (60,10), (60,11), (60,12), (60,13), (60,14), (60,15), (60,16), (60,17), (60,18), (60,19), (60,20), (60,21), (60,22), (60,23), (60,24), (60,25), (60,26), (60,27), (60,28), (60,29), (60,30)|(60,30), (59,30), (58,30), (58,30), (58,31)",
        "time": 238.09211542319568
    },
    "Walk": {
        "cost": 0,
        "env_tax": 0,
        "route": "(78,2), (77,2), (76,2), (75,2), (74,2), (73,2), (72,2), (71,2), (70,2), (69,2), (68,2), (67,2), (66,2), (65,2), (64,2), (63,2), (62,2), (61,2), (60,2), (59,2), (58,2), (58,2), (58,3), (58,4), (58,5), (58,6), (58,7), (58,8), (58,9), (58,10), (58,11), (58,12), (58,13), (58,14), (58,15), (58,16), (58,17), (58,18), (58,19), (58,20), (58,21), (58,22), (58,23), (58,24), (58,25), (58,26), (58,27), (58,28), (58,29), (58,30), (58,31)",
        "time": 3653.6626103555236
    },
    "Walk_Train_Uber": {
        "cost": 19.082746905022756,
        "env_tax": 0.020000000000000004,
        "route": "(78,2), (79,2), (80,2), (80,2), (80,3), (80,4), (80,5), (80,6), (80,7), (80,8), (80,9), (80,10)|(80,10), (79,10), (78,10), (77,10), (76,10), (75,10), (74,10), (73,10), (72,10), (71,10), (70,10), (69,10), (68,10), (67,10), (66,10), (65,10), (64,10), (63,10), (62,10), (61,10), (60,10), (60,10), (60,11), (60,12), (60,13), (60,14), (60,15), (60,16), (60,17), (60,18), (60,19), (60,20), (60,21), (60,22), (60,23), (60,24), (60,25), (60,26), (60,27), (60,28), (60,29), (60,30)|(60,30), (60,31), (59,31), (58,31)",
        "time": 764.4476137540386
    },
    "Walk_Train_Walk": {
        "cost": 4.2,
        "env_tax": 0,
        "route": "(78,2), (79,2), (80,2), (80,2), (80,3), (80,4), (80,5), (80,6), (80,7), (80,8), (80,9), (80,10)|(80,10), (79,10), (78,10), (77,10), (76,10), (75,10), (74,10), (73,10), (72,10), (71,10), (70,10), (69,10), (68,10), (67,10), (66,10), (65,10), (64,10), (63,10), (62,10), (61,10), (60,10), (60,10), (60,11), (60,12), (60,13), (60,14), (60,15), (60,16), (60,17), (60,18), (60,19), (60,20), (60,21), (60,22), (60,23), (60,24), (60,25), (60,26), (60,27), (60,28), (60,29), (60,30)|(60,30), (59,30), (58,30), (58,30), (58,31)",
        "time": 977.487834106096
    }
}