{
    "Uber": {
        "cost": 40.12198543929225,
        "env_tax": 0.49500000000000005,
        "route": "(5,60), (5,61), (5,62), (5,63), (5,64), (5,65), (5,66), (5,67), (5,68), (5,69), (5,70), (5,71), (5,72), (5,73), (5,74), (5,75), (5,76), (5,77), (5,78), (5,79), (5,80), (5,81), (5,82), (5,83), (5,84), (5,85), (6,85), (7,85), (8,85), (9,85), (10,85), (11,85), (12,85), (13,85), (14,85), (14,86), (15,86), (16,86), (16,87), (17,87), (18,87), (19,87), (20,87), (21,87), (22,87), (23,87), (24,87), (25,87), (26,87), (27,87), (28,87), (29,87), (30,87), (31,87), (32,87), (33,87), (33,88), (34,88), (35,88), (36,88), (37,88), (38,88), (39,88), (40,88), (41,88), (42,88), (43,88), (44,88), (45,88), (46,88), (47,88), (48,88), (49,88), (50,88), (51,88), (52,88), (53,88), (53,87), (54,87), (55,87), (56,87), (57,87), (58,87), (59,87), (60,87), (61,87), (61,86), (62,86), (63,86), (63,85), (63,84), (64,84), (64,83), (64,82), (64,81), (65,81), (65,80), (65,79), (65,78)",
        "time": 12.497461469361367
    },
    "Uber_Train_Uber": {
        "cost": 36.91868792133516,
        "env_tax": 0.07,
        "route": "(5,60), (6,60), (7,60), (8,60), (9,60), (10,60)|(10,60), (11,60), (12,60), (13,60), (14,60), (15,60), (16,60), (17,60), (18,60), (19,60), (20,60), (21,60), (22,60), (23,60), (24,60), (25,60), (26,60), (27,60), (28,60), (29,60), (30,60), (31,60), (32,60), (33,60), (34,60), (35,60), (36,60), (37,60), (38,60), (39,60), (40,60), (41,60), (42,60), (43,60), (44,60), (45,60), (46,60), (47,60), (48,60), (49,60), (50,60), (51,60), (52,60), (53,60), (54,60), (55,60), (56,60), (57,60), (58,60), (59,60), (60,60), (60,60), (60,61), (60,62), (60,63), (60,64), (60,65), (60,66), (60,67), (60,68), (60,69), (60,70), (60,71), (60,72), (60,73), (60,74), (60,75), (60,76), (60,77), (60,78), (60,79), (60,80)|(60,80), (60,79), (61,79), (62,79), (63,79), (64,79), (65,79), (65,78)",
        "time": 26.463023196302952
    },
    "Uber_Train_Walk": {
        "cost": 20.6171471968865,
        "env_tax": 0.030000000000000006,
        "route": "(5,60), (6,60), (7,60), (8,60), (9,60), (10,60)|(10,60), (11,60), (12,60), (13,60), (14,60), (15,60), (16,60), (17,60), (18,60), (19,60), (20,60), (21,60), (22,60), (23,60), (24,60), (25,60), (26,60), (27,60), (28,60), (29,60), (30,60), (31,60), (32,60), (33,60), (34,60), (35,60), (36,60), (37,60), (38,60), (39,60), (40,60), (41,60), (42,60), (43,60), (44,60), (45,60), (46,60), (47,60), (48,60), (49,60), (50,60), (51,60), (52,60), (53,60), (54,60), (55,60), (56,60), (57,60), (58,60), (59,60), (60,60), (60,60), (60,61), (60,62), (60,63), (60,64), (60,65), (60,66), (60,67), (60,68), (60,69), (60,70), (60,71), (60,72), (60,73), (60,74), (60,75), (60,76), (60,77), (60,78), (60,79), (60,80)|(60,80), (61,80), (62,80), (63,80), (64,80), (65,80), (65,80), (65,79), (65,78)",
        "time": 538.4413128478648
    },
    "Walk": {
        "cost": 0,
        "env_tax": 0,
        "route": "(5,60), (6,60), (7,60), (8,60), (9,60), (10,60), (11,60), (12,60), (13,60), (14,60), (15,60), (16,60), (17,60), (18,60), (19,60), (20,60), (21,60), (22,60), (23,60), (24,60), (25,60), (26,60), (27,60), (28,60), (29,60), (30,60), (31,60), (32,60), (33,60), (34,60), (35,60), (36,60), (37,60), (38,60), (39,60), (40,60), (41,60), (42,60), (43,60), (44,60), (45,60), (46,60), (47,60), (48,60), (49,60), (50,60), (51,60), (52,60), (53,60), (54,60), (55,60), (56,60), (57,60), (58,60), (59,60), (60,60), (61,60), (62,60), (63,60), (64,60), (65,60), (65,60), (65,61), (65,62), (65,63), (65,64), (65,65), (65,66), (65,67), (65,68), (65,69), (65,70), (65,71), (65,72), (65,73), (65,74), (65,75), (65,76), (65,77), (65,78)",
        "time": 5816.034359341445
    },
    "Walk_Train_Uber": {
        "cost": 22.763991273340384,
        "env_tax": 0.04000000000000001,
        "route": "(5,60), (6,60), (7,60), (8,60), (9,60), (10,60), (10,60)|(10,60), (11,60), (12,60), (13,60), (14,60), (15,60), (16,60), (17,60), (18,60), (19,60), (20,60), (21,60), (22,60), (23,60), (24,60), (25,60), (26,60), (27,60), (28,60), (29,60), (30,60), (31,60), (32,60), (33,60), (34,60), (35,60), (36,60), (37,60), (38,60), (39,60), (40,60), (41,60), (42,60), (43,60), (44,60), (45,60), (46,60), (47,60), (48,60), (49,60), (50,60), (51,60), (52,60), (53,60), (54,60), (55,60), (56,60), (57,60), (58,60), (59,60), (60,60), (60,60), (60,61), (60,62), (60,63), (60,64), (60,65), (60,66), (60,67), (60,68), (60,69), (60,70), (60,71), (60,72), (60,73), (60,74), (60,75), (60,76), (60,77), (60,78), (60,79), (60,80)|(60,80), (60,79), (61,79), (62,79), (63,79), (64,79), (65,79), (65,78)",
        "time": 394.03136068575384
    },
    "Walk_Train_Walk": {
        "cost": 7.2,
        "env_tax": 0,
        "route": "(5,60), (6,60), (7,60), (8,60), (9,60), (10,60), (10,60)|(10,60), (11,60), (12,60), (13,60), (14,60), (15,60), (16,60), (17,60), (18,60), (19,60), (20,60), (21,60), (22,60), (23,60), (24,60), (25,60), (26,60), (27,60), (28,60), (29,60), (30,60), (31,60), (32,60), (33,60), (34,60), (35,60), (36,60), (37,60), (38,60), (39,60), (40,60), (41,60), (42,60), (43,60), (44,60), (45,60), (46,60), (47,60), (48,60), (49,60), (50,60), (51,60), (52,60), (53,60), (54,60), (55,60), (56,60), (57,60), (58,60), (59,60), (60,60), (60,60), (60,61), (60,62), (60,63), (60,64), (60,65), (60,66), (60,67), (60,68), (60,69), (60,70), (60,71), (60,72), (60,73), (60,74), (60,75), (60,76), (60,77), (60,78), (60,79), (60,80)|(60,80), (61,80), (62,80), (63,80), (64,80), (65,80), (65,80), (65,79), (65,78)",
        "time": 904.3535860013741
    }
}