{
    "Uber": {
        "cost": 32.31016203779188,
        "env_tax": 0.38000000000000006,
        "route": "(28,32), (27,32), (26,32), (25,32), (24,32), (23,32), (22,32), (21,32), (20,32), (19,32), (18,32), (17,32), (16,32), (15,32), (14,32), (13,32), (12,32), (11,32), (10,32), (9,32), (8,32), (7,32), (6,32), (6,33), (6,34), (5,34), (5,35), (5,36), (5,37), (4,37), (4,38), (4,39), (3,39), (2,39), (2,40), (1,40), (1,41), (1,42), (1,43), (1,44), (1,45), (1,46), (1,47), (1,48), (1,49), (1,50), (1,51), (1,52), (1,53), (0,53), (0,54), (0,55), (0,56), (0,57), (0,58), (0,59), (0,60), (0,61), (0,62), (0,63), (0,64), (0,65), (0,66), (0,67), (0,68), (0,69), (0,70), (0,71), (0,72), (0,73), (0,74), (0,75), (0,76), (0,77), (0,78), (0,79)",
        "time": 13.68752499506535
    },
    "Uber_Train_Uber": {
        "cost": 35.66531637577367,
        "env_tax": 0.08500000000000002,
        "route": "(28,32), (28,31), (28,30), (29,30), (30,30)|(30,30), (29,30), (28,30), (27,30), (26,30), (25,30), (24,30), (23,30), (22,30), (21,30), (20,30), (19,30), (18,30), (17,30), (16,30), (15,30), (14,30), (13,30), (12,30), (11,30), (10,30), (10,30), (10,31), (10,32), (10,33), (10,34), (10,35), (10,36), (10,37), (10,38), (10,39), (10,40), (10,41), (10,42), (10,43), (10,44), (10,45), (10,46), (10,47), (10,48), (10,49), (10,50), (10,51), (10,52), (10,53), (10,54), (10,55), (10,56), (10,57), (10,58), (10,59), (10,60), (10,61), (10,62), (10,63), (10,64), (10,65), (10,66), (10,67), (10,68), (10,69), (10,70), (10,71), (10,72), (10,73), (10,74), (10,75), (10,76), (10,77), (10,78), (10,79), (10,80)|(10,80), (10,79), (9,79), (8,79), (7,79), (6,79), (5,79), (4,79), (3,79), (2,79), (1,79), (0,79)",
        "time": 24.01093110227349
    },
    "Uber_Train_Walk": {
        "cost": 21.341567741352897,
        "env_tax": 0.025,
        "route": "(28,32), (28,31), (28,30), (29,30), (30,30)|(30,30), (29,30), (28,30), (27,30), (26,30), (25,30), (24,30), (23,30), (22,30), (21,30), (20,30), (19,30), (18,30), (17,30), (16,30), (15,30), (14,30), (13,30), (12,30), (11,30), (10,30), (10,30), (10,31), (10,32), (10,33), (10,34), (10,35), (10,36), (10,37), (10,38), (10,39), (10,40), (10,41), (10,42), (10,43), (10,44), (10,45), (10,46), (10,47), (10,48), (10,49), (10,50), (10,51), (10,52), (10,53), (10,54), (10,55), (10,56), (10,57), (10,58), (10,59), (10,60), (10,61), (10,62), (10,63), (10,64), (10,65), (10,66), (10,67), (10,68), (10,69), (10,70), (10,71), (10,72), (10,73), (10,74), (10,75), (10,76), (10,77), (10,78), (10,79), (10,80)|(10,80), (9,80), (8,80), (7,80), (6,80), (5,80), (4,80), (3,80), (2,80), (1,80), (0,80), (0,80), (0,79)",
        "time": 839.4028476102317
    },
    "Walk": {
        "cost": 0,
        "env_tax": 0,
        "route": "(28,32), (27,32), (26,32), (25,32), (24,32), (23,32), (22,32), (21,32), (20,32), (19,32), (18,32), (17,32), (16,32), (15,32), (14,32), (13,32), (12,32), (11,32), (10,32), (9,32), (8,32), (7,32), (6,32), (5,32), (4,32), (3,32), (2,32), (1,32), (0,32), (0,32), (0,33), (0,34), (0,35), (0,36), (0,37), (0,38), (0,39), (0,40), (0,41), (0,42), (0,43), (0,44), (0,45), (0,46), (0,47), (0,48), (0,49), (0,50), (0,51), (0,52), (0,53), (0,54), (0,55), (0,56), (0,57), (0,58), (0,59), (0,60), (0,61), (0,62), (0,63), (0,64), (0,65), (0,66), (0,67), (0,68), (0,69), (0,70), (0,71), (0,72), (0,73), (0,74), (0,75), (0,76), (0,77), (0,78), (0,79)",
        "time": 5592.340730136006
    },
    "Walk_Train_Uber": {
        "cost": 20.792001978477735,
        "env_tax": 0.06000000000000001,
        "route": "(28,32), (29,32), (30,32), (30,32), (30,31), (30,30)|(30,30), (29,30), (28,30), (27,30), (26,30), (25,30), (24,30), (23,30), (22,30), (21,30), (20,30), (19,30), (18,30), (17,30), (16,30), (15,30), (14,30), (13,30), (12,30), (11,30), (10,30), (10,30), (10,31), (10,32), (10,33), (10,34), (10,35), (10,36), (10,37), (10,38), (10,39), (10,40), (10,41), (10,42), (10,43), (10,44), (10,45), (10,46), (10,47), (10,48), (10,49), (10,50), (10,51), (10,52), (10,53), (10,54), (10,55), (10,56), (10,57), (10,58), (10,59), (10,60), (10,61), (10,62), (10,63), (10,64), (10,65), (10,66), (10,67), (10,68), (10,69), (10,70), (10,71), (10,72), (10,73), (10,74), (10,75), (10,76), (10,77), (10,78), (10,79), (10,80)|(10,80), (10,79), (9,79), (8,79), (7,79), (6,79), (5,79), (4,79), (3,79), (2,79), (1,79), (0,79)",
        "time": 316.235895056039
    },
    "Walk_Train_Walk": {
        "cost": 7.2,
        "env_tax": 0,
        "route": "(28,32), (29,32), (30,32), (30,32), (30,31), (30,30)|(30,30), (29,30), (28,30), (27,30), (26,30), (25,30), (24,30), (23,30), (22,30), (21,30), (20,30), (19,30), (18,30), (17,30), (16,30), (15,30), (14,30), (13,30), (12,30), (11,30), (10,30), (10,30), (10,31), (10,32), (10,33), (10,34), (10,35), (10,36), (10,37), (10,38), (10,39), (10,40), (10,41), (10,42), (10,43), (10,44), (10,45), (10,46), (10,47), (10,48), (10,49), (10,50), (10,51), (10,52), (10,53), (10,54), (10,55), (10,56), (10,57), (10,58), (10,59), (10,60), (10,61), (10,62), (10,63), (10,64), (10,65), (10,66), (10,67), (10,68), (10,69), (10,70), (10,71), (10,72), (10,73), (10,74), (10,75), (10,76), (10,77), (10,78), (10,79), (10,80)|(10,80), (9,80), (8,80), (7,80), (6,80), (5,80), (4,80), (3,80), (2,80), (1,80), (0,80), (0,80), (0,79)",
        "time": 1126.9306177241403
    }
}