{
    "Uber": {
        "cost": 19.73543536722038,
        "env_tax": 0.065,
        "route": "(73,59), (74,59), (75,59), (75,58), (76,58), (77,58), (78,58), (78,57), (79,57), (80,57), (80,56), (80,55), (81,55)",
        "time": 8.426849511754718
    },
    "Uber_Train_Uber": {
        "cost": 31.99327163698219,
        "env_tax": 0.060000000000000005,
        "route": "(73,59), (72,59), (71,59), (71,60), (70,60)|(70,60), (71,60), (72,60), (73,60), (74,60), (75,60), (76,60), (77,60), (78,60), (79,60), (80,60), (80,60), (80,59), (80,58), (80,57), (80,56), (80,55), (80,54), (80,53), (80,52), (80,51), (80,50)|(80,50), (80,51), (80,52), (80,53), (80,54), (80,55), (81,55)",
        "time": 20.284511752840064
    },
    "Uber_Train_Walk": {
        "cost": 18.05654403457665,
        "env_tax": 0.025,
        "route": "(73,59), (72,59), (71,59), (71,60), (70,60)|(70,60), (71,60), (72,60), (73,60), (74,60), (75,60), (76,60), (77,60), (78,60), (79,60), (80,60), (80,60), (80,59), (80,58), (80,57), (80,56), (80,55), (80,54), (80,53), (80,52), (80,51), (80,50)|(80,50), (81,50), (81,50), (81,51), (81,52), (81,53), (81,54), (81,55)",
        "time": 463.3375062381274
    },
    "Walk": {
        "cost": 0,
        "env_tax": 0,
        "route": "(73,59), (74,59), (75,59), (76,59), (77,59), (78,59), (79,59), (80,59), (81,59), (81,59), (81,58), (81,57), (81,56), (81,55)",
        "time": 894.7745168217608
    },
    "Walk_Train_Uber": {
        "cost": 17.047280250985086,
        "env_tax": 0.035,
        "route": "(73,59), (72,59), (71,59), (70,59), (70,59), (70,60)|(70,60), (71,60), (72,60), (73,60), (74,60), (75,60), (76,60), (77,60), (78,60), (79,60), (80,60), (80,60), (80,59), (80,58), (80,57), (80,56), (80,55), (80,54), (80,53), (80,52), (80,51), (80,50)|(80,50), (80,51), (80,52), (80,53), (80,54), (80,55), (81,55)",
        "time": 312.0160621363384
    },
    "Walk_Train_Walk": {
        "cost": 2.2,
        "env_tax": 0,
        "route": "(73,59), (72,59), (71,59), (70,59), (70,59), (70,60)|(70,60), (71,60), (72,60), (73,60), (74,60), (75,60), (76,60), (77,60), (78,60), (79,60), (80,60), (80,60), (80,59), (80,58), (80,57), (80,56), (80,55), (80,54), (80,53), (80,52), (80,51), (80,50)|(80,50), (81,50), (81,50), (81,51), (81,52), (81,53), (81,54), (81,55)",
        "time": 752.9931837035629
    }
}