{
    "Uber": {
        "cost": 14.99911878660388,
        "env_tax": 0.030000000000000006,
        "route": "(19,51), (19,50), (20,50), (21,50), (22,50), (23,50)",
        "time": 9.694891213916947
    },
    "Uber_Train_Uber": {
        "cost": 27.12361032607975,
        "env_tax": 0.035,
        "route": "(19,51), (19,50), (20,50)|(20,50), (20,50)|(20,50), (21,50), (22,50), (23,50)",
        "time": 20.82922154735408
    },
    "Uber_Train_Walk": {
        "cost": 12.869629825372403,
        "env_tax": 0.015000000000000003,
        "route": "(19,51), (19,50), (20,50)|(20,50), (20,50)|(20,50), (21,50), (22,50), (23,50), (23,50)",
        "time": 236.27716121151119
    },
    "Walk": {
        "cost": 0,
        "env_tax": 0,
        "route": "(19,51), (20,51), (21,51), (22,51), (23,51), (23,51), (23,50)",
        "time": 372.82271534240033
    },
    "Walk_Train_Uber": {
        "cost": 14.241442954644837,
        "env_tax": 0.020000000000000004,
        "route": "(19,51), (20,51), (20,51), (20,50)|(20,50), (20,50)|(20,50), (21,50), (22,50), (23,50)",
        "time": 163.23120180084405
    },
    "Walk_Train_Walk": {
        "cost": 0.2,
        "env_tax": 0,
        "route": "(19,51), (20,51), (20,51), (20,50)|(20,50), (20,50)|(20,50), (21,50), (22,50), (23,50), (23,50)",
        "time": 376.9782447874253
    }
}