{
    "Uber": {
        "cost": 30.959422990701263,
        "env_tax": 0.375,
        "route": "(3,4), (3,3), (4,3), (5,3), (6,3), (7,3), (8,3), (9,3), (9,2), (9,1), (10,1), (11,1), (12,1), (13,1), (14,1), (15,1), (16,1), (17,1), (18,1), (18,0), (19,0), (20,0), (21,0), (22,0), (23,0), (24,0), (25,0), (26,0), (27,0), (28,0), (29,0), (30,0), (31,0), (32,0), (33,0), (34,0), (35,0), (36,0), (37,0), (38,0), (38,1), (38,2), (39,2), (39,3), (40,3), (41,3), (41,4), (41,5), (42,5), (43,5), (43,6), (43,7), (43,8), (43,9), (43,10), (43,11), (43,12), (43,13), (43,14), (44,14), (44,15), (44,16), (44,17), (44,18), (44,19), (44,20), (44,21), (44,22), (44,23), (44,24), (45,24), (45,25), (45,26), (45,27), (45,28)",
        "time": 11.847341938398763
    },
    "Uber_Train_Uber": {
        "cost": 36.045391114801475,
        "env_tax": 0.11000000000000001,
        "route": "(3,4), (4,4), (5,4), (6,4), (7,4), (7,5), (7,6), (8,6), (8,7), (8,8), (8,9), (8,10), (9,10), (10,10)|(10,10), (11,10), (12,10), (13,10), (14,10), (15,10), (16,10), (17,10), (18,10), (19,10), (20,10), (21,10), (22,10), (23,10), (24,10), (25,10), (26,10), (27,10), (28,10), (29,10), (30,10), (31,10), (32,10), (33,10), (34,10), (35,10), (36,10), (37,10), (38,10), (39,10), (40,10), (40,10), (40,11), (40,12), (40,13), (40,14), (40,15), (40,16), (40,17), (40,18), (40,19), (40,20), (40,21), (40,22), (40,23), (40,24), (40,25), (40,26), (40,27), (40,28), (40,29), (40,30)|(40,30), (40,29), (41,29), (42,29), (43,29), (44,29), (45,29), (45,28)",
        "time": 17.10765019477823
    },
    "Uber_Train_Walk": {
        "cost": 18.534054251268916,
        "env_tax": 0.07,
        "route": "(3,4), (4,4), (5,4), (6,4), (7,4), (7,5), (7,6), (8,6), (8,7), (8,8), (8,9), (8,10), (9,10), (10,10)|(10,10), (11,10), (12,10), (13,10), (14,10), (15,10), (16,10), (17,10), (18,10), (19,10), (20,10), (21,10), (22,10), (23,10), (24,10), (25,10), (26,10), (27,10), (28,10), (29,10), (30,10), (31,10), (32,10), (33,10), (34,10), (35,10), (36,10), (37,10), (38,10), (39,10), (40,10), (40,10), (40,11), (40,12), (40,13), (40,14), (40,15), (40,16), (40,17), (40,18), (40,19), (40,20), (40,21), (40,22), (40,23), (40,24), (40,25), (40,26), (40,27), (40,28), (40,29), (40,30)|(40,30), (41,30), (42,30), (43,30), (44,30), (45,30), (45,30), (45,29), (45,28)",
        "time": 536.9114301617346
    },
    "Walk": {
        "cost": 0,
        "env_tax": 0,
        "route": "(3,4), (4,4), (5,4), (6,4), (7,4), (8,4), (9,4), (10,4), (11,4), (12,4), (13,4), (14,4), (15,4), (16,4), (17,4), (18,4), (19,4), (20,4), (21,4), (22,4), (23,4), (24,4), (25,4), (26,4), (27,4), (28,4), (29,4), (30,4), (31,4), (32,4), (33,4), (34,4), (35,4), (36,4), (37,4), (38,4), (39,4), (40,4), (41,4), (42,4), (43,4), (44,4), (45,4), (45,4), (45,5), (45,6), (45,7), (45,8), (45,9), (45,10), (45,11), (45,12), (45,13), (45,14), (45,15), (45,16), (45,17), (45,18), (45,19), (45,20), (45,21), (45,22), (45,23), (45,24), (45,25), (45,26), (45,27), (45,28)",
        "time": 4921.259842519685
    },
    "Walk_Train_Uber": {
        "cost": 23.663631743551942,
        "env_tax": 0.04000000000000001,
        "route": "(3,4), (4,4), (5,4), (6,4), (7,4), (8,4), (9,4), (10,4), (10,4), (10,5), (10,6), (10,7), (10,8), (10,9), (10,10)|(10,10), (11,10), (12,10), (13,10), (14,10), (15,10), (16,10), (17,10), (18,10), (19,10), (20,10), (21,10), (22,10), (23,10), (24,10), (25,10), (26,10), (27,10), (28,10), (29,10), (30,10), (31,10), (32,10), (33,10), (34,10), (35,10), (36,10), (37,10), (38,10), (39,10), (40,10), (40,10), (40,11), (40,12), (40,13), (40,14), (40,15), (40,16), (40,17), (40,18), (40,19), (40,20), (40,21), (40,22), (40,23), (40,24), (40,25), (40,26), (40,27), (40,28), (40,29), (40,30)|(40,30), (40,29), (41,29), (42,29), (43,29), (44,29), (45,29), (45,28)",
        "time": 988.2451401290366
    },
    "Walk_Train_Walk": {
        "cost": 5.2,
        "env_tax": 0,
        "route": "(3,4), (4,4), (5,4), (6,4), (7,4), (8,4), (9,4), (10,4), (10,4), (10,5), (10,6), (10,7), (10,8), (10,9), (10,10)|(10,10), (11,10), (12,10), (13,10), (14,10), (15,10), (16,10), (17,10), (18,10), (19,10), (20,10), (21,10), (22,10), (23,10), (24,10), (25,10), (26,10), (27,10), (28,10), (29,10), (30,10), (31,10), (32,10), (33,10), (34,10), (35,10), (36,10), (37,10), (38,10), (39,10), (40,10), (40,10), (40,11), (40,12), (40,13), (40,14), (40,15), (40,16), (40,17), (40,18), (40,19), (40,20), (40,21), (40,22), (40,23), (40,24), (40,25), (40,26), (40,27), (40,28), (40,29), (40,30)|(40,30), (41,30), (42,30), (43,30), (44,30), (45,30), (45,30), (45,29), (45,28)",
        "time": 1498.047538205171
    }
}