{
    "Uber": {
        "cost": 51.64923832567898,
        "env_tax": 0.31500000000000006,
        "route": "(15,66), (14,66), (13,66), (13,65), (13,64), (13,63), (13,62), (13,61), (13,60), (13,59), (13,58), (13,57), (13,56), (13,55), (13,54), (13,53), (13,52), (13,51), (13,50), (13,49), (13,48), (13,47), (14,47), (14,46), (15,46), (15,45), (15,44), (16,44), (17,44), (17,43), (18,43), (19,43), (20,43), (21,43), (22,43), (23,43), (24,43), (25,43), (26,43), (27,43), (28,43), (29,43), (30,43), (31,43), (32,43), (33,43), (34,43), (35,43), (36,43), (37,43), (38,43), (39,43), (40,43), (41,43), (42,43), (43,43), (44,43), (45,43), (46,43), (47,43), (48,43), (49,43), (50,43)",
        "time": 20.280102580769714
    },
    "Uber_Train_Uber": {
        "cost": 37.04903850301781,
        "env_tax": 0.07,
        "route": "(15,66), (15,67), (15,68), (15,69), (15,70), (14,70), (13,70), (12,70), (11,70), (10,70)|(10,70), (11,70), (12,70), (13,70), (14,70), (15,70), (16,70), (17,70), (18,70), (19,70), (20,70), (21,70), (22,70), (23,70), (24,70), (25,70), (26,70), (27,70), (28,70), (29,70), (30,70), (31,70), (32,70), (33,70), (34,70), (35,70), (36,70), (37,70), (38,70), (39,70), (40,70), (41,70), (42,70), (43,70), (44,70), (45,70), (46,70), (47,70), (48,70), (49,70), (50,70), (50,70), (50,69), (50,68), (50,67), (50,66), (50,65), (50,64), (50,63), (50,62), (50,61), (50,60), (50,59), (50,58), (50,57), (50,56), (50,55), (50,54), (50,53), (50,52), (50,51), (50,50), (50,49), (50,48), (50,47), (50,46), (50,45), (50,44), (50,43), (50,42), (50,41), (50,40)|(50,40), (50,41), (50,42), (50,43)",
        "time": 21.100289101430008
    },
    "Uber_Train_Walk": {
        "cost": 21.966427615465307,
        "env_tax": 0.05,
        "route": "(15,66), (15,67), (15,68), (15,69), (15,70), (14,70), (13,70), (12,70), (11,70), (10,70)|(10,70), (11,70), (12,70), (13,70), (14,70), (15,70), (16,70), (17,70), (18,70), (19,70), (20,70), (21,70), (22,70), (23,70), (24,70), (25,70), (26,70), (27,70), (28,70), (29,70), (30,70), (31,70), (32,70), (33,70), (34,70), (35,70), (36,70), (37,70), (38,70), (39,70), (40,70), (41,70), (42,70), (43,70), (44,70), (45,70), (46,70), (47,70), (48,70), (49,70), (50,70), (50,70), (50,69), (50,68), (50,67), (50,66), (50,65), (50,64), (50,63), (50,62), (50,61), (50,60), (50,59), (50,58), (50,57), (50,56), (50,55), (50,54), (50,53), (50,52), (50,51), (50,50), (50,49), (50,48), (50,47), (50,46), (50,45), (50,44), (50,43), (50,42), (50,41), (50,40)|(50,40), (50,40), (50,41), (50,42), (50,43)",
        "time": 243.28000509596652
    },
    "Walk": {
        "cost": 0,
        "env_tax": 0,
        "route": "(15,66), (16,66), (17,66), (18,66), (19,66), (20,66), (21,66), (22,66), (23,66), (24,66), (25,66), (26,66), (27,66), (28,66), (29,66), (30,66), (31,66), (32,66), (33,66), (34,66), (35,66), (36,66), (37,66), (38,66), (39,66), (40,66), (41,66), (42,66), (43,66), (44,66), (45,66), (46,66), (47,66), (48,66), (49,66), (50,66), (50,66), (50,65), (50,64), (50,63), (50,62), (50,61), (50,60), (50,59), (50,58), (50,57), (50,56), (50,55), (50,54), (50,53), (50,52), (50,51), (50,50), (50,49), (50,48), (50,47), (50,46), (50,45), (50,44), (50,43)",
        "time": 4324.743497971845
    },
    "Walk_Train_Uber": {
        "cost": 22.669534311384986,
        "env_tax": 0.020000000000000004,
        "route": "(15,66), (14,66), (13,66), (12,66), (11,66), (10,66), (10,66), (10,67), (10,68), (10,69), (10,70)|(10,70), (11,70), (12,70), (13,70), (14,70), (15,70), (16,70), (17,70), (18,70), (19,70), (20,70), (21,70), (22,70), (23,70), (24,70), (25,70), (26,70), (27,70), (28,70), (29,70), (30,70), (31,70), (32,70), (33,70), (34,70), (35,70), (36,70), (37,70), (38,70), (39,70), (40,70), (41,70), (42,70), (43,70), (44,70), (45,70), (46,70), (47,70), (48,70), (49,70), (50,70), (50,70), (50,69), (50,68), (50,67), (50,66), (50,65), (50,64), (50,63), (50,62), (50,61), (50,60), (50,59), (50,58), (50,57), (50,56), (50,55), (50,54), (50,53), (50,52), (50,51), (50,50), (50,49), (50,48), (50,47), (50,46), (50,45), (50,44), (50,43), (50,42), (50,41), (50,40)|(50,40), (50,41), (50,42), (50,43)",
        "time": 690.5204857612033
    },
    "Walk_Train_Walk": {
        "cost": 7.2,
        "env_tax": 0,
        "route": "(15,66), (14,66), (13,66), (12,66), (11,66), (10,66), (10,66), (10,67), (10,68), (10,69), (10,70)|(10,70), (11,70), (12,70), (13,70), (14,70), (15,70), (16,70), (17,70), (18,70), (19,70), (20,70), (21,70), (22,70), (23,70), (24,70), (25,70), (26,70), (27,70), (28,70), (29,70), (30,70), (31,70), (32,70), (33,70), (34,70), (35,70), (36,70), (37,70), (38,70), (39,70), (40,70), (41,70), (42,70), (43,70), (44,70), (45,70), (46,70), (47,70), (48,70), (49,70), (50,70), (50,70), (50,69), (50,68), (50,67), (50,66), (50,65), (50,64), (50,63), (50,62), (50,61), (50,60), (50,59), (50,58), (50,57), (50,56), (50,55), (50,54), (50,53), (50,52), (50,51), (50,50), (50,49), (50,48), (50,47), (50,46), (50,45), (50,44), (50,43), (50,42), (50,41), (50,40)|(50,40), (50,40), (50,41), (50,42), (50,43)",
        "time": 905.4194272548648
    }
}