{
    "Uber": {
        "cost": 31.134866407588266,
        "env_tax": 0.35000000000000003,
        "route": "(11,24), (11,23), (11,22), (11,21), (11,20), (11,19), (11,18), (11,17), (11,16), (11,15), (12,15), (13,15), (13,14), (13,13), (13,12), (14,12), (14,11), (15,11), (16,11), (16,10), (17,10), (18,10), (19,10), (19,9), (20,9), (21,9), (22,9), (22,8), (23,8), (24,8), (25,8), (26,8), (27,8), (28,8), (29,8), (30,8), (31,8), (32,8), (33,8), (34,8), (35,8), (36,8), (37,8), (38,8), (39,8), (40,8), (41,8), (42,8), (43,8), (43,9), (44,9), (45,9), (45,10), (45,11), (46,11), (46,12), (47,12), (47,13), (48,13), (49,13), (50,13), (50,14), (51,14), (52,14), (52,15), (53,15), (53,16), (54,16), (55,16), (55,17)",
        "time": 13.057054809968442
    },
    "Uber_Train_Uber": {
        "cost": 33.53072540050402,
        "env_tax": 0.07500000000000001,
        "route": "(11,24), (10,24), (10,23), (10,22), (10,21), (10,20)|(10,20), (11,20), (12,20), (13,20), (14,20), (15,20), (16,20), (17,20), (18,20), (19,20), (20,20), (21,20), (22,20), (23,20), (24,20), (25,20), (26,20), (27,20), (28,20), (29,20), (30,20), (31,20), (32,20), (33,20), (34,20), (35,20), (36,20), (37,20), (38,20), (39,20), (40,20), (41,20), (42,20), (43,20), (44,20), (45,20), (46,20), (47,20), (48,20), (49,20), (50,20), (50,20)|(50,20), (50,19), (51,19), (52,19), (52,18), (53,18), (53,17), (54,17), (55,17)",
        "time": 23.309701375010768
    },
    "Uber_Train_Walk": {
        "cost": 17.25547446811922,
        "env_tax": 0.030000000000000006,
        "route": "(11,24), (10,24), (10,23), (10,22), (10,21), (10,20)|(10,20), (11,20), (12,20), (13,20), (14,20), (15,20), (16,20), (17,20), (18,20), (19,20), (20,20), (21,20), (22,20), (23,20), (24,20), (25,20), (26,20), (27,20), (28,20), (29,20), (30,20), (31,20), (32,20), (33,20), (34,20), (35,20), (36,20), (37,20), (38,20), (39,20), (40,20), (41,20), (42,20), (43,20), (44,20), (45,20), (46,20), (47,20), (48,20), (49,20), (50,20), (50,20)|(50,20), (51,20), (52,20), (53,20), (54,20), (55,20), (55,20), (55,19), (55,18), (55,17)",
        "time": 614.571884862847
    },
    "Walk": {
        "cost": 0,
        "env_tax": 0,
        "route": "(11,24), (12,24), (13,24), (14,24), (15,24), (16,24), (17,24), (18,24), (19,24), (20,24), (21,24), (22,24), (23,24), (24,24), (25,24), (26,24), (27,24), (28,24), (29,24), (30,24), (31,24), (32,24), (33,24), (34,24), (35,24), (36,24), (37,24), (38,24), (39,24), (40,24), (41,24), (42,24), (43,24), (44,24), (45,24), (46,24), (47,24), (48,24), (49,24), (50,24), (51,24), (52,24), (53,24), (54,24), (55,24), (55,24), (55,23), (55,22), (55,21), (55,20), (55,19), (55,18), (55,17)",
        "time": 3802.7916964924834
    },
    "Walk_Train_Uber": {
        "cost": 20.52135888246899,
        "env_tax": 0.045000000000000005,
        "route": "(11,24), (10,24), (10,24), (10,23), (10,22), (10,21), (10,20)|(10,20), (11,20), (12,20), (13,20), (14,20), (15,20), (16,20), (17,20), (18,20), (19,20), (20,20), (21,20), (22,20), (23,20), (24,20), (25,20), (26,20), (27,20), (28,20), (29,20), (30,20), (31,20), (32,20), (33,20), (34,20), (35,20), (36,20), (37,20), (38,20), (39,20), (40,20), (41,20), (42,20), (43,20), (44,20), (45,20), (46,20), (47,20), (48,20), (49,20), (50,20), (50,20)|(50,20), (50,19), (51,19), (52,19), (52,18), (53,18), (53,17), (54,17), (55,17)",
        "time": 386.6248800645901
    },
    "Walk_Train_Walk": {
        "cost": 4.2,
        "env_tax": 0,
        "route": "(11,24), (10,24), (10,24), (10,23), (10,22), (10,21), (10,20)|(10,20), (11,20), (12,20), (13,20), (14,20), (15,20), (16,20), (17,20), (18,20), (19,20), (20,20), (21,20), (22,20), (23,20), (24,20), (25,20), (26,20), (27,20), (28,20), (29,20), (30,20), (31,20), (32,20), (33,20), (34,20), (35,20), (36,20), (37,20), (38,20), (39,20), (40,20), (41,20), (42,20), (43,20), (44,20), (45,20), (46,20), (47,20), (48,20), (49,20), (50,20), (50,20)|(50,20), (51,20), (52,20), (53,20), (54,20), (55,20), (55,20), (55,19), (55,18), (55,17)",
        "time": 977.9507711063012
    }
}