{
    "Uber": {
        "cost": 31.194062943253066,
        "env_tax": 0.515,
        "route": "(19,30), (18,30), (18,29), (18,28), (18,27), (18,26), (18,25), (18,24), (18,23), (18,22), (18,21), (18,20), (18,19), (18,18), (18,17), (18,16), (18,15), (18,14), (18,13), (18,12), (18,11), (18,10), (18,9), (18,8), (18,7), (18,6), (18,5), (18,4), (18,3), (19,3), (19,2), (20,2), (21,2), (21,1), (22,1), (22,0), (23,0), (24,0), (25,0), (26,0), (27,0), (28,0), (29,0), (30,0), (31,0), (32,0), (33,0), (34,0), (35,0), (36,0), (37,0), (38,0), (39,0), (40,0), (41,0), (42,0), (43,0), (44,0), (45,0), (46,0), (47,0), (48,0), (49,0), (50,0), (51,0), (52,0), (53,0), (54,0), (55,0), (56,0), (57,0), (58,0), (59,0), (60,0), (61,0), (62,0), (63,0), (64,0), (65,0), (66,0), (67,0), (68,0), (69,0), (70,0), (71,0), (72,0), (73,0), (74,0), (75,0), (76,0), (77,0), (78,0), (79,0), (80,0), (81,0), (82,0), (83,0), (84,0), (85,0), (86,0), (87,0), (88,0), (89,0)",
        "time": 9.315167773891513
    },
    "Uber_Train_Uber": {
        "cost": 34.68234947219865,
        "env_tax": 0.07,
        "route": "(19,30), (20,30)|(20,30), (21,30), (22,30), (23,30), (24,30), (25,30), (26,30), (27,30), (28,30), (29,30), (30,30), (31,30), (32,30), (33,30), (34,30), (35,30), (36,30), (37,30), (38,30), (39,30), (40,30), (41,30), (42,30), (43,30), (44,30), (45,30), (46,30), (47,30), (48,30), (49,30), (50,30), (51,30), (52,30), (53,30), (54,30), (55,30), (56,30), (57,30), (58,30), (59,30), (60,30), (61,30), (62,30), (63,30), (64,30), (65,30), (66,30), (67,30), (68,30), (69,30), (70,30), (71,30), (72,30), (73,30), (74,30), (75,30), (76,30), (77,30), (78,30), (79,30), (80,30), (81,30), (82,30), (83,30), (84,30), (85,30), (86,30), (87,30), (88,30), (89,30), (90,30), (90,30), (90,29), (90,28), (90,27), (90,26), (90,25), (90,24), (90,23), (90,22), (90,21), (90,20), (90,19), (90,18), (90,17), (90,16), (90,15), (90,14), (90,13), (90,12), (90,11), (90,10)|(90,10), (90,9), (89,9), (89,8), (89,7), (89,6), (89,5), (89,4), (89,3), (89,2), (89,1), (89,0)",
        "time": 25.860822438936857
    },
    "Uber_Train_Walk": {
        "cost": 21.64099014640175,
        "env_tax": 0.010000000000000002,
        "route": "(19,30), (20,30)|(20,30), (21,30), (22,30), (23,30), (24,30), (25,30), (26,30), (27,30), (28,30), (29,30), (30,30), (31,30), (32,30), (33,30), (34,30), (35,30), (36,30), (37,30), (38,30), (39,30), (40,30), (41,30), (42,30), (43,30), (44,30), (45,30), (46,30), (47,30), (48,30), (49,30), (50,30), (51,30), (52,30), (53,30), (54,30), (55,30), (56,30), (57,30), (58,30), (59,30), (60,30), (61,30), (62,30), (63,30), (64,30), (65,30), (66,30), (67,30), (68,30), (69,30), (70,30), (71,30), (72,30), (73,30), (74,30), (75,30), (76,30), (77,30), (78,30), (79,30), (80,30), (81,30), (82,30), (83,30), (84,30), (85,30), (86,30), (87,30), (88,30), (89,30), (90,30), (90,30), (90,29), (90,28), (90,27), (90,26), (90,25), (90,24), (90,23), (90,22), (90,21), (90,20), (90,19), (90,18), (90,17), (90,16), (90,15), (90,14), (90,13), (90,12), (90,11), (90,10)|(90,10), (89,10), (89,10), (89,9), (89,8), (89,7), (89,6), (89,5), (89,4), (89,3), (89,2), (89,1), (89,0)",
        "time": 837.5316631300121
    },
    "Walk": {
        "cost": 0,
        "env_tax": 0,
        "route": "(19,30), (20,30), (21,30), (22,30), (23,30), (24,30), (25,30), (26,30), (27,30), (28,30), (29,30), (30,30), (31,30), (32,30), (33,30), (34,30), (35,30), (36,30), (37,30), (38,30), (39,30), (40,30), (41,30), (42,30), (43,30), (44,30), (45,30), (46,30), (47,30), (48,30), (49,30), (50,30), (51,30), (52,30), (53,30), (54,30), (55,30), (56,30), (57,30), (58,30), (59,30), (60,30), (61,30), (62,30), (63,30), (64,30), (65,30), (66,30), (67,30), (68,30), (69,30), (70,30), (71,30), (72,30), (73,30), (74,30), (75,30), (76,30), (77,30), (78,30), (79,30), (80,30), (81,30), (82,30), (83,30), (84,30), (85,30), (86,30), (87,30), (88,30), (89,30), (89,30), (89,29), (89,28), (89,27), (89,26), (89,25), (89,24), (89,23), (89,22), (89,21), (89,20), (89,19), (89,18), (89,17), (89,16), (89,15), (89,14), (89,13), (89,12), (89,11), (89,10), (89,9), (89,8), (89,7), (89,6), (89,5), (89,4), (89,3), (89,2), (89,1), (89,0)",
        "time": 7456.454306848007
    },
    "Walk_Train_Uber": {
        "cost": 22.514005211651845,
        "env_tax": 0.06000000000000001,
        "route": "(19,30), (20,30), (20,30)|(20,30), (21,30), (22,30), (23,30), (24,30), (25,30), (26,30), (27,30), (28,30), (29,30), (30,30), (31,30), (32,30), (33,30), (34,30), (35,30), (36,30), (37,30), (38,30), (39,30), (40,30), (41,30), (42,30), (43,30), (44,30), (45,30), (46,30), (47,30), (48,30), (49,30), (50,30), (51,30), (52,30), (53,30), (54,30), (55,30), (56,30), (57,30), (58,30), (59,30), (60,30), (61,30), (62,30), (63,30), (64,30), (65,30), (66,30), (67,30), (68,30), (69,30), (70,30), (71,30), (72,30), (73,30), (74,30), (75,30), (76,30), (77,30), (78,30), (79,30), (80,30), (81,30), (82,30), (83,30), (84,30), (85,30), (86,30), (87,30), (88,30), (89,30), (90,30), (90,30), (90,29), (90,28), (90,27), (90,26), (90,25), (90,24), (90,23), (90,22), (90,21), (90,20), (90,19), (90,18), (90,17), (90,16), (90,15), (90,14), (90,13), (90,12), (90,11), (90,10)|(90,10), (90,9), (89,9), (89,8), (89,7), (89,6), (89,5), (89,4), (89,3), (89,2), (89,1), (89,0)",
        "time": 89.51222055356688
    },
    "Walk_Train_Walk": {
        "cost": 9.200000000000001,
        "env_tax": 0,
        "route": "(19,30), (20,30), (20,30)|(20,30), (21,30), (22,30), (23,30), (24,30), (25,30), (26,30), (27,30), (28,30), (29,30), (30,30), (31,30), (32,30), (33,30), (34,30), (35,30), (36,30), (37,30), (38,30), (39,30), (40,30), (41,30), (42,30), (43,30), (44,30), (45,30), (46,30), (47,30), (48,30), (49,30), (50,30), (51,30), (52,30), (53,30), (54,30), (55,30), (56,30), (57,30), (58,30), (59,30), (60,30), (61,30), (62,30), (63,30), (64,30), (65,30), (66,30), (67,30), (68,30), (69,30), (70,30), (71,30), (72,30), (73,30), (74,30), (75,30), (76,30), (77,30), (78,30), (79,30), (80,30), (81,30), (82,30), (83,30), (84,30), (85,30), (86,30), (87,30), (88,30), (89,30), (90,30), (90,30), (90,29), (90,28), (90,27), (90,26), (90,25), (90,24), (90,23), (90,22), (90,21), (90,20), (90,19), (90,18), (90,17), (90,16), (90,15), (90,14), (90,13), (90,12), (90,11), (90,10)|(90,10), (89,10), (89,10), (89,9), (89,8), (89,7), (89,6), (89,5), (89,4), (89,3), (89,2), (89,1), (89,0)",
        "time": 902.962523297254
    }
}