{
    "Uber": {
        "cost": 36.33720050267697,
        "env_tax": 0.23000000000000004,
        "route": "(85,81), (85,80), (85,79), (85,78), (85,77), (85,76), (85,75), (85,74), (85,73), (84,73), (83,73), (83,72), (82,72), (81,72), (81,71), (81,70), (81,69), (81,68), (81,67), (80,67), (80,66), (79,66), (78,66), (77,66), (76,66), (75,66), (74,66), (73,66), (72,66), (71,66), (71,65), (70,65), (69,65), (68,65), (67,65), (67,64), (66,64), (66,63), (65,63), (64,63), (64,62), (64,61), (63,61), (62,61), (62,60), (61,60)",
        "time": 16.32072046145709
    },
    "Uber_Train_Uber": {
        "cost": 30.518288953917423,
        "env_tax": 0.045000000000000005,
        "route": "(85,81), (84,81), (84,80), (83,80), (82,80), (81,80), (80,80)|(80,80), (79,80), (78,80), (77,80), (76,80), (75,80), (74,80), (73,80), (72,80), (71,80), (70,80), (69,80), (68,80), (67,80), (66,80), (65,80), (64,80), (63,80), (62,80), (61,80), (60,80), (60,80), (60,79), (60,78), (60,77), (60,76), (60,75), (60,74), (60,73), (60,72), (60,71), (60,70), (60,69), (60,68), (60,67), (60,66), (60,65), (60,64), (60,63), (60,62), (60,61), (60,60)|(60,60), (61,60)",
        "time": 21.872891772712862
    },
    "Uber_Train_Walk": {
        "cost": 17.453474293830688,
        "env_tax": 0.035,
        "route": "(85,81), (84,81), (84,80), (83,80), (82,80), (81,80), (80,80)|(80,80), (79,80), (78,80), (77,80), (76,80), (75,80), (74,80), (73,80), (72,80), (71,80), (70,80), (69,80), (68,80), (67,80), (66,80), (65,80), (64,80), (63,80), (62,80), (61,80), (60,80), (60,80), (60,79), (60,78), (60,77), (60,76), (60,75), (60,74), (60,73), (60,72), (60,71), (60,70), (60,69), (60,68), (60,67), (60,66), (60,65), (60,64), (60,63), (60,62), (60,61), (60,60)|(60,60), (61,60), (61,60)",
        "time": 90.10493521624078
    },
    "Walk": {
        "cost": 0,
        "env_tax": 0,
        "route": "(85,81), (84,81), (83,81), (82,81), (81,81), (80,81), (79,81), (78,81), (77,81), (76,81), (75,81), (74,81), (73,81), (72,81), (71,81), (70,81), (69,81), (68,81), (67,81), (66,81), (65,81), (64,81), (63,81), (62,81), (61,81), (61,81), (61,80), (61,79), (61,78), (61,77), (61,76), (61,75), (61,74), (61,73), (61,72), (61,71), (61,70), (61,69), (61,68), (61,67), (61,66), (61,65), (61,64), (61,63), (61,62), (61,61), (61,60)",
        "time": 3355.404438081603
    },
    "Walk_Train_Uber": {
        "cost": 17.092949534662164,
        "env_tax": 0.010000000000000002,
        "route": "(85,81), (84,81), (83,81), (82,81), (81,81), (80,81), (80,81), (80,80)|(80,80), (79,80), (78,80), (77,80), (76,80), (75,80), (74,80), (73,80), (72,80), (71,80), (70,80), (69,80), (68,80), (67,80), (66,80), (65,80), (64,80), (63,80), (62,80), (61,80), (60,80), (60,80), (60,79), (60,78), (60,77), (60,76), (60,75), (60,74), (60,73), (60,72), (60,71), (60,70), (60,69), (60,68), (60,67), (60,66), (60,65), (60,64), (60,63), (60,62), (60,61), (60,60)|(60,60), (61,60)",
        "time": 465.09203489993064
    },
    "Walk_Train_Walk": {
        "cost": 4.2,
        "env_tax": 0,
        "route": "(85,81), (84,81), (83,81), (82,81), (81,81), (80,81), (80,81), (80,80)|(80,80), (79,80), (78,80), (77,80), (76,80), (75,80), (74,80), (73,80), (72,80), (71,80), (70,80), (69,80), (68,80), (67,80), (66,80), (65,80), (64,80), (63,80), (62,80), (61,80), (60,80), (60,80), (60,79), (60,78), (60,77), (60,76), (60,75), (60,74), (60,73), (60,72), (60,71), (60,70), (60,69), (60,68), (60,67), (60,66), (60,65), (60,64), (60,63), (60,62), (60,61), (60,60)|(60,60), (61,60), (61,60)",
        "time": 530.8466514077224
    }
}