{
    "Uber": {
        "cost": 32.900869180349545,
        "env_tax": 0.5,
        "route": "(83,59), (83,58), (83,57), (83,56), (84,56), (85,56), (86,56), (87,56), (88,56), (89,56), (90,56), (91,56), (92,56), (93,56), (93,55), (93,54), (93,53), (93,52), (93,51), (93,50), (93,49), (93,48), (93,47), (93,46), (93,45), (93,44), (93,43), (93,42), (93,41), (93,40), (93,39), (93,38), (93,37), (93,36), (93,35), (93,34), (93,33), (93,32), (93,31), (93,30), (93,29), (93,28), (93,27), (93,26), (93,25), (93,24), (93,23), (93,22), (93,21), (92,21), (92,20), (92,19), (92,18), (92,17), (92,16), (92,15), (92,14), (92,13), (92,12), (92,11), (92,10), (92,9), (92,8), (92,7), (92,6), (92,5), (92,4), (92,3), (92,2), (92,1), (91,1), (90,1), (90,0), (89,0), (88,0), (87,0), (86,0), (85,0), (84,0), (83,0), (82,0), (81,0), (80,0), (79,0), (78,0), (77,0), (76,0), (75,0), (74,0), (73,0), (72,0), (71,0), (70,0), (69,0), (68,0), (67,0), (66,0), (65,0), (64,0), (63,0)",
        "time": 11.907122541774914
    },
    "Uber_Train_Uber": {
        "cost": 36.22457123303065,
        "env_tax": 0.095,
        "route": "(83,59), (82,59), (81,59), (81,60), (80,60)|(80,60), (79,60), (78,60), (77,60), (76,60), (75,60), (74,60), (73,60), (72,60), (71,60), (70,60), (69,60), (68,60), (67,60), (66,60), (65,60), (64,60), (63,60), (62,60), (61,60), (60,60), (60,60), (60,59), (60,58), (60,57), (60,56), (60,55), (60,54), (60,53), (60,52), (60,51), (60,50), (60,49), (60,48), (60,47), (60,46), (60,45), (60,44), (60,43), (60,42), (60,41), (60,40), (60,39), (60,38), (60,37), (60,36), (60,35), (60,34), (60,33), (60,32), (60,31), (60,30), (60,29), (60,28), (60,27), (60,26), (60,25), (60,24), (60,23), (60,22), (60,21), (60,20), (60,19), (60,18), (60,17), (60,16), (60,15), (60,14), (60,13), (60,12), (60,11), (60,10)|(60,10), (60,9), (60,8), (60,7), (61,7), (61,6), (62,6), (62,5), (62,4), (62,3), (62,2), (63,2), (63,1), (63,0)",
        "time": 16.313479107204472
    },
    "Uber_Train_Walk": {
        "cost": 21.20834116570099,
        "env_tax": 0.025,
        "route": "(83,59), (82,59), (81,59), (81,60), (80,60)|(80,60), (79,60), (78,60), (77,60), (76,60), (75,60), (74,60), (73,60), (72,60), (71,60), (70,60), (69,60), (68,60), (67,60), (66,60), (65,60), (64,60), (63,60), (62,60), (61,60), (60,60), (60,60), (60,59), (60,58), (60,57), (60,56), (60,55), (60,54), (60,53), (60,52), (60,51), (60,50), (60,49), (60,48), (60,47), (60,46), (60,45), (60,44), (60,43), (60,42), (60,41), (60,40), (60,39), (60,38), (60,37), (60,36), (60,35), (60,34), (60,33), (60,32), (60,31), (60,30), (60,29), (60,28), (60,27), (60,26), (60,25), (60,24), (60,23), (60,22), (60,21), (60,20), (60,19), (60,18), (60,17), (60,16), (60,15), (60,14), (60,13), (60,12), (60,11), (60,10)|(60,10), (61,10), (62,10), (63,10), (63,10), (63,9), (63,8), (63,7), (63,6), (63,5), (63,4), (63,3), (63,2), (63,1), (63,0)",
        "time": 981.515721380866
    },
    "Walk": {
        "cost": 0,
        "env_tax": 0,
        "route": "(83,59), (82,59), (81,59), (80,59), (79,59), (78,59), (77,59), (76,59), (75,59), (74,59), (73,59), (72,59), (71,59), (70,59), (69,59), (68,59), (67,59), (66,59), (65,59), (64,59), (63,59), (63,59), (63,58), (63,57), (63,56), (63,55), (63,54), (63,53), (63,52), (63,51), (63,50), (63,49), (63,48), (63,47), (63,46), (63,45), (63,44), (63,43), (63,42), (63,41), (63,40), (63,39), (63,38), (63,37), (63,36), (63,35), (63,34), (63,33), (63,32), (63,31), (63,30), (63,29), (63,28), (63,27), (63,26), (63,25), (63,24), (63,23), (63,22), (63,21), (63,20), (63,19), (63,18), (63,17), (63,16), (63,15), (63,14), (63,13), (63,12), (63,11), (63,10), (63,9), (63,8), (63,7), (63,6), (63,5), (63,4), (63,3), (63,2), (63,1), (63,0)",
        "time": 5890.598902409925
    },
    "Walk_Train_Uber": {
        "cost": 22.19598540509653,
        "env_tax": 0.07,
        "route": "(83,59), (82,59), (81,59), (80,59), (80,59), (80,60)|(80,60), (79,60), (78,60), (77,60), (76,60), (75,60), (74,60), (73,60), (72,60), (71,60), (70,60), (69,60), (68,60), (67,60), (66,60), (65,60), (64,60), (63,60), (62,60), (61,60), (60,60), (60,60), (60,59), (60,58), (60,57), (60,56), (60,55), (60,54), (60,53), (60,52), (60,51), (60,50), (60,49), (60,48), (60,47), (60,46), (60,45), (60,44), (60,43), (60,42), (60,41), (60,40), (60,39), (60,38), (60,37), (60,36), (60,35), (60,34), (60,33), (60,32), (60,31), (60,30), (60,29), (60,28), (60,27), (60,26), (60,25), (60,24), (60,23), (60,22), (60,21), (60,20), (60,19), (60,18), (60,17), (60,16), (60,15), (60,14), (60,13), (60,12), (60,11), (60,10)|(60,10), (60,9), (60,8), (60,7), (61,7), (61,6), (62,6), (62,5), (62,4), (62,3), (62,2), (63,2), (63,1), (63,0)",
        "time": 308.5097754119109
    },
    "Walk_Train_Walk": {
        "cost": 7.2,
        "env_tax": 0,
        "route": "(83,59), (82,59), (81,59), (80,59), (80,59), (80,60)|(80,60), (79,60), (78,60), (77,60), (76,60), (75,60), (74,60), (73,60), (72,60), (71,60), (70,60), (69,60), (68,60), (67,60), (66,60), (65,60), (64,60), (63,60), (62,60), (61,60), (60,60), (60,60), (60,59), (60,58), (60,57), (60,56), (60,55), (60,54), (60,53), (60,52), (60,51), (60,50), (60,49), (60,48), (60,47), (60,46), (60,45), (60,44), (60,43), (60,42), (60,41), (60,40), (60,39), (60,38), (60,37), (60,36), (60,35), (60,34), (60,33), (60,32), (60,31), (60,30), (60,29), (60,28), (60,27), (60,26), (60,25), (60,24), (60,23), (60,22), (60,21), (60,20), (60,19), (60,18), (60,17), (60,16), (60,15), (60,14), (60,13), (60,12), (60,11), (60,10)|(60,10), (61,10), (62,10), (63,10), (63,10), (63,9), (63,8), (63,7), (63,6), (63,5), (63,4), (63,3), (63,2), (63,1), (63,0)",
        "time": 1271.9893580667654
    }
}