{
    "Uber": {
        "cost": 41.81896205499918,
        "env_tax": 0.22000000000000003,
        "route": "(49,68), (50,68), (51,68), (52,68), (53,68), (54,68), (54,69), (55,69), (55,70), (56,70), (57,70), (58,70), (59,70), (60,70), (61,70), (62,70), (63,70), (64,70), (65,70), (66,70), (67,70), (67,71), (68,71), (69,71), (70,71), (71,71), (72,71), (73,71), (74,71), (75,71), (76,71), (77,71), (78,71), (79,71), (80,71), (80,70), (81,70), (81,69), (81,68), (82,68), (83,68), (83,67), (84,67), (85,67)",
        "time": 14.050300269229254
    },
    "Uber_Train_Uber": {
        "cost": 33.53518061359052,
        "env_tax": 0.065,
        "route": "(49,68), (49,69), (49,70), (50,70)|(50,70), (51,70), (52,70), (53,70), (54,70), (55,70), (56,70), (57,70), (58,70), (59,70), (60,70), (61,70), (62,70), (63,70), (64,70), (65,70), (66,70), (67,70), (68,70), (69,70), (70,70), (71,70), (72,70), (73,70), (74,70), (75,70), (76,70), (77,70), (78,70), (79,70), (80,70), (80,70)|(80,70), (81,70), (81,69), (81,68), (82,68), (83,68), (83,67), (84,67), (85,67)",
        "time": 15.82658500104565
    },
    "Uber_Train_Walk": {
        "cost": 17.73654038644233,
        "env_tax": 0.020000000000000004,
        "route": "(49,68), (49,69), (49,70), (50,70)|(50,70), (51,70), (52,70), (53,70), (54,70), (55,70), (56,70), (57,70), (58,70), (59,70), (60,70), (61,70), (62,70), (63,70), (64,70), (65,70), (66,70), (67,70), (68,70), (69,70), (70,70), (71,70), (72,70), (73,70), (74,70), (75,70), (76,70), (77,70), (78,70), (79,70), (80,70), (80,70)|(80,70), (81,70), (82,70), (83,70), (84,70), (85,70), (85,70), (85,69), (85,68), (85,67)",
        "time": 615.5216823627806
    },
    "Walk": {
        "cost": 0,
        "env_tax": 0,
        "route": "(49,68), (50,68), (51,68), (52,68), (53,68), (54,68), (55,68), (56,68), (57,68), (58,68), (59,68), (60,68), (61,68), (62,68), (63,68), (64,68), (65,68), (66,68), (67,68), (68,68), (69,68), (70,68), (71,68), (72,68), (73,68), (74,68), (75,68), (76,68), (77,68), (78,68), (79,68), (80,68), (81,68), (82,68), (83,68), (84,68), (85,68), (85,68), (85,67)",
        "time": 2758.8880935337625
    },
    "Walk_Train_Uber": {
        "cost": 18.470688624039468,
        "env_tax": 0.045000000000000005,
        "route": "(49,68), (50,68), (50,68), (50,69), (50,70)|(50,70), (51,70), (52,70), (53,70), (54,70), (55,70), (56,70), (57,70), (58,70), (59,70), (60,70), (61,70), (62,70), (63,70), (64,70), (65,70), (66,70), (67,70), (68,70), (69,70), (70,70), (71,70), (72,70), (73,70), (74,70), (75,70), (76,70), (77,70), (78,70), (79,70), (80,70), (80,70)|(80,70), (81,70), (81,69), (81,68), (82,68), (83,68), (83,67), (84,67), (85,67)",
        "time": 240.13060883401872
    },
    "Walk_Train_Walk": {
        "cost": 3.2,
        "env_tax": 0,
        "route": "(49,68), (50,68), (50,68), (50,69), (50,70)|(50,70), (51,70), (52,70), (53,70), (54,70), (55,70), (56,70), (57,70), (58,70), (59,70), (60,70), (61,70), (62,70), (63,70), (64,70), (65,70), (66,70), (67,70), (68,70), (69,70), (70,70), (71,70), (72,70), (73,70), (74,70), (75,70), (76,70), (77,70), (78,70), (79,70), (80,70), (80,70)|(80,70), (81,70), (82,70), (83,70), (84,70), (85,70), (85,70), (85,69), (85,68), (85,67)",
        "time": 830.0397963230943
    }
}