{
    "Uber": {
        "cost": 32.08725580797883,
        "env_tax": 0.36000000000000004,
        "route": "(82,80), (83,80), (84,80), (84,79), (85,79), (86,79), (87,79), (87,78), (87,77), (88,77), (88,76), (89,76), (90,76), (90,75), (90,74), (91,74), (91,73), (91,72), (91,71), (91,70), (91,69), (91,68), (91,67), (91,66), (91,65), (91,64), (92,64), (92,63), (92,62), (92,61), (92,60), (92,59), (92,58), (92,57), (92,56), (92,55), (92,54), (92,53), (92,52), (92,51), (92,50), (92,49), (92,48), (92,47), (92,46), (92,45), (92,44), (92,43), (92,42), (92,41), (92,40), (92,39), (92,38), (92,37), (92,36), (92,35), (92,34), (91,34), (90,34), (89,34), (88,34), (87,34), (87,33), (87,32), (87,31), (86,31), (85,31), (84,31), (83,31), (83,30), (82,30), (81,30)",
        "time": 11.265347221499056
    },
    "Uber_Train_Uber": {
        "cost": 29.885678609004874,
        "env_tax": 0.025000000000000005,
        "route": "(82,80), (81,80), (80,80)|(80,80), (80,80), (80,79), (80,78), (80,77), (80,76), (80,75), (80,74), (80,73), (80,72), (80,71), (80,70), (80,69), (80,68), (80,67), (80,66), (80,65), (80,64), (80,63), (80,62), (80,61), (80,60), (80,59), (80,58), (80,57), (80,56), (80,55), (80,54), (80,53), (80,52), (80,51), (80,50), (80,49), (80,48), (80,47), (80,46), (80,45), (80,44), (80,43), (80,42), (80,41), (80,40), (80,39), (80,38), (80,37), (80,36), (80,35), (80,34), (80,33), (80,32), (80,31), (80,30)|(80,30), (81,30)",
        "time": 17.774469463489652
    },
    "Uber_Train_Walk": {
        "cost": 17.51701652729883,
        "env_tax": 0.015000000000000003,
        "route": "(82,80), (81,80), (80,80)|(80,80), (80,80), (80,79), (80,78), (80,77), (80,76), (80,75), (80,74), (80,73), (80,72), (80,71), (80,70), (80,69), (80,68), (80,67), (80,66), (80,65), (80,64), (80,63), (80,62), (80,61), (80,60), (80,59), (80,58), (80,57), (80,56), (80,55), (80,54), (80,53), (80,52), (80,51), (80,50), (80,49), (80,48), (80,47), (80,46), (80,45), (80,44), (80,43), (80,42), (80,41), (80,40), (80,39), (80,38), (80,37), (80,36), (80,35), (80,34), (80,33), (80,32), (80,31), (80,30)|(80,30), (81,30), (81,30)",
        "time": 92.25816695313698
    },
    "Walk": {
        "cost": 0,
        "env_tax": 0,
        "route": "(82,80), (81,80), (81,80), (81,79), (81,78), (81,77), (81,76), (81,75), (81,74), (81,73), (81,72), (81,71), (81,70), (81,69), (81,68), (81,67), (81,66), (81,65), (81,64), (81,63), (81,62), (81,61), (81,60), (81,59), (81,58), (81,57), (81,56), (81,55), (81,54), (81,53), (81,52), (81,51), (81,50), (81,49), (81,48), (81,47), (81,46), (81,45), (81,44), (81,43), (81,42), (81,41), (81,40), (81,39), (81,38), (81,37), (81,36), (81,35), (81,34), (81,33), (81,32), (81,31), (81,30)",
        "time": 3802.7916964924834
    },
    "Walk_Train_Uber": {
        "cost": 17.60177072731758,
        "env_tax": 0.010000000000000002,
        "route": "(82,80), (81,80), (80,80), (80,80)|(80,80), (80,80), (80,79), (80,78), (80,77), (80,76), (80,75), (80,74), (80,73), (80,72), (80,71), (80,70), (80,69), (80,68), (80,67), (80,66), (80,65), (80,64), (80,63), (80,62), (80,61), (80,60), (80,59), (80,58), (80,57), (80,56), (80,55), (80,54), (80,53), (80,52), (80,51), (80,50), (80,49), (80,48), (80,47), (80,46), (80,45), (80,44), (80,43), (80,42), (80,41), (80,40), (80,39), (80,38), (80,37), (80,36), (80,35), (80,34), (80,33), (80,32), (80,31), (80,30)|(80,30), (81,30)",
        "time": 163.15272986576542
    },
    "Walk_Train_Walk": {
        "cost": 5.2,
        "env_tax": 0,
        "route": "(82,80), (81,80), (80,80), (80,80)|(80,80), (80,80), (80,79), (80,78), (80,77), (80,76), (80,75), (80,74), (80,73), (80,72), (80,71), (80,70), (80,69), (80,68), (80,67), (80,66), (80,65), (80,64), (80,63), (80,62), (80,61), (80,60), (80,59), (80,58), (80,57), (80,56), (80,55), (80,54), (80,53), (80,52), (80,51), (80,50), (80,49), (80,48), (80,47), (80,46), (80,45), (80,44), (80,43), (80,42), (80,41), (80,40), (80,39), (80,38), (80,37), (80,36), (80,35), (80,34), (80,33), (80,32), (80,31), (80,30)|(80,30), (81,30), (81,30)",
        "time": 231.31484238498922
    }
}