{
    "Uber": {
        "cost": 25.28532716935874,
        "env_tax": 0.17000000000000004,
        "route": "(62,25), (62,24), (62,23), (62,22), (62,21), (62,20), (63,20), (64,20), (64,19), (64,18), (64,17), (64,16), (64,15), (64,14), (64,13), (64,12), (64,11), (65,11), (65,10), (66,10), (66,9), (67,9), (68,9), (68,8), (68,7), (69,7), (70,7), (71,7), (72,7), (73,7), (74,7), (75,7), (76,7), (76,6)",
        "time": 10.594479157147543
    },
    "Uber_Train_Uber": {
        "cost": 31.974593766151823,
        "env_tax": 0.08500000000000002,
        "route": "(62,25), (62,24), (62,23), (62,22), (61,22), (60,22), (60,21), (60,20)|(60,20), (61,20), (62,20), (63,20), (64,20), (65,20), (66,20), (67,20), (68,20), (69,20), (70,20), (71,20), (72,20), (73,20), (74,20), (75,20), (76,20), (77,20), (78,20), (79,20), (80,20), (80,20), (80,19), (80,18), (80,17), (80,16), (80,15), (80,14), (80,13), (80,12), (80,11), (80,10)|(80,10), (79,10), (79,9), (79,8), (79,7), (79,6), (78,6), (77,6), (76,6)",
        "time": 17.972636885952916
    },
    "Uber_Train_Walk": {
        "cost": 19.639675011190366,
        "env_tax": 0.04000000000000001,
        "route": "(62,25), (62,24), (62,23), (62,22), (61,22), (60,22), (60,21), (60,20)|(60,20), (61,20), (62,20), (63,20), (64,20), (65,20), (66,20), (67,20), (68,20), (69,20), (70,20), (71,20), (72,20), (73,20), (74,20), (75,20), (76,20), (77,20), (78,20), (79,20), (80,20), (80,20), (80,19), (80,18), (80,17), (80,16), (80,15), (80,14), (80,13), (80,12), (80,11), (80,10)|(80,10), (79,10), (78,10), (77,10), (76,10), (76,10), (76,9), (76,8), (76,7), (76,6)",
        "time": 611.1639055513925
    },
    "Walk": {
        "cost": 0,
        "env_tax": 0,
        "route": "(62,25), (63,25), (64,25), (65,25), (66,25), (67,25), (68,25), (69,25), (70,25), (71,25), (72,25), (73,25), (74,25), (75,25), (76,25), (76,25), (76,24), (76,23), (76,22), (76,21), (76,20), (76,19), (76,18), (76,17), (76,16), (76,15), (76,14), (76,13), (76,12), (76,11), (76,10), (76,9), (76,8), (76,7), (76,6)",
        "time": 2460.6299212598424
    },
    "Walk_Train_Uber": {
        "cost": 16.36395938619542,
        "env_tax": 0.045000000000000005,
        "route": "(62,25), (61,25), (60,25), (60,25), (60,24), (60,23), (60,22), (60,21), (60,20)|(60,20), (61,20), (62,20), (63,20), (64,20), (65,20), (66,20), (67,20), (68,20), (69,20), (70,20), (71,20), (72,20), (73,20), (74,20), (75,20), (76,20), (77,20), (78,20), (79,20), (80,20), (80,20), (80,19), (80,18), (80,17), (80,16), (80,15), (80,14), (80,13), (80,12), (80,11), (80,10)|(80,10), (79,10), (79,9), (79,8), (79,7), (79,6), (78,6), (77,6), (76,6)",
        "time": 535.5357691372669
    },
    "Walk_Train_Walk": {
        "cost": 3.2,
        "env_tax": 0,
        "route": "(62,25), (61,25), (60,25), (60,25), (60,24), (60,23), (60,22), (60,21), (60,20)|(60,20), (61,20), (62,20), (63,20), (64,20), (65,20), (66,20), (67,20), (68,20), (69,20), (70,20), (71,20), (72,20), (73,20), (74,20), (75,20), (76,20), (77,20), (78,20), (79,20), (80,20), (80,20), (80,19), (80,18), (80,17), (80,16), (80,15), (80,14), (80,13), (80,12), (80,11), (80,10)|(80,10), (79,10), (78,10), (77,10), (76,10), (76,10), (76,9), (76,8), (76,7), (76,6)",
        "time": 1124.4035221699735
    }
}