{
    "Uber": {
        "cost": 16.16596167253181,
        "env_tax": 0.12000000000000002,
        "route": "(3,57), (2,57), (2,58), (2,59), (2,60), (2,61), (2,62), (2,63), (2,64), (2,65), (2,66), (2,67), (2,68), (2,69), (3,69), (3,70), (4,70), (5,70), (5,71), (5,72), (6,72), (7,72), (8,72), (9,72)",
        "time": 8.192069070980095
    },
    "Uber_Train_Uber": {
        "cost": 28.406029330026115,
        "env_tax": 0.07500000000000001,
        "route": "(3,57), (4,57), (5,57), (6,57), (7,57), (8,57), (8,58), (9,58), (9,59), (10,59), (10,60)|(10,60), (10,60), (10,61), (10,62), (10,63), (10,64), (10,65), (10,66), (10,67), (10,68), (10,69), (10,70)|(10,70), (10,71), (10,72), (9,72)",
        "time": 19.2427018168605
    },
    "Uber_Train_Walk": {
        "cost": 16.317810259474633,
        "env_tax": 0.05500000000000001,
        "route": "(3,57), (4,57), (5,57), (6,57), (7,57), (8,57), (8,58), (9,58), (9,59), (10,59), (10,60)|(10,60), (10,60), (10,61), (10,62), (10,63), (10,64), (10,65), (10,66), (10,67), (10,68), (10,69), (10,70)|(10,70), (9,70), (9,70), (9,71), (9,72)",
        "time": 238.16379948867893
    },
    "Walk": {
        "cost": 0,
        "env_tax": 0,
        "route": "(3,57), (4,57), (5,57), (6,57), (7,57), (8,57), (9,57), (9,57), (9,58), (9,59), (9,60), (9,61), (9,62), (9,63), (9,64), (9,65), (9,66), (9,67), (9,68), (9,69), (9,70), (9,71), (9,72)",
        "time": 1565.8554044380815
    },
    "Walk_Train_Uber": {
        "cost": 13.803788628536125,
        "env_tax": 0.020000000000000004,
        "route": "(3,57), (4,57), (5,57), (6,57), (7,57), (8,57), (9,57), (10,57), (10,57), (10,58), (10,59), (10,60)|(10,60), (10,60), (10,61), (10,62), (10,63), (10,64), (10,65), (10,66), (10,67), (10,68), (10,69), (10,70)|(10,70), (10,71), (10,72), (9,72)",
        "time": 757.2349856306237
    },
    "Walk_Train_Walk": {
        "cost": 1.2000000000000002,
        "env_tax": 0,
        "route": "(3,57), (4,57), (5,57), (6,57), (7,57), (8,57), (9,57), (10,57), (10,57), (10,58), (10,59), (10,60)|(10,60), (10,60), (10,61), (10,62), (10,63), (10,64), (10,65), (10,66), (10,67), (10,68), (10,69), (10,70)|(10,70), (9,70), (9,70), (9,71), (9,72)",
        "time": 975.4990814501311
    }
}