{
    "Uber": {
        "cost": 65.88451970605267,
        "env_tax": 0.395,
        "route": "(91,51), (92,51), (92,52), (93,52), (93,53), (93,54), (93,55), (93,56), (93,57), (93,58), (93,59), (93,60), (93,61), (93,62), (93,63), (93,64), (92,64), (91,64), (90,64), (90,65), (89,65), (88,65), (87,65), (86,65), (85,65), (84,65), (83,65), (82,65), (81,65), (80,65), (80,66), (79,66), (78,66), (77,66), (76,66), (75,66), (74,66), (73,66), (72,66), (71,66), (71,65), (70,65), (69,65), (68,65), (67,65), (66,65), (65,65), (64,65), (63,65), (62,65), (62,64), (61,64), (60,64), (59,64), (58,64), (57,64), (56,64), (56,63), (56,62), (55,62), (54,62), (53,62), (52,62), (51,62), (50,62), (49,62), (49,61), (48,61), (47,61), (46,61), (45,61), (44,61), (43,61), (42,61), (41,61), (40,61), (39,61), (38,61), (37,61)",
        "time": 19.356000706547974
    },
    "Uber_Train_Uber": {
        "cost": 35.572977556994594,
        "env_tax": 0.04000000000000001,
        "route": "(91,51), (90,51), (90,50)|(90,50), (89,50), (88,50), (87,50), (86,50), (85,50), (84,50), (83,50), (82,50), (81,50), (80,50), (79,50), (78,50), (77,50), (76,50), (75,50), (74,50), (73,50), (72,50), (71,50), (70,50), (69,50), (68,50), (67,50), (66,50), (65,50), (64,50), (63,50), (62,50), (61,50), (60,50), (59,50), (58,50), (57,50), (56,50), (55,50), (54,50), (53,50), (52,50), (51,50), (50,50), (49,50), (48,50), (47,50), (46,50), (45,50), (44,50), (43,50), (42,50), (41,50), (40,50), (40,50), (40,51), (40,52), (40,53), (40,54), (40,55), (40,56), (40,57), (40,58), (40,59), (40,60)|(40,60), (40,61), (39,61), (38,61), (37,61)",
        "time": 19.311691186816425
    },
    "Uber_Train_Walk": {
        "cost": 18.867997804924325,
        "env_tax": 0.015000000000000003,
        "route": "(91,51), (90,51), (90,50)|(90,50), (89,50), (88,50), (87,50), (86,50), (85,50), (84,50), (83,50), (82,50), (81,50), (80,50), (79,50), (78,50), (77,50), (76,50), (75,50), (74,50), (73,50), (72,50), (71,50), (70,50), (69,50), (68,50), (67,50), (66,50), (65,50), (64,50), (63,50), (62,50), (61,50), (60,50), (59,50), (58,50), (57,50), (56,50), (55,50), (54,50), (53,50), (52,50), (51,50), (50,50), (49,50), (48,50), (47,50), (46,50), (45,50), (44,50), (43,50), (42,50), (41,50), (40,50), (40,50), (40,51), (40,52), (40,53), (40,54), (40,55), (40,56), (40,57), (40,58), (40,59), (40,60)|(40,60), (39,60), (38,60), (37,60), (37,60), (37,61)",
        "time": 312.44551132792844
    },
    "Walk": {
        "cost": 0,
        "env_tax": 0,
        "route": "(91,51), (90,51), (89,51), (88,51), (87,51), (86,51), (85,51), (84,51), (83,51), (82,51), (81,51), (80,51), (79,51), (78,51), (77,51), (76,51), (75,51), (74,51), (73,51), (72,51), (71,51), (70,51), (69,51), (68,51), (67,51), (66,51), (65,51), (64,51), (63,51), (62,51), (61,51), (60,51), (59,51), (58,51), (57,51), (56,51), (55,51), (54,51), (53,51), (52,51), (51,51), (50,51), (49,51), (48,51), (47,51), (46,51), (45,51), (44,51), (43,51), (42,51), (41,51), (40,51), (39,51), (38,51), (37,51), (37,51), (37,52), (37,53), (37,54), (37,55), (37,56), (37,57), (37,58), (37,59), (37,60), (37,61)",
        "time": 4772.130756382725
    },
    "Walk_Train_Uber": {
        "cost": 22.521125067593566,
        "env_tax": 0.025,
        "route": "(91,51), (90,51), (90,51), (90,50)|(90,50), (89,50), (88,50), (87,50), (86,50), (85,50), (84,50), (83,50), (82,50), (81,50), (80,50), (79,50), (78,50), (77,50), (76,50), (75,50), (74,50), (73,50), (72,50), (71,50), (70,50), (69,50), (68,50), (67,50), (66,50), (65,50), (64,50), (63,50), (62,50), (61,50), (60,50), (59,50), (58,50), (57,50), (56,50), (55,50), (54,50), (53,50), (52,50), (51,50), (50,50), (49,50), (48,50), (47,50), (46,50), (45,50), (44,50), (43,50), (42,50), (41,50), (40,50), (40,50), (40,51), (40,52), (40,53), (40,54), (40,55), (40,56), (40,57), (40,58), (40,59), (40,60)|(40,60), (40,61), (39,61), (38,61), (37,61)",
        "time": 161.71948602959637
    },
    "Walk_Train_Walk": {
        "cost": 6.2,
        "env_tax": 0,
        "route": "(91,51), (90,51), (90,51), (90,50)|(90,50), (89,50), (88,50), (87,50), (86,50), (85,50), (84,50), (83,50), (82,50), (81,50), (80,50), (79,50), (78,50), (77,50), (76,50), (75,50), (74,50), (73,50), (72,50), (71,50), (70,50), (69,50), (68,50), (67,50), (66,50), (65,50), (64,50), (63,50), (62,50), (61,50), (60,50), (59,50), (58,50), (57,50), (56,50), (55,50), (54,50), (53,50), (52,50), (51,50), (50,50), (49,50), (48,50), (47,50), (46,50), (45,50), (44,50), (43,50), (42,50), (41,50), (40,50), (40,50), (40,51), (40,52), (40,53), (40,54), (40,55), (40,56), (40,57), (40,58), (40,59), (40,60)|(40,60), (39,60), (38,60), (37,60), (37,60), (37,61)",
        "time": 454.90759845157754
    }
}