{
    "Uber": {
        "cost": 54.43197712898935,
        "env_tax": 0.28500000000000003,
        "route": "(63,84), (64,84), (64,83), (65,83), (66,83), (66,82), (67,82), (67,81), (67,80), (67,79), (67,78), (67,77), (67,76), (67,75), (67,74), (67,73), (67,72), (67,71), (67,70), (67,69), (67,68), (67,67), (67,66), (67,65), (67,64), (67,63), (67,62), (67,61), (67,60), (67,59), (67,58), (67,57), (67,56), (67,55), (67,54), (67,53), (67,52), (67,51), (66,51), (66,50), (66,49), (66,48), (66,47), (66,46), (65,46), (64,46), (64,45), (63,45), (62,45), (61,45), (61,44), (61,43), (61,42), (61,41), (60,41), (59,41), (58,41)",
        "time": 19.838774251422688
    },
    "Uber_Train_Uber": {
        "cost": 33.45429008722776,
        "env_tax": 0.06000000000000001,
        "route": "(63,84), (62,84), (62,83), (61,83), (60,83), (60,82), (60,81), (60,80)|(60,80), (60,80), (60,79), (60,78), (60,77), (60,76), (60,75), (60,74), (60,73), (60,72), (60,71), (60,70), (60,69), (60,68), (60,67), (60,66), (60,65), (60,64), (60,63), (60,62), (60,61), (60,60), (60,59), (60,58), (60,57), (60,56), (60,55), (60,54), (60,53), (60,52), (60,51), (60,50), (60,49), (60,48), (60,47), (60,46), (60,45), (60,44), (60,43), (60,42), (60,41), (60,40)|(60,40), (59,40), (58,40), (58,41)",
        "time": 18.981904756912943
    },
    "Uber_Train_Walk": {
        "cost": 20.22153421377989,
        "env_tax": 0.04000000000000001,
        "route": "(63,84), (62,84), (62,83), (61,83), (60,83), (60,82), (60,81), (60,80)|(60,80), (60,80), (60,79), (60,78), (60,77), (60,76), (60,75), (60,74), (60,73), (60,72), (60,71), (60,70), (60,69), (60,68), (60,67), (60,66), (60,65), (60,64), (60,63), (60,62), (60,61), (60,60), (60,59), (60,58), (60,57), (60,56), (60,55), (60,54), (60,53), (60,52), (60,51), (60,50), (60,49), (60,48), (60,47), (60,46), (60,45), (60,44), (60,43), (60,42), (60,41), (60,40)|(60,40), (59,40), (58,40), (58,40), (58,41)",
        "time": 234.39813118818915
    },
    "Walk": {
        "cost": 0,
        "env_tax": 0,
        "route": "(63,84), (62,84), (61,84), (60,84), (59,84), (58,84), (58,84), (58,83), (58,82), (58,81), (58,80), (58,79), (58,78), (58,77), (58,76), (58,75), (58,74), (58,73), (58,72), (58,71), (58,70), (58,69), (58,68), (58,67), (58,66), (58,65), (58,64), (58,63), (58,62), (58,61), (58,60), (58,59), (58,58), (58,57), (58,56), (58,55), (58,54), (58,53), (58,52), (58,51), (58,50), (58,49), (58,48), (58,47), (58,46), (58,45), (58,44), (58,43), (58,42), (58,41)",
        "time": 3579.0980672870432
    },
    "Walk_Train_Uber": {
        "cost": 19.13743569355364,
        "env_tax": 0.020000000000000004,
        "route": "(63,84), (62,84), (61,84), (60,84), (60,84), (60,83), (60,82), (60,81), (60,80)|(60,80), (60,80), (60,79), (60,78), (60,77), (60,76), (60,75), (60,74), (60,73), (60,72), (60,71), (60,70), (60,69), (60,68), (60,67), (60,66), (60,65), (60,64), (60,63), (60,62), (60,61), (60,60), (60,59), (60,58), (60,57), (60,56), (60,55), (60,54), (60,53), (60,52), (60,51), (60,50), (60,49), (60,48), (60,47), (60,46), (60,45), (60,44), (60,43), (60,42), (60,41), (60,40)|(60,40), (59,40), (58,40), (58,41)",
        "time": 536.6230184837245
    },
    "Walk_Train_Walk": {
        "cost": 4.2,
        "env_tax": 0,
        "route": "(63,84), (62,84), (61,84), (60,84), (60,84), (60,83), (60,82), (60,81), (60,80)|(60,80), (60,80), (60,79), (60,78), (60,77), (60,76), (60,75), (60,74), (60,73), (60,72), (60,71), (60,70), (60,69), (60,68), (60,67), (60,66), (60,65), (60,64), (60,63), (60,62), (60,61), (60,60), (60,59), (60,58), (60,57), (60,56), (60,55), (60,54), (60,53), (60,52), (60,51), (60,50), (60,49), (60,48), (60,47), (60,46), (60,45), (60,44), (60,43), (60,42), (60,41), (60,40)|(60,40), (59,40), (58,40), (58,40), (58,41)",
        "time": 750.1018438794388
    }
}