{
    "Uber": {
        "cost": 43.606580573855005,
        "env_tax": 0.545,
        "route": "(26,38), (26,37), (26,36), (26,35), (26,34), (27,34), (27,33), (27,32), (27,31), (27,30), (27,29), (27,28), (27,27), (27,26), (27,25), (27,24), (27,23), (27,22), (27,21), (27,20), (27,19), (27,18), (27,17), (28,17), (28,16), (28,15), (28,14), (28,13), (28,12), (28,11), (29,11), (29,10), (29,9), (30,9), (30,8), (31,8), (32,8), (33,8), (34,8), (35,8), (36,8), (37,8), (38,8), (39,8), (40,8), (41,8), (42,8), (42,7), (43,7), (44,7), (45,7), (46,7), (47,7), (48,7), (49,7), (50,7), (51,7), (52,7), (53,7), (54,7), (55,7), (56,7), (57,7), (58,7), (59,7), (60,7), (61,7), (62,7), (63,7), (64,7), (65,7), (66,7), (67,7), (68,7), (69,7), (70,7), (71,7), (72,7), (73,7), (74,7), (75,7), (76,7), (77,7), (78,7), (79,7), (80,7), (81,7), (82,7), (83,7), (84,7), (85,7), (86,7), (87,7), (87,8), (88,8), (88,9), (89,9), (90,9), (91,9), (92,9), (92,10), (92,11), (92,12), (92,13), (92,14), (92,15), (92,16), (92,17), (93,17)",
        "time": 14.409303751611649
    },
    "Uber_Train_Uber": {
        "cost": 37.15373089334721,
        "env_tax": 0.07,
        "route": "(26,38), (26,39), (26,40), (27,40), (28,40), (29,40), (30,40)|(30,40), (31,40), (32,40), (33,40), (34,40), (35,40), (36,40), (37,40), (38,40), (39,40), (40,40), (41,40), (42,40), (43,40), (44,40), (45,40), (46,40), (47,40), (48,40), (49,40), (50,40), (51,40), (52,40), (53,40), (54,40), (55,40), (56,40), (57,40), (58,40), (59,40), (60,40), (61,40), (62,40), (63,40), (64,40), (65,40), (66,40), (67,40), (68,40), (69,40), (70,40), (71,40), (72,40), (73,40), (74,40), (75,40), (76,40), (77,40), (78,40), (79,40), (80,40), (81,40), (82,40), (83,40), (84,40), (85,40), (86,40), (87,40), (88,40), (89,40), (90,40), (90,40), (90,39), (90,38), (90,37), (90,36), (90,35), (90,34), (90,33), (90,32), (90,31), (90,30), (90,29), (90,28), (90,27), (90,26), (90,25), (90,24), (90,23), (90,22), (90,21), (90,20)|(90,20), (90,19), (90,18), (91,18), (92,18), (92,17), (93,17)",
        "time": 20.281674475169563
    },
    "Uber_Train_Walk": {
        "cost": 23.966359799509917,
        "env_tax": 0.035,
        "route": "(26,38), (26,39), (26,40), (27,40), (28,40), (29,40), (30,40)|(30,40), (31,40), (32,40), (33,40), (34,40), (35,40), (36,40), (37,40), (38,40), (39,40), (40,40), (41,40), (42,40), (43,40), (44,40), (45,40), (46,40), (47,40), (48,40), (49,40), (50,40), (51,40), (52,40), (53,40), (54,40), (55,40), (56,40), (57,40), (58,40), (59,40), (60,40), (61,40), (62,40), (63,40), (64,40), (65,40), (66,40), (67,40), (68,40), (69,40), (70,40), (71,40), (72,40), (73,40), (74,40), (75,40), (76,40), (77,40), (78,40), (79,40), (80,40), (81,40), (82,40), (83,40), (84,40), (85,40), (86,40), (87,40), (88,40), (89,40), (90,40), (90,40), (90,39), (90,38), (90,37), (90,36), (90,35), (90,34), (90,33), (90,32), (90,31), (90,30), (90,29), (90,28), (90,27), (90,26), (90,25), (90,24), (90,23), (90,22), (90,21), (90,20)|(90,20), (91,20), (92,20), (93,20), (93,20), (93,19), (93,18), (93,17)",
        "time": 461.7481512835073
    },
    "Walk": {
        "cost": 0,
        "env_tax": 0,
        "route": "(26,38), (27,38), (28,38), (29,38), (30,38), (31,38), (32,38), (33,38), (34,38), (35,38), (36,38), (37,38), (38,38), (39,38), (40,38), (41,38), (42,38), (43,38), (44,38), (45,38), (46,38), (47,38), (48,38), (49,38), (50,38), (51,38), (52,38), (53,38), (54,38), (55,38), (56,38), (57,38), (58,38), (59,38), (60,38), (61,38), (62,38), (63,38), (64,38), (65,38), (66,38), (67,38), (68,38), (69,38), (70,38), (71,38), (72,38), (73,38), (74,38), (75,38), (76,38), (77,38), (78,38), (79,38), (80,38), (81,38), (82,38), (83,38), (84,38), (85,38), (86,38), (87,38), (88,38), (89,38), (90,38), (91,38), (92,38), (93,38), (93,38), (93,37), (93,36), (93,35), (93,34), (93,33), (93,32), (93,31), (93,30), (93,29), (93,28), (93,27), (93,26), (93,25), (93,24), (93,23), (93,22), (93,21), (93,20), (93,19), (93,18), (93,17)",
        "time": 6561.679790026246
    },
    "Walk_Train_Uber": {
        "cost": 21.146692592487756,
        "env_tax": 0.035,
        "route": "(26,38), (27,38), (28,38), (29,38), (30,38), (30,38), (30,39), (30,40)|(30,40), (31,40), (32,40), (33,40), (34,40), (35,40), (36,40), (37,40), (38,40), (39,40), (40,40), (41,40), (42,40), (43,40), (44,40), (45,40), (46,40), (47,40), (48,40), (49,40), (50,40), (51,40), (52,40), (53,40), (54,40), (55,40), (56,40), (57,40), (58,40), (59,40), (60,40), (61,40), (62,40), (63,40), (64,40), (65,40), (66,40), (67,40), (68,40), (69,40), (70,40), (71,40), (72,40), (73,40), (74,40), (75,40), (76,40), (77,40), (78,40), (79,40), (80,40), (81,40), (82,40), (83,40), (84,40), (85,40), (86,40), (87,40), (88,40), (89,40), (90,40), (90,40), (90,39), (90,38), (90,37), (90,36), (90,35), (90,34), (90,33), (90,32), (90,31), (90,30), (90,29), (90,28), (90,27), (90,26), (90,25), (90,24), (90,23), (90,22), (90,21), (90,20)|(90,20), (90,19), (90,18), (91,18), (92,18), (92,17), (93,17)",
        "time": 462.31980706841057
    },
    "Walk_Train_Walk": {
        "cost": 8.200000000000001,
        "env_tax": 0,
        "route": "(26,38), (27,38), (28,38), (29,38), (30,38), (30,38), (30,39), (30,40)|(30,40), (31,40), (32,40), (33,40), (34,40), (35,40), (36,40), (37,40), (38,40), (39,40), (40,40), (41,40), (42,40), (43,40), (44,40), (45,40), (46,40), (47,40), (48,40), (49,40), (50,40), (51,40), (52,40), (53,40), (54,40), (55,40), (56,40), (57,40), (58,40), (59,40), (60,40), (61,40), (62,40), (63,40), (64,40), (65,40), (66,40), (67,40), (68,40), (69,40), (70,40), (71,40), (72,40), (73,40), (74,40), (75,40), (76,40), (77,40), (78,40), (79,40), (80,40), (81,40), (82,40), (83,40), (84,40), (85,40), (86,40), (87,40), (88,40), (89,40), (90,40), (90,40), (90,39), (90,38), (90,37), (90,36), (90,35), (90,34), (90,33), (90,32), (90,31), (90,30), (90,29), (90,28), (90,27), (90,26), (90,25), (90,24), (90,23), (90,22), (90,21), (90,20)|(90,20), (91,20), (92,20), (93,20), (93,20), (93,19), (93,18), (93,17)",
        "time": 899.9362301379064
    }
}