{
    "Uber": {
        "cost": 35.85294554202588,
        "env_tax": 0.665,
        "route": "(82,89), (82,90), (81,90), (81,91), (81,92), (81,93), (81,94), (81,95), (81,96), (80,96), (79,96), (79,97), (79,98), (78,98), (77,98), (76,98), (75,98), (74,98), (73,98), (72,98), (71,98), (70,98), (69,98), (68,98), (67,98), (66,98), (65,98), (64,98), (63,98), (62,98), (61,98), (60,98), (59,98), (58,98), (57,98), (56,98), (55,98), (54,98), (53,98), (52,98), (51,98), (50,98), (49,98), (48,98), (47,98), (46,98), (45,98), (44,98), (43,98), (42,98), (41,98), (41,97), (40,97), (39,97), (38,97), (37,97), (36,97), (35,97), (35,96), (35,95), (34,95), (33,95), (32,95), (31,95), (30,95), (29,95), (29,94), (28,94), (28,93), (27,93), (26,93), (25,93), (24,93), (23,93), (22,93), (21,93), (20,93), (20,92), (20,91), (19,91), (19,90), (18,90), (17,90), (16,90), (15,90), (14,90), (14,89), (13,89), (12,89), (12,88), (12,87), (12,86), (12,85), (11,85), (10,85), (9,85), (8,85), (7,85), (6,85), (5,85), (5,84), (5,83), (5,82), (5,81), (5,80), (5,79), (5,78), (5,77), (5,76), (5,75), (5,74), (5,73), (5,72), (5,71), (5,70), (5,69), (5,68), (5,67), (5,66), (5,65), (5,64), (5,63), (5,62), (5,61), (5,60), (5,59), (5,58), (5,57), (5,56), (5,55), (5,54), (6,54), (7,54)",
        "time": 12.895992314197304
    },
    "Uber_Train_Uber": {
        "cost": 37.697276030544366,
        "env_tax": 0.06000000000000001,
        "route": "(82,89), (82,90), (81,90), (80,90)|(80,90), (79,90), (78,90), (77,90), (76,90), (75,90), (74,90), (73,90), (72,90), (71,90), (70,90), (69,90), (68,90), (67,90), (66,90), (65,90), (64,90), (63,90), (62,90), (61,90), (60,90), (59,90), (58,90), (57,90), (56,90), (55,90), (54,90), (53,90), (52,90), (51,90), (50,90), (49,90), (48,90), (47,90), (46,90), (45,90), (44,90), (43,90), (42,90), (41,90), (40,90), (39,90), (38,90), (37,90), (36,90), (35,90), (34,90), (33,90), (32,90), (31,90), (30,90), (29,90), (28,90), (27,90), (26,90), (25,90), (24,90), (23,90), (22,90), (21,90), (20,90), (19,90), (18,90), (17,90), (16,90), (15,90), (14,90), (13,90), (12,90), (11,90), (10,90), (10,90), (10,89), (10,88), (10,87), (10,86), (10,85), (10,84), (10,83), (10,82), (10,81), (10,80), (10,79), (10,78), (10,77), (10,76), (10,75), (10,74), (10,73), (10,72), (10,71), (10,70), (10,69), (10,68), (10,67), (10,66), (10,65), (10,64), (10,63), (10,62), (10,61), (10,60), (10,59), (10,58), (10,57), (10,56), (10,55), (10,54), (10,53), (10,52), (10,51), (10,50)|(10,50), (10,51), (10,52), (10,53), (10,54), (9,54), (8,54), (7,54)",
        "time": 20.886089236724004
    },
    "Uber_Train_Walk": {
        "cost": 23.524047592323285,
        "env_tax": 0.020000000000000004,
        "route": "(82,89), (82,90), (81,90), (80,90)|(80,90), (79,90), (78,90), (77,90), (76,90), (75,90), (74,90), (73,90), (72,90), (71,90), (70,90), (69,90), (68,90), (67,90), (66,90), (65,90), (64,90), (63,90), (62,90), (61,90), (60,90), (59,90), (58,90), (57,90), (56,90), (55,90), (54,90), (53,90), (52,90), (51,90), (50,90), (49,90), (48,90), (47,90), (46,90), (45,90), (44,90), (43,90), (42,90), (41,90), (40,90), (39,90), (38,90), (37,90), (36,90), (35,90), (34,90), (33,90), (32,90), (31,90), (30,90), (29,90), (28,90), (27,90), (26,90), (25,90), (24,90), (23,90), (22,90), (21,90), (20,90), (19,90), (18,90), (17,90), (16,90), (15,90), (14,90), (13,90), (12,90), (11,90), (10,90), (10,90), (10,89), (10,88), (10,87), (10,86), (10,85), (10,84), (10,83), (10,82), (10,81), (10,80), (10,79), (10,78), (10,77), (10,76), (10,75), (10,74), (10,73), (10,72), (10,71), (10,70), (10,69), (10,68), (10,67), (10,66), (10,65), (10,64), (10,63), (10,62), (10,61), (10,60), (10,59), (10,58), (10,57), (10,56), (10,55), (10,54), (10,53), (10,52), (10,51), (10,50)|(10,50), (9,50), (8,50), (7,50), (7,50), (7,51), (7,52), (7,53), (7,54)",
        "time": 535.3543646914253
    },
    "Walk": {
        "cost": 0,
        "env_tax": 0,
        "route": "(82,89), (81,89), (80,89), (79,89), (78,89), (77,89), (76,89), (75,89), (74,89), (73,89), (72,89), (71,89), (70,89), (69,89), (68,89), (67,89), (66,89), (65,89), (64,89), (63,89), (62,89), (61,89), (60,89), (59,89), (58,89), (57,89), (56,89), (55,89), (54,89), (53,89), (52,89), (51,89), (50,89), (49,89), (48,89), (47,89), (46,89), (45,89), (44,89), (43,89), (42,89), (41,89), (40,89), (39,89), (38,89), (37,89), (36,89), (35,89), (34,89), (33,89), (32,89), (31,89), (30,89), (29,89), (28,89), (27,89), (26,89), (25,89), (24,89), (23,89), (22,89), (21,89), (20,89), (19,89), (18,89), (17,89), (16,89), (15,89), (14,89), (13,89), (12,89), (11,89), (10,89), (9,89), (8,89), (7,89), (7,89), (7,88), (7,87), (7,86), (7,85), (7,84), (7,83), (7,82), (7,81), (7,80), (7,79), (7,78), (7,77), (7,76), (7,75), (7,74), (7,73), (7,72), (7,71), (7,70), (7,69), (7,68), (7,67), (7,66), (7,65), (7,64), (7,63), (7,62), (7,61), (7,60), (7,59), (7,58), (7,57), (7,56), (7,55), (7,54)",
        "time": 8202.099737532808
    },
    "Walk_Train_Uber": {
        "cost": 25.19644520341877,
        "env_tax": 0.04000000000000001,
        "route": "(82,89), (81,89), (80,89), (80,89), (80,90)|(80,90), (79,90), (78,90), (77,90), (76,90), (75,90), (74,90), (73,90), (72,90), (71,90), (70,90), (69,90), (68,90), (67,90), (66,90), (65,90), (64,90), (63,90), (62,90), (61,90), (60,90), (59,90), (58,90), (57,90), (56,90), (55,90), (54,90), (53,90), (52,90), (51,90), (50,90), (49,90), (48,90), (47,90), (46,90), (45,90), (44,90), (43,90), (42,90), (41,90), (40,90), (39,90), (38,90), (37,90), (36,90), (35,90), (34,90), (33,90), (32,90), (31,90), (30,90), (29,90), (28,90), (27,90), (26,90), (25,90), (24,90), (23,90), (22,90), (21,90), (20,90), (19,90), (18,90), (17,90), (16,90), (15,90), (14,90), (13,90), (12,90), (11,90), (10,90), (10,90), (10,89), (10,88), (10,87), (10,86), (10,85), (10,84), (10,83), (10,82), (10,81), (10,80), (10,79), (10,78), (10,77), (10,76), (10,75), (10,74), (10,73), (10,72), (10,71), (10,70), (10,69), (10,68), (10,67), (10,66), (10,65), (10,64), (10,63), (10,62), (10,61), (10,60), (10,59), (10,58), (10,57), (10,56), (10,55), (10,54), (10,53), (10,52), (10,51), (10,50)|(10,50), (10,51), (10,52), (10,53), (10,54), (9,54), (8,54), (7,54)",
        "time": 240.2041451042845
    },
    "Walk_Train_Walk": {
        "cost": 11.200000000000001,
        "env_tax": 0,
        "route": "(82,89), (81,89), (80,89), (80,89), (80,90)|(80,90), (79,90), (78,90), (77,90), (76,90), (75,90), (74,90), (73,90), (72,90), (71,90), (70,90), (69,90), (68,90), (67,90), (66,90), (65,90), (64,90), (63,90), (62,90), (61,90), (60,90), (59,90), (58,90), (57,90), (56,90), (55,90), (54,90), (53,90), (52,90), (51,90), (50,90), (49,90), (48,90), (47,90), (46,90), (45,90), (44,90), (43,90), (42,90), (41,90), (40,90), (39,90), (38,90), (37,90), (36,90), (35,90), (34,90), (33,90), (32,90), (31,90), (30,90), (29,90), (28,90), (27,90), (26,90), (25,90), (24,90), (23,90), (22,90), (21,90), (20,90), (19,90), (18,90), (17,90), (16,90), (15,90), (14,90), (13,90), (12,90), (11,90), (10,90), (10,90), (10,89), (10,88), (10,87), (10,86), (10,85), (10,84), (10,83), (10,82), (10,81), (10,80), (10,79), (10,78), (10,77), (10,76), (10,75), (10,74), (10,73), (10,72), (10,71), (10,70), (10,69), (10,68), (10,67), (10,66), (10,65), (10,64), (10,63), (10,62), (10,61), (10,60), (10,59), (10,58), (10,57), (10,56), (10,55), (10,54), (10,53), (10,52), (10,51), (10,50)|(10,50), (9,50), (8,50), (7,50), (7,50), (7,51), (7,52), (7,53), (7,54)",
        "time": 753.0053525205112
    }
}