{
    "Uber": {
        "cost": 34.33287555870077,
        "env_tax": 0.18000000000000002,
        "route": "(57,38), (57,37), (57,36), (58,36), (58,35), (58,34), (58,33), (58,32), (59,32), (59,31), (59,30), (59,29), (59,28), (59,27), (59,26), (59,25), (59,24), (59,23), (59,22), (59,21), (59,20), (59,19), (59,18), (59,17), (59,16), (59,15), (59,14), (59,13), (59,12), (59,11), (59,10), (59,9), (59,8), (59,7), (59,6), (59,5)",
        "time": 15.80781558758133
    },
    "Uber_Train_Uber": {
        "cost": 34.10939077688388,
        "env_tax": 0.065,
        "route": "(57,38), (57,39), (58,39), (59,39), (60,39), (60,40)|(60,40), (60,40), (60,39), (60,38), (60,37), (60,36), (60,35), (60,34), (60,33), (60,32), (60,31), (60,30), (60,29), (60,28), (60,27), (60,26), (60,25), (60,24), (60,23), (60,22), (60,21), (60,20), (60,19), (60,18), (60,17), (60,16), (60,15), (60,14), (60,13), (60,12), (60,11), (60,10)|(60,10), (60,9), (60,8), (60,7), (60,6), (59,6), (59,5)",
        "time": 26.075826891383947
    },
    "Uber_Train_Walk": {
        "cost": 20.532003471360387,
        "env_tax": 0.030000000000000006,
        "route": "(57,38), (57,39), (58,39), (59,39), (60,39), (60,40)|(60,40), (60,40), (60,39), (60,38), (60,37), (60,36), (60,35), (60,34), (60,33), (60,32), (60,31), (60,30), (60,29), (60,28), (60,27), (60,26), (60,25), (60,24), (60,23), (60,22), (60,21), (60,20), (60,19), (60,18), (60,17), (60,16), (60,15), (60,14), (60,13), (60,12), (60,11), (60,10)|(60,10), (59,10), (59,10), (59,9), (59,8), (59,7), (59,6), (59,5)",
        "time": 456.62720379237544
    },
    "Walk": {
        "cost": 0,
        "env_tax": 0,
        "route": "(57,38), (58,38), (59,38), (59,38), (59,37), (59,36), (59,35), (59,34), (59,33), (59,32), (59,31), (59,30), (59,29), (59,28), (59,27), (59,26), (59,25), (59,24), (59,23), (59,22), (59,21), (59,20), (59,19), (59,18), (59,17), (59,16), (59,15), (59,14), (59,13), (59,12), (59,11), (59,10), (59,9), (59,8), (59,7), (59,6), (59,5)",
        "time": 2609.7590073968026
    },
    "Walk_Train_Uber": {
        "cost": 16.6973589468649,
        "env_tax": 0.035,
        "route": "(57,38), (58,38), (59,38), (60,38), (60,38), (60,39), (60,40)|(60,40), (60,40), (60,39), (60,38), (60,37), (60,36), (60,35), (60,34), (60,33), (60,32), (60,31), (60,30), (60,29), (60,28), (60,27), (60,26), (60,25), (60,24), (60,23), (60,22), (60,21), (60,20), (60,19), (60,18), (60,17), (60,16), (60,15), (60,14), (60,13), (60,12), (60,11), (60,10)|(60,10), (60,9), (60,8), (60,7), (60,6), (59,6), (59,5)",
        "time": 384.9713381906041
    },
    "Walk_Train_Walk": {
        "cost": 3.2,
        "env_tax": 0,
        "route": "(57,38), (58,38), (59,38), (60,38), (60,38), (60,39), (60,40)|(60,40), (60,40), (60,39), (60,38), (60,37), (60,36), (60,35), (60,34), (60,33), (60,32), (60,31), (60,30), (60,29), (60,28), (60,27), (60,26), (60,25), (60,24), (60,23), (60,22), (60,21), (60,20), (60,19), (60,18), (60,17), (60,16), (60,15), (60,14), (60,13), (60,12), (60,11), (60,10)|(60,10), (59,10), (59,10), (59,9), (59,8), (59,7), (59,6), (59,5)",
        "time": 825.1861831944829
    }
}