{
    "Uber": {
        "cost": 64.67812625610274,
        "env_tax": 0.7400000000000001,
        "route": "(36,96), (37,96), (37,97), (38,97), (39,97), (40,97), (41,97), (41,98), (42,98), (43,98), (44,98), (45,98), (46,98), (47,98), (48,98), (49,98), (50,98), (51,98), (52,98), (53,98), (54,98), (55,98), (56,98), (57,98), (58,98), (58,97), (59,97), (60,97), (61,97), (62,97), (62,96), (63,96), (64,96), (64,95), (65,95), (66,95), (67,95), (67,94), (68,94), (68,93), (69,93), (69,92), (69,91), (69,90), (69,89), (70,89), (70,88), (70,87), (70,86), (71,86), (71,85), (71,84), (71,83), (71,82), (71,81), (71,80), (72,80), (73,80), (73,79), (73,78), (74,78), (74,77), (74,76), (74,75), (74,74), (74,73), (74,72), (74,71), (74,70), (74,69), (74,68), (75,68), (75,67), (75,66), (76,66), (77,66), (78,66), (79,66), (80,66), (80,65), (80,64), (80,63), (80,62), (80,61), (80,60), (80,59), (80,58), (80,57), (80,56), (80,55), (80,54), (80,53), (80,52), (80,51), (80,50), (80,49), (81,49), (82,49), (82,48), (82,47), (82,46), (82,45), (82,44), (82,43), (82,42), (82,41), (82,40), (82,39), (82,38), (82,37), (82,36), (82,35), (82,34), (82,33), (82,32), (82,31), (82,30), (82,29), (82,28), (82,27), (82,26), (82,25), (82,24), (82,23), (82,22), (82,21), (82,20), (82,19), (82,18), (82,17), (82,16), (82,15), (81,15), (81,14), (81,13), (81,12), (81,11), (81,10), (80,10), (79,10), (78,10), (77,10), (76,10), (75,10), (74,10), (74,9), (73,9), (72,9)",
        "time": 24.815894174393335
    },
    "Uber_Train_Uber": {
        "cost": 38.11615497290294,
        "env_tax": 0.07500000000000001,
        "route": "(36,96), (37,96), (37,95), (38,95), (39,95), (40,95), (40,94), (40,93), (40,92), (40,91), (40,90)|(40,90), (41,90), (42,90), (43,90), (44,90), (45,90), (46,90), (47,90), (48,90), (49,90), (50,90), (51,90), (52,90), (53,90), (54,90), (55,90), (56,90), (57,90), (58,90), (59,90), (60,90), (61,90), (62,90), (63,90), (64,90), (65,90), (66,90), (67,90), (68,90), (69,90), (70,90), (70,90), (70,89), (70,88), (70,87), (70,86), (70,85), (70,84), (70,83), (70,82), (70,81), (70,80), (70,79), (70,78), (70,77), (70,76), (70,75), (70,74), (70,73), (70,72), (70,71), (70,70), (70,69), (70,68), (70,67), (70,66), (70,65), (70,64), (70,63), (70,62), (70,61), (70,60), (70,59), (70,58), (70,57), (70,56), (70,55), (70,54), (70,53), (70,52), (70,51), (70,50), (70,49), (70,48), (70,47), (70,46), (70,45), (70,44), (70,43), (70,42), (70,41), (70,40), (70,39), (70,38), (70,37), (70,36), (70,35), (70,34), (70,33), (70,32), (70,31), (70,30), (70,29), (70,28), (70,27), (70,26), (70,25), (70,24), (70,23), (70,22), (70,21), (70,20), (70,19), (70,18), (70,17), (70,16), (70,15), (70,14), (70,13), (70,12), (70,11), (70,10)|(70,10), (70,9), (71,9), (72,9)",
        "time": 20.27769138653492
    },
    "Uber_Train_Walk": {
        "cost": 25.53503858013665,
        "env_tax": 0.05500000000000001,
        "route": "(36,96), (37,96), (37,95), (38,95), (39,95), (40,95), (40,94), (40,93), (40,92), (40,91), (40,90)|(40,90), (41,90), (42,90), (43,90), (44,90), (45,90), (46,90), (47,90), (48,90), (49,90), (50,90), (51,90), (52,90), (53,90), (54,90), (55,90), (56,90), (57,90), (58,90), (59,90), (60,90), (61,90), (62,90), (63,90), (64,90), (65,90), (66,90), (67,90), (68,90), (69,90), (70,90), (70,90), (70,89), (70,88), (70,87), (70,86), (70,85), (70,84), (70,83), (70,82), (70,81), (70,80), (70,79), (70,78), (70,77), (70,76), (70,75), (70,74), (70,73), (70,72), (70,71), (70,70), (70,69), (70,68), (70,67), (70,66), (70,65), (70,64), (70,63), (70,62), (70,61), (70,60), (70,59), (70,58), (70,57), (70,56), (70,55), (70,54), (70,53), (70,52), (70,51), (70,50), (70,49), (70,48), (70,47), (70,46), (70,45), (70,44), (70,43), (70,42), (70,41), (70,40), (70,39), (70,38), (70,37), (70,36), (70,35), (70,34), (70,33), (70,32), (70,31), (70,30), (70,29), (70,28), (70,27), (70,26), (70,25), (70,24), (70,23), (70,22), (70,21), (70,20), (70,19), (70,18), (70,17), (70,16), (70,15), (70,14), (70,13), (70,12), (70,11), (70,10)|(70,10), (71,10), (72,10), (72,10), (72,9)",
        "time": 239.577324140386
    },
    "Walk": {
        "cost": 0,
        "env_tax": 0,
        "route": "(36,96), (37,96), (38,96), (39,96), (40,96), (41,96), (42,96), (43,96), (44,96), (45,96), (46,96), (47,96), (48,96), (49,96), (50,96), (51,96), (52,96), (53,96), (54,96), (55,96), (56,96), (57,96), (58,96), (59,96), (60,96), (61,96), (62,96), (63,96), (64,96), (65,96), (66,96), (67,96), (68,96), (69,96), (70,96), (71,96), (72,96), (72,96), (72,95), (72,94), (72,93), (72,92), (72,91), (72,90), (72,89), (72,88), (72,87), (72,86), (72,85), (72,84), (72,83), (72,82), (72,81), (72,80), (72,79), (72,78), (72,77), (72,76), (72,75), (72,74), (72,73), (72,72), (72,71), (72,70), (72,69), (72,68), (72,67), (72,66), (72,65), (72,64), (72,63), (72,62), (72,61), (72,60), (72,59), (72,58), (72,57), (72,56), (72,55), (72,54), (72,53), (72,52), (72,51), (72,50), (72,49), (72,48), (72,47), (72,46), (72,45), (72,44), (72,43), (72,42), (72,41), (72,40), (72,39), (72,38), (72,37), (72,36), (72,35), (72,34), (72,33), (72,32), (72,31), (72,30), (72,29), (72,28), (72,27), (72,26), (72,25), (72,24), (72,23), (72,22), (72,21), (72,20), (72,19), (72,18), (72,17), (72,16), (72,15), (72,14), (72,13), (72,12), (72,11), (72,10), (72,9)",
        "time": 9171.438797423049
    },
    "Walk_Train_Uber": {
        "cost": 23.742944124858194,
        "env_tax": 0.020000000000000004,
        "route": "(36,96), (37,96), (38,96), (39,96), (40,96), (40,96), (40,95), (40,94), (40,93), (40,92), (40,91), (40,90)|(40,90), (41,90), (42,90), (43,90), (44,90), (45,90), (46,90), (47,90), (48,90), (49,90), (50,90), (51,90), (52,90), (53,90), (54,90), (55,90), (56,90), (57,90), (58,90), (59,90), (60,90), (61,90), (62,90), (63,90), (64,90), (65,90), (66,90), (67,90), (68,90), (69,90), (70,90), (70,90), (70,89), (70,88), (70,87), (70,86), (70,85), (70,84), (70,83), (70,82), (70,81), (70,80), (70,79), (70,78), (70,77), (70,76), (70,75), (70,74), (70,73), (70,72), (70,71), (70,70), (70,69), (70,68), (70,67), (70,66), (70,65), (70,64), (70,63), (70,62), (70,61), (70,60), (70,59), (70,58), (70,57), (70,56), (70,55), (70,54), (70,53), (70,52), (70,51), (70,50), (70,49), (70,48), (70,47), (70,46), (70,45), (70,44), (70,43), (70,42), (70,41), (70,40), (70,39), (70,38), (70,37), (70,36), (70,35), (70,34), (70,33), (70,32), (70,31), (70,30), (70,29), (70,28), (70,27), (70,26), (70,25), (70,24), (70,23), (70,22), (70,21), (70,20), (70,19), (70,18), (70,17), (70,16), (70,15), (70,14), (70,13), (70,12), (70,11), (70,10)|(70,10), (70,9), (71,9), (72,9)",
        "time": 760.1184888283091
    },
    "Walk_Train_Walk": {
        "cost": 11.200000000000001,
        "env_tax": 0,
        "route": "(36,96), (37,96), (38,96), (39,96), (40,96), (40,96), (40,95), (40,94), (40,93), (40,92), (40,91), (40,90)|(40,90), (41,90), (42,90), (43,90), (44,90), (45,90), (46,90), (47,90), (48,90), (49,90), (50,90), (51,90), (52,90), (53,90), (54,90), (55,90), (56,90), (57,90), (58,90), (59,90), (60,90), (61,90), (62,90), (63,90), (64,90), (65,90), (66,90), (67,90), (68,90), (69,90), (70,90), (70,90), (70,89), (70,88), (70,87), (70,86), (70,85), (70,84), (70,83), (70,82), (70,81), (70,80), (70,79), (70,78), (70,77), (70,76), (70,75), (70,74), (70,73), (70,72), (70,71), (70,70), (70,69), (70,68), (70,67), (70,66), (70,65), (70,64), (70,63), (70,62), (70,61), (70,60), (70,59), (70,58), (70,57), (70,56), (70,55), (70,54), (70,53), (70,52), (70,51), (70,50), (70,49), (70,48), (70,47), (70,46), (70,45), (70,44), (70,43), (70,42), (70,41), (70,40), (70,39), (70,38), (70,37), (70,36), (70,35), (70,34), (70,33), (70,32), (70,31), (70,30), (70,29), (70,28), (70,27), (70,26), (70,25), (70,24), (70,23), (70,22), (70,21), (70,20), (70,19), (70,18), (70,17), (70,16), (70,15), (70,14), (70,13), (70,12), (70,11), (70,10)|(70,10), (71,10), (72,10), (72,10), (72,9)",
        "time": 978.2480901702654
    }
}