{
    "Uber": {
        "cost": 34.54486211620388,
        "env_tax": 0.10500000000000001,
        "route": "(41,47), (41,48), (42,48), (43,48), (44,48), (45,48), (46,48), (46,49), (46,50), (47,50), (48,50), (49,50), (50,50), (50,51), (51,51), (52,51), (53,51), (54,51), (55,51), (56,51), (57,51)",
        "time": 14.760953139292454
    },
    "Uber_Train_Uber": {
        "cost": 34.187735019011676,
        "env_tax": 0.05,
        "route": "(41,47), (41,48), (40,48), (40,49), (40,50)|(40,50), (41,50), (42,50), (43,50), (44,50), (45,50), (46,50), (47,50), (48,50), (49,50), (50,50), (51,50), (52,50), (53,50), (54,50), (55,50), (56,50), (57,50), (58,50), (59,50), (60,50), (60,50)|(60,50), (59,50), (59,51), (58,51), (57,51)",
        "time": 20.73616566403109
    },
    "Uber_Train_Walk": {
        "cost": 18.328519802520347,
        "env_tax": 0.025,
        "route": "(41,47), (41,48), (40,48), (40,49), (40,50)|(40,50), (41,50), (42,50), (43,50), (44,50), (45,50), (46,50), (47,50), (48,50), (49,50), (50,50), (51,50), (52,50), (53,50), (54,50), (55,50), (56,50), (57,50), (58,50), (59,50), (60,50), (60,50)|(60,50), (59,50), (58,50), (57,50), (57,50), (57,51)",
        "time": 310.29006881893025
    },
    "Walk": {
        "cost": 0,
        "env_tax": 0,
        "route": "(41,47), (42,47), (43,47), (44,47), (45,47), (46,47), (47,47), (48,47), (49,47), (50,47), (51,47), (52,47), (53,47), (54,47), (55,47), (56,47), (57,47), (57,47), (57,48), (57,49), (57,50), (57,51)",
        "time": 1491.2908613696013
    },
    "Walk_Train_Uber": {
        "cost": 18.602603996642227,
        "env_tax": 0.025,
        "route": "(41,47), (40,47), (40,47), (40,48), (40,49), (40,50)|(40,50), (41,50), (42,50), (43,50), (44,50), (45,50), (46,50), (47,50), (48,50), (49,50), (50,50), (51,50), (52,50), (53,50), (54,50), (55,50), (56,50), (57,50), (58,50), (59,50), (60,50), (60,50)|(60,50), (59,50), (59,51), (58,51), (57,51)",
        "time": 313.3142528762896
    },
    "Walk_Train_Walk": {
        "cost": 2.2,
        "env_tax": 0,
        "route": "(41,47), (40,47), (40,47), (40,48), (40,49), (40,50)|(40,50), (41,50), (42,50), (43,50), (44,50), (45,50), (46,50), (47,50), (48,50), (49,50), (50,50), (51,50), (52,50), (53,50), (54,50), (55,50), (56,50), (57,50), (58,50), (59,50), (60,50), (60,50)|(60,50), (59,50), (58,50), (57,50), (57,50), (57,51)",
        "time": 601.3709444212247
    }
}