{
    "Uber": {
        "cost": 30.297016560422616,
        "env_tax": 0.49500000000000005,
        "route": "(42,13), (41,13), (40,13), (39,13), (39,12), (39,11), (39,10), (38,10), (38,9), (38,8), (37,8), (37,7), (36,7), (36,6), (36,5), (35,5), (34,5), (33,5), (32,5), (31,5), (30,5), (29,5), (28,5), (27,5), (26,5), (25,5), (24,5), (23,5), (22,5), (21,5), (20,5), (19,5), (18,5), (18,6), (17,6), (16,6), (16,7), (15,7), (14,7), (14,8), (14,9), (13,9), (12,9), (11,9), (11,10), (10,10), (9,10), (8,10), (8,11), (7,11), (7,12), (7,13), (7,14), (7,15), (6,15), (5,15), (4,15), (3,15), (3,16), (2,16), (2,17), (2,18), (1,18), (0,18), (0,19), (0,20), (0,21), (0,22), (0,23), (0,24), (0,25), (0,26), (0,27), (0,28), (0,29), (0,30), (0,31), (0,32), (0,33), (0,34), (0,35), (0,36), (0,37), (0,38), (0,39), (0,40), (0,41), (1,41), (1,42), (1,43), (1,44), (1,45), (1,46), (1,47), (1,48), (1,49), (2,49), (2,50), (3,50)",
        "time": 8.749495824209205
    },
    "Uber_Train_Uber": {
        "cost": 35.037226571208436,
        "env_tax": 0.07,
        "route": "(42,13), (42,12), (42,11), (42,10), (41,10), (40,10)|(40,10), (39,10), (38,10), (37,10), (36,10), (35,10), (34,10), (33,10), (32,10), (31,10), (30,10), (29,10), (28,10), (27,10), (26,10), (25,10), (24,10), (23,10), (22,10), (21,10), (20,10), (19,10), (18,10), (17,10), (16,10), (15,10), (14,10), (13,10), (12,10), (11,10), (10,10), (10,10), (10,11), (10,12), (10,13), (10,14), (10,15), (10,16), (10,17), (10,18), (10,19), (10,20), (10,21), (10,22), (10,23), (10,24), (10,25), (10,26), (10,27), (10,28), (10,29), (10,30), (10,31), (10,32), (10,33), (10,34), (10,35), (10,36), (10,37), (10,38), (10,39), (10,40), (10,41), (10,42), (10,43), (10,44), (10,45), (10,46), (10,47), (10,48), (10,49), (10,50)|(10,50), (9,50), (8,50), (7,50), (6,50), (5,50), (4,50), (3,50)",
        "time": 22.979034893577087
    },
    "Uber_Train_Walk": {
        "cost": 20.841594418715967,
        "env_tax": 0.030000000000000006,
        "route": "(42,13), (42,12), (42,11), (42,10), (41,10), (40,10)|(40,10), (39,10), (38,10), (37,10), (36,10), (35,10), (34,10), (33,10), (32,10), (31,10), (30,10), (29,10), (28,10), (27,10), (26,10), (25,10), (24,10), (23,10), (22,10), (21,10), (20,10), (19,10), (18,10), (17,10), (16,10), (15,10), (14,10), (13,10), (12,10), (11,10), (10,10), (10,10), (10,11), (10,12), (10,13), (10,14), (10,15), (10,16), (10,17), (10,18), (10,19), (10,20), (10,21), (10,22), (10,23), (10,24), (10,25), (10,26), (10,27), (10,28), (10,29), (10,30), (10,31), (10,32), (10,33), (10,34), (10,35), (10,36), (10,37), (10,38), (10,39), (10,40), (10,41), (10,42), (10,43), (10,44), (10,45), (10,46), (10,47), (10,48), (10,49), (10,50)|(10,50), (9,50), (8,50), (7,50), (6,50), (5,50), (4,50), (3,50), (3,50)",
        "time": 537.7713614486366
    },
    "Walk": {
        "cost": 0,
        "env_tax": 0,
        "route": "(42,13), (41,13), (40,13), (39,13), (38,13), (37,13), (36,13), (35,13), (34,13), (33,13), (32,13), (31,13), (30,13), (29,13), (28,13), (27,13), (26,13), (25,13), (24,13), (23,13), (22,13), (21,13), (20,13), (19,13), (18,13), (17,13), (16,13), (15,13), (14,13), (13,13), (12,13), (11,13), (10,13), (9,13), (8,13), (7,13), (6,13), (5,13), (4,13), (3,13), (3,13), (3,14), (3,15), (3,16), (3,17), (3,18), (3,19), (3,20), (3,21), (3,22), (3,23), (3,24), (3,25), (3,26), (3,27), (3,28), (3,29), (3,30), (3,31), (3,32), (3,33), (3,34), (3,35), (3,36), (3,37), (3,38), (3,39), (3,40), (3,41), (3,42), (3,43), (3,44), (3,45), (3,46), (3,47), (3,48), (3,49), (3,50)",
        "time": 5666.905273204486
    },
    "Walk_Train_Uber": {
        "cost": 21.55207058074712,
        "env_tax": 0.04000000000000001,
        "route": "(42,13), (41,13), (40,13), (40,13), (40,12), (40,11), (40,10)|(40,10), (39,10), (38,10), (37,10), (36,10), (35,10), (34,10), (33,10), (32,10), (31,10), (30,10), (29,10), (28,10), (27,10), (26,10), (25,10), (24,10), (23,10), (22,10), (21,10), (20,10), (19,10), (18,10), (17,10), (16,10), (15,10), (14,10), (13,10), (12,10), (11,10), (10,10), (10,10), (10,11), (10,12), (10,13), (10,14), (10,15), (10,16), (10,17), (10,18), (10,19), (10,20), (10,21), (10,22), (10,23), (10,24), (10,25), (10,26), (10,27), (10,28), (10,29), (10,30), (10,31), (10,32), (10,33), (10,34), (10,35), (10,36), (10,37), (10,38), (10,39), (10,40), (10,41), (10,42), (10,43), (10,44), (10,45), (10,46), (10,47), (10,48), (10,49), (10,50)|(10,50), (9,50), (8,50), (7,50), (6,50), (5,50), (4,50), (3,50)",
        "time": 386.61621081843936
    },
    "Walk_Train_Walk": {
        "cost": 7.2,
        "env_tax": 0,
        "route": "(42,13), (41,13), (40,13), (40,13), (40,12), (40,11), (40,10)|(40,10), (39,10), (38,10), (37,10), (36,10), (35,10), (34,10), (33,10), (32,10), (31,10), (30,10), (29,10), (28,10), (27,10), (26,10), (25,10), (24,10), (23,10), (22,10), (21,10), (20,10), (19,10), (18,10), (17,10), (16,10), (15,10), (14,10), (13,10), (12,10), (11,10), (10,10), (10,10), (10,11), (10,12), (10,13), (10,14), (10,15), (10,16), (10,17), (10,18), (10,19), (10,20), (10,21), (10,22), (10,23), (10,24), (10,25), (10,26), (10,27), (10,28), (10,29), (10,30), (10,31), (10,32), (10,33), (10,34), (10,35), (10,36), (10,37), (10,38), (10,39), (10,40), (10,41), (10,42), (10,43), (10,44), (10,45), (10,46), (10,47), (10,48), (10,49), (10,50)|(10,50), (9,50), (8,50), (7,50), (6,50), (5,50), (4,50), (3,50), (3,50)",
        "time": 902.9977943005731
    }
}