{
    "Uber": {
        "cost": 61.159810973638656,
        "env_tax": 0.8800000000000001,
        "route": "(91,16), (92,16), (92,17), (92,18), (93,18), (94,18), (95,18), (95,19), (95,20), (96,20), (97,20), (97,21), (98,21), (98,22), (98,23), (98,24), (98,25), (98,26), (98,27), (98,28), (98,29), (98,30), (97,30), (97,31), (97,32), (97,33), (97,34), (97,35), (97,36), (97,37), (97,38), (97,39), (96,39), (96,40), (96,41), (96,42), (96,43), (96,44), (96,45), (96,46), (96,47), (96,48), (95,48), (95,49), (94,49), (94,50), (94,51), (93,51), (93,52), (93,53), (93,54), (93,55), (93,56), (92,56), (92,57), (92,58), (91,58), (91,59), (90,59), (89,59), (88,59), (88,60), (88,61), (88,62), (87,62), (87,63), (87,64), (86,64), (86,65), (85,65), (84,65), (83,65), (83,66), (83,67), (83,68), (82,68), (81,68), (81,69), (81,70), (80,70), (80,71), (79,71), (78,71), (77,71), (76,71), (76,72), (75,72), (74,72), (74,73), (74,74), (74,75), (74,76), (74,77), (73,77), (73,78), (72,78), (71,78), (71,79), (71,80), (71,81), (70,81), (69,81), (69,82), (68,82), (67,82), (66,82), (66,83), (65,83), (64,83), (64,84), (63,84), (63,85), (63,86), (63,87), (63,88), (63,89), (62,89), (61,89), (60,89), (59,89), (59,90), (58,90), (58,91), (58,92), (58,93), (58,94), (57,94), (57,95), (56,95), (55,95), (55,96), (54,96), (53,96), (53,97), (52,97), (51,97), (50,97), (50,98), (49,98), (48,98), (47,98), (46,98), (45,98), (44,98), (43,98), (42,98), (41,98), (40,98), (39,98), (38,98), (37,98), (36,98), (35,98), (34,98), (33,98), (32,98), (31,98), (30,98), (29,98), (28,98), (27,98), (26,98), (25,98), (24,98), (24,99), (23,99), (22,99), (21,99), (20,99), (19,99), (18,99), (17,99), (16,99), (15,99), (14,99), (13,99)",
        "time": 22.827865165343923
    },
    "Uber_Train_Uber": {
        "cost": 40.84578786177952,
        "env_tax": 0.095,
        "route": "(91,16), (91,17), (91,18), (90,18), (90,19), (90,20)|(90,20), (89,20), (88,20), (87,20), (86,20), (85,20), (84,20), (83,20), (82,20), (81,20), (80,20), (79,20), (78,20), (77,20), (76,20), (75,20), (74,20), (73,20), (72,20), (71,20), (70,20), (69,20), (68,20), (67,20), (66,20), (65,20), (64,20), (63,20), (62,20), (61,20), (60,20), (59,20), (58,20), (57,20), (56,20), (55,20), (54,20), (53,20), (52,20), (51,20), (50,20), (49,20), (48,20), (47,20), (46,20), (45,20), (44,20), (43,20), (42,20), (41,20), (40,20), (39,20), (38,20), (37,20), (36,20), (35,20), (34,20), (33,20), (32,20), (31,20), (30,20), (29,20), (28,20), (27,20), (26,20), (25,20), (24,20), (23,20), (22,20), (21,20), (20,20), (19,20), (18,20), (17,20), (16,20), (15,20), (14,20), (13,20), (12,20), (11,20), (10,20), (10,20), (10,21), (10,22), (10,23), (10,24), (10,25), (10,26), (10,27), (10,28), (10,29), (10,30), (10,31), (10,32), (10,33), (10,34), (10,35), (10,36), (10,37), (10,38), (10,39), (10,40), (10,41), (10,42), (10,43), (10,44), (10,45), (10,46), (10,47), (10,48), (10,49), (10,50), (10,51), (10,52), (10,53), (10,54), (10,55), (10,56), (10,57), (10,58), (10,59), (10,60), (10,61), (10,62), (10,63), (10,64), (10,65), (10,66), (10,67), (10,68), (10,69), (10,70), (10,71), (10,72), (10,73), (10,74), (10,75), (10,76), (10,77), (10,78), (10,79), (10,80), (10,81), (10,82), (10,83), (10,84), (10,85), (10,86), (10,87), (10,88), (10,89), (10,90)|(10,90), (10,91), (10,92), (10,93), (10,94), (11,94), (11,95), (11,96), (11,97), (11,98), (12,98), (12,99), (13,99)",
        "time": 18.276700547519003
    },
    "Uber_Train_Walk": {
        "cost": 27.76857045794801,
        "env_tax": 0.030000000000000006,
        "route": "(91,16), (91,17), (91,18), (90,18), (90,19), (90,20)|(90,20), (89,20), (88,20), (87,20), (86,20), (85,20), (84,20), (83,20), (82,20), (81,20), (80,20), (79,20), (78,20), (77,20), (76,20), (75,20), (74,20), (73,20), (72,20), (71,20), (70,20), (69,20), (68,20), (67,20), (66,20), (65,20), (64,20), (63,20), (62,20), (61,20), (60,20), (59,20), (58,20), (57,20), (56,20), (55,20), (54,20), (53,20), (52,20), (51,20), (50,20), (49,20), (48,20), (47,20), (46,20), (45,20), (44,20), (43,20), (42,20), (41,20), (40,20), (39,20), (38,20), (37,20), (36,20), (35,20), (34,20), (33,20), (32,20), (31,20), (30,20), (29,20), (28,20), (27,20), (26,20), (25,20), (24,20), (23,20), (22,20), (21,20), (20,20), (19,20), (18,20), (17,20), (16,20), (15,20), (14,20), (13,20), (12,20), (11,20), (10,20), (10,20), (10,21), (10,22), (10,23), (10,24), (10,25), (10,26), (10,27), (10,28), (10,29), (10,30), (10,31), (10,32), (10,33), (10,34), (10,35), (10,36), (10,37), (10,38), (10,39), (10,40), (10,41), (10,42), (10,43), (10,44), (10,45), (10,46), (10,47), (10,48), (10,49), (10,50), (10,51), (10,52), (10,53), (10,54), (10,55), (10,56), (10,57), (10,58), (10,59), (10,60), (10,61), (10,62), (10,63), (10,64), (10,65), (10,66), (10,67), (10,68), (10,69), (10,70), (10,71), (10,72), (10,73), (10,74), (10,75), (10,76), (10,77), (10,78), (10,79), (10,80), (10,81), (10,82), (10,83), (10,84), (10,85), (10,86), (10,87), (10,88), (10,89), (10,90)|(10,90), (11,90), (12,90), (13,90), (13,90), (13,91), (13,92), (13,93), (13,94), (13,95), (13,96), (13,97), (13,98), (13,99)",
        "time": 911.402466942563
    },
    "Walk": {
        "cost": 0,
        "env_tax": 0,
        "route": "(91,16), (90,16), (89,16), (88,16), (87,16), (86,16), (85,16), (84,16), (83,16), (82,16), (81,16), (80,16), (79,16), (78,16), (77,16), (76,16), (75,16), (74,16), (73,16), (72,16), (71,16), (70,16), (69,16), (68,16), (67,16), (66,16), (65,16), (64,16), (63,16), (62,16), (61,16), (60,16), (59,16), (58,16), (57,16), (56,16), (55,16), (54,16), (53,16), (52,16), (51,16), (50,16), (49,16), (48,16), (47,16), (46,16), (45,16), (44,16), (43,16), (42,16), (41,16), (40,16), (39,16), (38,16), (37,16), (36,16), (35,16), (34,16), (33,16), (32,16), (31,16), (30,16), (29,16), (28,16), (27,16), (26,16), (25,16), (24,16), (23,16), (22,16), (21,16), (20,16), (19,16), (18,16), (17,16), (16,16), (15,16), (14,16), (13,16), (13,16), (13,17), (13,18), (13,19), (13,20), (13,21), (13,22), (13,23), (13,24), (13,25), (13,26), (13,27), (13,28), (13,29), (13,30), (13,31), (13,32), (13,33), (13,34), (13,35), (13,36), (13,37), (13,38), (13,39), (13,40), (13,41), (13,42), (13,43), (13,44), (13,45), (13,46), (13,47), (13,48), (13,49), (13,50), (13,51), (13,52), (13,53), (13,54), (13,55), (13,56), (13,57), (13,58), (13,59), (13,60), (13,61), (13,62), (13,63), (13,64), (13,65), (13,66), (13,67), (13,68), (13,69), (13,70), (13,71), (13,72), (13,73), (13,74), (13,75), (13,76), (13,77), (13,78), (13,79), (13,80), (13,81), (13,82), (13,83), (13,84), (13,85), (13,86), (13,87), (13,88), (13,89), (13,90), (13,91), (13,92), (13,93), (13,94), (13,95), (13,96), (13,97), (13,98), (13,99)",
        "time": 12004.891434025292
    },
    "Walk_Train_Uber": {
        "cost": 28.596564042373405,
        "env_tax": 0.065,