{
    "Uber": {
        "cost": 51.194840520167894,
        "env_tax": 0.7100000000000001,
        "route": "(85,2), (84,2), (83,2), (82,2), (81,2), (80,2), (79,2), (79,1), (78,1), (77,1), (76,1), (75,1), (74,1), (73,1), (72,1), (71,1), (70,1), (70,0), (69,0), (68,0), (67,0), (66,0), (65,0), (64,0), (63,0), (62,0), (61,0), (60,0), (59,0), (58,0), (57,0), (56,0), (55,0), (54,0), (53,0), (52,0), (51,0), (50,0), (49,0), (48,0), (47,0), (46,0), (45,0), (44,0), (43,0), (43,1), (43,2), (43,3), (42,3), (41,3), (40,3), (39,3), (38,3), (38,4), (38,5), (38,6), (38,7), (38,8), (37,8), (36,8), (35,8), (34,8), (33,8), (33,9), (32,9), (31,9), (31,10), (31,11), (31,12), (31,13), (30,13), (30,14), (29,14), (28,14), (28,15), (28,16), (28,17), (27,17), (26,17), (25,17), (24,17), (23,17), (22,17), (22,18), (21,18), (21,19), (21,20), (21,21), (21,22), (20,22), (20,23), (19,23), (18,23), (17,23), (16,23), (16,24), (15,24), (14,24), (14,25), (13,25), (13,26), (13,27), (13,28), (13,29), (13,30), (13,31), (13,32), (13,33), (13,34), (13,35), (13,36), (13,37), (13,38), (13,39), (12,39), (12,40), (12,41), (12,42), (12,43), (12,44), (12,45), (12,46), (12,47), (12,48), (12,49), (12,50), (12,51), (12,52), (12,53), (12,54), (12,55), (13,55), (14,55), (15,55), (15,56), (16,56), (17,56), (18,56), (19,56), (19,57), (20,57), (20,58)",
        "time": 18.195505721174374
    },
    "Uber_Train_Uber": {
        "cost": 37.70218201979739,
        "env_tax": 0.085,
        "route": "(85,2), (84,2), (83,2), (83,3), (83,4), (82,4), (82,5), (82,6), (82,7), (81,7), (81,8), (81,9), (81,10), (80,10)|(80,10), (79,10), (78,10), (77,10), (76,10), (75,10), (74,10), (73,10), (72,10), (71,10), (70,10), (69,10), (68,10), (67,10), (66,10), (65,10), (64,10), (63,10), (62,10), (61,10), (60,10), (59,10), (58,10), (57,10), (56,10), (55,10), (54,10), (53,10), (52,10), (51,10), (50,10), (49,10), (48,10), (47,10), (46,10), (45,10), (44,10), (43,10), (42,10), (41,10), (40,10), (39,10), (38,10), (37,10), (36,10), (35,10), (34,10), (33,10), (32,10), (31,10), (30,10), (29,10), (28,10), (27,10), (26,10), (25,10), (24,10), (23,10), (22,10), (21,10), (20,10), (20,10), (20,11), (20,12), (20,13), (20,14), (20,15), (20,16), (20,17), (20,18), (20,19), (20,20), (20,21), (20,22), (20,23), (20,24), (20,25), (20,26), (20,27), (20,28), (20,29), (20,30), (20,31), (20,32), (20,33), (20,34), (20,35), (20,36), (20,37), (20,38), (20,39), (20,40), (20,41), (20,42), (20,43), (20,44), (20,45), (20,46), (20,47), (20,48), (20,49), (20,50), (20,51), (20,52), (20,53), (20,54), (20,55), (20,56), (20,57), (20,58), (20,59), (20,60)|(20,60), (20,59), (20,58)",
        "time": 21.98264678204107
    },
    "Uber_Train_Walk": {
        "cost": 24.9525206476508,
        "env_tax": 0.07,
        "route": "(85,2), (84,2), (83,2), (83,3), (83,4), (82,4), (82,5), (82,6), (82,7), (81,7), (81,8), (81,9), (81,10), (80,10)|(80,10), (79,10), (78,10), (77,10), (76,10), (75,10), (74,10), (73,10), (72,10), (71,10), (70,10), (69,10), (68,10), (67,10), (66,10), (65,10), (64,10), (63,10), (62,10), (61,10), (60,10), (59,10), (58,10), (57,10), (56,10), (55,10), (54,10), (53,10), (52,10), (51,10), (50,10), (49,10), (48,10), (47,10), (46,10), (45,10), (44,10), (43,10), (42,10), (41,10), (40,10), (39,10), (38,10), (37,10), (36,10), (35,10), (34,10), (33,10), (32,10), (31,10), (30,10), (29,10), (28,10), (27,10), (26,10), (25,10), (24,10), (23,10), (22,10), (21,10), (20,10), (20,10), (20,11), (20,12), (20,13), (20,14), (20,15), (20,16), (20,17), (20,18), (20,19), (20,20), (20,21), (20,22), (20,23), (20,24), (20,25), (20,26), (20,27), (20,28), (20,29), (20,30), (20,31), (20,32), (20,33), (20,34), (20,35), (20,36), (20,37), (20,38), (20,39), (20,40), (20,41), (20,42), (20,43), (20,44), (20,45), (20,46), (20,47), (20,48), (20,49), (20,50), (20,51), (20,52), (20,53), (20,54), (20,55), (20,56), (20,57), (20,58), (20,59), (20,60)|(20,60), (20,60), (20,59), (20,58)",
        "time": 161.3746696088053
    },
    "Walk": {
        "cost": 0,
        "env_tax": 0,
        "route": "(85,2), (84,2), (83,2), (82,2), (81,2), (80,2), (79,2), (78,2), (77,2), (76,2), (75,2), (74,2), (73,2), (72,2), (71,2), (70,2), (69,2), (68,2), (67,2), (66,2), (65,2), (64,2), (63,2), (62,2), (61,2), (60,2), (59,2), (58,2), (57,2), (56,2), (55,2), (54,2), (53,2), (52,2), (51,2), (50,2), (49,2), (48,2), (47,2), (46,2), (45,2), (44,2), (43,2), (42,2), (41,2), (40,2), (39,2), (38,2), (37,2), (36,2), (35,2), (34,2), (33,2), (32,2), (31,2), (30,2), (29,2), (28,2), (27,2), (26,2), (25,2), (24,2), (23,2), (22,2), (21,2), (20,2), (20,2), (20,3), (20,4), (20,5), (20,6), (20,7), (20,8), (20,9), (20,10), (20,11), (20,12), (20,13), (20,14), (20,15), (20,16), (20,17), (20,18), (20,19), (20,20), (20,21), (20,22), (20,23), (20,24), (20,25), (20,26), (20,27), (20,28), (20,29), (20,30), (20,31), (20,32), (20,33), (20,34), (20,35), (20,36), (20,37), (20,38), (20,39), (20,40), (20,41), (20,42), (20,43), (20,44), (20,45), (20,46), (20,47), (20,48), (20,49), (20,50), (20,51), (20,52), (20,53), (20,54), (20,55), (20,56), (20,57), (20,58)",
        "time": 9022.309711286089
    },
    "Walk_Train_Uber": {
        "cost": 24.07904141061227,
        "env_tax": 0.015000000000000003,
        "route": "(85,2), (84,2), (83,2), (82,2), (81,2), (80,2), (80,2), (80,3), (80,4), (80,5), (80,6), (80,7), (80,8), (80,9), (80,10)|(80,10), (79,10), (78,10), (77,10), (76,10), (75,10), (74,10), (73,10), (72,10), (71,10), (70,10), (69,10), (68,10), (67,10), (66,10), (65,10), (64,10), (63,10), (62,10), (61,10), (60,10), (59,10), (58,10), (57,10), (56,10), (55,10), (54,10), (53,10), (52,10), (51,10), (50,10), (49,10), (48,10), (47,10), (46,10), (45,10), (44,10), (43,10), (42,10), (41,10), (40,10), (39,10), (38,10), (37,10), (36,10), (35,10), (34,10), (33,10), (32,10), (31,10), (30,10), (29,10), (28,10), (27,10), (26,10), (25,10), (24,10), (23,10), (22,10), (21,10), (20,10), (20,10), (20,11), (20,12), (20,13), (20,14), (20,15), (20,16), (20,17), (20,18), (20,19), (20,20), (20,21), (20,22), (20,23), (20,24), (20,25), (20,26), (20,27), (20,28), (20,29), (20,30), (20,31), (20,32), (20,33), (20,34), (20,35), (20,36), (20,37), (20,38), (20,39), (20,40), (20,41), (20,42), (20,43), (20,44), (20,45), (20,46), (20,47), (20,48), (20,49), (20,50), (20,51), (20,52), (20,53), (20,54), (20,55), (20,56), (20,57), (20,58), (20,59), (20,60)|(20,60), (20,59), (20,58)",
        "time": 985.2201636661754
    },
    "Walk_Train_Walk": {
        "cost": 11.200000000000001,
        "env_tax": 0,
        "route": "(85,2), (84,2), (83,2), (82,2), (81,2), (80,2), (80,2), (80,3), (80,4), (80,5), (80,6), (80,7), (80,8), (80,9), (80,10)|(80,10), (79,10), (78,10), (77,10), (76,10), (75,10), (74,10), (73,10), (72,10), (71,10), (70,10), (69,10), (68,10), (67,10), (66,10), (65,10), (64,10), (63,10), (62,10), (61,10), (60,10), (59,10), (58,10), (57,10), (56,10), (55,10), (54,10), (53,10), (52,10), (51,10), (50,10), (49,10), (48,10), (47,10), (46,10), (45,10), (44,10), (43,10), (42,10), (41,10), (40,10), (39,10), (38,10), (37,10), (36,10), (35,10), (34,10), (33,10), (32,10), (31,10), (30,10), (29,10), (28,10), (27,10), (26,10), (25,10), (24,10), (23,10), (22,10), (21,10), (20,10), (20,10), (20,11), (20,12), (20,13), (20,14), (20,15), (20,16), (20,17), (20,18), (20,19), (20,20), (20,21), (20,22), (20,23), (20,24), (20,25), (20,26), (20,27), (20,28), (20,29), (20,30), (20,31), (20,32), (20,33), (20,34), (20,35), (20,36), (20,37), (20,38), (20,39), (20,40), (20,41), (20,42), (20,43), (20,44), (20,45), (20,46), (20,47), (20,48), (20,49), (20,50), (20,51), (20,52), (20,53), (20,54), (20,55), (20,56), (20,57), (20,58), (20,59), (20,60)|(20,60), (20,60), (20,59), (20,58)",
        "time": 1125.05350641304
    }
}