{
    "Uber": {
        "cost": 44.240042453325565,
        "env_tax": 0.52,
        "route": "(78,50), (78,51), (79,51), (79,52), (80,52), (80,53), (80,54), (80,55), (80,56), (80,57), (80,58), (80,59), (80,60), (80,61), (80,62), (80,63), (80,64), (80,65), (80,66), (80,67), (80,68), (80,69), (80,70), (80,71), (80,72), (80,73), (80,74), (80,75), (80,76), (80,77), (80,78), (80,79), (80,80), (80,81), (80,82), (80,83), (80,84), (80,85), (80,86), (79,86), (79,87), (78,87), (77,87), (77,88), (76,88), (75,88), (74,88), (74,89), (74,90), (73,90), (72,90), (72,91), (71,91), (70,91), (69,91), (69,92), (69,93), (68,93), (68,94), (67,94), (67,95), (66,95), (65,95), (64,95), (63,95), (62,95), (61,95), (60,95), (59,95), (58,95), (57,95), (56,95), (55,95), (54,95), (53,95), (52,95), (51,95), (50,95), (49,95), (48,95), (47,95), (46,95), (45,95), (44,95), (43,95), (42,95), (41,95), (40,95), (39,95), (38,95), (37,95), (36,95), (35,95), (34,95), (34,94), (34,93), (33,93), (33,92), (33,91), (32,91), (32,90), (32,89), (32,88), (32,87)",
        "time": 16.34676468781344
    },
    "Uber_Train_Uber": {
        "cost": 35.84528044385973,
        "env_tax": 0.04500000000000001,
        "route": "(78,50), (79,50), (80,50)|(80,50), (79,50), (78,50), (77,50), (76,50), (75,50), (74,50), (73,50), (72,50), (71,50), (70,50), (69,50), (68,50), (67,50), (66,50), (65,50), (64,50), (63,50), (62,50), (61,50), (60,50), (59,50), (58,50), (57,50), (56,50), (55,50), (54,50), (53,50), (52,50), (51,50), (50,50), (49,50), (48,50), (47,50), (46,50), (45,50), (44,50), (43,50), (42,50), (41,50), (40,50), (39,50), (38,50), (37,50), (36,50), (35,50), (34,50), (33,50), (32,50), (31,50), (30,50), (30,50), (30,51), (30,52), (30,53), (30,54), (30,55), (30,56), (30,57), (30,58), (30,59), (30,60), (30,61), (30,62), (30,63), (30,64), (30,65), (30,66), (30,67), (30,68), (30,69), (30,70), (30,71), (30,72), (30,73), (30,74), (30,75), (30,76), (30,77), (30,78), (30,79), (30,80), (30,81), (30,82), (30,83), (30,84), (30,85), (30,86), (30,87), (30,88), (30,89), (30,90)|(30,90), (31,90), (31,89), (31,88), (31,87), (32,87)",
        "time": 27.92797969454312
    },
    "Uber_Train_Walk": {
        "cost": 22.491916989033516,
        "env_tax": 0.015000000000000003,
        "route": "(78,50), (79,50), (80,50)|(80,50), (79,50), (78,50), (77,50), (76,50), (75,50), (74,50), (73,50), (72,50), (71,50), (70,50), (69,50), (68,50), (67,50), (66,50), (65,50), (64,50), (63,50), (62,50), (61,50), (60,50), (59,50), (58,50), (57,50), (56,50), (55,50), (54,50), (53,50), (52,50), (51,50), (50,50), (49,50), (48,50), (47,50), (46,50), (45,50), (44,50), (43,50), (42,50), (41,50), (40,50), (39,50), (38,50), (37,50), (36,50), (35,50), (34,50), (33,50), (32,50), (31,50), (30,50), (30,50), (30,51), (30,52), (30,53), (30,54), (30,55), (30,56), (30,57), (30,58), (30,59), (30,60), (30,61), (30,62), (30,63), (30,64), (30,65), (30,66), (30,67), (30,68), (30,69), (30,70), (30,71), (30,72), (30,73), (30,74), (30,75), (30,76), (30,77), (30,78), (30,79), (30,80), (30,81), (30,82), (30,83), (30,84), (30,85), (30,86), (30,87), (30,88), (30,89), (30,90)|(30,90), (31,90), (32,90), (32,90), (32,89), (32,88), (32,87)",
        "time": 386.1499170709285
    },
    "Walk": {
        "cost": 0,
        "env_tax": 0,
        "route": "(78,50), (77,50), (76,50), (75,50), (74,50), (73,50), (72,50), (71,50), (70,50), (69,50), (68,50), (67,50), (66,50), (65,50), (64,50), (63,50), (62,50), (61,50), (60,50), (59,50), (58,50), (57,50), (56,50), (55,50), (54,50), (53,50), (52,50), (51,50), (50,50), (49,50), (48,50), (47,50), (46,50), (45,50), (44,50), (43,50), (42,50), (41,50), (40,50), (39,50), (38,50), (37,50), (36,50), (35,50), (34,50), (33,50), (32,50), (32,50), (32,51), (32,52), (32,53), (32,54), (32,55), (32,56), (32,57), (32,58), (32,59), (32,60), (32,61), (32,62), (32,63), (32,64), (32,65), (32,66), (32,67), (32,68), (32,69), (32,70), (32,71), (32,72), (32,73), (32,74), (32,75), (32,76), (32,77), (32,78), (32,79), (32,80), (32,81), (32,82), (32,83), (32,84), (32,85), (32,86), (32,87)",
        "time": 6188.857074683846
    },
    "Walk_Train_Uber": {
        "cost": 22.336941004839932,
        "env_tax": 0.030000000000000006,
        "route": "(78,50), (79,50), (80,50), (80,50)|(80,50), (79,50), (78,50), (77,50), (76,50), (75,50), (74,50), (73,50), (72,50), (71,50), (70,50), (69,50), (68,50), (67,50), (66,50), (65,50), (64,50), (63,50), (62,50), (61,50), (60,50), (59,50), (58,50), (57,50), (56,50), (55,50), (54,50), (53,50), (52,50), (51,50), (50,50), (49,50), (48,50), (47,50), (46,50), (45,50), (44,50), (43,50), (42,50), (41,50), (40,50), (39,50), (38,50), (37,50), (36,50), (35,50), (34,50), (33,50), (32,50), (31,50), (30,50), (30,50), (30,51), (30,52), (30,53), (30,54), (30,55), (30,56), (30,57), (30,58), (30,59), (30,60), (30,61), (30,62), (30,63), (30,64), (30,65), (30,66), (30,67), (30,68), (30,69), (30,70), (30,71), (30,72), (30,73), (30,74), (30,75), (30,76), (30,77), (30,78), (30,79), (30,80), (30,81), (30,82), (30,83), (30,84), (30,85), (30,86), (30,87), (30,88), (30,89), (30,90)|(30,90), (31,90), (31,89), (31,88), (31,87), (32,87)",
        "time": 163.62410146973687
    },
    "Walk_Train_Walk": {
        "cost": 9.200000000000001,
        "env_tax": 0,
        "route": "(78,50), (79,50), (80,50), (80,50)|(80,50), (79,50), (78,50), (77,50), (76,50), (75,50), (74,50), (73,50), (72,50), (71,50), (70,50), (69,50), (68,50), (67,50), (66,50), (65,50), (64,50), (63,50), (62,50), (61,50), (60,50), (59,50), (58,50), (57,50), (56,50), (55,50), (54,50), (53,50), (52,50), (51,50), (50,50), (49,50), (48,50), (47,50), (46,50), (45,50), (44,50), (43,50), (42,50), (41,50), (40,50), (39,50), (38,50), (37,50), (36,50), (35,50), (34,50), (33,50), (32,50), (31,50), (30,50), (30,50), (30,51), (30,52), (30,53), (30,54), (30,55), (30,56), (30,57), (30,58), (30,59), (30,60), (30,61), (30,62), (30,63), (30,64), (30,65), (30,66), (30,67), (30,68), (30,69), (30,70), (30,71), (30,72), (30,73), (30,74), (30,75), (30,76), (30,77), (30,78), (30,79), (30,80), (30,81), (30,82), (30,83), (30,84), (30,85), (30,86), (30,87), (30,88), (30,89), (30,90)|(30,90), (31,90), (32,90), (32,90), (32,89), (32,88), (32,87)",
        "time": 527.8521373157943
    }
}