{
    "Uber": {
        "cost": 51.079412014180285,
        "env_tax": 0.5900000000000001,
        "route": "(42,22), (43,22), (44,22), (44,21), (45,21), (46,21), (47,21), (48,21), (49,21), (50,21), (51,21), (52,21), (53,21), (54,21), (55,21), (56,21), (56,20), (57,20), (58,20), (59,20), (60,20), (61,20), (62,20), (63,20), (64,20), (65,20), (65,21), (66,21), (67,21), (68,21), (69,21), (70,21), (71,21), (72,21), (73,21), (74,21), (75,21), (76,21), (76,22), (77,22), (78,22), (79,22), (80,22), (81,22), (81,23), (82,23), (83,23), (84,23), (84,24), (85,24), (85,25), (85,26), (86,26), (86,27), (87,27), (88,27), (89,27), (89,28), (89,29), (90,29), (90,30), (91,30), (91,31), (92,31), (93,31), (94,31), (94,32), (95,32), (95,33), (95,34), (95,35), (95,36), (95,37), (95,38), (96,38), (96,39), (96,40), (96,41), (96,42), (96,43), (96,44), (96,45), (96,46), (96,47), (96,48), (97,48), (97,49), (97,50), (97,51), (97,52), (98,52), (99,52), (99,53), (99,54), (99,55), (99,56), (99,57), (99,58), (99,59), (99,60), (99,61), (99,62), (99,63), (99,64), (99,65), (99,66), (99,67), (99,68), (99,69), (99,70), (99,71), (99,72), (99,73), (98,73), (97,73), (96,73), (95,73), (95,74)",
        "time": 17.901272163536802
    },
    "Uber_Train_Uber": {
        "cost": 38.117502834059955,
        "env_tax": 0.07500000000000001,
        "route": "(42,22), (42,21), (42,20), (41,20), (40,20)|(40,20), (41,20), (42,20), (43,20), (44,20), (45,20), (46,20), (47,20), (48,20), (49,20), (50,20), (51,20), (52,20), (53,20), (54,20), (55,20), (56,20), (57,20), (58,20), (59,20), (60,20), (61,20), (62,20), (63,20), (64,20), (65,20), (66,20), (67,20), (68,20), (69,20), (70,20), (71,20), (72,20), (73,20), (74,20), (75,20), (76,20), (77,20), (78,20), (79,20), (80,20), (81,20), (82,20), (83,20), (84,20), (85,20), (86,20), (87,20), (88,20), (89,20), (90,20), (90,20), (90,21), (90,22), (90,23), (90,24), (90,25), (90,26), (90,27), (90,28), (90,29), (90,30), (90,31), (90,32), (90,33), (90,34), (90,35), (90,36), (90,37), (90,38), (90,39), (90,40), (90,41), (90,42), (90,43), (90,44), (90,45), (90,46), (90,47), (90,48), (90,49), (90,50), (90,51), (90,52), (90,53), (90,54), (90,55), (90,56), (90,57), (90,58), (90,59), (90,60), (90,61), (90,62), (90,63), (90,64), (90,65), (90,66), (90,67), (90,68), (90,69), (90,70)|(90,70), (91,70), (91,71), (92,71), (93,71), (93,72), (93,73), (94,73), (95,73), (95,74)",
        "time": 29.15664109574404
    },
    "Uber_Train_Walk": {
        "cost": 24.99973056420788,
        "env_tax": 0.025,
        "route": "(42,22), (42,21), (42,20), (41,20), (40,20)|(40,20), (41,20), (42,20), (43,20), (44,20), (45,20), (46,20), (47,20), (48,20), (49,20), (50,20), (51,20), (52,20), (53,20), (54,20), (55,20), (56,20), (57,20), (58,20), (59,20), (60,20), (61,20), (62,20), (63,20), (64,20), (65,20), (66,20), (67,20), (68,20), (69,20), (70,20), (71,20), (72,20), (73,20), (74,20), (75,20), (76,20), (77,20), (78,20), (79,20), (80,20), (81,20), (82,20), (83,20), (84,20), (85,20), (86,20), (87,20), (88,20), (89,20), (90,20), (90,20), (90,21), (90,22), (90,23), (90,24), (90,25), (90,26), (90,27), (90,28), (90,29), (90,30), (90,31), (90,32), (90,33), (90,34), (90,35), (90,36), (90,37), (90,38), (90,39), (90,40), (90,41), (90,42), (90,43), (90,44), (90,45), (90,46), (90,47), (90,48), (90,49), (90,50), (90,51), (90,52), (90,53), (90,54), (90,55), (90,56), (90,57), (90,58), (90,59), (90,60), (90,61), (90,62), (90,63), (90,64), (90,65), (90,66), (90,67), (90,68), (90,69), (90,70)|(90,70), (91,70), (92,70), (93,70), (94,70), (95,70), (95,70), (95,71), (95,72), (95,73), (95,74)",
        "time": 685.2087882038154
    },
    "Walk": {
        "cost": 0,
        "env_tax": 0,
        "route": "(42,22), (43,22), (44,22), (45,22), (46,22), (47,22), (48,22), (49,22), (50,22), (51,22), (52,22), (53,22), (54,22), (55,22), (56,22), (57,22), (58,22), (59,22), (60,22), (61,22), (62,22), (63,22), (64,22), (65,22), (66,22), (67,22), (68,22), (69,22), (70,22), (71,22), (72,22), (73,22), (74,22), (75,22), (76,22), (77,22), (78,22), (79,22), (80,22), (81,22), (82,22), (83,22), (84,22), (85,22), (86,22), (87,22), (88,22), (89,22), (90,22), (91,22), (92,22), (93,22), (94,22), (95,22), (95,22), (95,23), (95,24), (95,25), (95,26), (95,27), (95,28), (95,29), (95,30), (95,31), (95,32), (95,33), (95,34), (95,35), (95,36), (95,37), (95,38), (95,39), (95,40), (95,41), (95,42), (95,43), (95,44), (95,45), (95,46), (95,47), (95,48), (95,49), (95,50), (95,51), (95,52), (95,53), (95,54), (95,55), (95,56), (95,57), (95,58), (95,59), (95,60), (95,61), (95,62), (95,63), (95,64), (95,65), (95,66), (95,67), (95,68), (95,69), (95,70), (95,71), (95,72), (95,73), (95,74)",
        "time": 7829.2770221904075
    },
    "Walk_Train_Uber": {
        "cost": 24.17900483237227,
        "env_tax": 0.05,
        "route": "(42,22), (41,22), (40,22), (40,22), (40,21), (40,20)|(40,20), (41,20), (42,20), (43,20), (44,20), (45,20), (46,20), (47,20), (48,20), (49,20), (50,20), (51,20), (52,20), (53,20), (54,20), (55,20), (56,20), (57,20), (58,20), (59,20), (60,20), (61,20), (62,20), (63,20), (64,20), (65,20), (66,20), (67,20), (68,20), (69,20), (70,20), (71,20), (72,20), (73,20), (74,20), (75,20), (76,20), (77,20), (78,20), (79,20), (80,20), (81,20), (82,20), (83,20), (84,20), (85,20), (86,20), (87,20), (88,20), (89,20), (90,20), (90,20), (90,21), (90,22), (90,23), (90,24), (90,25), (90,26), (90,27), (90,28), (90,29), (90,30), (90,31), (90,32), (90,33), (90,34), (90,35), (90,36), (90,37), (90,38), (90,39), (90,40), (90,41), (90,42), (90,43), (90,44), (90,45), (90,46), (90,47), (90,48), (90,49), (90,50), (90,51), (90,52), (90,53), (90,54), (90,55), (90,56), (90,57), (90,58), (90,59), (90,60), (90,61), (90,62), (90,63), (90,64), (90,65), (90,66), (90,67), (90,68), (90,69), (90,70)|(90,70), (91,70), (91,71), (92,71), (93,71), (93,72), (93,73), (94,73), (95,73), (95,74)",
        "time": 313.19448251936643
    },
    "Walk_Train_Walk": {
        "cost": 10.200000000000001,
        "env_tax": 0,
        "route": "(42,22), (41,22), (40,22), (40,22), (40,21), (40,20)|(40,20), (41,20), (42,20), (43,20), (44,20), (45,20), (46,20), (47,20), (48,20), (49,20), (50,20), (51,20), (52,20), (53,20), (54,20), (55,20), (56,20), (57,20), (58,20), (59,20), (60,20), (61,20), (62,20), (63,20), (64,20), (65,20), (66,20), (67,20), (68,20), (69,20), (70,20), (71,20), (72,20), (73,20), (74,20), (75,20), (76,20), (77,20), (78,20), (79,20), (80,20), (81,20), (82,20), (83,20), (84,20), (85,20), (86,20), (87,20), (88,20), (89,20), (90,20), (90,20), (90,21), (90,22), (90,23), (90,24), (90,25), (90,26), (90,27), (90,28), (90,29), (90,30), (90,31), (90,32), (90,33), (90,34), (90,35), (90,36), (90,37), (90,38), (90,39), (90,40), (90,41), (90,42), (90,43), (90,44), (90,45), (90,46), (90,47), (90,48), (90,49), (90,50), (90,51), (90,52), (90,53), (90,54), (90,55), (90,56), (90,57), (90,58), (90,59), (90,60), (90,61), (90,62), (90,63), (90,64), (90,65), (90,66), (90,67), (90,68), (90,69), (90,70)|(90,70), (91,70), (92,70), (93,70), (94,70), (95,70), (95,70), (95,71), (95,72), (95,73), (95,74)",
        "time": 976.0928732265697
    }
}