{
    "Uber": {
        "cost": 17.428351500486936,
        "env_tax": 0.11000000000000001,
        "route": "(0,64), (0,63), (1,63), (2,63), (2,62), (2,61), (2,60), (2,59), (3,59), (4,59), (5,59), (6,59), (7,59), (8,59), (9,59), (10,59), (11,59), (12,59), (13,59), (14,59), (15,59), (16,59)",
        "time": 10.293449098168965
    },
    "Uber_Train_Uber": {
        "cost": 30.70892388334674,
        "env_tax": 0.10500000000000001,
        "route": "(0,64), (0,63), (1,63), (2,63), (2,62), (3,62), (4,62), (4,61), (5,61), (5,60), (6,60), (7,60), (8,60), (9,60), (10,60)|(10,60), (11,60), (12,60), (13,60), (14,60), (15,60), (16,60), (17,60), (18,60), (19,60), (20,60), (20,60)|(20,60), (20,59), (19,59), (18,59), (17,59), (16,59)",
        "time": 23.60338924511511
    },
    "Uber_Train_Walk": {
        "cost": 16.639796481351883,
        "env_tax": 0.07500000000000001,
        "route": "(0,64), (0,63), (1,63), (2,63), (2,62), (3,62), (4,62), (4,61), (5,61), (5,60), (6,60), (7,60), (8,60), (9,60), (10,60)|(10,60), (11,60), (12,60), (13,60), (14,60), (15,60), (16,60), (17,60), (18,60), (19,60), (20,60), (20,60)|(20,60), (19,60), (18,60), (17,60), (16,60), (16,60), (16,59)",
        "time": 384.6528461858844
    },
    "Walk": {
        "cost": 0,
        "env_tax": 0,
        "route": "(0,64), (1,64), (2,64), (3,64), (4,64), (5,64), (6,64), (7,64), (8,64), (9,64), (10,64), (11,64), (12,64), (13,64), (14,64), (15,64), (16,64), (16,64), (16,63), (16,62), (16,61), (16,60), (16,59)",
        "time": 1565.8554044380815
    },
    "Walk_Train_Uber": {
        "cost": 15.087730928827336,
        "env_tax": 0.030000000000000006,
        "route": "(0,64), (1,64), (2,64), (3,64), (4,64), (5,64), (6,64), (7,64), (8,64), (9,64), (10,64), (10,64), (10,63), (10,62), (10,61), (10,60)|(10,60), (11,60), (12,60), (13,60), (14,60), (15,60), (16,60), (17,60), (18,60), (19,60), (20,60), (20,60)|(20,60), (20,59), (19,59), (18,59), (17,59), (16,59)",
        "time": 1057.4992845470892
    },
    "Walk_Train_Walk": {
        "cost": 1.2000000000000002,
        "env_tax": 0,
        "route": "(0,64), (1,64), (2,64), (3,64), (4,64), (5,64), (6,64), (7,64), (8,64), (9,64), (10,64), (10,64), (10,63), (10,62), (10,61), (10,60)|(10,60), (11,60), (12,60), (13,60), (14,60), (15,60), (16,60), (17,60), (18,60), (19,60), (20,60), (20,60)|(20,60), (19,60), (18,60), (17,60), (16,60), (16,60), (16,59)",
        "time": 1423.691815874005
    }
}