{
    "Uber": {
        "cost": 52.72398382288867,
        "env_tax": 0.44000000000000006,
        "route": "(30,63), (29,63), (28,63), (27,63), (27,62), (26,62), (25,62), (24,62), (23,62), (23,61), (23,60), (23,59), (23,58), (23,57), (23,56), (23,55), (23,54), (23,53), (23,52), (23,51), (23,50), (23,49), (23,48), (23,47), (23,46), (23,45), (23,44), (23,43), (23,42), (23,41), (23,40), (23,39), (23,38), (23,37), (23,36), (23,35), (23,34), (23,33), (23,32), (23,31), (23,30), (23,29), (24,29), (24,28), (24,27), (24,26), (24,25), (24,24), (24,23), (24,22), (24,21), (24,20), (23,20), (23,19), (23,18), (23,17), (23,16), (23,15), (24,15), (24,14), (24,13), (24,12), (24,11), (24,10), (24,9), (24,8), (25,8), (26,8), (27,8), (28,8), (29,8), (30,8), (31,8), (32,8), (33,8), (34,8), (35,8), (36,8), (37,8), (38,8), (39,8), (40,8), (41,8), (42,8), (43,8), (44,8), (45,8), (46,8)",
        "time": 20.493473941072725
    },
    "Uber_Train_Uber": {
        "cost": 34.96530109472632,
        "env_tax": 0.05500000000000001,
        "route": "(30,63), (30,62), (30,61), (30,60)|(30,60), (31,60), (32,60), (33,60), (34,60), (35,60), (36,60), (37,60), (38,60), (39,60), (40,60), (41,60), (42,60), (43,60), (44,60), (45,60), (46,60), (47,60), (48,60), (49,60), (50,60), (50,60), (50,59), (50,58), (50,57), (50,56), (50,55), (50,54), (50,53), (50,52), (50,51), (50,50), (50,49), (50,48), (50,47), (50,46), (50,45), (50,44), (50,43), (50,42), (50,41), (50,40), (50,39), (50,38), (50,37), (50,36), (50,35), (50,34), (50,33), (50,32), (50,31), (50,30), (50,29), (50,28), (50,27), (50,26), (50,25), (50,24), (50,23), (50,22), (50,21), (50,20), (50,19), (50,18), (50,17), (50,16), (50,15), (50,14), (50,13), (50,12), (50,11), (50,10)|(50,10), (49,10), (49,9), (48,9), (48,8), (47,8), (46,8)",
        "time": 26.392005496701863
    },
    "Uber_Train_Walk": {
        "cost": 21.24285509179473,
        "env_tax": 0.020000000000000004,
        "route": "(30,63), (30,62), (30,61), (30,60)|(30,60), (31,60), (32,60), (33,60), (34,60), (35,60), (36,60), (37,60), (38,60), (39,60), (40,60), (41,60), (42,60), (43,60), (44,60), (45,60), (46,60), (47,60), (48,60), (49,60), (50,60), (50,60), (50,59), (50,58), (50,57), (50,56), (50,55), (50,54), (50,53), (50,52), (50,51), (50,50), (50,49), (50,48), (50,47), (50,46), (50,45), (50,44), (50,43), (50,42), (50,41), (50,40), (50,39), (50,38), (50,37), (50,36), (50,35), (50,34), (50,33), (50,32), (50,31), (50,30), (50,29), (50,28), (50,27), (50,26), (50,25), (50,24), (50,23), (50,22), (50,21), (50,20), (50,19), (50,18), (50,17), (50,16), (50,15), (50,14), (50,13), (50,12), (50,11), (50,10)|(50,10), (49,10), (48,10), (47,10), (46,10), (46,10), (46,9), (46,8)",
        "time": 463.5874712660989
    },
    "Walk": {
        "cost": 0,
        "env_tax": 0,
        "route": "(30,63), (31,63), (32,63), (33,63), (34,63), (35,63), (36,63), (37,63), (38,63), (39,63), (40,63), (41,63), (42,63), (43,63), (44,63), (45,63), (46,63), (46,63), (46,62), (46,61), (46,60), (46,59), (46,58), (46,57), (46,56), (46,55), (46,54), (46,53), (46,52), (46,51), (46,50), (46,49), (46,48), (46,47), (46,46), (46,45), (46,44), (46,43), (46,42), (46,41), (46,40), (46,39), (46,38), (46,37), (46,36), (46,35), (46,34), (46,33), (46,32), (46,31), (46,30), (46,29), (46,28), (46,27), (46,26), (46,25), (46,24), (46,23), (46,22), (46,21), (46,20), (46,19), (46,18), (46,17), (46,16), (46,15), (46,14), (46,13), (46,12), (46,11), (46,10), (46,9), (46,8)",
        "time": 5294.082557862085
    },
    "Walk_Train_Uber": {
        "cost": 21.023417413673936,
        "env_tax": 0.035,
        "route": "(30,63), (30,63), (30,62), (30,61), (30,60)|(30,60), (31,60), (32,60), (33,60), (34,60), (35,60), (36,60), (37,60), (38,60), (39,60), (40,60), (41,60), (42,60), (43,60), (44,60), (45,60), (46,60), (47,60), (48,60), (49,60), (50,60), (50,60), (50,59), (50,58), (50,57), (50,56), (50,55), (50,54), (50,53), (50,52), (50,51), (50,50), (50,49), (50,48), (50,47), (50,46), (50,45), (50,44), (50,43), (50,42), (50,41), (50,40), (50,39), (50,38), (50,37), (50,36), (50,35), (50,34), (50,33), (50,32), (50,31), (50,30), (50,29), (50,28), (50,27), (50,26), (50,25), (50,24), (50,23), (50,22), (50,21), (50,20), (50,19), (50,18), (50,17), (50,16), (50,15), (50,14), (50,13), (50,12), (50,11), (50,10)|(50,10), (49,10), (49,9), (48,9), (48,8), (47,8), (46,8)",
        "time": 244.3138221146714
    },
    "Walk_Train_Walk": {
        "cost": 7.2,
        "env_tax": 0,
        "route": "(30,63), (30,63), (30,62), (30,61), (30,60)|(30,60), (31,60), (32,60), (33,60), (34,60), (35,60), (36,60), (37,60), (38,60), (39,60), (40,60), (41,60), (42,60), (43,60), (44,60), (45,60), (46,60), (47,60), (48,60), (49,60), (50,60), (50,60), (50,59), (50,58), (50,57), (50,56), (50,55), (50,54), (50,53), (50,52), (50,51), (50,50), (50,49), (50,48), (50,47), (50,46), (50,45), (50,44), (50,43), (50,42), (50,41), (50,40), (50,39), (50,38), (50,37), (50,36), (50,35), (50,34), (50,33), (50,32), (50,31), (50,30), (50,29), (50,28), (50,27), (50,26), (50,25), (50,24), (50,23), (50,22), (50,21), (50,20), (50,19), (50,18), (50,17), (50,16), (50,15), (50,14), (50,13), (50,12), (50,11), (50,10)|(50,10), (49,10), (48,10), (47,10), (46,10), (46,10), (46,9), (46,8)",
        "time": 679.2336454700785
    }
}