{
    "Uber": {
        "cost": 70.77399098275365,
        "env_tax": 0.28500000000000003,
        "route": "(57,40), (57,41), (57,42), (56,42), (56,43), (55,43), (55,44), (54,44), (53,44), (53,45), (53,46), (52,46), (51,46), (51,47), (51,48), (51,49), (50,49), (50,50), (49,50), (48,50), (48,51), (48,52), (48,53), (47,53), (47,54), (47,55), (47,56), (47,57), (47,58), (47,59), (47,60), (47,61), (46,61), (46,62), (46,63), (45,63), (45,64), (45,65), (44,65), (43,65), (43,66), (43,67), (42,67), (42,68), (42,69), (42,70), (42,71), (42,72), (42,73), (42,74), (42,75), (41,75), (41,76), (41,77), (41,78), (40,78), (39,78)",
        "time": 20.167427437198153
    },
    "Uber_Train_Uber": {
        "cost": 34.286008096294374,
        "env_tax": 0.04000000000000001,
        "route": "(57,40), (58,40), (59,40), (60,40)|(60,40), (59,40), (58,40), (57,40), (56,40), (55,40), (54,40), (53,40), (52,40), (51,40), (50,40), (49,40), (48,40), (47,40), (46,40), (45,40), (44,40), (43,40), (42,40), (41,40), (40,40), (40,40), (40,41), (40,42), (40,43), (40,44), (40,45), (40,46), (40,47), (40,48), (40,49), (40,50), (40,51), (40,52), (40,53), (40,54), (40,55), (40,56), (40,57), (40,58), (40,59), (40,60), (40,61), (40,62), (40,63), (40,64), (40,65), (40,66), (40,67), (40,68), (40,69), (40,70), (40,71), (40,72), (40,73), (40,74), (40,75), (40,76), (40,77), (40,78), (40,79), (40,80)|(40,80), (40,79), (39,79), (39,78)",
        "time": 21.320130960514334
    },
    "Uber_Train_Walk": {
        "cost": 21.223834779238196,
        "env_tax": 0.020000000000000004,
        "route": "(57,40), (58,40), (59,40), (60,40)|(60,40), (59,40), (58,40), (57,40), (56,40), (55,40), (54,40), (53,40), (52,40), (51,40), (50,40), (49,40), (48,40), (47,40), (46,40), (45,40), (44,40), (43,40), (42,40), (41,40), (40,40), (40,40), (40,41), (40,42), (40,43), (40,44), (40,45), (40,46), (40,47), (40,48), (40,49), (40,50), (40,51), (40,52), (40,53), (40,54), (40,55), (40,56), (40,57), (40,58), (40,59), (40,60), (40,61), (40,62), (40,63), (40,64), (40,65), (40,66), (40,67), (40,68), (40,69), (40,70), (40,71), (40,72), (40,73), (40,74), (40,75), (40,76), (40,77), (40,78), (40,79), (40,80)|(40,80), (39,80), (39,80), (39,79), (39,78)",
        "time": 239.16815395397288
    },
    "Walk": {
        "cost": 0,
        "env_tax": 0,
        "route": "(57,40), (56,40), (55,40), (54,40), (53,40), (52,40), (51,40), (50,40), (49,40), (48,40), (47,40), (46,40), (45,40), (44,40), (43,40), (42,40), (41,40), (40,40), (39,40), (39,40), (39,41), (39,42), (39,43), (39,44), (39,45), (39,46), (39,47), (39,48), (39,49), (39,50), (39,51), (39,52), (39,53), (39,54), (39,55), (39,56), (39,57), (39,58), (39,59), (39,60), (39,61), (39,62), (39,63), (39,64), (39,65), (39,66), (39,67), (39,68), (39,69), (39,70), (39,71), (39,72), (39,73), (39,74), (39,75), (39,76), (39,77), (39,78)",
        "time": 4175.614411834884
    },
    "Walk_Train_Uber": {
        "cost": 20.05817277410158,
        "env_tax": 0.020000000000000004,
        "route": "(57,40), (58,40), (59,40), (60,40), (60,40)|(60,40), (59,40), (58,40), (57,40), (56,40), (55,40), (54,40), (53,40), (52,40), (51,40), (50,40), (49,40), (48,40), (47,40), (46,40), (45,40), (44,40), (43,40), (42,40), (41,40), (40,40), (40,40), (40,41), (40,42), (40,43), (40,44), (40,45), (40,46), (40,47), (40,48), (40,49), (40,50), (40,51), (40,52), (40,53), (40,54), (40,55), (40,56), (40,57), (40,58), (40,59), (40,60), (40,61), (40,62), (40,63), (40,64), (40,65), (40,66), (40,67), (40,68), (40,69), (40,70), (40,71), (40,72), (40,73), (40,74), (40,75), (40,76), (40,77), (40,78), (40,79), (40,80)|(40,80), (40,79), (39,79), (39,78)",
        "time": 239.00720195683363
    },
    "Walk_Train_Walk": {
        "cost": 6.2,
        "env_tax": 0,
        "route": "(57,40), (58,40), (59,40), (60,40), (60,40)|(60,40), (59,40), (58,40), (57,40), (56,40), (55,40), (54,40), (53,40), (52,40), (51,40), (50,40), (49,40), (48,40), (47,40), (46,40), (45,40), (44,40), (43,40), (42,40), (41,40), (40,40), (40,40), (40,41), (40,42), (40,43), (40,44), (40,45), (40,46), (40,47), (40,48), (40,49), (40,50), (40,51), (40,52), (40,53), (40,54), (40,55), (40,56), (40,57), (40,58), (40,59), (40,60), (40,61), (40,62), (40,63), (40,64), (40,65), (40,66), (40,67), (40,68), (40,69), (40,70), (40,71), (40,72), (40,73), (40,74), (40,75), (40,76), (40,77), (40,78), (40,79), (40,80)|(40,80), (39,80), (39,80), (39,79), (39,78)",
        "time": 454.5824052924129
    }
}