{
    "Uber": {
        "cost": 25.508354115382474,
        "env_tax": 0.36000000000000004,
        "route": "(25,79), (25,80), (24,80), (23,80), (22,80), (21,80), (20,80), (19,80), (18,80), (17,80), (16,80), (15,80), (14,80), (13,80), (12,80), (11,80), (11,79), (10,79), (9,79), (8,79), (7,79), (6,79), (5,79), (4,79), (3,79), (2,79), (1,79), (0,79), (0,78), (0,77), (0,76), (0,75), (0,74), (0,73), (0,72), (0,71), (0,70), (0,69), (0,68), (0,67), (0,66), (0,65), (0,64), (0,63), (0,62), (0,61), (0,60), (0,59), (0,58), (0,57), (0,56), (0,55), (0,54), (0,53), (1,53), (1,52), (1,51), (1,50), (1,49), (1,48), (1,47), (1,46), (1,45), (1,44), (1,43), (1,42), (1,41), (1,40), (2,40), (2,39), (2,38), (2,37)",
        "time": 9.269819839334987
    },
    "Uber_Train_Uber": {
        "cost": 33.04325953594638,
        "env_tax": 0.09500000000000001,
        "route": "(25,79), (25,80), (24,80), (23,80), (22,80), (21,80), (20,80)|(20,80), (19,80), (18,80), (17,80), (16,80), (15,80), (14,80), (13,80), (12,80), (11,80), (10,80), (10,80), (10,79), (10,78), (10,77), (10,76), (10,75), (10,74), (10,73), (10,72), (10,71), (10,70), (10,69), (10,68), (10,67), (10,66), (10,65), (10,64), (10,63), (10,62), (10,61), (10,60), (10,59), (10,58), (10,57), (10,56), (10,55), (10,54), (10,53), (10,52), (10,51), (10,50), (10,49), (10,48), (10,47), (10,46), (10,45), (10,44), (10,43), (10,42), (10,41), (10,40)|(10,40), (9,40), (8,40), (7,40), (6,40), (5,40), (5,39), (4,39), (4,38), (3,38), (2,38), (2,37)",
        "time": 18.82775530799639
    },
    "Uber_Train_Walk": {
        "cost": 19.134004332276277,
        "env_tax": 0.035,
        "route": "(25,79), (25,80), (24,80), (23,80), (22,80), (21,80), (20,80)|(20,80), (19,80), (18,80), (17,80), (16,80), (15,80), (14,80), (13,80), (12,80), (11,80), (10,80), (10,80), (10,79), (10,78), (10,77), (10,76), (10,75), (10,74), (10,73), (10,72), (10,71), (10,70), (10,69), (10,68), (10,67), (10,66), (10,65), (10,64), (10,63), (10,62), (10,61), (10,60), (10,59), (10,58), (10,57), (10,56), (10,55), (10,54), (10,53), (10,52), (10,51), (10,50), (10,49), (10,48), (10,47), (10,46), (10,45), (10,44), (10,43), (10,42), (10,41), (10,40)|(10,40), (9,40), (8,40), (7,40), (6,40), (5,40), (4,40), (3,40), (2,40), (2,40), (2,39), (2,38), (2,37)",
        "time": 836.4377411032414
    },
    "Walk": {
        "cost": 0,
        "env_tax": 0,
        "route": "(25,79), (24,79), (23,79), (22,79), (21,79), (20,79), (19,79), (18,79), (17,79), (16,79), (15,79), (14,79), (13,79), (12,79), (11,79), (10,79), (9,79), (8,79), (7,79), (6,79), (5,79), (4,79), (3,79), (2,79), (2,79), (2,78), (2,77), (2,76), (2,75), (2,74), (2,73), (2,72), (2,71), (2,70), (2,69), (2,68), (2,67), (2,66), (2,65), (2,64), (2,63), (2,62), (2,61), (2,60), (2,59), (2,58), (2,57), (2,56), (2,55), (2,54), (2,53), (2,52), (2,51), (2,50), (2,49), (2,48), (2,47), (2,46), (2,45), (2,44), (2,43), (2,42), (2,41), (2,40), (2,39), (2,38), (2,37)",
        "time": 4846.695299451205
    },
    "Walk_Train_Uber": {
        "cost": 19.717047393554587,
        "env_tax": 0.06000000000000001,
        "route": "(25,79), (24,79), (23,79), (22,79), (21,79), (20,79), (20,79), (20,80)|(20,80), (19,80), (18,80), (17,80), (16,80), (15,80), (14,80), (13,80), (12,80), (11,80), (10,80), (10,80), (10,79), (10,78), (10,77), (10,76), (10,75), (10,74), (10,73), (10,72), (10,71), (10,70), (10,69), (10,68), (10,67), (10,66), (10,65), (10,64), (10,63), (10,62), (10,61), (10,60), (10,59), (10,58), (10,57), (10,56), (10,55), (10,54), (10,53), (10,52), (10,51), (10,50), (10,49), (10,48), (10,47), (10,46), (10,45), (10,44), (10,43), (10,42), (10,41), (10,40)|(10,40), (9,40), (8,40), (7,40), (6,40), (5,40), (5,39), (4,39), (4,38), (3,38), (2,38), (2,37)",
        "time": 461.5515496509768
    },
    "Walk_Train_Walk": {
        "cost": 5.2,
        "env_tax": 0,
        "route": "(25,79), (24,79), (23,79), (22,79), (21,79), (20,79), (20,79), (20,80)|(20,80), (19,80), (18,80), (17,80), (16,80), (15,80), (14,80), (13,80), (12,80), (11,80), (10,80), (10,80), (10,79), (10,78), (10,77), (10,76), (10,75), (10,74), (10,73), (10,72), (10,71), (10,70), (10,69), (10,68), (10,67), (10,66), (10,65), (10,64), (10,63), (10,62), (10,61), (10,60), (10,59), (10,58), (10,57), (10,56), (10,55), (10,54), (10,53), (10,52), (10,51), (10,50), (10,49), (10,48), (10,47), (10,46), (10,45), (10,44), (10,43), (10,42), (10,41), (10,40)|(10,40), (9,40), (8,40), (7,40), (6,40), (5,40), (4,40), (3,40), (2,40), (2,40), (2,39), (2,38), (2,37)",
        "time": 1273.8259908133762
    }
}