{
    "Uber": {
        "cost": 23.421759266633938,
        "env_tax": 0.25,
        "route": "(99,70), (99,69), (99,68), (99,67), (99,66), (99,65), (99,64), (99,63), (99,62), (99,61), (99,60), (99,59), (99,58), (99,57), (99,56), (99,55), (99,54), (99,53), (99,52), (98,52), (97,52), (97,51), (97,50), (97,49), (97,48), (96,48), (96,47), (96,46), (96,45), (96,44), (96,43), (96,42), (96,41), (96,40), (96,39), (96,38), (95,38), (95,37), (94,37), (93,37), (93,36), (92,36), (91,36), (90,36), (89,36), (88,36), (87,36), (86,36), (85,36), (84,36)",
        "time": 11.52110181052692
    },
    "Uber_Train_Uber": {
        "cost": 34.05313820449272,
        "env_tax": 0.095,
        "route": "(99,70), (98,70), (97,70), (96,70), (95,70), (94,70), (93,70), (92,70), (91,70), (90,70)|(90,70), (89,70), (88,70), (87,70), (86,70), (85,70), (84,70), (83,70), (82,70), (81,70), (80,70), (80,70), (80,69), (80,68), (80,67), (80,66), (80,65), (80,64), (80,63), (80,62), (80,61), (80,60), (80,59), (80,58), (80,57), (80,56), (80,55), (80,54), (80,53), (80,52), (80,51), (80,50), (80,49), (80,48), (80,47), (80,46), (80,45), (80,44), (80,43), (80,42), (80,41), (80,40)|(80,40), (81,40), (82,40), (83,40), (83,39), (84,39), (84,38), (84,37), (84,36)",
        "time": 20.888676186449924
    },
    "Uber_Train_Walk": {
        "cost": 17.627262690866146,
        "env_tax": 0.05,
        "route": "(99,70), (98,70), (97,70), (96,70), (95,70), (94,70), (93,70), (92,70), (91,70), (90,70)|(90,70), (89,70), (88,70), (87,70), (86,70), (85,70), (84,70), (83,70), (82,70), (81,70), (80,70), (80,70), (80,69), (80,68), (80,67), (80,66), (80,65), (80,64), (80,63), (80,62), (80,61), (80,60), (80,59), (80,58), (80,57), (80,56), (80,55), (80,54), (80,53), (80,52), (80,51), (80,50), (80,49), (80,48), (80,47), (80,46), (80,45), (80,44), (80,43), (80,42), (80,41), (80,40)|(80,40), (81,40), (82,40), (83,40), (84,40), (84,40), (84,39), (84,38), (84,37), (84,36)",
        "time": 609.2584691536703
    },
    "Walk": {
        "cost": 0,
        "env_tax": 0,
        "route": "(99,70), (98,70), (97,70), (96,70), (95,70), (94,70), (93,70), (92,70), (91,70), (90,70), (89,70), (88,70), (87,70), (86,70), (85,70), (84,70), (84,70), (84,69), (84,68), (84,67), (84,66), (84,65), (84,64), (84,63), (84,62), (84,61), (84,60), (84,59), (84,58), (84,57), (84,56), (84,55), (84,54), (84,53), (84,52), (84,51), (84,50), (84,49), (84,48), (84,47), (84,46), (84,45), (84,44), (84,43), (84,42), (84,41), (84,40), (84,39), (84,38), (84,37), (84,36)",
        "time": 3653.6626103555236
    },
    "Walk_Train_Uber": {
        "cost": 19.518979888780166,
        "env_tax": 0.045000000000000005,
        "route": "(99,70), (98,70), (97,70), (96,70), (95,70), (94,70), (93,70), (92,70), (91,70), (90,70), (90,70)|(90,70), (89,70), (88,70), (87,70), (86,70), (85,70), (84,70), (83,70), (82,70), (81,70), (80,70), (80,70), (80,69), (80,68), (80,67), (80,66), (80,65), (80,64), (80,63), (80,62), (80,61), (80,60), (80,59), (80,58), (80,57), (80,56), (80,55), (80,54), (80,53), (80,52), (80,51), (80,50), (80,49), (80,48), (80,47), (80,46), (80,45), (80,44), (80,43), (80,42), (80,41), (80,40)|(80,40), (81,40), (82,40), (83,40), (83,39), (84,39), (84,38), (84,37), (84,36)",
        "time": 686.0362151166162
    },
    "Walk_Train_Walk": {
        "cost": 4.2,
        "env_tax": 0,
        "route": "(99,70), (98,70), (97,70), (96,70), (95,70), (94,70), (93,70), (92,70), (91,70), (90,70), (90,70)|(90,70), (89,70), (88,70), (87,70), (86,70), (85,70), (84,70), (83,70), (82,70), (81,70), (80,70), (80,70), (80,69), (80,68), (80,67), (80,66), (80,65), (80,64), (80,63), (80,62), (80,61), (80,60), (80,59), (80,58), (80,57), (80,56), (80,55), (80,54), (80,53), (80,52), (80,51), (80,50), (80,49), (80,48), (80,47), (80,46), (80,45), (80,44), (80,43), (80,42), (80,41), (80,40)|(80,40), (81,40), (82,40), (83,40), (84,40), (84,40), (84,39), (84,38), (84,37), (84,36)",
        "time": 1274.7353630088774
    }
}