{
    "Uber": {
        "cost": 51.69484847846198,
        "env_tax": 0.44000000000000006,
        "route": "(8,59), (7,59), (6,59), (5,59), (4,59), (3,59), (2,59), (2,58), (2,57), (2,56), (2,55), (2,54), (2,53), (1,53), (1,52), (1,51), (1,50), (1,49), (1,48), (1,47), (1,46), (1,45), (1,44), (1,43), (1,42), (1,41), (1,40), (2,40), (2,39), (3,39), (4,39), (4,38), (4,37), (5,37), (5,36), (5,35), (5,34), (6,34), (6,33), (6,32), (7,32), (8,32), (9,32), (10,32), (11,32), (12,32), (13,32), (14,32), (15,32), (16,32), (17,32), (18,32), (19,32), (20,32), (21,32), (22,32), (23,32), (24,32), (25,32), (26,32), (27,32), (28,32), (29,32), (30,32), (31,32), (32,32), (33,32), (34,32), (35,32), (36,32), (37,32), (38,32), (39,32), (40,32), (41,32), (42,32), (43,32), (43,33), (44,33), (45,33), (46,33), (47,33), (48,33), (49,33), (50,33), (51,33), (52,33), (52,34)",
        "time": 17.251298813458543
    },
    "Uber_Train_Uber": {
        "cost": 36.910117743991236,
        "env_tax": 0.05500000000000001,
        "route": "(8,59), (9,59), (10,59), (10,60)|(10,60), (11,60), (12,60), (13,60), (14,60), (15,60), (16,60), (17,60), (18,60), (19,60), (20,60), (21,60), (22,60), (23,60), (24,60), (25,60), (26,60), (27,60), (28,60), (29,60), (30,60), (31,60), (32,60), (33,60), (34,60), (35,60), (36,60), (37,60), (38,60), (39,60), (40,60), (41,60), (42,60), (43,60), (44,60), (45,60), (46,60), (47,60), (48,60), (49,60), (50,60), (50,60), (50,59), (50,58), (50,57), (50,56), (50,55), (50,54), (50,53), (50,52), (50,51), (50,50), (50,49), (50,48), (50,47), (50,46), (50,45), (50,44), (50,43), (50,42), (50,41), (50,40), (50,39), (50,38), (50,37), (50,36), (50,35), (50,34), (50,33), (50,32), (50,31), (50,30)|(50,30), (50,31), (50,32), (50,33), (51,33), (52,33), (52,34)",
        "time": 27.045628421910976
    },
    "Uber_Train_Walk": {
        "cost": 19.874101597520227,
        "env_tax": 0.020000000000000004,
        "route": "(8,59), (9,59), (10,59), (10,60)|(10,60), (11,60), (12,60), (13,60), (14,60), (15,60), (16,60), (17,60), (18,60), (19,60), (20,60), (21,60), (22,60), (23,60), (24,60), (25,60), (26,60), (27,60), (28,60), (29,60), (30,60), (31,60), (32,60), (33,60), (34,60), (35,60), (36,60), (37,60), (38,60), (39,60), (40,60), (41,60), (42,60), (43,60), (44,60), (45,60), (46,60), (47,60), (48,60), (49,60), (50,60), (50,60), (50,59), (50,58), (50,57), (50,56), (50,55), (50,54), (50,53), (50,52), (50,51), (50,50), (50,49), (50,48), (50,47), (50,46), (50,45), (50,44), (50,43), (50,42), (50,41), (50,40), (50,39), (50,38), (50,37), (50,36), (50,35), (50,34), (50,33), (50,32), (50,31), (50,30)|(50,30), (51,30), (52,30), (52,30), (52,31), (52,32), (52,33), (52,34)",
        "time": 456.4918180713585
    },
    "Walk": {
        "cost": 0,
        "env_tax": 0,
        "route": "(8,59), (9,59), (10,59), (11,59), (12,59), (13,59), (14,59), (15,59), (16,59), (17,59), (18,59), (19,59), (20,59), (21,59), (22,59), (23,59), (24,59), (25,59), (26,59), (27,59), (28,59), (29,59), (30,59), (31,59), (32,59), (33,59), (34,59), (35,59), (36,59), (37,59), (38,59), (39,59), (40,59), (41,59), (42,59), (43,59), (44,59), (45,59), (46,59), (47,59), (48,59), (49,59), (50,59), (51,59), (52,59), (52,59), (52,58), (52,57), (52,56), (52,55), (52,54), (52,53), (52,52), (52,51), (52,50), (52,49), (52,48), (52,47), (52,46), (52,45), (52,44), (52,43), (52,42), (52,41), (52,40), (52,39), (52,38), (52,37), (52,36), (52,35), (52,34)",
        "time": 5144.9534717251245
    },
    "Walk_Train_Uber": {
        "cost": 25.88220580613142,
        "env_tax": 0.035,
        "route": "(8,59), (9,59), (10,59), (10,59), (10,60)|(10,60), (11,60), (12,60), (13,60), (14,60), (15,60), (16,60), (17,60), (18,60), (19,60), (20,60), (21,60), (22,60), (23,60), (24,60), (25,60), (26,60), (27,60), (28,60), (29,60), (30,60), (31,60), (32,60), (33,60), (34,60), (35,60), (36,60), (37,60), (38,60), (39,60), (40,60), (41,60), (42,60), (43,60), (44,60), (45,60), (46,60), (47,60), (48,60), (49,60), (50,60), (50,60), (50,59), (50,58), (50,57), (50,56), (50,55), (50,54), (50,53), (50,52), (50,51), (50,50), (50,49), (50,48), (50,47), (50,46), (50,45), (50,44), (50,43), (50,42), (50,41), (50,40), (50,39), (50,38), (50,37), (50,36), (50,35), (50,34), (50,33), (50,32), (50,31), (50,30)|(50,30), (50,31), (50,32), (50,33), (51,33), (52,33), (52,34)",
        "time": 241.11095786022517
    },
    "Walk_Train_Walk": {
        "cost": 7.2,
        "env_tax": 0,
        "route": "(8,59), (9,59), (10,59), (10,59), (10,60)|(10,60), (11,60), (12,60), (13,60), (14,60), (15,60), (16,60), (17,60), (18,60), (19,60), (20,60), (21,60), (22,60), (23,60), (24,60), (25,60), (26,60), (27,60), (28,60), (29,60), (30,60), (31,60), (32,60), (33,60), (34,60), (35,60), (36,60), (37,60), (38,60), (39,60), (40,60), (41,60), (42,60), (43,60), (44,60), (45,60), (46,60), (47,60), (48,60), (49,60), (50,60), (50,60), (50,59), (50,58), (50,57), (50,56), (50,55), (50,54), (50,53), (50,52), (50,51), (50,50), (50,49), (50,48), (50,47), (50,46), (50,45), (50,44), (50,43), (50,42), (50,41), (50,40), (50,39), (50,38), (50,37), (50,36), (50,35), (50,34), (50,33), (50,32), (50,31), (50,30)|(50,30), (51,30), (52,30), (52,30), (52,31), (52,32), (52,33), (52,34)",
        "time": 676.824069604832
    }
}