{
    "Uber": {
        "cost": 29.84875342254137,
        "env_tax": 0.08000000000000002,
        "route": "(55,52), (54,52), (54,51), (54,50), (54,49), (54,48), (54,47), (54,46), (53,46), (52,46), (51,46), (51,45), (51,44), (50,44), (50,43), (50,42)",
        "time": 14.847819126718402
    },
    "Uber_Train_Uber": {
        "cost": 36.011325665758164,
        "env_tax": 0.05500000000000001,
        "route": "(55,52), (54,52), (54,51), (53,51), (52,51), (51,51), (50,51), (50,50)|(50,50), (50,50), (50,49), (50,48), (50,47), (50,46), (50,45), (50,44), (50,43), (50,42), (50,41), (50,40)|(50,40), (50,41), (50,42)",
        "time": 30.118064542582772
    },
    "Uber_Train_Walk": {
        "cost": 20.785231350053554,
        "env_tax": 0.04000000000000001,
        "route": "(55,52), (54,52), (54,51), (53,51), (52,51), (51,51), (50,51), (50,50)|(50,50), (50,50), (50,49), (50,48), (50,47), (50,46), (50,45), (50,44), (50,43), (50,42), (50,41), (50,40)|(50,40), (50,40), (50,41), (50,42)",
        "time": 167.81241849890762
    },
    "Walk": {
        "cost": 0,
        "env_tax": 0,
        "route": "(55,52), (54,52), (53,52), (52,52), (51,52), (50,52), (50,52), (50,51), (50,50), (50,49), (50,48), (50,47), (50,46), (50,45), (50,44), (50,43), (50,42)",
        "time": 1118.468146027201
    },
    "Walk_Train_Uber": {
        "cost": 15.292846905880022,
        "env_tax": 0.015000000000000003,
        "route": "(55,52), (54,52), (53,52), (52,52), (51,52), (50,52), (50,52), (50,51), (50,50)|(50,50), (50,50), (50,49), (50,48), (50,47), (50,46), (50,45), (50,44), (50,43), (50,42), (50,41), (50,40)|(50,40), (50,41), (50,42)",
        "time": 535.0925115770401
    },
    "Walk_Train_Walk": {
        "cost": 1.2000000000000002,
        "env_tax": 0,
        "route": "(55,52), (54,52), (53,52), (52,52), (51,52), (50,52), (50,52), (50,51), (50,50)|(50,50), (50,50), (50,49), (50,48), (50,47), (50,46), (50,45), (50,44), (50,43), (50,42), (50,41), (50,40)|(50,40), (50,40), (50,41), (50,42)",
        "time": 679.0885581862811
    }
}