{
    "Uber": {
        "cost": 21.1716097764028,
        "env_tax": 0.24000000000000005,
        "route": "(10,27), (9,27), (9,28), (9,29), (9,30), (8,30), (7,30), (7,31), (7,32), (6,32), (6,33), (6,34), (5,34), (5,35), (5,36), (5,37), (4,37), (4,38), (4,39), (3,39), (2,39), (2,40), (1,40), (1,41), (1,42), (1,43), (1,44), (1,45), (1,46), (1,47), (1,48), (1,49), (1,50), (1,51), (1,52), (1,53), (0,53), (0,54), (0,55), (0,56), (0,57), (0,58), (0,59), (0,60), (0,61), (0,62), (0,63), (0,64)",
        "time": 5.840432710648537
    },
    "Uber_Train_Uber": {
        "cost": 31.21808400335474,
        "env_tax": 0.09500000000000001,
        "route": "(10,27), (10,28), (10,29), (10,30)|(10,30), (10,30), (10,31), (10,32), (10,33), (10,34), (10,35), (10,36), (10,37), (10,38), (10,39), (10,40), (10,41), (10,42), (10,43), (10,44), (10,45), (10,46), (10,47), (10,48), (10,49), (10,50), (10,51), (10,52), (10,53), (10,54), (10,55), (10,56), (10,57), (10,58), (10,59), (10,60)|(10,60), (9,60), (8,60), (7,60), (6,60), (5,60), (5,61), (4,61), (4,62), (3,62), (2,62), (2,63), (1,63), (0,63), (0,64)",
        "time": 26.847738777506244
    },
    "Uber_Train_Walk": {
        "cost": 15.62024029248376,
        "env_tax": 0.020000000000000004,
        "route": "(10,27), (10,28), (10,29), (10,30)|(10,30), (10,30), (10,31), (10,32), (10,33), (10,34), (10,35), (10,36), (10,37), (10,38), (10,39), (10,40), (10,41), (10,42), (10,43), (10,44), (10,45), (10,46), (10,47), (10,48), (10,49), (10,50), (10,51), (10,52), (10,53), (10,54), (10,55), (10,56), (10,57), (10,58), (10,59), (10,60)|(10,60), (9,60), (8,60), (7,60), (6,60), (5,60), (4,60), (3,60), (2,60), (1,60), (0,60), (0,60), (0,61), (0,62), (0,63), (0,64)",
        "time": 1054.7198974447313
    },
    "Walk": {
        "cost": 0,
        "env_tax": 0,
        "route": "(10,27), (9,27), (8,27), (7,27), (6,27), (5,27), (4,27), (3,27), (2,27), (1,27), (0,27), (0,27), (0,28), (0,29), (0,30), (0,31), (0,32), (0,33), (0,34), (0,35), (0,36), (0,37), (0,38), (0,39), (0,40), (0,41), (0,42), (0,43), (0,44), (0,45), (0,46), (0,47), (0,48), (0,49), (0,50), (0,51), (0,52), (0,53), (0,54), (0,55), (0,56), (0,57), (0,58), (0,59), (0,60), (0,61), (0,62), (0,63), (0,64)",
        "time": 3504.5335242185633
    },
    "Walk_Train_Uber": {
        "cost": 18.768707141053817,
        "env_tax": 0.07500000000000001,
        "route": "(10,27), (10,27), (10,28), (10,29), (10,30)|(10,30), (10,30), (10,31), (10,32), (10,33), (10,34), (10,35), (10,36), (10,37), (10,38), (10,39), (10,40), (10,41), (10,42), (10,43), (10,44), (10,45), (10,46), (10,47), (10,48), (10,49), (10,50), (10,51), (10,52), (10,53), (10,54), (10,55), (10,56), (10,57), (10,58), (10,59), (10,60)|(10,60), (9,60), (8,60), (7,60), (6,60), (5,60), (5,61), (4,61), (4,62), (3,62), (2,62), (2,63), (1,63), (0,63), (0,64)",
        "time": 236.89178707767002
    },
    "Walk_Train_Walk": {
        "cost": 3.2,
        "env_tax": 0,
        "route": "(10,27), (10,27), (10,28), (10,29), (10,30)|(10,30), (10,30), (10,31), (10,32), (10,33), (10,34), (10,35), (10,36), (10,37), (10,38), (10,39), (10,40), (10,41), (10,42), (10,43), (10,44), (10,45), (10,46), (10,47), (10,48), (10,49), (10,50), (10,51), (10,52), (10,53), (10,54), (10,55), (10,56), (10,57), (10,58), (10,59), (10,60)|(10,60), (9,60), (8,60), (7,60), (6,60), (5,60), (4,60), (3,60), (2,60), (1,60), (0,60), (0,60), (0,61), (0,62), (0,63), (0,64)",
        "time": 1272.8523805513778
    }
}