{
    "Uber": {
        "cost": 62.000337538693984,
        "env_tax": 0.685,
        "route": "(39,75), (40,75), (41,75), (41,76), (42,76), (43,76), (43,77), (44,77), (45,77), (46,77), (47,77), (48,77), (49,77), (50,77), (51,77), (52,77), (53,77), (54,77), (55,77), (56,77), (57,77), (58,77), (59,77), (60,77), (61,77), (62,77), (63,77), (63,76), (64,76), (65,76), (66,76), (67,76), (68,76), (69,76), (70,76), (71,76), (72,76), (73,76), (74,76), (74,75), (74,74), (74,73), (74,72), (75,72), (76,72), (76,71), (77,71), (78,71), (79,71), (80,71), (80,70), (81,70), (81,69), (81,68), (81,67), (82,67), (83,67), (83,66), (83,65), (84,65), (85,65), (85,64), (86,64), (86,63), (86,62), (87,62), (87,61), (87,60), (88,60), (88,59), (88,58), (89,58), (89,57), (89,56), (90,56), (91,56), (92,56), (92,55), (92,54), (93,54), (93,53), (93,52), (93,51), (94,51), (94,50), (94,49), (95,49), (95,48), (96,48), (96,47), (96,46), (96,45), (96,44), (96,43), (96,42), (96,41), (96,40), (96,39), (97,39), (97,38), (97,37), (97,36), (97,35), (97,34), (97,33), (97,32), (97,31), (97,30), (98,30), (98,29), (98,28), (98,27), (98,26), (98,25), (98,24), (98,23), (98,22), (98,21), (98,20), (98,19), (98,18), (98,17), (98,16), (97,16), (97,15), (97,14), (97,13), (96,13), (95,13), (94,13), (94,12), (94,11), (94,10), (94,9), (94,8), (93,8), (93,7)",
        "time": 16.85353225920642
    },
    "Uber_Train_Uber": {
        "cost": 40.021738482446274,
        "env_tax": 0.07,
        "route": "(39,75), (40,75), (40,74), (40,73), (40,72), (40,71), (40,70)|(40,70), (41,70), (42,70), (43,70), (44,70), (45,70), (46,70), (47,70), (48,70), (49,70), (50,70), (51,70), (52,70), (53,70), (54,70), (55,70), (56,70), (57,70), (58,70), (59,70), (60,70), (61,70), (62,70), (63,70), (64,70), (65,70), (66,70), (67,70), (68,70), (69,70), (70,70), (71,70), (72,70), (73,70), (74,70), (75,70), (76,70), (77,70), (78,70), (79,70), (80,70), (81,70), (82,70), (83,70), (84,70), (85,70), (86,70), (87,70), (88,70), (89,70), (90,70), (90,70), (90,69), (90,68), (90,67), (90,66), (90,65), (90,64), (90,63), (90,62), (90,61), (90,60), (90,59), (90,58), (90,57), (90,56), (90,55), (90,54), (90,53), (90,52), (90,51), (90,50), (90,49), (90,48), (90,47), (90,46), (90,45), (90,44), (90,43), (90,42), (90,41), (90,40), (90,39), (90,38), (90,37), (90,36), (90,35), (90,34), (90,33), (90,32), (90,31), (90,30), (90,29), (90,28), (90,27), (90,26), (90,25), (90,24), (90,23), (90,22), (90,21), (90,20), (90,19), (90,18), (90,17), (90,16), (90,15), (90,14), (90,13), (90,12), (90,11), (90,10)|(90,10), (90,9), (91,9), (91,8), (92,8), (92,7), (93,7)",
        "time": 22.791492694597444
    },
    "Uber_Train_Walk": {
        "cost": 28.472012733459927,
        "env_tax": 0.035,
        "route": "(39,75), (40,75), (40,74), (40,73), (40,72), (40,71), (40,70)|(40,70), (41,70), (42,70), (43,70), (44,70), (45,70), (46,70), (47,70), (48,70), (49,70), (50,70), (51,70), (52,70), (53,70), (54,70), (55,70), (56,70), (57,70), (58,70), (59,70), (60,70), (61,70), (62,70), (63,70), (64,70), (65,70), (66,70), (67,70), (68,70), (69,70), (70,70), (71,70), (72,70), (73,70), (74,70), (75,70), (76,70), (77,70), (78,70), (79,70), (80,70), (81,70), (82,70), (83,70), (84,70), (85,70), (86,70), (87,70), (88,70), (89,70), (90,70), (90,70), (90,69), (90,68), (90,67), (90,66), (90,65), (90,64), (90,63), (90,62), (90,61), (90,60), (90,59), (90,58), (90,57), (90,56), (90,55), (90,54), (90,53), (90,52), (90,51), (90,50), (90,49), (90,48), (90,47), (90,46), (90,45), (90,44), (90,43), (90,42), (90,41), (90,40), (90,39), (90,38), (90,37), (90,36), (90,35), (90,34), (90,33), (90,32), (90,31), (90,30), (90,29), (90,28), (90,27), (90,26), (90,25), (90,24), (90,23), (90,22), (90,21), (90,20), (90,19), (90,18), (90,17), (90,16), (90,15), (90,14), (90,13), (90,12), (90,11), (90,10)|(90,10), (91,10), (92,10), (93,10), (93,10), (93,9), (93,8), (93,7)",
        "time": 467.62736165662795
    },
    "Walk": {
        "cost": 0,
        "env_tax": 0,
        "route": "(39,75), (40,75), (41,75), (42,75), (43,75), (44,75), (45,75), (46,75), (47,75), (48,75), (49,75), (50,75), (51,75), (52,75), (53,75), (54,75), (55,75), (56,75), (57,75), (58,75), (59,75), (60,75), (61,75), (62,75), (63,75), (64,75), (65,75), (66,75), (67,75), (68,75), (69,75), (70,75), (71,75), (72,75), (73,75), (74,75), (75,75), (76,75), (77,75), (78,75), (79,75), (80,75), (81,75), (82,75), (83,75), (84,75), (85,75), (86,75), (87,75), (88,75), (89,75), (90,75), (91,75), (92,75), (93,75), (93,75), (93,74), (93,73), (93,72), (93,71), (93,70), (93,69), (93,68), (93,67), (93,66), (93,65), (93,64), (93,63), (93,62), (93,61), (93,60), (93,59), (93,58), (93,57), (93,56), (93,55), (93,54), (93,53), (93,52), (93,51), (93,50), (93,49), (93,48), (93,47), (93,46), (93,45), (93,44), (93,43), (93,42), (93,41), (93,40), (93,39), (93,38), (93,37), (93,36), (93,35), (93,34), (93,33), (93,32), (93,31), (93,30), (93,29), (93,28), (93,27), (93,26), (93,25), (93,24), (93,23), (93,22), (93,21), (93,20), (93,19), (93,18), (93,17), (93,16), (93,15), (93,14), (93,13), (93,12), (93,11), (93,10), (93,9), (93,8), (93,7)",
        "time": 9096.874254354569
    },
    "Walk_Train_Uber": {
        "cost": 23.88850339904781,
        "env_tax": 0.035,
        "route": "(39,75), (40,75), (40,75), (40,74), (40,73), (40,72), (40,71), (40,70)|(40,70), (41,70), (42,70), (43,70), (44,70), (45,70), (46,70), (47,70), (48,70), (49,70), (50,70), (51,70), (52,70), (53,70), (54,70), (55,70), (56,70), (57,70), (58,70), (59,70), (60,70), (61,70), (62,70), (63,70), (64,70), (65,70), (66,70), (67,70), (68,70), (69,70), (70,70), (71,70), (72,70), (73,70), (74,70), (75,70), (76,70), (77,70), (78,70), (79,70), (80,70), (81,70), (82,70), (83,70), (84,70), (85,70), (86,70), (87,70), (88,70), (89,70), (90,70), (90,70), (90,69), (90,68), (90,67), (90,66), (90,65), (90,64), (90,63), (90,62), (90,61), (90,60), (90,59), (90,58), (90,57), (90,56), (90,55), (90,54), (90,53), (90,52), (90,51), (90,50), (90,49), (90,48), (90,47), (90,46), (90,45), (90,44), (90,43), (90,42), (90,41), (90,40), (90,39), (90,38), (90,37), (90,36), (90,35), (90,34), (90,33), (90,32), (90,31), (90,30), (90,29), (90,28), (90,27), (90,26), (90,25), (90,24), (90,23), (90,22), (90,21), (90,20), (90,19), (90,18), (90,17), (90,16), (90,15), (90,14), (90,13), (90,12), (90,11), (90,10)|(90,10), (90,9), (91,9), (91,8), (92,8), (92,7), (93,7)",
        "time": 466.2684086156782
    },
    "Walk_Train_Walk": {
        "cost": 11.200000000000001,
        "env_tax": 0,
        "route": "(39,75), (40,75), (40,75), (40,74), (40,73), (40,72), (40,71), (40,70)|(40,70), (41,70), (42,70), (43,70), (44,70), (45,70), (46,70), (47,70), (48,70), (49,70), (50,70), (51,70), (52,70), (53,70), (54,70), (55,70), (56,70), (57,70), (58,70), (59,70), (60,70), (61,70), (62,70), (63,70), (64,70), (65,70), (66,70), (67,70), (68,70), (69,70), (70,70), (71,70), (72,70), (73,70), (74,70), (75,70), (76,70), (77,70), (78,70), (79,70), (80,70), (81,70), (82,70), (83,70), (84,70), (85,70), (86,70), (87,70), (88,70), (89,70), (90,70), (90,70), (90,69), (90,68), (90,67), (90,66), (90,65), (90,64), (90,63), (90,62), (90,61), (90,60), (90,59), (90,58), (90,57), (90,56), (90,55), (90,54), (90,53), (90,52), (90,51), (90,50), (90,49), (90,48), (90,47), (90,46), (90,45), (90,44), (90,43), (90,42), (90,41), (90,40), (90,39), (90,38), (90,37), (90,36), (90,35), (90,34), (90,33), (90,32), (90,31), (90,30), (90,29), (90,28), (90,27), (90,26), (90,25), (90,24), (90,23), (90,22), (90,21), (90,20), (90,19), (90,18), (90,17), (90,16), (90,15), (90,14), (90,13), (90,12), (90,11), (90,10)|(90,10), (91,10), (92,10), (93,10), (93,10), (93,9), (93,8), (93,7)",
        "time": 904.6847559802414
    }
}