{
    "Uber": {
        "cost": 27.25162016997789,
        "env_tax": 0.45,
        "route": "(72,92), (73,92), (74,92), (75,92), (76,92), (77,92), (78,92), (79,92), (80,92), (81,92), (82,92), (83,92), (84,92), (85,92), (86,92), (87,92), (88,92), (89,92), (90,92), (91,92), (92,92), (93,92), (94,92), (94,91), (95,91), (96,91), (97,91), (97,90), (97,89), (98,89), (98,88), (98,87), (98,86), (99,86), (99,85), (99,84), (99,83), (99,82), (99,81), (99,80), (99,79), (99,78), (99,77), (99,76), (99,75), (99,74), (99,73), (99,72), (99,71), (99,70), (99,69), (99,68), (99,67), (99,66), (99,65), (99,64), (99,63), (99,62), (99,61), (99,60), (99,59), (99,58), (99,57), (99,56), (99,55), (99,54), (99,53), (99,52), (98,52), (97,52), (97,51), (97,50), (97,49), (97,48), (96,48), (96,47), (96,46), (96,45), (96,44), (96,43), (96,42), (96,41), (96,40), (96,39), (96,38), (95,38), (95,37), (94,37), (93,37), (93,36)",
        "time": 13.159491912554362
    },
    "Uber_Train_Uber": {
        "cost": 33.98852824372168,
        "env_tax": 0.065,
        "route": "(72,92), (72,91), (72,90), (71,90), (70,90)|(70,90), (71,90), (72,90), (73,90), (74,90), (75,90), (76,90), (77,90), (78,90), (79,90), (80,90), (81,90), (82,90), (83,90), (84,90), (85,90), (86,90), (87,90), (88,90), (89,90), (90,90), (90,90), (90,89), (90,88), (90,87), (90,86), (90,85), (90,84), (90,83), (90,82), (90,81), (90,80), (90,79), (90,78), (90,77), (90,76), (90,75), (90,74), (90,73), (90,72), (90,71), (90,70), (90,69), (90,68), (90,67), (90,66), (90,65), (90,64), (90,63), (90,62), (90,61), (90,60), (90,59), (90,58), (90,57), (90,56), (90,55), (90,54), (90,53), (90,52), (90,51), (90,50), (90,49), (90,48), (90,47), (90,46), (90,45), (90,44), (90,43), (90,42), (90,41), (90,40)|(90,40), (90,39), (90,38), (91,38), (92,38), (93,38), (93,37), (93,36)",
        "time": 23.038045042116554
    },
    "Uber_Train_Walk": {
        "cost": 20.036521628697805,
        "env_tax": 0.025,
        "route": "(72,92), (72,91), (72,90), (71,90), (70,90)|(70,90), (71,90), (72,90), (73,90), (74,90), (75,90), (76,90), (77,90), (78,90), (79,90), (80,90), (81,90), (82,90), (83,90), (84,90), (85,90), (86,90), (87,90), (88,90), (89,90), (90,90), (90,90), (90,89), (90,88), (90,87), (90,86), (90,85), (90,84), (90,83), (90,82), (90,81), (90,80), (90,79), (90,78), (90,77), (90,76), (90,75), (90,74), (90,73), (90,72), (90,71), (90,70), (90,69), (90,68), (90,67), (90,66), (90,65), (90,64), (90,63), (90,62), (90,61), (90,60), (90,59), (90,58), (90,57), (90,56), (90,55), (90,54), (90,53), (90,52), (90,51), (90,50), (90,49), (90,48), (90,47), (90,46), (90,45), (90,44), (90,43), (90,42), (90,41), (90,40)|(90,40), (91,40), (92,40), (93,40), (93,40), (93,39), (93,38), (93,37), (93,36)",
        "time": 534.9764710311416
    },
    "Walk": {
        "cost": 0,
        "env_tax": 0,
        "route": "(72,92), (73,92), (74,92), (75,92), (76,92), (77,92), (78,92), (79,92), (80,92), (81,92), (82,92), (83,92), (84,92), (85,92), (86,92), (87,92), (88,92), (89,92), (90,92), (91,92), (92,92), (93,92), (93,92), (93,91), (93,90), (93,89), (93,88), (93,87), (93,86), (93,85), (93,84), (93,83), (93,82), (93,81), (93,80), (93,79), (93,78), (93,77), (93,76), (93,75), (93,74), (93,73), (93,72), (93,71), (93,70), (93,69), (93,68), (93,67), (93,66), (93,65), (93,64), (93,63), (93,62), (93,61), (93,60), (93,59), (93,58), (93,57), (93,56), (93,55), (93,54), (93,53), (93,52), (93,51), (93,50), (93,49), (93,48), (93,47), (93,46), (93,45), (93,44), (93,43), (93,42), (93,41), (93,40), (93,39), (93,38), (93,37), (93,36)",
        "time": 5741.4698162729655
    },
    "Walk_Train_Uber": {
        "cost": 21.045512122239685,
        "env_tax": 0.04000000000000001,
        "route": "(72,92), (71,92), (70,92), (70,92), (70,91), (70,90)|(70,90), (71,90), (72,90), (73,90), (74,90), (75,90), (76,90), (77,90), (78,90), (79,90), (80,90), (81,90), (82,90), (83,90), (84,90), (85,90), (86,90), (87,90), (88,90), (89,90), (90,90), (90,90), (90,89), (90,88), (90,87), (90,86), (90,85), (90,84), (90,83), (90,82), (90,81), (90,80), (90,79), (90,78), (90,77), (90,76), (90,75), (90,74), (90,73), (90,72), (90,71), (90,70), (90,69), (90,68), (90,67), (90,66), (90,65), (90,64), (90,63), (90,62), (90,61), (90,60), (90,59), (90,58), (90,57), (90,56), (90,55), (90,54), (90,53), (90,52), (90,51), (90,50), (90,49), (90,48), (90,47), (90,46), (90,45), (90,44), (90,43), (90,42), (90,41), (90,40)|(90,40), (90,39), (90,38), (91,38), (92,38), (93,38), (93,37), (93,36)",
        "time": 311.89209049223643
    },
    "Walk_Train_Walk": {
        "cost": 7.2,
        "env_tax": 0,
        "route": "(72,92), (71,92), (70,92), (70,92), (70,91), (70,90)|(70,90), (71,90), (72,90), (73,90), (74,90), (75,90), (76,90), (77,90), (78,90), (79,90), (80,90), (81,90), (82,90), (83,90), (84,90), (85,90), (86,90), (87,90), (88,90), (89,90), (90,90), (90,90), (90,89), (90,88), (90,87), (90,86), (90,85), (90,84), (90,83), (90,82), (90,81), (90,80), (90,79), (90,78), (90,77), (90,76), (90,75), (90,74), (90,73), (90,72), (90,71), (90,70), (90,69), (90,68), (90,67), (90,66), (90,65), (90,64), (90,63), (90,62), (90,61), (90,60), (90,59), (90,58), (90,57), (90,56), (90,55), (90,54), (90,53), (90,52), (90,51), (90,50), (90,49), (90,48), (90,47), (90,46), (90,45), (90,44), (90,43), (90,42), (90,41), (90,40)|(90,40), (91,40), (92,40), (93,40), (93,40), (93,39), (93,38), (93,37), (93,36)",
        "time": 826.556265478777
    }
}