{
    "Uber": {
        "cost": 66.5643850709899,
        "env_tax": 0.625,
        "route": "(17,1), (16,1), (15,1), (14,1), (13,1), (12,1), (11,1), (10,1), (9,1), (9,2), (9,3), (9,4), (9,5), (9,6), (9,7), (9,8), (9,9), (8,9), (8,10), (8,11), (7,11), (7,12), (7,13), (7,14), (7,15), (7,16), (7,17), (7,18), (7,19), (7,20), (7,21), (7,22), (7,23), (7,24), (7,25), (7,26), (7,27), (7,28), (7,29), (7,30), (7,31), (7,32), (7,33), (7,34), (7,35), (7,36), (7,37), (7,38), (7,39), (7,40), (7,41), (7,42), (7,43), (8,43), (9,43), (10,43), (10,44), (11,44), (12,44), (12,45), (12,46), (12,47), (13,47), (13,48), (13,49), (13,50), (13,51), (13,52), (13,53), (13,54), (14,54), (14,55), (15,55), (15,56), (15,57), (16,57), (16,58), (16,59), (17,59), (18,59), (19,59), (20,59), (20,60), (20,61), (21,61), (21,62), (22,62), (23,62), (24,62), (25,62), (26,62), (27,62), (27,63), (28,63), (28,64), (29,64), (30,64), (31,64), (32,64), (32,65), (33,65), (34,65), (35,65), (36,65), (37,65), (37,66), (37,67), (38,67), (39,67), (40,67), (41,67), (42,67), (43,67), (44,67), (45,67), (46,67), (47,67), (48,67), (49,67), (50,67), (50,66), (51,66), (52,66), (53,66), (54,66)",
        "time": 22.834246797910783
    },
    "Uber_Train_Uber": {
        "cost": 41.87934152593001,
        "env_tax": 0.11000000000000001,
        "route": "(17,1), (17,2), (17,3), (18,3), (18,4), (18,5), (18,6), (18,7), (18,8), (18,9), (19,9), (20,9), (20,10)|(20,10), (21,10), (22,10), (23,10), (24,10), (25,10), (26,10), (27,10), (28,10), (29,10), (30,10), (31,10), (32,10), (33,10), (34,10), (35,10), (36,10), (37,10), (38,10), (39,10), (40,10), (41,10), (42,10), (43,10), (44,10), (45,10), (46,10), (47,10), (48,10), (49,10), (50,10), (50,10), (50,11), (50,12), (50,13), (50,14), (50,15), (50,16), (50,17), (50,18), (50,19), (50,20), (50,21), (50,22), (50,23), (50,24), (50,25), (50,26), (50,27), (50,28), (50,29), (50,30), (50,31), (50,32), (50,33), (50,34), (50,35), (50,36), (50,37), (50,38), (50,39), (50,40), (50,41), (50,42), (50,43), (50,44), (50,45), (50,46), (50,47), (50,48), (50,49), (50,50), (50,51), (50,52), (50,53), (50,54), (50,55), (50,56), (50,57), (50,58), (50,59), (50,60), (50,61), (50,62), (50,63), (50,64), (50,65), (50,66), (50,67), (50,68), (50,69), (50,70)|(50,70), (50,69), (50,68), (50,67), (50,66), (51,66), (52,66), (53,66), (54,66)",
        "time": 22.665370676194996
    },
    "Uber_Train_Walk": {
        "cost": 22.819592659631954,
        "env_tax": 0.065,
        "route": "(17,1), (17,2), (17,3), (18,3), (18,4), (18,5), (18,6), (18,7), (18,8), (18,9), (19,9), (20,9), (20,10)|(20,10), (21,10), (22,10), (23,10), (24,10), (25,10), (26,10), (27,10), (28,10), (29,10), (30,10), (31,10), (32,10), (33,10), (34,10), (35,10), (36,10), (37,10), (38,10), (39,10), (40,10), (41,10), (42,10), (43,10), (44,10), (45,10), (46,10), (47,10), (48,10), (49,10), (50,10), (50,10), (50,11), (50,12), (50,13), (50,14), (50,15), (50,16), (50,17), (50,18), (50,19), (50,20), (50,21), (50,22), (50,23), (50,24), (50,25), (50,26), (50,27), (50,28), (50,29), (50,30), (50,31), (50,32), (50,33), (50,34), (50,35), (50,36), (50,37), (50,38), (50,39), (50,40), (50,41), (50,42), (50,43), (50,44), (50,45), (50,46), (50,47), (50,48), (50,49), (50,50), (50,51), (50,52), (50,53), (50,54), (50,55), (50,56), (50,57), (50,58), (50,59), (50,60), (50,61), (50,62), (50,63), (50,64), (50,65), (50,66), (50,67), (50,68), (50,69), (50,70)|(50,70), (51,70), (52,70), (53,70), (54,70), (54,70), (54,69), (54,68), (54,67), (54,66)",
        "time": 611.1492802217974
    },
    "Walk": {
        "cost": 0,
        "env_tax": 0,
        "route": "(17,1), (18,1), (19,1), (20,1), (21,1), (22,1), (23,1), (24,1), (25,1), (26,1), (27,1), (28,1), (29,1), (30,1), (31,1), (32,1), (33,1), (34,1), (35,1), (36,1), (37,1), (38,1), (39,1), (40,1), (41,1), (42,1), (43,1), (44,1), (45,1), (46,1), (47,1), (48,1), (49,1), (50,1), (51,1), (52,1), (53,1), (54,1), (54,1), (54,2), (54,3), (54,4), (54,5), (54,6), (54,7), (54,8), (54,9), (54,10), (54,11), (54,12), (54,13), (54,14), (54,15), (54,16), (54,17), (54,18), (54,19), (54,20), (54,21), (54,22), (54,23), (54,24), (54,25), (54,26), (54,27), (54,28), (54,29), (54,30), (54,31), (54,32), (54,33), (54,34), (54,35), (54,36), (54,37), (54,38), (54,39), (54,40), (54,41), (54,42), (54,43), (54,44), (54,45), (54,46), (54,47), (54,48), (54,49), (54,50), (54,51), (54,52), (54,53), (54,54), (54,55), (54,56), (54,57), (54,58), (54,59), (54,60), (54,61), (54,62), (54,63), (54,64), (54,65), (54,66)",
        "time": 7605.583392984967
    },
    "Walk_Train_Uber": {
        "cost": 27.698062011269364,
        "env_tax": 0.045000000000000005,
        "route": "(17,1), (18,1), (19,1), (20,1), (20,1), (20,2), (20,3), (20,4), (20,5), (20,6), (20,7), (20,8), (20,9), (20,10)|(20,10), (21,10), (22,10), (23,10), (24,10), (25,10), (26,10), (27,10), (28,10), (29,10), (30,10), (31,10), (32,10), (33,10), (34,10), (35,10), (36,10), (37,10), (38,10), (39,10), (40,10), (41,10), (42,10), (43,10), (44,10), (45,10), (46,10), (47,10), (48,10), (49,10), (50,10), (50,10), (50,11), (50,12), (50,13), (50,14), (50,15), (50,16), (50,17), (50,18), (50,19), (50,20), (50,21), (50,22), (50,23), (50,24), (50,25), (50,26), (50,27), (50,28), (50,29), (50,30), (50,31), (50,32), (50,33), (50,34), (50,35), (50,36), (50,37), (50,38), (50,39), (50,40), (50,41), (50,42), (50,43), (50,44), (50,45), (50,46), (50,47), (50,48), (50,49), (50,50), (50,51), (50,52), (50,53), (50,54), (50,55), (50,56), (50,57), (50,58), (50,59), (50,60), (50,61), (50,62), (50,63), (50,64), (50,65), (50,66), (50,67), (50,68), (50,69), (50,70)|(50,70), (50,69), (50,68), (50,67), (50,66), (51,66), (52,66), (53,66), (54,66)",
        "time": 914.3670431431486
    },
    "Walk_Train_Walk": {
        "cost": 9.200000000000001,
        "env_tax": 0,
        "route": "(17,1), (18,1), (19,1), (20,1), (20,1), (20,2), (20,3), (20,4), (20,5), (20,6), (20,7), (20,8), (20,9), (20,10)|(20,10), (21,10), (22,10), (23,10), (24,10), (25,10), (26,10), (27,10), (28,10), (29,10), (30,10), (31,10), (32,10), (33,10), (34,10), (35,10), (36,10), (37,10), (38,10), (39,10), (40,10), (41,10), (42,10), (43,10), (44,10), (45,10), (46,10), (47,10), (48,10), (49,10), (50,10), (50,10), (50,11), (50,12), (50,13), (50,14), (50,15), (50,16), (50,17), (50,18), (50,19), (50,20), (50,21), (50,22), (50,23), (50,24), (50,25), (50,26), (50,27), (50,28), (50,29), (50,30), (50,31), (50,32), (50,33), (50,34), (50,35), (50,36), (50,37), (50,38), (50,39), (50,40), (50,41), (50,42), (50,43), (50,44), (50,45), (50,46), (50,47), (50,48), (50,49), (50,50), (50,51), (50,52), (50,53), (50,54), (50,55), (50,56), (50,57), (50,58), (50,59), (50,60), (50,61), (50,62), (50,63), (50,64), (50,65), (50,66), (50,67), (50,68), (50,69), (50,70)|(50,70), (51,70), (52,70), (53,70), (54,70), (54,70), (54,69), (54,68), (54,67), (54,66)",
        "time": 1498.7337161285038
    }
}