{
    "Uber": {
        "cost": 62.4813054913359,
        "env_tax": 0.4650000000000001,
        "route": "(42,49), (42,50), (42,51), (42,52), (42,53), (42,54), (42,55), (42,56), (42,57), (42,58), (42,59), (42,60), (42,61), (42,62), (42,63), (42,64), (42,65), (42,66), (42,67), (42,68), (42,69), (42,70), (42,71), (42,72), (42,73), (42,74), (42,75), (42,76), (42,77), (42,78), (42,79), (42,80), (43,80), (43,81), (43,82), (43,83), (44,83), (44,84), (45,84), (46,84), (46,85), (47,85), (48,85), (48,86), (48,87), (49,87), (50,87), (50,88), (51,88), (52,88), (52,89), (53,89), (54,89), (55,89), (56,89), (57,89), (58,89), (59,89), (60,89), (61,89), (62,89), (63,89), (64,89), (65,89), (66,89), (67,89), (68,89), (69,89), (70,89), (71,89), (72,89), (73,89), (74,89), (74,88), (75,88), (76,88), (77,88), (77,87), (78,87), (79,87), (79,86), (80,86), (80,85), (81,85), (81,84), (82,84), (83,84), (84,84), (84,83), (84,82), (84,81), (84,80), (84,79)",
        "time": 20.993003443040838
    },
    "Uber_Train_Uber": {
        "cost": 35.03568057439419,
        "env_tax": 0.05000000000000001,
        "route": "(42,49), (41,49), (40,49), (40,50)|(40,50), (41,50), (42,50), (43,50), (44,50), (45,50), (46,50), (47,50), (48,50), (49,50), (50,50), (51,50), (52,50), (53,50), (54,50), (55,50), (56,50), (57,50), (58,50), (59,50), (60,50), (61,50), (62,50), (63,50), (64,50), (65,50), (66,50), (67,50), (68,50), (69,50), (70,50), (71,50), (72,50), (73,50), (74,50), (75,50), (76,50), (77,50), (78,50), (79,50), (80,50), (80,50), (80,51), (80,52), (80,53), (80,54), (80,55), (80,56), (80,57), (80,58), (80,59), (80,60), (80,61), (80,62), (80,63), (80,64), (80,65), (80,66), (80,67), (80,68), (80,69), (80,70), (80,71), (80,72), (80,73), (80,74), (80,75), (80,76), (80,77), (80,78), (80,79), (80,80)|(80,80), (81,80), (82,80), (83,80), (84,80), (84,79)",
        "time": 18.557458265091817
    },
    "Uber_Train_Walk": {
        "cost": 22.381988438583548,
        "env_tax": 0.020000000000000004,
        "route": "(42,49), (41,49), (40,49), (40,50)|(40,50), (41,50), (42,50), (43,50), (44,50), (45,50), (46,50), (47,50), (48,50), (49,50), (50,50), (51,50), (52,50), (53,50), (54,50), (55,50), (56,50), (57,50), (58,50), (59,50), (60,50), (61,50), (62,50), (63,50), (64,50), (65,50), (66,50), (67,50), (68,50), (69,50), (70,50), (71,50), (72,50), (73,50), (74,50), (75,50), (76,50), (77,50), (78,50), (79,50), (80,50), (80,50), (80,51), (80,52), (80,53), (80,54), (80,55), (80,56), (80,57), (80,58), (80,59), (80,60), (80,61), (80,62), (80,63), (80,64), (80,65), (80,66), (80,67), (80,68), (80,69), (80,70), (80,71), (80,72), (80,73), (80,74), (80,75), (80,76), (80,77), (80,78), (80,79), (80,80)|(80,80), (81,80), (82,80), (83,80), (84,80), (84,80), (84,79)",
        "time": 388.2011316988079
    },
    "Walk": {
        "cost": 0,
        "env_tax": 0,
        "route": "(42,49), (43,49), (44,49), (45,49), (46,49), (47,49), (48,49), (49,49), (50,49), (51,49), (52,49), (53,49), (54,49), (55,49), (56,49), (57,49), (58,49), (59,49), (60,49), (61,49), (62,49), (63,49), (64,49), (65,49), (66,49), (67,49), (68,49), (69,49), (70,49), (71,49), (72,49), (73,49), (74,49), (75,49), (76,49), (77,49), (78,49), (79,49), (80,49), (81,49), (82,49), (83,49), (84,49), (84,49), (84,50), (84,51), (84,52), (84,53), (84,54), (84,55), (84,56), (84,57), (84,58), (84,59), (84,60), (84,61), (84,62), (84,63), (84,64), (84,65), (84,66), (84,67), (84,68), (84,69), (84,70), (84,71), (84,72), (84,73), (84,74), (84,75), (84,76), (84,77), (84,78), (84,79)",
        "time": 5368.647100930565
    },
    "Walk_Train_Uber": {
        "cost": 20.188105990700087,
        "env_tax": 0.030000000000000006,
        "route": "(42,49), (41,49), (40,49), (40,49), (40,50)|(40,50), (41,50), (42,50), (43,50), (44,50), (45,50), (46,50), (47,50), (48,50), (49,50), (50,50), (51,50), (52,50), (53,50), (54,50), (55,50), (56,50), (57,50), (58,50), (59,50), (60,50), (61,50), (62,50), (63,50), (64,50), (65,50), (66,50), (67,50), (68,50), (69,50), (70,50), (71,50), (72,50), (73,50), (74,50), (75,50), (76,50), (77,50), (78,50), (79,50), (80,50), (80,50), (80,51), (80,52), (80,53), (80,54), (80,55), (80,56), (80,57), (80,58), (80,59), (80,60), (80,61), (80,62), (80,63), (80,64), (80,65), (80,66), (80,67), (80,68), (80,69), (80,70), (80,71), (80,72), (80,73), (80,74), (80,75), (80,76), (80,77), (80,78), (80,79), (80,80)|(80,80), (81,80), (82,80), (83,80), (84,80), (84,79)",
        "time": 235.46405720063984
    },
    "Walk_Train_Walk": {
        "cost": 7.2,
        "env_tax": 0,
        "route": "(42,49), (41,49), (40,49), (40,49), (40,50)|(40,50), (41,50), (42,50), (43,50), (44,50), (45,50), (46,50), (47,50), (48,50), (49,50), (50,50), (51,50), (52,50), (53,50), (54,50), (55,50), (56,50), (57,50), (58,50), (59,50), (60,50), (61,50), (62,50), (63,50), (64,50), (65,50), (66,50), (67,50), (68,50), (69,50), (70,50), (71,50), (72,50), (73,50), (74,50), (75,50), (76,50), (77,50), (78,50), (79,50), (80,50), (80,50), (80,51), (80,52), (80,53), (80,54), (80,55), (80,56), (80,57), (80,58), (80,59), (80,60), (80,61), (80,62), (80,63), (80,64), (80,65), (80,66), (80,67), (80,68), (80,69), (80,70), (80,71), (80,72), (80,73), (80,74), (80,75), (80,76), (80,77), (80,78), (80,79), (80,80)|(80,80), (81,80), (82,80), (83,80), (84,80), (84,80), (84,79)",
        "time": 603.5052625375517
    }
}