{
    "Uber": {
        "cost": 16.554579291853454,
        "env_tax": 0.030000000000000006,
        "route": "(33,53), (33,52), (33,51), (33,50), (34,50), (34,49)",
        "time": 6.552486471849559
    },
    "Uber_Train_Uber": {
        "cost": 33.33393342241218,
        "env_tax": 0.065,
        "route": "(33,53), (32,53), (32,52), (32,51), (32,50), (31,50), (30,50)|(30,50), (30,50)|(30,50), (31,50), (32,50), (33,50), (34,50), (34,49)",
        "time": 24.973077757494657
    },
    "Uber_Train_Walk": {
        "cost": 17.761349322319326,
        "env_tax": 0.035,
        "route": "(33,53), (32,53), (32,52), (32,51), (32,50), (31,50), (30,50)|(30,50), (30,50)|(30,50), (31,50), (32,50), (33,50), (34,50), (34,50), (34,49)",
        "time": 385.7338031684346
    },
    "Walk": {
        "cost": 0,
        "env_tax": 0,
        "route": "(33,53), (34,53), (34,53), (34,52), (34,51), (34,50), (34,49)",
        "time": 372.82271534240033
    },
    "Walk_Train_Uber": {
        "cost": 16.539492234956203,
        "env_tax": 0.030000000000000006,
        "route": "(33,53), (32,53), (31,53), (30,53), (30,53), (30,52), (30,51), (30,50)|(30,50), (30,50)|(30,50), (31,50), (32,50), (33,50), (34,50), (34,49)",
        "time": 459.6772056095871
    },
    "Walk_Train_Walk": {
        "cost": 0.2,
        "env_tax": 0,
        "route": "(33,53), (32,53), (31,53), (30,53), (30,53), (30,52), (30,51), (30,50)|(30,50), (30,50)|(30,50), (31,50), (32,50), (33,50), (34,50), (34,50), (34,49)",
        "time": 823.9388830554562
    }
}