{
    "Uber": {
        "cost": 37.713342512025804,
        "env_tax": 0.36000000000000004,
        "route": "(56,91), (57,91), (58,91), (59,91), (60,91), (61,91), (61,92), (62,92), (63,92), (64,92), (65,92), (66,92), (67,92), (67,93), (68,93), (69,93), (70,93), (71,93), (72,93), (73,93), (74,93), (75,93), (76,93), (76,92), (77,92), (78,92), (79,92), (79,91), (79,90), (79,89), (79,88), (79,87), (79,86), (80,86), (80,85), (80,84), (80,83), (80,82), (80,81), (80,80), (80,79), (80,78), (80,77), (80,76), (80,75), (80,74), (80,73), (80,72), (80,71), (80,70), (80,69), (80,68), (80,67), (80,66), (80,65), (80,64), (80,63), (80,62), (80,61), (80,60), (80,59), (80,58), (80,57), (80,56), (80,55), (80,54), (80,53), (80,52), (79,52), (79,51), (78,51), (78,50)",
        "time": 10.365864134798597
    },
    "Uber_Train_Uber": {
        "cost": 32.594399926808705,
        "env_tax": 0.04500000000000001,
        "route": "(56,91), (57,91), (58,91), (58,90), (59,90), (60,90)|(60,90), (61,90), (62,90), (63,90), (64,90), (65,90), (66,90), (67,90), (68,90), (69,90), (70,90), (71,90), (72,90), (73,90), (74,90), (75,90), (76,90), (77,90), (78,90), (79,90), (80,90), (80,90), (80,89), (80,88), (80,87), (80,86), (80,85), (80,84), (80,83), (80,82), (80,81), (80,80), (80,79), (80,78), (80,77), (80,76), (80,75), (80,74), (80,73), (80,72), (80,71), (80,70), (80,69), (80,68), (80,67), (80,66), (80,65), (80,64), (80,63), (80,62), (80,61), (80,60), (80,59), (80,58), (80,57), (80,56), (80,55), (80,54), (80,53), (80,52), (80,51), (80,50)|(80,50), (79,50), (78,50)",
        "time": 17.80565751714741
    },
    "Uber_Train_Walk": {
        "cost": 19.607884309041292,
        "env_tax": 0.030000000000000006,
        "route": "(56,91), (57,91), (58,91), (58,90), (59,90), (60,90)|(60,90), (61,90), (62,90), (63,90), (64,90), (65,90), (66,90), (67,90), (68,90), (69,90), (70,90), (71,90), (72,90), (73,90), (74,90), (75,90), (76,90), (77,90), (78,90), (79,90), (80,90), (80,90), (80,89), (80,88), (80,87), (80,86), (80,85), (80,84), (80,83), (80,82), (80,81), (80,80), (80,79), (80,78), (80,77), (80,76), (80,75), (80,74), (80,73), (80,72), (80,71), (80,70), (80,69), (80,68), (80,67), (80,66), (80,65), (80,64), (80,63), (80,62), (80,61), (80,60), (80,59), (80,58), (80,57), (80,56), (80,55), (80,54), (80,53), (80,52), (80,51), (80,50)|(80,50), (79,50), (78,50), (78,50)",
        "time": 168.1634586892705
    },
    "Walk": {
        "cost": 0,
        "env_tax": 0,
        "route": "(56,91), (57,91), (58,91), (59,91), (60,91), (61,91), (62,91), (63,91), (64,91), (65,91), (66,91), (67,91), (68,91), (69,91), (70,91), (71,91), (72,91), (73,91), (74,91), (75,91), (76,91), (77,91), (78,91), (78,91), (78,90), (78,89), (78,88), (78,87), (78,86), (78,85), (78,84), (78,83), (78,82), (78,81), (78,80), (78,79), (78,78), (78,77), (78,76), (78,75), (78,74), (78,73), (78,72), (78,71), (78,70), (78,69), (78,68), (78,67), (78,66), (78,65), (78,64), (78,63), (78,62), (78,61), (78,60), (78,59), (78,58), (78,57), (78,56), (78,55), (78,54), (78,53), (78,52), (78,51), (78,50)",
        "time": 4697.566213314244
    },
    "Walk_Train_Uber": {
        "cost": 19.341236288245234,
        "env_tax": 0.015000000000000003,
        "route": "(56,91), (57,91), (58,91), (59,91), (60,91), (60,91), (60,90)|(60,90), (61,90), (62,90), (63,90), (64,90), (65,90), (66,90), (67,90), (68,90), (69,90), (70,90), (71,90), (72,90), (73,90), (74,90), (75,90), (76,90), (77,90), (78,90), (79,90), (80,90), (80,90), (80,89), (80,88), (80,87), (80,86), (80,85), (80,84), (80,83), (80,82), (80,81), (80,80), (80,79), (80,78), (80,77), (80,76), (80,75), (80,74), (80,73), (80,72), (80,71), (80,70), (80,69), (80,68), (80,67), (80,66), (80,65), (80,64), (80,63), (80,62), (80,61), (80,60), (80,59), (80,58), (80,57), (80,56), (80,55), (80,54), (80,53), (80,52), (80,51), (80,50)|(80,50), (79,50), (78,50)",
        "time": 386.10518240580024
    },
    "Walk_Train_Walk": {
        "cost": 6.2,
        "env_tax": 0,
        "route": "(56,91), (57,91), (58,91), (59,91), (60,91), (60,91), (60,90)|(60,90), (61,90), (62,90), (63,90), (64,90), (65,90), (66,90), (67,90), (68,90), (69,90), (70,90), (71,90), (72,90), (73,90), (74,90), (75,90), (76,90), (77,90), (78,90), (79,90), (80,90), (80,90), (80,89), (80,88), (80,87), (80,86), (80,85), (80,84), (80,83), (80,82), (80,81), (80,80), (80,79), (80,78), (80,77), (80,76), (80,75), (80,74), (80,73), (80,72), (80,71), (80,70), (80,69), (80,68), (80,67), (80,66), (80,65), (80,64), (80,63), (80,62), (80,61), (80,60), (80,59), (80,58), (80,57), (80,56), (80,55), (80,54), (80,53), (80,52), (80,51), (80,50)|(80,50), (79,50), (78,50), (78,50)",
        "time": 530.0419485191946
    }
}