{
    "Uber": {
        "cost": 32.30780454369925,
        "env_tax": 0.67,
        "route": "(98,56), (98,57), (99,57), (99,58), (99,59), (99,60), (99,61), (99,62), (99,63), (99,64), (99,65), (99,66), (99,67), (99,68), (99,69), (99,70), (99,71), (99,72), (99,73), (99,74), (99,75), (99,76), (99,77), (99,78), (99,79), (99,80), (99,81), (99,82), (99,83), (99,84), (99,85), (99,86), (98,86), (97,86), (97,87), (96,87), (96,88), (95,88), (95,89), (94,89), (94,90), (94,91), (93,91), (92,91), (91,91), (91,92), (90,92), (89,92), (88,92), (88,93), (87,93), (86,93), (85,93), (84,93), (84,94), (84,95), (84,96), (83,96), (82,96), (81,96), (80,96), (79,96), (79,97), (79,98), (78,98), (77,98), (76,98), (75,98), (74,98), (73,98), (72,98), (71,98), (70,98), (69,98), (68,98), (67,98), (66,98), (65,98), (64,98), (63,98), (62,98), (61,98), (60,98), (59,98), (58,98), (57,98), (56,98), (55,98), (54,98), (53,98), (52,98), (51,98), (50,98), (49,98), (48,98), (47,98), (46,98), (45,98), (44,98), (43,98), (42,98), (41,98), (40,98), (39,98), (38,98), (37,98), (36,98), (35,98), (34,98), (33,98), (32,98), (31,98), (30,98), (29,98), (28,98), (27,98), (26,98), (25,98), (24,98), (24,99), (23,99), (22,99), (21,99), (20,99), (19,99), (18,99), (17,99), (16,99), (15,99), (14,99), (13,99), (12,99), (11,99), (10,99)",
        "time": 12.985913204482014
    },
    "Uber_Train_Uber": {
        "cost": 39.10022258871159,
        "env_tax": 0.115,
        "route": "(98,56), (97,56), (96,56), (95,56), (95,57), (94,57), (94,58), (93,58), (93,59), (92,59), (92,60), (91,60), (90,60)|(90,60), (89,60), (88,60), (87,60), (86,60), (85,60), (84,60), (83,60), (82,60), (81,60), (80,60), (79,60), (78,60), (77,60), (76,60), (75,60), (74,60), (73,60), (72,60), (71,60), (70,60), (69,60), (68,60), (67,60), (66,60), (65,60), (64,60), (63,60), (62,60), (61,60), (60,60), (59,60), (58,60), (57,60), (56,60), (55,60), (54,60), (53,60), (52,60), (51,60), (50,60), (49,60), (48,60), (47,60), (46,60), (45,60), (44,60), (43,60), (42,60), (41,60), (40,60), (39,60), (38,60), (37,60), (36,60), (35,60), (34,60), (33,60), (32,60), (31,60), (30,60), (29,60), (28,60), (27,60), (26,60), (25,60), (24,60), (23,60), (22,60), (21,60), (20,60), (19,60), (18,60), (17,60), (16,60), (15,60), (14,60), (13,60), (12,60), (11,60), (10,60), (10,60), (10,61), (10,62), (10,63), (10,64), (10,65), (10,66), (10,67), (10,68), (10,69), (10,70), (10,71), (10,72), (10,73), (10,74), (10,75), (10,76), (10,77), (10,78), (10,79), (10,80), (10,81), (10,82), (10,83), (10,84), (10,85), (10,86), (10,87), (10,88), (10,89), (10,90)|(10,90), (10,91), (10,92), (10,93), (10,94), (10,95), (10,96), (10,97), (10,98), (10,99)",
        "time": 22.464029497395423
    },
    "Uber_Train_Walk": {
        "cost": 26.01094087519483,
        "env_tax": 0.065,
        "route": "(98,56), (97,56), (96,56), (95,56), (95,57), (94,57), (94,58), (93,58), (93,59), (92,59), (92,60), (91,60), (90,60)|(90,60), (89,60), (88,60), (87,60), (86,60), (85,60), (84,60), (83,60), (82,60), (81,60), (80,60), (79,60), (78,60), (77,60), (76,60), (75,60), (74,60), (73,60), (72,60), (71,60), (70,60), (69,60), (68,60), (67,60), (66,60), (65,60), (64,60), (63,60), (62,60), (61,60), (60,60), (59,60), (58,60), (57,60), (56,60), (55,60), (54,60), (53,60), (52,60), (51,60), (50,60), (49,60), (48,60), (47,60), (46,60), (45,60), (44,60), (43,60), (42,60), (41,60), (40,60), (39,60), (38,60), (37,60), (36,60), (35,60), (34,60), (33,60), (32,60), (31,60), (30,60), (29,60), (28,60), (27,60), (26,60), (25,60), (24,60), (23,60), (22,60), (21,60), (20,60), (19,60), (18,60), (17,60), (16,60), (15,60), (14,60), (13,60), (12,60), (11,60), (10,60), (10,60), (10,61), (10,62), (10,63), (10,64), (10,65), (10,66), (10,67), (10,68), (10,69), (10,70), (10,71), (10,72), (10,73), (10,74), (10,75), (10,76), (10,77), (10,78), (10,79), (10,80), (10,81), (10,82), (10,83), (10,84), (10,85), (10,86), (10,87), (10,88), (10,89), (10,90)|(10,90), (10,90), (10,91), (10,92), (10,93), (10,94), (10,95), (10,96), (10,97), (10,98), (10,99)",
        "time": 689.00548423716
    },
    "Walk": {
        "cost": 0,
        "env_tax": 0,
        "route": "(98,56), (97,56), (96,56), (95,56), (94,56), (93,56), (92,56), (91,56), (90,56), (89,56), (88,56), (87,56), (86,56), (85,56), (84,56), (83,56), (82,56), (81,56), (80,56), (79,56), (78,56), (77,56), (76,56), (75,56), (74,56), (73,56), (72,56), (71,56), (70,56), (69,56), (68,56), (67,56), (66,56), (65,56), (64,56), (63,56), (62,56), (61,56), (60,56), (59,56), (58,56), (57,56), (56,56), (55,56), (54,56), (53,56), (52,56), (51,56), (50,56), (49,56), (48,56), (47,56), (46,56), (45,56), (44,56), (43,56), (42,56), (41,56), (40,56), (39,56), (38,56), (37,56), (36,56), (35,56), (34,56), (33,56), (32,56), (31,56), (30,56), (29,56), (28,56), (27,56), (26,56), (25,56), (24,56), (23,56), (22,56), (21,56), (20,56), (19,56), (18,56), (17,56), (16,56), (15,56), (14,56), (13,56), (12,56), (11,56), (10,56), (10,56), (10,57), (10,58), (10,59), (10,60), (10,61), (10,62), (10,63), (10,64), (10,65), (10,66), (10,67), (10,68), (10,69), (10,70), (10,71), (10,72), (10,73), (10,74), (10,75), (10,76), (10,77), (10,78), (10,79), (10,80), (10,81), (10,82), (10,83), (10,84), (10,85), (10,86), (10,87), (10,88), (10,89), (10,90), (10,91), (10,92), (10,93), (10,94), (10,95), (10,96), (10,97), (10,98), (10,99)",
        "time": 9767.95514197089
    },
    "Walk_Train_Uber": {
        "cost": 24.1557097591237,
        "env_tax": 0.05,
        "route": "(98,56), (97,56), (96,56), (95,56), (94,56), (93,56), (92,56), (91,56), (90,56), (90,56), (90,57), (90,58), (90,59), (90,60)|(90,60), (89,60), (88,60), (87,60), (86,60), (85,60), (84,60), (83,60), (82,60), (81,60), (80,60), (79,60), (78,60), (77,60), (76,60), (75,60), (74,60), (73,60), (72,60), (71,60), (70,60), (69,60), (68,60), (67,60), (66,60), (65,60), (64,60), (63,60), (62,60), (61,60), (60,60), (59,60), (58,60), (57,60), (56,60), (55,60), (54,60), (53,60), (52,60), (51,60), (50,60), (49,60), (48,60), (47,60), (46,60), (45,60), (44,60), (43,60), (42,60), (41,60), (40,60), (39,60), (38,60), (37,60), (36,60), (35,60), (34,60), (33,60), (32,60), (31,60), (30,60), (29,60), (28,60), (27,60), (26,60), (25,60), (24,60), (23,60), (22,60), (21,60), (20,60), (19,60), (18,60), (17,60), (16,60), (15,60), (14,60), (13,60), (12,60), (11,60), (10,60), (10,60), (10,61), (10,62), (10,63), (10,64), (10,65), (10,66), (10,67), (10,68), (10,69), (10,70), (10,71), (10,72), (10,73), (10,74), (10,75), (10,76), (10,77), (10,78), (10,79), (10,80), (10,81), (10,82), (10,83), (10,84), (10,85), (10,86), (10,87), (10,88), (10,89), (10,90)|(10,90), (10,91), (10,92), (10,93), (10,94), (10,95), (10,96), (10,97), (10,98), (10,99)",
        "time": 910.191634254063
    },
    "Walk_Train_Walk": {
        "cost": 11.200000000000001,
        "env_tax": 0,