{
    "Uber": {
        "cost": 52.14399954755122,
        "env_tax": 0.36500000000000005,
        "route": "(55,42), (55,41), (55,40), (55,39), (55,38), (55,37), (55,36), (55,35), (55,34), (55,33), (55,32), (55,31), (55,30), (55,29), (55,28), (55,27), (55,26), (55,25), (55,24), (55,23), (55,22), (55,21), (55,20), (55,19), (55,18), (55,17), (55,16), (54,16), (53,16), (53,15), (52,15), (51,15), (50,15), (49,15), (48,15), (48,14), (47,14), (46,14), (45,14), (44,14), (43,14), (42,14), (41,14), (40,14), (39,14), (38,14), (37,14), (36,14), (35,14), (34,14), (33,14), (32,14), (31,14), (30,14), (29,14), (28,14), (27,14), (26,14), (25,14), (24,14), (24,15), (23,15), (23,16), (22,16), (22,17), (22,18), (21,18), (21,19), (21,20), (21,21), (21,22), (20,22), (20,23)",
        "time": 20.64457133491542
    },
    "Uber_Train_Uber": {
        "cost": 38.520059286979794,
        "env_tax": 0.06000000000000001,
        "route": "(55,42), (54,42), (53,42), (53,41), (52,41), (51,41), (50,41), (50,40)|(50,40), (49,40), (48,40), (47,40), (46,40), (45,40), (44,40), (43,40), (42,40), (41,40), (40,40), (39,40), (38,40), (37,40), (36,40), (35,40), (34,40), (33,40), (32,40), (31,40), (30,40), (29,40), (28,40), (27,40), (26,40), (25,40), (24,40), (23,40), (22,40), (21,40), (20,40), (20,40), (20,39), (20,38), (20,37), (20,36), (20,35), (20,34), (20,33), (20,32), (20,31), (20,30), (20,29), (20,28), (20,27), (20,26), (20,25), (20,24), (20,23), (20,22), (20,21), (20,20)|(20,20), (20,21), (20,22), (20,23)",
        "time": 21.797825726963456
    },
    "Uber_Train_Walk": {
        "cost": 25.62629531548184,
        "env_tax": 0.04000000000000001,
        "route": "(55,42), (54,42), (53,42), (53,41), (52,41), (51,41), (50,41), (50,40)|(50,40), (49,40), (48,40), (47,40), (46,40), (45,40), (44,40), (43,40), (42,40), (41,40), (40,40), (39,40), (38,40), (37,40), (36,40), (35,40), (34,40), (33,40), (32,40), (31,40), (30,40), (29,40), (28,40), (27,40), (26,40), (25,40), (24,40), (23,40), (22,40), (21,40), (20,40), (20,40), (20,39), (20,38), (20,37), (20,36), (20,35), (20,34), (20,33), (20,32), (20,31), (20,30), (20,29), (20,28), (20,27), (20,26), (20,25), (20,24), (20,23), (20,22), (20,21), (20,20)|(20,20), (20,20), (20,21), (20,22), (20,23)",
        "time": 243.2376776282207
    },
    "Walk": {
        "cost": 0,
        "env_tax": 0,
        "route": "(55,42), (54,42), (53,42), (52,42), (51,42), (50,42), (49,42), (48,42), (47,42), (46,42), (45,42), (44,42), (43,42), (42,42), (41,42), (40,42), (39,42), (38,42), (37,42), (36,42), (35,42), (34,42), (33,42), (32,42), (31,42), (30,42), (29,42), (28,42), (27,42), (26,42), (25,42), (24,42), (23,42), (22,42), (21,42), (20,42), (20,42), (20,41), (20,40), (20,39), (20,38), (20,37), (20,36), (20,35), (20,34), (20,33), (20,32), (20,31), (20,30), (20,29), (20,28), (20,27), (20,26), (20,25), (20,24), (20,23)",
        "time": 4026.485325697924
    },
    "Walk_Train_Uber": {
        "cost": 17.85379886846657,
        "env_tax": 0.020000000000000004,
        "route": "(55,42), (54,42), (53,42), (52,42), (51,42), (50,42), (50,42), (50,41), (50,40)|(50,40), (49,40), (48,40), (47,40), (46,40), (45,40), (44,40), (43,40), (42,40), (41,40), (40,40), (39,40), (38,40), (37,40), (36,40), (35,40), (34,40), (33,40), (32,40), (31,40), (30,40), (29,40), (28,40), (27,40), (26,40), (25,40), (24,40), (23,40), (22,40), (21,40), (20,40), (20,40), (20,39), (20,38), (20,37), (20,36), (20,35), (20,34), (20,33), (20,32), (20,31), (20,30), (20,29), (20,28), (20,27), (20,26), (20,25), (20,24), (20,23), (20,22), (20,21), (20,20)|(20,20), (20,21), (20,22), (20,23)",
        "time": 535.3563780845545
    },
    "Walk_Train_Walk": {
        "cost": 5.2,
        "env_tax": 0,
        "route": "(55,42), (54,42), (53,42), (52,42), (51,42), (50,42), (50,42), (50,41), (50,40)|(50,40), (49,40), (48,40), (47,40), (46,40), (45,40), (44,40), (43,40), (42,40), (41,40), (40,40), (39,40), (38,40), (37,40), (36,40), (35,40), (34,40), (33,40), (32,40), (31,40), (30,40), (29,40), (28,40), (27,40), (26,40), (25,40), (24,40), (23,40), (22,40), (21,40), (20,40), (20,40), (20,39), (20,38), (20,37), (20,36), (20,35), (20,34), (20,33), (20,32), (20,31), (20,30), (20,29), (20,28), (20,27), (20,26), (20,25), (20,24), (20,23), (20,22), (20,21), (20,20)|(20,20), (20,20), (20,21), (20,22), (20,23)",
        "time": 752.77656610853
    }
}