{
    "Uber": {
        "cost": 69.1675436333482,
        "env_tax": 0.79,
        "route": "(8,73), (8,74), (8,75), (8,76), (8,77), (8,78), (8,79), (8,80), (8,81), (9,81), (10,81), (10,82), (10,83), (11,83), (12,83), (13,83), (14,83), (15,83), (16,83), (17,83), (18,83), (19,83), (20,83), (21,83), (22,83), (23,83), (24,83), (25,83), (26,83), (27,83), (28,83), (29,83), (30,83), (31,83), (32,83), (33,83), (34,83), (35,83), (36,83), (37,83), (38,83), (39,83), (40,83), (41,83), (42,83), (43,83), (44,83), (45,83), (46,83), (47,83), (48,83), (49,83), (50,83), (51,83), (52,83), (52,82), (53,82), (54,82), (55,82), (55,81), (55,80), (56,80), (57,80), (58,80), (58,79), (58,78), (58,77), (59,77), (60,77), (61,77), (62,77), (63,77), (63,76), (64,76), (64,75), (65,75), (66,75), (67,75), (67,74), (67,73), (68,73), (69,73), (70,73), (71,73), (72,73), (72,72), (72,71), (73,71), (74,71), (74,70), (74,69), (74,68), (75,68), (75,67), (75,66), (76,66), (77,66), (78,66), (79,66), (80,66), (80,65), (81,65), (82,65), (83,65), (84,65), (85,65), (86,65), (86,64), (87,64), (87,63), (87,62), (88,62), (89,62), (90,62), (91,62), (91,61), (91,60), (92,60), (92,59), (93,59), (93,58), (94,58), (94,57), (95,57), (95,56), (96,56), (96,55), (96,54), (97,54), (97,53), (97,52), (97,51), (97,50), (97,49), (97,48), (96,48), (96,47), (96,46), (96,45), (96,44), (96,43), (96,42), (96,41), (96,40), (96,39), (96,38), (96,37), (96,36), (96,35), (96,34), (96,33), (96,32), (96,31), (96,30), (96,29), (96,28), (96,27), (95,27)",
        "time": 20.862018500141446
    },
    "Uber_Train_Uber": {
        "cost": 38.8615135494252,
        "env_tax": 0.07500000000000001,
        "route": "(8,73), (8,72), (9,72), (10,72), (10,71), (10,70)|(10,70), (11,70), (12,70), (13,70), (14,70), (15,70), (16,70), (17,70), (18,70), (19,70), (20,70), (21,70), (22,70), (23,70), (24,70), (25,70), (26,70), (27,70), (28,70), (29,70), (30,70), (31,70), (32,70), (33,70), (34,70), (35,70), (36,70), (37,70), (38,70), (39,70), (40,70), (41,70), (42,70), (43,70), (44,70), (45,70), (46,70), (47,70), (48,70), (49,70), (50,70), (51,70), (52,70), (53,70), (54,70), (55,70), (56,70), (57,70), (58,70), (59,70), (60,70), (61,70), (62,70), (63,70), (64,70), (65,70), (66,70), (67,70), (68,70), (69,70), (70,70), (71,70), (72,70), (73,70), (74,70), (75,70), (76,70), (77,70), (78,70), (79,70), (80,70), (81,70), (82,70), (83,70), (84,70), (85,70), (86,70), (87,70), (88,70), (89,70), (90,70), (90,70), (90,69), (90,68), (90,67), (90,66), (90,65), (90,64), (90,63), (90,62), (90,61), (90,60), (90,59), (90,58), (90,57), (90,56), (90,55), (90,54), (90,53), (90,52), (90,51), (90,50), (90,49), (90,48), (90,47), (90,46), (90,45), (90,44), (90,43), (90,42), (90,41), (90,40), (90,39), (90,38), (90,37), (90,36), (90,35), (90,34), (90,33), (90,32), (90,31), (90,30)|(90,30), (91,30), (92,30), (93,30), (93,29), (93,28), (93,27), (94,27), (95,27)",
        "time": 22.31560726945702
    },
    "Uber_Train_Walk": {
        "cost": 25.225484288608097,
        "env_tax": 0.030000000000000006,
        "route": "(8,73), (8,72), (9,72), (10,72), (10,71), (10,70)|(10,70), (11,70), (12,70), (13,70), (14,70), (15,70), (16,70), (17,70), (18,70), (19,70), (20,70), (21,70), (22,70), (23,70), (24,70), (25,70), (26,70), (27,70), (28,70), (29,70), (30,70), (31,70), (32,70), (33,70), (34,70), (35,70), (36,70), (37,70), (38,70), (39,70), (40,70), (41,70), (42,70), (43,70), (44,70), (45,70), (46,70), (47,70), (48,70), (49,70), (50,70), (51,70), (52,70), (53,70), (54,70), (55,70), (56,70), (57,70), (58,70), (59,70), (60,70), (61,70), (62,70), (63,70), (64,70), (65,70), (66,70), (67,70), (68,70), (69,70), (70,70), (71,70), (72,70), (73,70), (74,70), (75,70), (76,70), (77,70), (78,70), (79,70), (80,70), (81,70), (82,70), (83,70), (84,70), (85,70), (86,70), (87,70), (88,70), (89,70), (90,70), (90,70), (90,69), (90,68), (90,67), (90,66), (90,65), (90,64), (90,63), (90,62), (90,61), (90,60), (90,59), (90,58), (90,57), (90,56), (90,55), (90,54), (90,53), (90,52), (90,51), (90,50), (90,49), (90,48), (90,47), (90,46), (90,45), (90,44), (90,43), (90,42), (90,41), (90,40), (90,39), (90,38), (90,37), (90,36), (90,35), (90,34), (90,33), (90,32), (90,31), (90,30)|(90,30), (91,30), (92,30), (93,30), (94,30), (95,30), (95,30), (95,29), (95,28), (95,27)",
        "time": 611.6416271873471
    },
    "Walk": {
        "cost": 0,
        "env_tax": 0,
        "route": "(8,73), (9,73), (10,73), (11,73), (12,73), (13,73), (14,73), (15,73), (16,73), (17,73), (18,73), (19,73), (20,73), (21,73), (22,73), (23,73), (24,73), (25,73), (26,73), (27,73), (28,73), (29,73), (30,73), (31,73), (32,73), (33,73), (34,73), (35,73), (36,73), (37,73), (38,73), (39,73), (40,73), (41,73), (42,73), (43,73), (44,73), (45,73), (46,73), (47,73), (48,73), (49,73), (50,73), (51,73), (52,73), (53,73), (54,73), (55,73), (56,73), (57,73), (58,73), (59,73), (60,73), (61,73), (62,73), (63,73), (64,73), (65,73), (66,73), (67,73), (68,73), (69,73), (70,73), (71,73), (72,73), (73,73), (74,73), (75,73), (76,73), (77,73), (78,73), (79,73), (80,73), (81,73), (82,73), (83,73), (84,73), (85,73), (86,73), (87,73), (88,73), (89,73), (90,73), (91,73), (92,73), (93,73), (94,73), (95,73), (95,73), (95,72), (95,71), (95,70), (95,69), (95,68), (95,67), (95,66), (95,65), (95,64), (95,63), (95,62), (95,61), (95,60), (95,59), (95,58), (95,57), (95,56), (95,55), (95,54), (95,53), (95,52), (95,51), (95,50), (95,49), (95,48), (95,47), (95,46), (95,45), (95,44), (95,43), (95,42), (95,41), (95,40), (95,39), (95,38), (95,37), (95,36), (95,35), (95,34), (95,33), (95,32), (95,31), (95,30), (95,29), (95,28), (95,27)",
        "time": 9917.08422810785
    },
    "Walk_Train_Uber": {
        "cost": 25.894161722535607,
        "env_tax": 0.045000000000000005,
        "route": "(8,73), (9,73), (10,73), (10,73), (10,72), (10,71), (10,70)|(10,70), (11,70), (12,70), (13,70), (14,70), (15,70), (16,70), (17,70), (18,70), (19,70), (20,70), (21,70), (22,70), (23,70), (24,70), (25,70), (26,70), (27,70), (28,70), (29,70), (30,70), (31,70), (32,70), (33,70), (34,70), (35,70), (36,70), (37,70), (38,70), (39,70), (40,70), (41,70), (42,70), (43,70), (44,70), (45,70), (46,70), (47,70), (48,70), (49,70), (50,70), (51,70), (52,70), (53,70), (54,70), (55,70), (56,70), (57,70), (58,70), (59,70), (60,70), (61,70), (62,70), (63,70), (64,70), (65,70), (66,70), (67,70), (68,70), (69,70), (70,70), (71,70), (72,70), (73,70), (74,70), (75,70), (76,70), (77,70), (78,70), (79,70), (80,70), (81,70), (82,70), (83,70), (84,70), (85,70), (86,70), (87,70), (88,70), (89,70), (90,70), (90,70), (90,69), (90,68), (90,67), (90,66), (90,65), (90,64), (90,63), (90,62), (90,61), (90,60), (90,59), (90,58), (90,57), (90,56), (90,55), (90,54), (90,53), (90,52), (90,51), (90,50), (90,49), (90,48), (90,47), (90,46), (90,45), (90,44), (90,43), (90,42), (90,41), (90,40), (90,39), (90,38), (90,37), (90,36), (90,35), (90,34), (90,33), (90,32), (90,31), (90,30)|(90,30), (91,30), (92,30), (93,30), (93,29), (93,28), (93,27), (94,27), (95,27)",
        "time": 392.93419772600606
    },
    "Walk_Train_Walk": {
        "cost": 12.200000000000001,
        "env_tax": 0,