{
    "Uber": {
        "cost": 70.58641018280468,
        "env_tax": 0.44500000000000006,
        "route": "(15,66), (15,67), (15,68), (15,69), (15,70), (15,71), (15,72), (16,72), (17,72), (17,73), (18,73), (19,73), (20,73), (21,73), (22,73), (23,73), (23,74), (24,74), (25,74), (25,75), (26,75), (27,75), (28,75), (29,75), (29,76), (30,76), (31,76), (32,76), (33,76), (34,76), (35,76), (36,76), (37,76), (38,76), (39,76), (40,76), (41,76), (42,76), (43,76), (44,76), (45,76), (46,76), (47,76), (48,76), (49,76), (50,76), (51,76), (52,76), (53,76), (54,76), (55,76), (55,75), (56,75), (57,75), (58,75), (59,75), (60,75), (61,75), (61,74), (62,74), (63,74), (64,74), (64,73), (64,72), (65,72), (65,71), (65,70), (65,69), (65,68), (65,67), (66,67), (66,66), (66,65), (67,65), (67,64), (67,63), (67,62), (67,61), (67,60), (67,59), (67,58), (67,57), (68,57), (68,56), (68,55), (68,54), (68,53), (68,52), (68,51)",
        "time": 24.654409295901146
    },
    "Uber_Train_Uber": {
        "cost": 37.14004535310048,
        "env_tax": 0.07,
        "route": "(15,66), (15,67), (15,68), (15,69), (15,70), (14,70), (13,70), (12,70), (11,70), (10,70)|(10,70), (11,70), (12,70), (13,70), (14,70), (15,70), (16,70), (17,70), (18,70), (19,70), (20,70), (21,70), (22,70), (23,70), (24,70), (25,70), (26,70), (27,70), (28,70), (29,70), (30,70), (31,70), (32,70), (33,70), (34,70), (35,70), (36,70), (37,70), (38,70), (39,70), (40,70), (41,70), (42,70), (43,70), (44,70), (45,70), (46,70), (47,70), (48,70), (49,70), (50,70), (51,70), (52,70), (53,70), (54,70), (55,70), (56,70), (57,70), (58,70), (59,70), (60,70), (61,70), (62,70), (63,70), (64,70), (65,70), (66,70), (67,70), (68,70), (69,70), (70,70), (70,70), (70,69), (70,68), (70,67), (70,66), (70,65), (70,64), (70,63), (70,62), (70,61), (70,60), (70,59), (70,58), (70,57), (70,56), (70,55), (70,54), (70,53), (70,52), (70,51), (70,50)|(70,50), (69,50), (68,50), (68,51)",
        "time": 22.55662722651055
    },
    "Uber_Train_Walk": {
        "cost": 22.723534789745546,
        "env_tax": 0.05,
        "route": "(15,66), (15,67), (15,68), (15,69), (15,70), (14,70), (13,70), (12,70), (11,70), (10,70)|(10,70), (11,70), (12,70), (13,70), (14,70), (15,70), (16,70), (17,70), (18,70), (19,70), (20,70), (21,70), (22,70), (23,70), (24,70), (25,70), (26,70), (27,70), (28,70), (29,70), (30,70), (31,70), (32,70), (33,70), (34,70), (35,70), (36,70), (37,70), (38,70), (39,70), (40,70), (41,70), (42,70), (43,70), (44,70), (45,70), (46,70), (47,70), (48,70), (49,70), (50,70), (51,70), (52,70), (53,70), (54,70), (55,70), (56,70), (57,70), (58,70), (59,70), (60,70), (61,70), (62,70), (63,70), (64,70), (65,70), (66,70), (67,70), (68,70), (69,70), (70,70), (70,70), (70,69), (70,68), (70,67), (70,66), (70,65), (70,64), (70,63), (70,62), (70,61), (70,60), (70,59), (70,58), (70,57), (70,56), (70,55), (70,54), (70,53), (70,52), (70,51), (70,50)|(70,50), (69,50), (68,50), (68,50), (68,51)",
        "time": 240.7451020975504
    },
    "Walk": {
        "cost": 0,
        "env_tax": 0,
        "route": "(15,66), (16,66), (17,66), (18,66), (19,66), (20,66), (21,66), (22,66), (23,66), (24,66), (25,66), (26,66), (27,66), (28,66), (29,66), (30,66), (31,66), (32,66), (33,66), (34,66), (35,66), (36,66), (37,66), (38,66), (39,66), (40,66), (41,66), (42,66), (43,66), (44,66), (45,66), (46,66), (47,66), (48,66), (49,66), (50,66), (51,66), (52,66), (53,66), (54,66), (55,66), (56,66), (57,66), (58,66), (59,66), (60,66), (61,66), (62,66), (63,66), (64,66), (65,66), (66,66), (67,66), (68,66), (68,66), (68,65), (68,64), (68,63), (68,62), (68,61), (68,60), (68,59), (68,58), (68,57), (68,56), (68,55), (68,54), (68,53), (68,52), (68,51)",
        "time": 5070.388928656645
    },
    "Walk_Train_Uber": {
        "cost": 23.16764549457751,
        "env_tax": 0.020000000000000004,
        "route": "(15,66), (14,66), (13,66), (12,66), (11,66), (10,66), (10,66), (10,67), (10,68), (10,69), (10,70)|(10,70), (11,70), (12,70), (13,70), (14,70), (15,70), (16,70), (17,70), (18,70), (19,70), (20,70), (21,70), (22,70), (23,70), (24,70), (25,70), (26,70), (27,70), (28,70), (29,70), (30,70), (31,70), (32,70), (33,70), (34,70), (35,70), (36,70), (37,70), (38,70), (39,70), (40,70), (41,70), (42,70), (43,70), (44,70), (45,70), (46,70), (47,70), (48,70), (49,70), (50,70), (51,70), (52,70), (53,70), (54,70), (55,70), (56,70), (57,70), (58,70), (59,70), (60,70), (61,70), (62,70), (63,70), (64,70), (65,70), (66,70), (67,70), (68,70), (69,70), (70,70), (70,70), (70,69), (70,68), (70,67), (70,66), (70,65), (70,64), (70,63), (70,62), (70,61), (70,60), (70,59), (70,58), (70,57), (70,56), (70,55), (70,54), (70,53), (70,52), (70,51), (70,50)|(70,50), (69,50), (68,50), (68,51)",
        "time": 686.9849338801824
    },
    "Walk_Train_Walk": {
        "cost": 8.200000000000001,
        "env_tax": 0,
        "route": "(15,66), (14,66), (13,66), (12,66), (11,66), (10,66), (10,66), (10,67), (10,68), (10,69), (10,70)|(10,70), (11,70), (12,70), (13,70), (14,70), (15,70), (16,70), (17,70), (18,70), (19,70), (20,70), (21,70), (22,70), (23,70), (24,70), (25,70), (26,70), (27,70), (28,70), (29,70), (30,70), (31,70), (32,70), (33,70), (34,70), (35,70), (36,70), (37,70), (38,70), (39,70), (40,70), (41,70), (42,70), (43,70), (44,70), (45,70), (46,70), (47,70), (48,70), (49,70), (50,70), (51,70), (52,70), (53,70), (54,70), (55,70), (56,70), (57,70), (58,70), (59,70), (60,70), (61,70), (62,70), (63,70), (64,70), (65,70), (66,70), (67,70), (68,70), (69,70), (70,70), (70,70), (70,69), (70,68), (70,67), (70,66), (70,65), (70,64), (70,63), (70,62), (70,61), (70,60), (70,59), (70,58), (70,57), (70,56), (70,55), (70,54), (70,53), (70,52), (70,51), (70,50)|(70,50), (69,50), (68,50), (68,50), (68,51)",
        "time": 903.1454427683391
    }
}