{
    "Uber": {
        "cost": 74.31680327405839,
        "env_tax": 0.9600000000000002,
        "route": "(89,8), (90,8), (91,8), (92,8), (92,9), (92,10), (92,11), (92,12), (93,12), (94,12), (94,13), (95,13), (96,13), (97,13), (97,14), (97,15), (97,16), (98,16), (98,17), (98,18), (98,19), (98,20), (98,21), (98,22), (98,23), (98,24), (98,25), (98,26), (98,27), (98,28), (98,29), (98,30), (97,30), (97,31), (97,32), (97,33), (97,34), (97,35), (97,36), (97,37), (97,38), (97,39), (96,39), (96,40), (96,41), (96,42), (96,43), (96,44), (95,44), (95,45), (94,45), (94,46), (93,46), (93,47), (92,47), (92,48), (92,49), (91,49), (91,50), (90,50), (89,50), (89,51), (88,51), (87,51), (87,52), (87,53), (87,54), (86,54), (85,54), (84,54), (83,54), (83,55), (83,56), (83,57), (83,58), (82,58), (82,59), (81,59), (81,60), (80,60), (79,60), (79,61), (79,62), (78,62), (78,63), (77,63), (77,64), (76,64), (76,65), (76,66), (75,66), (75,67), (74,67), (73,67), (72,67), (71,67), (71,68), (70,68), (70,69), (69,69), (69,70), (68,70), (68,71), (68,72), (68,73), (67,73), (67,74), (67,75), (66,75), (65,75), (64,75), (64,76), (63,76), (63,77), (62,77), (61,77), (60,77), (60,78), (60,79), (60,80), (59,80), (58,80), (57,80), (56,80), (56,81), (56,82), (56,83), (56,84), (56,85), (56,86), (56,87), (55,87), (54,87), (53,87), (53,88), (53,89), (52,89), (52,90), (52,91), (52,92), (51,92), (51,93), (50,93), (49,93), (49,94), (49,95), (48,95), (47,95), (46,95), (45,95), (44,95), (43,95), (43,96), (42,96), (41,96), (40,96), (40,97), (39,97), (38,97), (37,97), (36,97), (35,97), (34,97), (34,98), (33,98), (32,98), (31,98), (30,98), (29,98), (28,98), (27,98), (26,98), (25,98), (24,98), (23,98), (22,98), (21,98), (20,98), (20,97), (19,97), (18,97), (17,97), (16,97), (16,96), (15,96), (15,95), (15,94), (15,93), (14,93), (14,92), (14,91), (14,90)",
        "time": 26.170528178220152
    },
    "Uber_Train_Uber": {
        "cost": 40.87199616917205,
        "env_tax": 0.045000000000000005,
        "route": "(89,8), (89,9), (90,9), (90,10)|(90,10), (89,10), (88,10), (87,10), (86,10), (85,10), (84,10), (83,10), (82,10), (81,10), (80,10), (79,10), (78,10), (77,10), (76,10), (75,10), (74,10), (73,10), (72,10), (71,10), (70,10), (69,10), (68,10), (67,10), (66,10), (65,10), (64,10), (63,10), (62,10), (61,10), (60,10), (59,10), (58,10), (57,10), (56,10), (55,10), (54,10), (53,10), (52,10), (51,10), (50,10), (49,10), (48,10), (47,10), (46,10), (45,10), (44,10), (43,10), (42,10), (41,10), (40,10), (39,10), (38,10), (37,10), (36,10), (35,10), (34,10), (33,10), (32,10), (31,10), (30,10), (29,10), (28,10), (27,10), (26,10), (25,10), (24,10), (23,10), (22,10), (21,10), (20,10), (19,10), (18,10), (17,10), (16,10), (15,10), (14,10), (13,10), (12,10), (11,10), (10,10), (10,10), (10,11), (10,12), (10,13), (10,14), (10,15), (10,16), (10,17), (10,18), (10,19), (10,20), (10,21), (10,22), (10,23), (10,24), (10,25), (10,26), (10,27), (10,28), (10,29), (10,30), (10,31), (10,32), (10,33), (10,34), (10,35), (10,36), (10,37), (10,38), (10,39), (10,40), (10,41), (10,42), (10,43), (10,44), (10,45), (10,46), (10,47), (10,48), (10,49), (10,50), (10,51), (10,52), (10,53), (10,54), (10,55), (10,56), (10,57), (10,58), (10,59), (10,60), (10,61), (10,62), (10,63), (10,64), (10,65), (10,66), (10,67), (10,68), (10,69), (10,70), (10,71), (10,72), (10,73), (10,74), (10,75), (10,76), (10,77), (10,78), (10,79), (10,80), (10,81), (10,82), (10,83), (10,84), (10,85), (10,86), (10,87), (10,88), (10,89), (10,90)|(10,90), (11,90), (12,90), (13,90), (14,90)",
        "time": 24.9631582266854
    },
    "Uber_Train_Walk": {
        "cost": 28.507516954445727,
        "env_tax": 0.020000000000000004,
        "route": "(89,8), (89,9), (90,9), (90,10)|(90,10), (89,10), (88,10), (87,10), (86,10), (85,10), (84,10), (83,10), (82,10), (81,10), (80,10), (79,10), (78,10), (77,10), (76,10), (75,10), (74,10), (73,10), (72,10), (71,10), (70,10), (69,10), (68,10), (67,10), (66,10), (65,10), (64,10), (63,10), (62,10), (61,10), (60,10), (59,10), (58,10), (57,10), (56,10), (55,10), (54,10), (53,10), (52,10), (51,10), (50,10), (49,10), (48,10), (47,10), (46,10), (45,10), (44,10), (43,10), (42,10), (41,10), (40,10), (39,10), (38,10), (37,10), (36,10), (35,10), (34,10), (33,10), (32,10), (31,10), (30,10), (29,10), (28,10), (27,10), (26,10), (25,10), (24,10), (23,10), (22,10), (21,10), (20,10), (19,10), (18,10), (17,10), (16,10), (15,10), (14,10), (13,10), (12,10), (11,10), (10,10), (10,10), (10,11), (10,12), (10,13), (10,14), (10,15), (10,16), (10,17), (10,18), (10,19), (10,20), (10,21), (10,22), (10,23), (10,24), (10,25), (10,26), (10,27), (10,28), (10,29), (10,30), (10,31), (10,32), (10,33), (10,34), (10,35), (10,36), (10,37), (10,38), (10,39), (10,40), (10,41), (10,42), (10,43), (10,44), (10,45), (10,46), (10,47), (10,48), (10,49), (10,50), (10,51), (10,52), (10,53), (10,54), (10,55), (10,56), (10,57), (10,58), (10,59), (10,60), (10,61), (10,62), (10,63), (10,64), (10,65), (10,66), (10,67), (10,68), (10,69), (10,70), (10,71), (10,72), (10,73), (10,74), (10,75), (10,76), (10,77), (10,78), (10,79), (10,80), (10,81), (10,82), (10,83), (10,84), (10,85), (10,86), (10,87), (10,88), (10,89), (10,90)|(10,90), (11,90), (12,90), (13,90), (14,90), (14,90)",
        "time": 316.85412054261155
    },
    "Walk": {
        "cost": 0,
        "env_tax": 0,
        "route": "(89,8), (88,8), (87,8), (86,8), (85,8), (84,8), (83,8), (82,8), (81,8), (80,8), (79,8), (78,8), (77,8), (76,8), (75,8), (74,8), (73,8), (72,8), (71,8), (70,8), (69,8), (68,8), (67,8), (66,8), (65,8), (64,8), (63,8), (62,8), (61,8), (60,8), (59,8), (58,8), (57,8), (56,8), (55,8), (54,8), (53,8), (52,8), (51,8), (50,8), (49,8), (48,8), (47,8), (46,8), (45,8), (44,8), (43,8), (42,8), (41,8), (40,8), (39,8), (38,8), (37,8), (36,8), (35,8), (34,8), (33,8), (32,8), (31,8), (30,8), (29,8), (28,8), (27,8), (26,8), (25,8), (24,8), (23,8), (22,8), (21,8), (20,8), (19,8), (18,8), (17,8), (16,8), (15,8), (14,8), (14,8), (14,9), (14,10), (14,11), (14,12), (14,13), (14,14), (14,15), (14,16), (14,17), (14,18), (14,19), (14,20), (14,21), (14,22), (14,23), (14,24), (14,25), (14,26), (14,27), (14,28), (14,29), (14,30), (14,31), (14,32), (14,33), (14,34), (14,35), (14,36), (14,37), (14,38), (14,39), (14,40), (14,41), (14,42), (14,43), (14,44), (14,45), (14,46), (14,47), (14,48), (14,49), (14,50), (14,51), (14,52), (14,53), (14,54), (14,55), (14,56), (14,57), (14,58), (14,59), (14,60), (14,61), (14,62), (14,63), (14,64), (14,65), (14,66), (14,67), (14,68), (14,69), (14,70), (14,71), (14,72), (14,73), (14,74), (14,75), (14,76), (14,77), (14,78), (14,79), (14,80), (14,81), (14,82), (14,83), (14,84), (14,85), (14,86), (14,87), (14,88), (14,89), (14,90)",
        "time": 11706.63326175137
    },
    "Walk_Train_Uber": {
        "cost": 28.590297757930212,
        "env_tax": 0.025,