{
    "Uber": {
        "cost": 41.951146417999595,
        "env_tax": 0.7250000000000001,
        "route": "(95,59), (95,58), (95,57), (95,56), (96,56), (96,55), (96,54), (97,54), (97,53), (97,52), (97,51), (97,50), (97,49), (97,48), (96,48), (96,47), (96,46), (96,45), (96,44), (96,43), (96,42), (96,41), (96,40), (96,39), (96,38), (96,37), (96,36), (96,35), (96,34), (96,33), (96,32), (96,31), (96,30), (96,29), (96,28), (96,27), (96,26), (96,25), (96,24), (95,24), (94,24), (93,24), (92,24), (91,24), (91,23), (90,23), (89,23), (88,23), (88,22), (88,21), (87,21), (87,20), (87,19), (87,18), (86,18), (86,17), (85,17), (85,16), (84,16), (83,16), (83,15), (82,15), (81,15), (81,14), (80,14), (80,13), (79,13), (78,13), (77,13), (76,13), (76,12), (76,11), (75,11), (75,10), (74,10), (74,9), (74,8), (73,8), (72,8), (71,8), (71,7), (70,7), (69,7), (68,7), (67,7), (67,6), (67,5), (66,5), (66,4), (66,3), (65,3), (64,3), (64,2), (63,2), (62,2), (62,1), (61,1), (61,0), (60,0), (59,0), (58,0), (57,0), (56,0), (55,0), (54,0), (53,0), (52,0), (51,0), (50,0), (49,0), (48,0), (47,0), (46,0), (45,0), (44,0), (43,0), (42,0), (41,0), (40,0), (39,0), (38,0), (37,0), (36,0), (35,0), (34,0), (33,0), (32,0), (31,0), (30,0), (29,0), (29,1), (28,1), (27,1), (27,2), (26,2), (26,3), (25,3), (25,4), (24,4), (24,5), (23,5), (23,6), (23,7), (23,8), (23,9)",
        "time": 12.791170296066717
    },
    "Uber_Train_Uber": {
        "cost": 38.57054555348205,
        "env_tax": 0.060000000000000005,
        "route": "(95,59), (94,59), (93,59), (92,59), (92,60), (91,60), (90,60)|(90,60), (89,60), (88,60), (87,60), (86,60), (85,60), (84,60), (83,60), (82,60), (81,60), (80,60), (79,60), (78,60), (77,60), (76,60), (75,60), (74,60), (73,60), (72,60), (71,60), (70,60), (69,60), (68,60), (67,60), (66,60), (65,60), (64,60), (63,60), (62,60), (61,60), (60,60), (59,60), (58,60), (57,60), (56,60), (55,60), (54,60), (53,60), (52,60), (51,60), (50,60), (49,60), (48,60), (47,60), (46,60), (45,60), (44,60), (43,60), (42,60), (41,60), (40,60), (39,60), (38,60), (37,60), (36,60), (35,60), (34,60), (33,60), (32,60), (31,60), (30,60), (29,60), (28,60), (27,60), (26,60), (25,60), (24,60), (23,60), (22,60), (21,60), (20,60), (20,60), (20,59), (20,58), (20,57), (20,56), (20,55), (20,54), (20,53), (20,52), (20,51), (20,50), (20,49), (20,48), (20,47), (20,46), (20,45), (20,44), (20,43), (20,42), (20,41), (20,40), (20,39), (20,38), (20,37), (20,36), (20,35), (20,34), (20,33), (20,32), (20,31), (20,30), (20,29), (20,28), (20,27), (20,26), (20,25), (20,24), (20,23), (20,22), (20,21), (20,20), (20,19), (20,18), (20,17), (20,16), (20,15), (20,14), (20,13), (20,12), (20,11), (20,10)|(20,10), (20,9), (21,9), (22,9), (23,9)",
        "time": 26.980077950790946
    },
    "Uber_Train_Walk": {
        "cost": 25.67751160147119,
        "env_tax": 0.035,
        "route": "(95,59), (94,59), (93,59), (92,59), (92,60), (91,60), (90,60)|(90,60), (89,60), (88,60), (87,60), (86,60), (85,60), (84,60), (83,60), (82,60), (81,60), (80,60), (79,60), (78,60), (77,60), (76,60), (75,60), (74,60), (73,60), (72,60), (71,60), (70,60), (69,60), (68,60), (67,60), (66,60), (65,60), (64,60), (63,60), (62,60), (61,60), (60,60), (59,60), (58,60), (57,60), (56,60), (55,60), (54,60), (53,60), (52,60), (51,60), (50,60), (49,60), (48,60), (47,60), (46,60), (45,60), (44,60), (43,60), (42,60), (41,60), (40,60), (39,60), (38,60), (37,60), (36,60), (35,60), (34,60), (33,60), (32,60), (31,60), (30,60), (29,60), (28,60), (27,60), (26,60), (25,60), (24,60), (23,60), (22,60), (21,60), (20,60), (20,60), (20,59), (20,58), (20,57), (20,56), (20,55), (20,54), (20,53), (20,52), (20,51), (20,50), (20,49), (20,48), (20,47), (20,46), (20,45), (20,44), (20,43), (20,42), (20,41), (20,40), (20,39), (20,38), (20,37), (20,36), (20,35), (20,34), (20,33), (20,32), (20,31), (20,30), (20,29), (20,28), (20,27), (20,26), (20,25), (20,24), (20,23), (20,22), (20,21), (20,20), (20,19), (20,18), (20,17), (20,16), (20,15), (20,14), (20,13), (20,12), (20,11), (20,10)|(20,10), (21,10), (22,10), (23,10), (23,10), (23,9)",
        "time": 314.67948191541285
    },
    "Walk": {
        "cost": 0,
        "env_tax": 0,
        "route": "(95,59), (94,59), (93,59), (92,59), (91,59), (90,59), (89,59), (88,59), (87,59), (86,59), (85,59), (84,59), (83,59), (82,59), (81,59), (80,59), (79,59), (78,59), (77,59), (76,59), (75,59), (74,59), (73,59), (72,59), (71,59), (70,59), (69,59), (68,59), (67,59), (66,59), (65,59), (64,59), (63,59), (62,59), (61,59), (60,59), (59,59), (58,59), (57,59), (56,59), (55,59), (54,59), (53,59), (52,59), (51,59), (50,59), (49,59), (48,59), (47,59), (46,59), (45,59), (44,59), (43,59), (42,59), (41,59), (40,59), (39,59), (38,59), (37,59), (36,59), (35,59), (34,59), (33,59), (32,59), (31,59), (30,59), (29,59), (28,59), (27,59), (26,59), (25,59), (24,59), (23,59), (23,59), (23,58), (23,57), (23,56), (23,55), (23,54), (23,53), (23,52), (23,51), (23,50), (23,49), (23,48), (23,47), (23,46), (23,45), (23,44), (23,43), (23,42), (23,41), (23,40), (23,39), (23,38), (23,37), (23,36), (23,35), (23,34), (23,33), (23,32), (23,31), (23,30), (23,29), (23,28), (23,27), (23,26), (23,25), (23,24), (23,23), (23,22), (23,21), (23,20), (23,19), (23,18), (23,17), (23,16), (23,15), (23,14), (23,13), (23,12), (23,11), (23,10), (23,9)",
        "time": 9096.874254354569
    },
    "Walk_Train_Uber": {
        "cost": 24.84496272743366,
        "env_tax": 0.025,
        "route": "(95,59), (94,59), (93,59), (92,59), (91,59), (90,59), (90,59), (90,60)|(90,60), (89,60), (88,60), (87,60), (86,60), (85,60), (84,60), (83,60), (82,60), (81,60), (80,60), (79,60), (78,60), (77,60), (76,60), (75,60), (74,60), (73,60), (72,60), (71,60), (70,60), (69,60), (68,60), (67,60), (66,60), (65,60), (64,60), (63,60), (62,60), (61,60), (60,60), (59,60), (58,60), (57,60), (56,60), (55,60), (54,60), (53,60), (52,60), (51,60), (50,60), (49,60), (48,60), (47,60), (46,60), (45,60), (44,60), (43,60), (42,60), (41,60), (40,60), (39,60), (38,60), (37,60), (36,60), (35,60), (34,60), (33,60), (32,60), (31,60), (30,60), (29,60), (28,60), (27,60), (26,60), (25,60), (24,60), (23,60), (22,60), (21,60), (20,60), (20,60), (20,59), (20,58), (20,57), (20,56), (20,55), (20,54), (20,53), (20,52), (20,51), (20,50), (20,49), (20,48), (20,47), (20,46), (20,45), (20,44), (20,43), (20,42), (20,41), (20,40), (20,39), (20,38), (20,37), (20,36), (20,35), (20,34), (20,33), (20,32), (20,31), (20,30), (20,29), (20,28), (20,27), (20,26), (20,25), (20,24), (20,23), (20,22), (20,21), (20,20), (20,19), (20,18), (20,17), (20,16), (20,15), (20,14), (20,13), (20,12), (20,11), (20,10)|(20,10), (20,9), (21,9), (22,9), (23,9)",
        "time": 460.9132802086794
    },
    "Walk_Train_Walk": {
        "cost": 12.200000000000001,
        "env_tax": 0,