{
    "Uber": {
        "cost": 37.152361675070956,
        "env_tax": 0.44500000000000006,
        "route": "(5,5), (4,5), (3,5), (2,5), (1,5), (0,5), (0,6), (0,7), (0,8), (0,9), (0,10), (0,11), (0,12), (0,13), (0,14), (0,15), (0,16), (0,17), (0,18), (0,19), (0,20), (0,21), (0,22), (0,23), (0,24), (0,25), (0,26), (0,27), (0,28), (0,29), (0,30), (0,31), (0,32), (0,33), (0,34), (0,35), (0,36), (0,37), (0,38), (0,39), (0,40), (0,41), (1,41), (1,42), (1,43), (1,44), (1,45), (1,46), (1,47), (1,48), (1,49), (1,50), (1,51), (1,52), (1,53), (2,53), (2,54), (2,55), (2,56), (3,56), (4,56), (5,56), (6,56), (7,56), (8,56), (9,56), (10,56), (11,56), (12,56), (13,56), (14,56), (15,56), (16,56), (17,56), (18,56), (19,56), (20,56), (21,56), (22,56), (23,56), (24,56), (25,56), (26,56), (27,56), (28,56), (29,56), (30,56), (31,56), (32,56)",
        "time": 12.044300153777815
    },
    "Uber_Train_Uber": {
        "cost": 37.506873955113875,
        "env_tax": 0.09000000000000001,
        "route": "(5,5), (6,5), (7,5), (7,6), (8,6), (8,7), (8,8), (8,9), (8,10), (9,10), (10,10)|(10,10), (11,10), (12,10), (13,10), (14,10), (15,10), (16,10), (17,10), (18,10), (19,10), (20,10), (21,10), (22,10), (23,10), (24,10), (25,10), (26,10), (27,10), (28,10), (29,10), (30,10), (30,10), (30,11), (30,12), (30,13), (30,14), (30,15), (30,16), (30,17), (30,18), (30,19), (30,20), (30,21), (30,22), (30,23), (30,24), (30,25), (30,26), (30,27), (30,28), (30,29), (30,30), (30,31), (30,32), (30,33), (30,34), (30,35), (30,36), (30,37), (30,38), (30,39), (30,40), (30,41), (30,42), (30,43), (30,44), (30,45), (30,46), (30,47), (30,48), (30,49), (30,50), (30,51), (30,52), (30,53), (30,54), (30,55), (30,56), (30,57), (30,58), (30,59), (30,60)|(30,60), (30,59), (30,58), (30,57), (31,57), (32,57), (32,56)",
        "time": 23.80112203812234
    },
    "Uber_Train_Walk": {
        "cost": 20.052346301964693,
        "env_tax": 0.05500000000000001,
        "route": "(5,5), (6,5), (7,5), (7,6), (8,6), (8,7), (8,8), (8,9), (8,10), (9,10), (10,10)|(10,10), (11,10), (12,10), (13,10), (14,10), (15,10), (16,10), (17,10), (18,10), (19,10), (20,10), (21,10), (22,10), (23,10), (24,10), (25,10), (26,10), (27,10), (28,10), (29,10), (30,10), (30,10), (30,11), (30,12), (30,13), (30,14), (30,15), (30,16), (30,17), (30,18), (30,19), (30,20), (30,21), (30,22), (30,23), (30,24), (30,25), (30,26), (30,27), (30,28), (30,29), (30,30), (30,31), (30,32), (30,33), (30,34), (30,35), (30,36), (30,37), (30,38), (30,39), (30,40), (30,41), (30,42), (30,43), (30,44), (30,45), (30,46), (30,47), (30,48), (30,49), (30,50), (30,51), (30,52), (30,53), (30,54), (30,55), (30,56), (30,57), (30,58), (30,59), (30,60)|(30,60), (31,60), (32,60), (32,60), (32,59), (32,58), (32,57), (32,56)",
        "time": 461.119615973587
    },
    "Walk": {
        "cost": 0,
        "env_tax": 0,
        "route": "(5,5), (6,5), (7,5), (8,5), (9,5), (10,5), (11,5), (12,5), (13,5), (14,5), (15,5), (16,5), (17,5), (18,5), (19,5), (20,5), (21,5), (22,5), (23,5), (24,5), (25,5), (26,5), (27,5), (28,5), (29,5), (30,5), (31,5), (32,5), (32,5), (32,6), (32,7), (32,8), (32,9), (32,10), (32,11), (32,12), (32,13), (32,14), (32,15), (32,16), (32,17), (32,18), (32,19), (32,20), (32,21), (32,22), (32,23), (32,24), (32,25), (32,26), (32,27), (32,28), (32,29), (32,30), (32,31), (32,32), (32,33), (32,34), (32,35), (32,36), (32,37), (32,38), (32,39), (32,40), (32,41), (32,42), (32,43), (32,44), (32,45), (32,46), (32,47), (32,48), (32,49), (32,50), (32,51), (32,52), (32,53), (32,54), (32,55), (32,56)",
        "time": 5816.034359341445
    },
    "Walk_Train_Uber": {
        "cost": 24.823534411302518,
        "env_tax": 0.035,
        "route": "(5,5), (6,5), (7,5), (8,5), (9,5), (10,5), (10,5), (10,6), (10,7), (10,8), (10,9), (10,10)|(10,10), (11,10), (12,10), (13,10), (14,10), (15,10), (16,10), (17,10), (18,10), (19,10), (20,10), (21,10), (22,10), (23,10), (24,10), (25,10), (26,10), (27,10), (28,10), (29,10), (30,10), (30,10), (30,11), (30,12), (30,13), (30,14), (30,15), (30,16), (30,17), (30,18), (30,19), (30,20), (30,21), (30,22), (30,23), (30,24), (30,25), (30,26), (30,27), (30,28), (30,29), (30,30), (30,31), (30,32), (30,33), (30,34), (30,35), (30,36), (30,37), (30,38), (30,39), (30,40), (30,41), (30,42), (30,43), (30,44), (30,45), (30,46), (30,47), (30,48), (30,49), (30,50), (30,51), (30,52), (30,53), (30,54), (30,55), (30,56), (30,57), (30,58), (30,59), (30,60)|(30,60), (30,59), (30,58), (30,57), (31,57), (32,57), (32,56)",
        "time": 757.941906932777
    },
    "Walk_Train_Walk": {
        "cost": 7.2,
        "env_tax": 0,
        "route": "(5,5), (6,5), (7,5), (8,5), (9,5), (10,5), (10,5), (10,6), (10,7), (10,8), (10,9), (10,10)|(10,10), (11,10), (12,10), (13,10), (14,10), (15,10), (16,10), (17,10), (18,10), (19,10), (20,10), (21,10), (22,10), (23,10), (24,10), (25,10), (26,10), (27,10), (28,10), (29,10), (30,10), (30,10), (30,11), (30,12), (30,13), (30,14), (30,15), (30,16), (30,17), (30,18), (30,19), (30,20), (30,21), (30,22), (30,23), (30,24), (30,25), (30,26), (30,27), (30,28), (30,29), (30,30), (30,31), (30,32), (30,33), (30,34), (30,35), (30,36), (30,37), (30,38), (30,39), (30,40), (30,41), (30,42), (30,43), (30,44), (30,45), (30,46), (30,47), (30,48), (30,49), (30,50), (30,51), (30,52), (30,53), (30,54), (30,55), (30,56), (30,57), (30,58), (30,59), (30,60)|(30,60), (31,60), (32,60), (32,60), (32,59), (32,58), (32,57), (32,56)",
        "time": 1196.8167867314032
    }
}