{
    "Uber": {
        "cost": 39.16157011286932,
        "env_tax": 0.38000000000000006,
        "route": "(18,77), (18,78), (19,78), (20,78), (20,79), (20,80), (20,81), (20,82), (20,83), (20,84), (20,85), (20,86), (20,87), (21,87), (22,87), (23,87), (24,87), (25,87), (26,87), (27,87), (28,87), (29,87), (30,87), (31,87), (32,87), (33,87), (34,87), (35,87), (36,87), (37,87), (38,87), (39,87), (40,87), (41,87), (42,87), (43,87), (44,87), (45,87), (46,87), (47,87), (48,87), (49,87), (50,87), (51,87), (52,87), (53,87), (54,87), (55,87), (56,87), (57,87), (58,87), (59,87), (60,87), (61,87), (61,86), (62,86), (63,86), (64,86), (65,86), (66,86), (67,86), (68,86), (69,86), (70,86), (71,86), (71,85), (71,84), (71,83), (71,82), (71,81), (71,80), (72,80), (73,80), (73,79), (73,78), (73,77)",
        "time": 17.02422367147673
    },
    "Uber_Train_Uber": {
        "cost": 33.25867380208096,
        "env_tax": 0.065,
        "route": "(18,77), (18,78), (19,78), (20,78), (20,79), (20,80)|(20,80), (21,80), (22,80), (23,80), (24,80), (25,80), (26,80), (27,80), (28,80), (29,80), (30,80), (31,80), (32,80), (33,80), (34,80), (35,80), (36,80), (37,80), (38,80), (39,80), (40,80), (41,80), (42,80), (43,80), (44,80), (45,80), (46,80), (47,80), (48,80), (49,80), (50,80), (51,80), (52,80), (53,80), (54,80), (55,80), (56,80), (57,80), (58,80), (59,80), (60,80), (61,80), (62,80), (63,80), (64,80), (65,80), (66,80), (67,80), (68,80), (69,80), (70,80), (70,80)|(70,80), (71,80), (72,80), (73,80), (73,79), (73,78), (73,77)",
        "time": 18.5537390059888
    },
    "Uber_Train_Walk": {
        "cost": 18.56575438709366,
        "env_tax": 0.030000000000000006,
        "route": "(18,77), (18,78), (19,78), (20,78), (20,79), (20,80)|(20,80), (21,80), (22,80), (23,80), (24,80), (25,80), (26,80), (27,80), (28,80), (29,80), (30,80), (31,80), (32,80), (33,80), (34,80), (35,80), (36,80), (37,80), (38,80), (39,80), (40,80), (41,80), (42,80), (43,80), (44,80), (45,80), (46,80), (47,80), (48,80), (49,80), (50,80), (51,80), (52,80), (53,80), (54,80), (55,80), (56,80), (57,80), (58,80), (59,80), (60,80), (61,80), (62,80), (63,80), (64,80), (65,80), (66,80), (67,80), (68,80), (69,80), (70,80), (70,80)|(70,80), (71,80), (72,80), (73,80), (73,80), (73,79), (73,78), (73,77)",
        "time": 462.25519804768027
    },
    "Walk": {
        "cost": 0,
        "env_tax": 0,
        "route": "(18,77), (19,77), (20,77), (21,77), (22,77), (23,77), (24,77), (25,77), (26,77), (27,77), (28,77), (29,77), (30,77), (31,77), (32,77), (33,77), (34,77), (35,77), (36,77), (37,77), (38,77), (39,77), (40,77), (41,77), (42,77), (43,77), (44,77), (45,77), (46,77), (47,77), (48,77), (49,77), (50,77), (51,77), (52,77), (53,77), (54,77), (55,77), (56,77), (57,77), (58,77), (59,77), (60,77), (61,77), (62,77), (63,77), (64,77), (65,77), (66,77), (67,77), (68,77), (69,77), (70,77), (71,77), (72,77), (73,77), (73,77)",
        "time": 4101.049868766404
    },
    "Walk_Train_Uber": {
        "cost": 19.65835234350919,
        "env_tax": 0.035,
        "route": "(18,77), (19,77), (20,77), (20,77), (20,78), (20,79), (20,80)|(20,80), (21,80), (22,80), (23,80), (24,80), (25,80), (26,80), (27,80), (28,80), (29,80), (30,80), (31,80), (32,80), (33,80), (34,80), (35,80), (36,80), (37,80), (38,80), (39,80), (40,80), (41,80), (42,80), (43,80), (44,80), (45,80), (46,80), (47,80), (48,80), (49,80), (50,80), (51,80), (52,80), (53,80), (54,80), (55,80), (56,80), (57,80), (58,80), (59,80), (60,80), (61,80), (62,80), (63,80), (64,80), (65,80), (66,80), (67,80), (68,80), (69,80), (70,80), (70,80)|(70,80), (71,80), (72,80), (73,80), (73,79), (73,78), (73,77)",
        "time": 387.23718475022304
    },
    "Walk_Train_Walk": {
        "cost": 5.2,
        "env_tax": 0,
        "route": "(18,77), (19,77), (20,77), (20,77), (20,78), (20,79), (20,80)|(20,80), (21,80), (22,80), (23,80), (24,80), (25,80), (26,80), (27,80), (28,80), (29,80), (30,80), (31,80), (32,80), (33,80), (34,80), (35,80), (36,80), (37,80), (38,80), (39,80), (40,80), (41,80), (42,80), (43,80), (44,80), (45,80), (46,80), (47,80), (48,80), (49,80), (50,80), (51,80), (52,80), (53,80), (54,80), (55,80), (56,80), (57,80), (58,80), (59,80), (60,80), (61,80), (62,80), (63,80), (64,80), (65,80), (66,80), (67,80), (68,80), (69,80), (70,80), (70,80)|(70,80), (71,80), (72,80), (73,80), (73,80), (73,79), (73,78), (73,77)",
        "time": 827.9847764423657
    }
}