{
    "Uber": {
        "cost": 42.50241061675658,
        "env_tax": 0.455,
        "route": "(29,59), (28,59), (28,60), (28,61), (28,62), (28,63), (28,64), (28,65), (28,66), (28,67), (29,67), (29,68), (29,69), (29,70), (29,71), (29,72), (29,73), (29,74), (29,75), (29,76), (29,77), (29,78), (29,79), (29,80), (28,80), (28,81), (28,82), (28,83), (28,84), (28,85), (28,86), (28,87), (28,88), (28,89), (28,90), (29,90), (29,91), (30,91), (31,91), (32,91), (33,91), (33,92), (33,93), (34,93), (34,94), (34,95), (35,95), (35,96), (35,97), (36,97), (37,97), (38,97), (39,97), (40,97), (41,97), (41,98), (42,98), (43,98), (44,98), (45,98), (46,98), (47,98), (48,98), (49,98), (50,98), (51,98), (52,98), (53,98), (54,98), (55,98), (56,98), (57,98), (58,98), (59,98), (60,98), (61,98), (62,98), (63,98), (64,98), (65,98), (66,98), (67,98), (68,98), (68,97), (68,96), (68,95), (68,94), (68,93), (68,92), (68,91), (68,90)",
        "time": 16.68772973503203
    },
    "Uber_Train_Uber": {
        "cost": 32.667680119047915,
        "env_tax": 0.030000000000000006,
        "route": "(29,59), (30,59), (30,60)|(30,60), (31,60), (32,60), (33,60), (34,60), (35,60), (36,60), (37,60), (38,60), (39,60), (40,60), (41,60), (42,60), (43,60), (44,60), (45,60), (46,60), (47,60), (48,60), (49,60), (50,60), (51,60), (52,60), (53,60), (54,60), (55,60), (56,60), (57,60), (58,60), (59,60), (60,60), (61,60), (62,60), (63,60), (64,60), (65,60), (66,60), (67,60), (68,60), (69,60), (70,60), (70,60), (70,61), (70,62), (70,63), (70,64), (70,65), (70,66), (70,67), (70,68), (70,69), (70,70), (70,71), (70,72), (70,73), (70,74), (70,75), (70,76), (70,77), (70,78), (70,79), (70,80), (70,81), (70,82), (70,83), (70,84), (70,85), (70,86), (70,87), (70,88), (70,89), (70,90)|(70,90), (69,90), (68,90)",
        "time": 23.731487108023074
    },
    "Uber_Train_Walk": {
        "cost": 21.033483974411983,
        "env_tax": 0.015000000000000003,
        "route": "(29,59), (30,59), (30,60)|(30,60), (31,60), (32,60), (33,60), (34,60), (35,60), (36,60), (37,60), (38,60), (39,60), (40,60), (41,60), (42,60), (43,60), (44,60), (45,60), (46,60), (47,60), (48,60), (49,60), (50,60), (51,60), (52,60), (53,60), (54,60), (55,60), (56,60), (57,60), (58,60), (59,60), (60,60), (61,60), (62,60), (63,60), (64,60), (65,60), (66,60), (67,60), (68,60), (69,60), (70,60), (70,60), (70,61), (70,62), (70,63), (70,64), (70,65), (70,66), (70,67), (70,68), (70,69), (70,70), (70,71), (70,72), (70,73), (70,74), (70,75), (70,76), (70,77), (70,78), (70,79), (70,80), (70,81), (70,82), (70,83), (70,84), (70,85), (70,86), (70,87), (70,88), (70,89), (70,90)|(70,90), (69,90), (68,90), (68,90)",
        "time": 164.2916551486651
    },
    "Walk": {
        "cost": 0,
        "env_tax": 0,
        "route": "(29,59), (30,59), (31,59), (32,59), (33,59), (34,59), (35,59), (36,59), (37,59), (38,59), (39,59), (40,59), (41,59), (42,59), (43,59), (44,59), (45,59), (46,59), (47,59), (48,59), (49,59), (50,59), (51,59), (52,59), (53,59), (54,59), (55,59), (56,59), (57,59), (58,59), (59,59), (60,59), (61,59), (62,59), (63,59), (64,59), (65,59), (66,59), (67,59), (68,59), (68,59), (68,60), (68,61), (68,62), (68,63), (68,64), (68,65), (68,66), (68,67), (68,68), (68,69), (68,70), (68,71), (68,72), (68,73), (68,74), (68,75), (68,76), (68,77), (68,78), (68,79), (68,80), (68,81), (68,82), (68,83), (68,84), (68,85), (68,86), (68,87), (68,88), (68,89), (68,90)",
        "time": 5219.518014793605
    },
    "Walk_Train_Uber": {
        "cost": 19.57117557386384,
        "env_tax": 0.015000000000000003,
        "route": "(29,59), (30,59), (30,59), (30,60)|(30,60), (31,60), (32,60), (33,60), (34,60), (35,60), (36,60), (37,60), (38,60), (39,60), (40,60), (41,60), (42,60), (43,60), (44,60), (45,60), (46,60), (47,60), (48,60), (49,60), (50,60), (51,60), (52,60), (53,60), (54,60), (55,60), (56,60), (57,60), (58,60), (59,60), (60,60), (61,60), (62,60), (63,60), (64,60), (65,60), (66,60), (67,60), (68,60), (69,60), (70,60), (70,60), (70,61), (70,62), (70,63), (70,64), (70,65), (70,66), (70,67), (70,68), (70,69), (70,70), (70,71), (70,72), (70,73), (70,74), (70,75), (70,76), (70,77), (70,78), (70,79), (70,80), (70,81), (70,82), (70,83), (70,84), (70,85), (70,86), (70,87), (70,88), (70,89), (70,90)|(70,90), (69,90), (68,90)",
        "time": 164.72876997171323
    },
    "Walk_Train_Walk": {
        "cost": 7.2,
        "env_tax": 0,
        "route": "(29,59), (30,59), (30,59), (30,60)|(30,60), (31,60), (32,60), (33,60), (34,60), (35,60), (36,60), (37,60), (38,60), (39,60), (40,60), (41,60), (42,60), (43,60), (44,60), (45,60), (46,60), (47,60), (48,60), (49,60), (50,60), (51,60), (52,60), (53,60), (54,60), (55,60), (56,60), (57,60), (58,60), (59,60), (60,60), (61,60), (62,60), (63,60), (64,60), (65,60), (66,60), (67,60), (68,60), (69,60), (70,60), (70,60), (70,61), (70,62), (70,63), (70,64), (70,65), (70,66), (70,67), (70,68), (70,69), (70,70), (70,71), (70,72), (70,73), (70,74), (70,75), (70,76), (70,77), (70,78), (70,79), (70,80), (70,81), (70,82), (70,83), (70,84), (70,85), (70,86), (70,87), (70,88), (70,89), (70,90)|(70,90), (69,90), (68,90), (68,90)",
        "time": 306.2705346424066
    }
}