{
    "Uber": {
        "cost": 23.8838369776503,
        "env_tax": 0.16000000000000003,
        "route": "(62,94), (62,93), (62,92), (61,92), (61,91), (61,90), (60,90), (59,90), (58,90), (57,90), (56,90), (55,90), (54,90), (53,90), (52,90), (52,89), (52,88), (51,88), (50,88), (50,87), (49,87), (48,87), (48,86), (48,85), (47,85), (46,85), (46,84), (45,84), (45,83), (45,82), (45,81), (45,80)",
        "time": 10.15527321895513
    },
    "Uber_Train_Uber": {
        "cost": 31.029505993165987,
        "env_tax": 0.065,
        "route": "(62,94), (62,93), (62,92), (61,92), (61,91), (61,90), (60,90)|(60,90), (59,90), (58,90), (57,90), (56,90), (55,90), (54,90), (53,90), (52,90), (51,90), (50,90), (49,90), (48,90), (47,90), (46,90), (45,90), (44,90), (43,90), (42,90), (41,90), (40,90), (40,90), (40,89), (40,88), (40,87), (40,86), (40,85), (40,84), (40,83), (40,82), (40,81), (40,80)|(40,80), (41,80), (42,80), (43,80), (44,80), (45,80)",
        "time": 19.144798734154016
    },
    "Uber_Train_Walk": {
        "cost": 16.702954704317673,
        "env_tax": 0.035,
        "route": "(62,94), (62,93), (62,92), (61,92), (61,91), (61,90), (60,90)|(60,90), (59,90), (58,90), (57,90), (56,90), (55,90), (54,90), (53,90), (52,90), (51,90), (50,90), (49,90), (48,90), (47,90), (46,90), (45,90), (44,90), (43,90), (42,90), (41,90), (40,90), (40,90), (40,89), (40,88), (40,87), (40,86), (40,85), (40,84), (40,83), (40,82), (40,81), (40,80)|(40,80), (41,80), (42,80), (43,80), (44,80), (45,80), (45,80)",
        "time": 389.7974654634254
    },
    "Walk": {
        "cost": 0,
        "env_tax": 0,
        "route": "(62,94), (61,94), (60,94), (59,94), (58,94), (57,94), (56,94), (55,94), (54,94), (53,94), (52,94), (51,94), (50,94), (49,94), (48,94), (47,94), (46,94), (45,94), (45,94), (45,93), (45,92), (45,91), (45,90), (45,89), (45,88), (45,87), (45,86), (45,85), (45,84), (45,83), (45,82), (45,81), (45,80)",
        "time": 2311.500835122882
    },
    "Walk_Train_Uber": {
        "cost": 17.530914755371874,
        "env_tax": 0.030000000000000006,
        "route": "(62,94), (61,94), (60,94), (60,94), (60,93), (60,92), (60,91), (60,90)|(60,90), (59,90), (58,90), (57,90), (56,90), (55,90), (54,90), (53,90), (52,90), (51,90), (50,90), (49,90), (48,90), (47,90), (46,90), (45,90), (44,90), (43,90), (42,90), (41,90), (40,90), (40,90), (40,89), (40,88), (40,87), (40,86), (40,85), (40,84), (40,83), (40,82), (40,81), (40,80)|(40,80), (41,80), (42,80), (43,80), (44,80), (45,80)",
        "time": 463.38312220821797
    },
    "Walk_Train_Walk": {
        "cost": 3.2,
        "env_tax": 0,
        "route": "(62,94), (61,94), (60,94), (60,94), (60,93), (60,92), (60,91), (60,90)|(60,90), (59,90), (58,90), (57,90), (56,90), (55,90), (54,90), (53,90), (52,90), (51,90), (50,90), (49,90), (48,90), (47,90), (46,90), (45,90), (44,90), (43,90), (42,90), (41,90), (40,90), (40,90), (40,89), (40,88), (40,87), (40,86), (40,85), (40,84), (40,83), (40,82), (40,81), (40,80)|(40,80), (41,80), (42,80), (43,80), (44,80), (45,80), (45,80)",
        "time": 826.8002961946497
    }
}