{
    "Uber": {
        "cost": 48.38784945510593,
        "env_tax": 0.65,
        "route": "(11,88), (11,89), (11,90), (11,91), (11,92), (11,93), (11,94), (11,95), (12,95), (13,95), (14,95), (15,95), (15,96), (16,96), (16,97), (17,97), (18,97), (19,97), (20,97), (20,98), (21,98), (22,98), (23,98), (24,98), (25,98), (26,98), (27,98), (28,98), (29,98), (30,98), (31,98), (32,98), (33,98), (34,98), (35,98), (36,98), (37,98), (38,98), (39,98), (40,98), (41,98), (42,98), (43,98), (44,98), (45,98), (46,98), (47,98), (48,98), (49,98), (50,98), (50,97), (51,97), (52,97), (53,97), (53,96), (54,96), (55,96), (55,95), (56,95), (57,95), (57,94), (58,94), (59,94), (59,93), (60,93), (61,93), (61,92), (62,92), (63,92), (64,92), (65,92), (65,91), (66,91), (66,90), (67,90), (68,90), (69,90), (69,89), (70,89), (70,88), (71,88), (71,87), (72,87), (73,87), (74,87), (74,86), (75,86), (76,86), (76,85), (77,85), (77,84), (77,83), (78,83), (78,82), (78,81), (78,80), (79,80), (80,80), (80,79), (80,78), (80,77), (80,76), (80,75), (80,74), (80,73), (80,72), (80,71), (80,70), (80,69), (80,68), (80,67), (80,66), (80,65), (80,64), (80,63), (80,62), (80,61), (80,60), (80,59), (80,58), (80,57), (80,56), (80,55), (80,54), (80,53), (80,52), (79,52), (78,52), (77,52), (76,52)",
        "time": 14.12251980326912
    },
    "Uber_Train_Uber": {
        "cost": 39.056407628950566,
        "env_tax": 0.05500000000000001,
        "route": "(11,88), (11,89), (11,90), (10,90)|(10,90), (11,90), (12,90), (13,90), (14,90), (15,90), (16,90), (17,90), (18,90), (19,90), (20,90), (21,90), (22,90), (23,90), (24,90), (25,90), (26,90), (27,90), (28,90), (29,90), (30,90), (31,90), (32,90), (33,90), (34,90), (35,90), (36,90), (37,90), (38,90), (39,90), (40,90), (41,90), (42,90), (43,90), (44,90), (45,90), (46,90), (47,90), (48,90), (49,90), (50,90), (51,90), (52,90), (53,90), (54,90), (55,90), (56,90), (57,90), (58,90), (59,90), (60,90), (61,90), (62,90), (63,90), (64,90), (65,90), (66,90), (67,90), (68,90), (69,90), (70,90), (71,90), (72,90), (73,90), (74,90), (75,90), (76,90), (77,90), (78,90), (79,90), (80,90), (80,90), (80,89), (80,88), (80,87), (80,86), (80,85), (80,84), (80,83), (80,82), (80,81), (80,80), (80,79), (80,78), (80,77), (80,76), (80,75), (80,74), (80,73), (80,72), (80,71), (80,70), (80,69), (80,68), (80,67), (80,66), (80,65), (80,64), (80,63), (80,62), (80,61), (80,60), (80,59), (80,58), (80,57), (80,56), (80,55), (80,54), (80,53), (80,52), (80,51), (80,50)|(80,50), (80,51), (79,51), (78,51), (77,51), (76,51), (76,52)",
        "time": 19.37085286078704
    },
    "Uber_Train_Walk": {
        "cost": 23.504702902768003,
        "env_tax": 0.020000000000000004,
        "route": "(11,88), (11,89), (11,90), (10,90)|(10,90), (11,90), (12,90), (13,90), (14,90), (15,90), (16,90), (17,90), (18,90), (19,90), (20,90), (21,90), (22,90), (23,90), (24,90), (25,90), (26,90), (27,90), (28,90), (29,90), (30,90), (31,90), (32,90), (33,90), (34,90), (35,90), (36,90), (37,90), (38,90), (39,90), (40,90), (41,90), (42,90), (43,90), (44,90), (45,90), (46,90), (47,90), (48,90), (49,90), (50,90), (51,90), (52,90), (53,90), (54,90), (55,90), (56,90), (57,90), (58,90), (59,90), (60,90), (61,90), (62,90), (63,90), (64,90), (65,90), (66,90), (67,90), (68,90), (69,90), (70,90), (71,90), (72,90), (73,90), (74,90), (75,90), (76,90), (77,90), (78,90), (79,90), (80,90), (80,90), (80,89), (80,88), (80,87), (80,86), (80,85), (80,84), (80,83), (80,82), (80,81), (80,80), (80,79), (80,78), (80,77), (80,76), (80,75), (80,74), (80,73), (80,72), (80,71), (80,70), (80,69), (80,68), (80,67), (80,66), (80,65), (80,64), (80,63), (80,62), (80,61), (80,60), (80,59), (80,58), (80,57), (80,56), (80,55), (80,54), (80,53), (80,52), (80,51), (80,50)|(80,50), (79,50), (78,50), (77,50), (76,50), (76,50), (76,51), (76,52)",
        "time": 459.5484881561999
    },
    "Walk": {
        "cost": 0,
        "env_tax": 0,
        "route": "(11,88), (12,88), (13,88), (14,88), (15,88), (16,88), (17,88), (18,88), (19,88), (20,88), (21,88), (22,88), (23,88), (24,88), (25,88), (26,88), (27,88), (28,88), (29,88), (30,88), (31,88), (32,88), (33,88), (34,88), (35,88), (36,88), (37,88), (38,88), (39,88), (40,88), (41,88), (42,88), (43,88), (44,88), (45,88), (46,88), (47,88), (48,88), (49,88), (50,88), (51,88), (52,88), (53,88), (54,88), (55,88), (56,88), (57,88), (58,88), (59,88), (60,88), (61,88), (62,88), (63,88), (64,88), (65,88), (66,88), (67,88), (68,88), (69,88), (70,88), (71,88), (72,88), (73,88), (74,88), (75,88), (76,88), (76,88), (76,87), (76,86), (76,85), (76,84), (76,83), (76,82), (76,81), (76,80), (76,79), (76,78), (76,77), (76,76), (76,75), (76,74), (76,73), (76,72), (76,71), (76,70), (76,69), (76,68), (76,67), (76,66), (76,65), (76,64), (76,63), (76,62), (76,61), (76,60), (76,59), (76,58), (76,57), (76,56), (76,55), (76,54), (76,53), (76,52)",
        "time": 7531.018849916487
    },
    "Walk_Train_Uber": {
        "cost": 27.103193535808952,
        "env_tax": 0.035,
        "route": "(11,88), (10,88), (10,88), (10,89), (10,90)|(10,90), (11,90), (12,90), (13,90), (14,90), (15,90), (16,90), (17,90), (18,90), (19,90), (20,90), (21,90), (22,90), (23,90), (24,90), (25,90), (26,90), (27,90), (28,90), (29,90), (30,90), (31,90), (32,90), (33,90), (34,90), (35,90), (36,90), (37,90), (38,90), (39,90), (40,90), (41,90), (42,90), (43,90), (44,90), (45,90), (46,90), (47,90), (48,90), (49,90), (50,90), (51,90), (52,90), (53,90), (54,90), (55,90), (56,90), (57,90), (58,90), (59,90), (60,90), (61,90), (62,90), (63,90), (64,90), (65,90), (66,90), (67,90), (68,90), (69,90), (70,90), (71,90), (72,90), (73,90), (74,90), (75,90), (76,90), (77,90), (78,90), (79,90), (80,90), (80,90), (80,89), (80,88), (80,87), (80,86), (80,85), (80,84), (80,83), (80,82), (80,81), (80,80), (80,79), (80,78), (80,77), (80,76), (80,75), (80,74), (80,73), (80,72), (80,71), (80,70), (80,69), (80,68), (80,67), (80,66), (80,65), (80,64), (80,63), (80,62), (80,61), (80,60), (80,59), (80,58), (80,57), (80,56), (80,55), (80,54), (80,53), (80,52), (80,51), (80,50)|(80,50), (80,51), (79,51), (78,51), (77,51), (76,51), (76,52)",
        "time": 237.3613929393578
    },
    "Walk_Train_Walk": {
        "cost": 11.200000000000001,
        "env_tax": 0,
        "route": "(11,88), (10,88), (10,88), (10,89), (10,90)|(10,90), (11,90), (12,90), (13,90), (14,90), (15,90), (16,90), (17,90), (18,90), (19,90), (20,90), (21,90), (22,90), (23,90), (24,90), (25,90), (26,90), (27,90), (28,90), (29,90), (30,90), (31,90), (32,90), (33,90), (34,90), (35,90), (36,90), (37,90), (38,90), (39,90), (40,90), (41,90), (42,90), (43,90), (44,90), (45,90), (46,90), (47,90), (48,90), (49,90), (50,90), (51,90), (52,90), (53,90), (54,90), (55,90), (56,90), (57,90), (58,90), (59,90), (60,90), (61,90), (62,90), (63,90), (64,90), (65,90), (66,90), (67,90), (68,90), (69,90), (70,90), (71,90), (72,90), (73,90), (74,90), (75,90), (76,90), (77,90), (78,90), (79,90), (80,90), (80,90), (80,89), (80,88), (80,87), (80,86), (80,85), (80,84), (80,83), (80,82), (80,81), (80,80), (80,79), (80,78), (80,77), (80,76), (80,75), (80,74), (80,73), (80,72), (80,71), (80,70), (80,69), (80,68), (80,67), (80,66), (80,65), (80,64), (80,63), (80,62), (80,61), (80,60), (80,59), (80,58), (80,57), (80,56), (80,55), (80,54), (80,53), (80,52), (80,51), (80,50)|(80,50), (79,50), (78,50), (77,50), (76,50), (76,50), (76,51), (76,52)",
        "time": 675.8572601474764
    }
}