{
    "Uber": {
        "cost": 39.67200005307919,
        "env_tax": 0.29500000000000004,
        "route": "(70,52), (71,52), (71,51), (72,51), (72,50), (72,49), (72,48), (72,47), (73,47), (74,47), (74,46), (75,46), (75,45), (75,44), (75,43), (75,42), (75,41), (75,40), (75,39), (75,38), (76,38), (76,37), (76,36), (76,35), (76,34), (76,33), (76,32), (76,31), (76,30), (76,29), (76,28), (76,27), (76,26), (76,25), (76,24), (76,23), (76,22), (76,21), (76,20), (76,19), (76,18), (76,17), (76,16), (76,15), (76,14), (76,13), (76,12), (76,11), (75,11), (75,10), (74,10), (74,9), (74,8), (74,7), (73,7), (72,7), (71,7), (71,6), (70,6)",
        "time": 14.375367702387779
    },
    "Uber_Train_Uber": {
        "cost": 30.631678497840273,
        "env_tax": 0.04000000000000001,
        "route": "(70,52), (70,51), (70,50)|(70,50), (70,50), (70,49), (70,48), (70,47), (70,46), (70,45), (70,44), (70,43), (70,42), (70,41), (70,40), (70,39), (70,38), (70,37), (70,36), (70,35), (70,34), (70,33), (70,32), (70,31), (70,30), (70,29), (70,28), (70,27), (70,26), (70,25), (70,24), (70,23), (70,22), (70,21), (70,20), (70,19), (70,18), (70,17), (70,16), (70,15), (70,14), (70,13), (70,12), (70,11), (70,10)|(70,10), (70,9), (70,8), (70,7), (70,6)",
        "time": 16.503970301794674
    },
    "Uber_Train_Walk": {
        "cost": 17.36194140550821,
        "env_tax": 0.015000000000000003,
        "route": "(70,52), (70,51), (70,50)|(70,50), (70,50), (70,49), (70,48), (70,47), (70,46), (70,45), (70,44), (70,43), (70,42), (70,41), (70,40), (70,39), (70,38), (70,37), (70,36), (70,35), (70,34), (70,33), (70,32), (70,31), (70,30), (70,29), (70,28), (70,27), (70,26), (70,25), (70,24), (70,23), (70,22), (70,21), (70,20), (70,19), (70,18), (70,17), (70,16), (70,15), (70,14), (70,13), (70,12), (70,11), (70,10)|(70,10), (70,10), (70,9), (70,8), (70,7), (70,6)",
        "time": 307.8235206303891
    },
    "Walk": {
        "cost": 0,
        "env_tax": 0,
        "route": "(70,52), (70,52), (70,51), (70,50), (70,49), (70,48), (70,47), (70,46), (70,45), (70,44), (70,43), (70,42), (70,41), (70,40), (70,39), (70,38), (70,37), (70,36), (70,35), (70,34), (70,33), (70,32), (70,31), (70,30), (70,29), (70,28), (70,27), (70,26), (70,25), (70,24), (70,23), (70,22), (70,21), (70,20), (70,19), (70,18), (70,17), (70,16), (70,15), (70,14), (70,13), (70,12), (70,11), (70,10), (70,9), (70,8), (70,7), (70,6)",
        "time": 3429.9689811500834
    },
    "Walk_Train_Uber": {
        "cost": 16.950101475879052,
        "env_tax": 0.025,
        "route": "(70,52), (70,52), (70,51), (70,50)|(70,50), (70,50), (70,49), (70,48), (70,47), (70,46), (70,45), (70,44), (70,43), (70,42), (70,41), (70,40), (70,39), (70,38), (70,37), (70,36), (70,35), (70,34), (70,33), (70,32), (70,31), (70,30), (70,29), (70,28), (70,27), (70,26), (70,25), (70,24), (70,23), (70,22), (70,21), (70,20), (70,19), (70,18), (70,17), (70,16), (70,15), (70,14), (70,13), (70,12), (70,11), (70,10)|(70,10), (70,9), (70,8), (70,7), (70,6)",
        "time": 160.3730797696188
    },
    "Walk_Train_Walk": {
        "cost": 4.2,
        "env_tax": 0,
        "route": "(70,52), (70,52), (70,51), (70,50)|(70,50), (70,50), (70,49), (70,48), (70,47), (70,46), (70,45), (70,44), (70,43), (70,42), (70,41), (70,40), (70,39), (70,38), (70,37), (70,36), (70,35), (70,34), (70,33), (70,32), (70,31), (70,30), (70,29), (70,28), (70,27), (70,26), (70,25), (70,24), (70,23), (70,22), (70,21), (70,20), (70,19), (70,18), (70,17), (70,16), (70,15), (70,14), (70,13), (70,12), (70,11), (70,10)|(70,10), (70,10), (70,9), (70,8), (70,7), (70,6)",
        "time": 449.19473821474
    }
}