{
    "Uber": {
        "cost": 49.130441915754815,
        "env_tax": 0.7450000000000001,
        "route": "(85,36), (86,36), (87,36), (88,36), (89,36), (90,36), (91,36), (91,37), (92,37), (92,38), (92,39), (92,40), (92,41), (92,42), (92,43), (92,44), (92,45), (92,46), (92,47), (92,48), (92,49), (92,50), (92,51), (92,52), (93,52), (93,53), (93,54), (93,55), (93,56), (93,57), (93,58), (93,59), (93,60), (93,61), (93,62), (93,63), (93,64), (93,65), (93,66), (93,67), (93,68), (93,69), (92,69), (91,69), (91,70), (91,71), (90,71), (90,72), (89,72), (88,72), (87,72), (86,72), (86,73), (86,74), (85,74), (85,75), (85,76), (84,76), (84,77), (83,77), (82,77), (82,78), (82,79), (81,79), (80,79), (80,80), (79,80), (78,80), (78,81), (78,82), (78,83), (77,83), (76,83), (75,83), (75,84), (74,84), (73,84), (72,84), (71,84), (71,85), (71,86), (70,86), (70,87), (70,88), (70,89), (69,89), (69,90), (68,90), (68,91), (68,92), (67,92), (67,93), (66,93), (65,93), (65,94), (64,94), (64,95), (63,95), (62,95), (62,96), (62,97), (61,97), (60,97), (59,97), (58,97), (58,98), (57,98), (56,98), (55,98), (54,98), (53,98), (52,98), (51,98), (50,98), (49,98), (48,98), (47,98), (46,98), (45,98), (44,98), (43,98), (42,98), (41,98), (40,98), (39,98), (38,98), (37,98), (36,98), (35,98), (34,98), (33,98), (32,98), (31,98), (30,98), (29,98), (28,98), (27,98), (26,98), (25,98), (24,98), (24,99), (23,99), (22,99), (21,99), (20,99), (19,99), (18,99), (17,99), (16,99)",
        "time": 18.275239893423446
    },
    "Uber_Train_Uber": {
        "cost": 41.024183956062174,
        "env_tax": 0.12000000000000001,
        "route": "(85,36), (85,37), (84,37), (84,38), (84,39), (83,39), (83,40), (82,40), (81,40), (80,40)|(80,40), (79,40), (78,40), (77,40), (76,40), (75,40), (74,40), (73,40), (72,40), (71,40), (70,40), (69,40), (68,40), (67,40), (66,40), (65,40), (64,40), (63,40), (62,40), (61,40), (60,40), (59,40), (58,40), (57,40), (56,40), (55,40), (54,40), (53,40), (52,40), (51,40), (50,40), (49,40), (48,40), (47,40), (46,40), (45,40), (44,40), (43,40), (42,40), (41,40), (40,40), (39,40), (38,40), (37,40), (36,40), (35,40), (34,40), (33,40), (32,40), (31,40), (30,40), (29,40), (28,40), (27,40), (26,40), (25,40), (24,40), (23,40), (22,40), (21,40), (20,40), (20,40), (20,41), (20,42), (20,43), (20,44), (20,45), (20,46), (20,47), (20,48), (20,49), (20,50), (20,51), (20,52), (20,53), (20,54), (20,55), (20,56), (20,57), (20,58), (20,59), (20,60), (20,61), (20,62), (20,63), (20,64), (20,65), (20,66), (20,67), (20,68), (20,69), (20,70), (20,71), (20,72), (20,73), (20,74), (20,75), (20,76), (20,77), (20,78), (20,79), (20,80), (20,81), (20,82), (20,83), (20,84), (20,85), (20,86), (20,87), (20,88), (20,89), (20,90)|(20,90), (20,91), (20,92), (20,93), (20,94), (20,95), (20,96), (20,97), (19,97), (19,98), (18,98), (18,99), (17,99), (16,99)",
        "time": 25.48848261922928
    },
    "Uber_Train_Walk": {
        "cost": 27.067898319730453,
        "env_tax": 0.05,
        "route": "(85,36), (85,37), (84,37), (84,38), (84,39), (83,39), (83,40), (82,40), (81,40), (80,40)|(80,40), (79,40), (78,40), (77,40), (76,40), (75,40), (74,40), (73,40), (72,40), (71,40), (70,40), (69,40), (68,40), (67,40), (66,40), (65,40), (64,40), (63,40), (62,40), (61,40), (60,40), (59,40), (58,40), (57,40), (56,40), (55,40), (54,40), (53,40), (52,40), (51,40), (50,40), (49,40), (48,40), (47,40), (46,40), (45,40), (44,40), (43,40), (42,40), (41,40), (40,40), (39,40), (38,40), (37,40), (36,40), (35,40), (34,40), (33,40), (32,40), (31,40), (30,40), (29,40), (28,40), (27,40), (26,40), (25,40), (24,40), (23,40), (22,40), (21,40), (20,40), (20,40), (20,41), (20,42), (20,43), (20,44), (20,45), (20,46), (20,47), (20,48), (20,49), (20,50), (20,51), (20,52), (20,53), (20,54), (20,55), (20,56), (20,57), (20,58), (20,59), (20,60), (20,61), (20,62), (20,63), (20,64), (20,65), (20,66), (20,67), (20,68), (20,69), (20,70), (20,71), (20,72), (20,73), (20,74), (20,75), (20,76), (20,77), (20,78), (20,79), (20,80), (20,81), (20,82), (20,83), (20,84), (20,85), (20,86), (20,87), (20,88), (20,89), (20,90)|(20,90), (19,90), (18,90), (17,90), (16,90), (16,90), (16,91), (16,92), (16,93), (16,94), (16,95), (16,96), (16,97), (16,98), (16,99)",
        "time": 983.5802835551597
    },
    "Walk": {
        "cost": 0,
        "env_tax": 0,
        "route": "(85,36), (84,36), (83,36), (82,36), (81,36), (80,36), (79,36), (78,36), (77,36), (76,36), (75,36), (74,36), (73,36), (72,36), (71,36), (70,36), (69,36), (68,36), (67,36), (66,36), (65,36), (64,36), (63,36), (62,36), (61,36), (60,36), (59,36), (58,36), (57,36), (56,36), (55,36), (54,36), (53,36), (52,36), (51,36), (50,36), (49,36), (48,36), (47,36), (46,36), (45,36), (44,36), (43,36), (42,36), (41,36), (40,36), (39,36), (38,36), (37,36), (36,36), (35,36), (34,36), (33,36), (32,36), (31,36), (30,36), (29,36), (28,36), (27,36), (26,36), (25,36), (24,36), (23,36), (22,36), (21,36), (20,36), (19,36), (18,36), (17,36), (16,36), (16,36), (16,37), (16,38), (16,39), (16,40), (16,41), (16,42), (16,43), (16,44), (16,45), (16,46), (16,47), (16,48), (16,49), (16,50), (16,51), (16,52), (16,53), (16,54), (16,55), (16,56), (16,57), (16,58), (16,59), (16,60), (16,61), (16,62), (16,63), (16,64), (16,65), (16,66), (16,67), (16,68), (16,69), (16,70), (16,71), (16,72), (16,73), (16,74), (16,75), (16,76), (16,77), (16,78), (16,79), (16,80), (16,81), (16,82), (16,83), (16,84), (16,85), (16,86), (16,87), (16,88), (16,89), (16,90), (16,91), (16,92), (16,93), (16,94), (16,95), (16,96), (16,97), (16,98), (16,99)",
        "time": 9842.51968503937
    },
    "Walk_Train_Uber": {
        "cost": 24.95759499258606,
        "env_tax": 0.07,
        "route": "(85,36), (84,36), (83,36), (82,36), (81,36), (80,36), (80,36), (80,37), (80,38), (80,39), (80,40)|(80,40), (79,40), (78,40), (77,40), (76,40), (75,40), (74,40), (73,40), (72,40), (71,40), (70,40), (69,40), (68,40), (67,40), (66,40), (65,40), (64,40), (63,40), (62,40), (61,40), (60,40), (59,40), (58,40), (57,40), (56,40), (55,40), (54,40), (53,40), (52,40), (51,40), (50,40), (49,40), (48,40), (47,40), (46,40), (45,40), (44,40), (43,40), (42,40), (41,40), (40,40), (39,40), (38,40), (37,40), (36,40), (35,40), (34,40), (33,40), (32,40), (31,40), (30,40), (29,40), (28,40), (27,40), (26,40), (25,40), (24,40), (23,40), (22,40), (21,40), (20,40), (20,40), (20,41), (20,42), (20,43), (20,44), (20,45), (20,46), (20,47), (20,48), (20,49), (20,50), (20,51), (20,52), (20,53), (20,54), (20,55), (20,56), (20,57), (20,58), (20,59), (20,60), (20,61), (20,62), (20,63), (20,64), (20,65), (20,66), (20,67), (20,68), (20,69), (20,70), (20,71), (20,72), (20,73), (20,74), (20,75), (20,76), (20,77), (20,78), (20,79), (20,80), (20,81), (20,82), (20,83), (20,84), (20,85), (20,86), (20,87), (20,88), (20,89), (20,90)|(20,90), (20,91), (20,92), (20,93), (20,94), (20,95), (20,96), (20,97), (19,97), (19,98), (18,98), (18,99), (17,99), (16,99)",
        "time": 685.4299555591963
    },
    "Walk_Train_Walk": {
        "cost": 11.200000000000001,
        "env_tax": 0,