{
    "Uber": {
        "cost": 23.5058021660037,
        "env_tax": 0.395,
        "route": "(13,2), (12,2), (11,2), (10,2), (9,2), (9,3), (8,3), (7,3), (6,3), (5,3), (4,3), (3,3), (2,3), (2,4), (1,4), (0,4), (0,5), (0,6), (0,7), (0,8), (0,9), (0,10), (0,11), (0,12), (0,13), (0,14), (0,15), (0,16), (0,17), (0,18), (0,19), (0,20), (0,21), (0,22), (0,23), (0,24), (0,25), (0,26), (0,27), (0,28), (0,29), (0,30), (0,31), (0,32), (0,33), (0,34), (0,35), (0,36), (0,37), (0,38), (0,39), (0,40), (0,41), (1,41), (1,42), (1,43), (1,44), (1,45), (1,46), (1,47), (1,48), (1,49), (1,50), (1,51), (1,52), (1,53), (2,53), (2,54), (2,55), (2,56), (2,57), (2,58), (2,59), (2,60), (2,61), (2,62), (3,62), (4,62), (5,62)",
        "time": 12.583159898532227
    },
    "Uber_Train_Uber": {
        "cost": 32.240376983258756,
        "env_tax": 0.10000000000000002,
        "route": "(13,2), (13,3), (13,4), (13,5), (13,6), (13,7), (13,8), (13,9), (12,9), (11,9), (11,10), (10,10)|(10,10), (10,10), (10,11), (10,12), (10,13), (10,14), (10,15), (10,16), (10,17), (10,18), (10,19), (10,20), (10,21), (10,22), (10,23), (10,24), (10,25), (10,26), (10,27), (10,28), (10,29), (10,30), (10,31), (10,32), (10,33), (10,34), (10,35), (10,36), (10,37), (10,38), (10,39), (10,40), (10,41), (10,42), (10,43), (10,44), (10,45), (10,46), (10,47), (10,48), (10,49), (10,50), (10,51), (10,52), (10,53), (10,54), (10,55), (10,56), (10,57), (10,58), (10,59), (10,60)|(10,60), (9,60), (8,60), (7,60), (6,60), (5,60), (5,61), (5,62)",
        "time": 18.33292008731097
    },
    "Uber_Train_Walk": {
        "cost": 18.538096832115603,
        "env_tax": 0.06000000000000001,
        "route": "(13,2), (13,3), (13,4), (13,5), (13,6), (13,7), (13,8), (13,9), (12,9), (11,9), (11,10), (10,10)|(10,10), (10,10), (10,11), (10,12), (10,13), (10,14), (10,15), (10,16), (10,17), (10,18), (10,19), (10,20), (10,21), (10,22), (10,23), (10,24), (10,25), (10,26), (10,27), (10,28), (10,29), (10,30), (10,31), (10,32), (10,33), (10,34), (10,35), (10,36), (10,37), (10,38), (10,39), (10,40), (10,41), (10,42), (10,43), (10,44), (10,45), (10,46), (10,47), (10,48), (10,49), (10,50), (10,51), (10,52), (10,53), (10,54), (10,55), (10,56), (10,57), (10,58), (10,59), (10,60)|(10,60), (9,60), (8,60), (7,60), (6,60), (5,60), (5,60), (5,61), (5,62)",
        "time": 533.8282459213917
    },
    "Walk": {
        "cost": 0,
        "env_tax": 0,
        "route": "(13,2), (12,2), (11,2), (10,2), (9,2), (8,2), (7,2), (6,2), (5,2), (5,2), (5,3), (5,4), (5,5), (5,6), (5,7), (5,8), (5,9), (5,10), (5,11), (5,12), (5,13), (5,14), (5,15), (5,16), (5,17), (5,18), (5,19), (5,20), (5,21), (5,22), (5,23), (5,24), (5,25), (5,26), (5,27), (5,28), (5,29), (5,30), (5,31), (5,32), (5,33), (5,34), (5,35), (5,36), (5,37), (5,38), (5,39), (5,40), (5,41), (5,42), (5,43), (5,44), (5,45), (5,46), (5,47), (5,48), (5,49), (5,50), (5,51), (5,52), (5,53), (5,54), (5,55), (5,56), (5,57), (5,58), (5,59), (5,60), (5,61), (5,62)",
        "time": 5070.388928656645
    },
    "Walk_Train_Uber": {
        "cost": 19.20450268802724,
        "env_tax": 0.04000000000000001,
        "route": "(13,2), (12,2), (11,2), (10,2), (10,2), (10,3), (10,4), (10,5), (10,6), (10,7), (10,8), (10,9), (10,10)|(10,10), (10,10), (10,11), (10,12), (10,13), (10,14), (10,15), (10,16), (10,17), (10,18), (10,19), (10,20), (10,21), (10,22), (10,23), (10,24), (10,25), (10,26), (10,27), (10,28), (10,29), (10,30), (10,31), (10,32), (10,33), (10,34), (10,35), (10,36), (10,37), (10,38), (10,39), (10,40), (10,41), (10,42), (10,43), (10,44), (10,45), (10,46), (10,47), (10,48), (10,49), (10,50), (10,51), (10,52), (10,53), (10,54), (10,55), (10,56), (10,57), (10,58), (10,59), (10,60)|(10,60), (9,60), (8,60), (7,60), (6,60), (5,60), (5,61), (5,62)",
        "time": 830.7319823785314
    },
    "Walk_Train_Walk": {
        "cost": 5.2,
        "env_tax": 0,
        "route": "(13,2), (12,2), (11,2), (10,2), (10,2), (10,3), (10,4), (10,5), (10,6), (10,7), (10,8), (10,9), (10,10)|(10,10), (10,10), (10,11), (10,12), (10,13), (10,14), (10,15), (10,16), (10,17), (10,18), (10,19), (10,20), (10,21), (10,22), (10,23), (10,24), (10,25), (10,26), (10,27), (10,28), (10,29), (10,30), (10,31), (10,32), (10,33), (10,34), (10,35), (10,36), (10,37), (10,38), (10,39), (10,40), (10,41), (10,42), (10,43), (10,44), (10,45), (10,46), (10,47), (10,48), (10,49), (10,50), (10,51), (10,52), (10,53), (10,54), (10,55), (10,56), (10,57), (10,58), (10,59), (10,60)|(10,60), (9,60), (8,60), (7,60), (6,60), (5,60), (5,60), (5,61), (5,62)",
        "time": 1346.307455623632
    }
}