{
    "Uber": {
        "cost": 27.801254694870543,
        "env_tax": 0.225,
        "route": "(23,9), (23,8), (24,8), (25,8), (26,8), (27,8), (28,8), (29,8), (30,8), (31,8), (32,8), (33,8), (34,8), (35,8), (36,8), (37,8), (38,8), (39,8), (40,8), (41,8), (42,8), (43,8), (43,9), (44,9), (45,9), (45,10), (45,11), (46,11), (46,12), (47,12), (47,13), (47,14), (47,15), (47,16), (47,17), (47,18), (47,19), (47,20), (47,21), (47,22), (48,22), (48,23), (49,23), (49,24), (50,24)",
        "time": 8.751349250283049
    },
    "Uber_Train_Uber": {
        "cost": 31.186583667249092,
        "env_tax": 0.05,
        "route": "(23,9), (22,9), (21,9), (20,9), (20,10)|(20,10), (21,10), (22,10), (23,10), (24,10), (25,10), (26,10), (27,10), (28,10), (29,10), (30,10), (31,10), (32,10), (33,10), (34,10), (35,10), (36,10), (37,10), (38,10), (39,10), (40,10), (41,10), (42,10), (43,10), (44,10), (45,10), (46,10), (47,10), (48,10), (49,10), (50,10), (50,10), (50,11), (50,12), (50,13), (50,14), (50,15), (50,16), (50,17), (50,18), (50,19), (50,20)|(50,20), (50,21), (50,22), (50,23), (50,24)",
        "time": 24.928241962751237
    },
    "Uber_Train_Walk": {
        "cost": 16.67927050941769,
        "env_tax": 0.025,
        "route": "(23,9), (22,9), (21,9), (20,9), (20,10)|(20,10), (21,10), (22,10), (23,10), (24,10), (25,10), (26,10), (27,10), (28,10), (29,10), (30,10), (31,10), (32,10), (33,10), (34,10), (35,10), (36,10), (37,10), (38,10), (39,10), (40,10), (41,10), (42,10), (43,10), (44,10), (45,10), (46,10), (47,10), (48,10), (49,10), (50,10), (50,10), (50,11), (50,12), (50,13), (50,14), (50,15), (50,16), (50,17), (50,18), (50,19), (50,20)|(50,20), (50,20), (50,21), (50,22), (50,23), (50,24)",
        "time": 313.0575701246277
    },
    "Walk": {
        "cost": 0,
        "env_tax": 0,
        "route": "(23,9), (24,9), (25,9), (26,9), (27,9), (28,9), (29,9), (30,9), (31,9), (32,9), (33,9), (34,9), (35,9), (36,9), (37,9), (38,9), (39,9), (40,9), (41,9), (42,9), (43,9), (44,9), (45,9), (46,9), (47,9), (48,9), (49,9), (50,9), (50,9), (50,10), (50,11), (50,12), (50,13), (50,14), (50,15), (50,16), (50,17), (50,18), (50,19), (50,20), (50,21), (50,22), (50,23), (50,24)",
        "time": 3131.710808876163
    },
    "Walk_Train_Uber": {
        "cost": 18.473701975421996,
        "env_tax": 0.025,
        "route": "(23,9), (22,9), (21,9), (20,9), (20,9), (20,10)|(20,10), (21,10), (22,10), (23,10), (24,10), (25,10), (26,10), (27,10), (28,10), (29,10), (30,10), (31,10), (32,10), (33,10), (34,10), (35,10), (36,10), (37,10), (38,10), (39,10), (40,10), (41,10), (42,10), (43,10), (44,10), (45,10), (46,10), (47,10), (48,10), (49,10), (50,10), (50,10), (50,11), (50,12), (50,13), (50,14), (50,15), (50,16), (50,17), (50,18), (50,19), (50,20)|(50,20), (50,21), (50,22), (50,23), (50,24)",
        "time": 309.9643059428983
    },
    "Walk_Train_Walk": {
        "cost": 4.2,
        "env_tax": 0,
        "route": "(23,9), (22,9), (21,9), (20,9), (20,9), (20,10)|(20,10), (21,10), (22,10), (23,10), (24,10), (25,10), (26,10), (27,10), (28,10), (29,10), (30,10), (31,10), (32,10), (33,10), (34,10), (35,10), (36,10), (37,10), (38,10), (39,10), (40,10), (41,10), (42,10), (43,10), (44,10), (45,10), (46,10), (47,10), (48,10), (49,10), (50,10), (50,10), (50,11), (50,12), (50,13), (50,14), (50,15), (50,16), (50,17), (50,18), (50,19), (50,20)|(50,20), (50,20), (50,21), (50,22), (50,23), (50,24)",
        "time": 601.7019171299119
    }
}