{
    "Uber": {
        "cost": 34.09051748728882,
        "env_tax": 0.325,
        "route": "(76,53), (77,53), (78,53), (79,53), (80,53), (80,52), (81,52), (82,52), (82,51), (83,51), (84,51), (85,51), (86,51), (87,51), (87,50), (87,49), (87,48), (87,47), (88,47), (88,46), (88,45), (88,44), (88,43), (88,42), (88,41), (88,40), (88,39), (88,38), (88,37), (88,36), (88,35), (88,34), (88,33), (88,32), (88,31), (88,30), (88,29), (88,28), (88,27), (88,26), (88,25), (88,24), (88,23), (88,22), (88,21), (87,21), (87,20), (87,19), (87,18), (86,18), (86,17), (86,16), (85,16), (85,15), (85,14), (85,13), (84,13), (84,12), (84,11), (83,11), (82,11), (81,11), (80,11), (79,11), (78,11)",
        "time": 14.168162004331206
    },
    "Uber_Train_Uber": {
        "cost": 32.39428340460257,
        "env_tax": 0.06000000000000001,
        "route": "(76,53), (77,53), (78,53), (79,53), (80,53), (80,52), (80,51), (80,50)|(80,50), (80,50), (80,49), (80,48), (80,47), (80,46), (80,45), (80,44), (80,43), (80,42), (80,41), (80,40), (80,39), (80,38), (80,37), (80,36), (80,35), (80,34), (80,33), (80,32), (80,31), (80,30), (80,29), (80,28), (80,27), (80,26), (80,25), (80,24), (80,23), (80,22), (80,21), (80,20), (80,19), (80,18), (80,17), (80,16), (80,15), (80,14), (80,13), (80,12), (80,11), (80,10)|(80,10), (79,10), (78,10), (78,11)",
        "time": 16.540875477503103
    },
    "Uber_Train_Walk": {
        "cost": 20.76765718403488,
        "env_tax": 0.04000000000000001,
        "route": "(76,53), (77,53), (78,53), (79,53), (80,53), (80,52), (80,51), (80,50)|(80,50), (80,50), (80,49), (80,48), (80,47), (80,46), (80,45), (80,44), (80,43), (80,42), (80,41), (80,40), (80,39), (80,38), (80,37), (80,36), (80,35), (80,34), (80,33), (80,32), (80,31), (80,30), (80,29), (80,28), (80,27), (80,26), (80,25), (80,24), (80,23), (80,22), (80,21), (80,20), (80,19), (80,18), (80,17), (80,16), (80,15), (80,14), (80,13), (80,12), (80,11), (80,10)|(80,10), (79,10), (78,10), (78,10), (78,11)",
        "time": 241.40843555577538
    },
    "Walk": {
        "cost": 0,
        "env_tax": 0,
        "route": "(76,53), (77,53), (78,53), (78,53), (78,52), (78,51), (78,50), (78,49), (78,48), (78,47), (78,46), (78,45), (78,44), (78,43), (78,42), (78,41), (78,40), (78,39), (78,38), (78,37), (78,36), (78,35), (78,34), (78,33), (78,32), (78,31), (78,30), (78,29), (78,28), (78,27), (78,26), (78,25), (78,24), (78,23), (78,22), (78,21), (78,20), (78,19), (78,18), (78,17), (78,16), (78,15), (78,14), (78,13), (78,12), (78,11)",
        "time": 3280.839895013123
    },
    "Walk_Train_Uber": {
        "cost": 16.644862030945752,
        "env_tax": 0.020000000000000004,
        "route": "(76,53), (77,53), (78,53), (79,53), (80,53), (80,53), (80,52), (80,51), (80,50)|(80,50), (80,50), (80,49), (80,48), (80,47), (80,46), (80,45), (80,44), (80,43), (80,42), (80,41), (80,40), (80,39), (80,38), (80,37), (80,36), (80,35), (80,34), (80,33), (80,32), (80,31), (80,30), (80,29), (80,28), (80,27), (80,26), (80,25), (80,24), (80,23), (80,22), (80,21), (80,20), (80,19), (80,18), (80,17), (80,16), (80,15), (80,14), (80,13), (80,12), (80,11), (80,10)|(80,10), (79,10), (78,10), (78,11)",
        "time": 536.651157352763
    },
    "Walk_Train_Walk": {
        "cost": 4.2,
        "env_tax": 0,
        "route": "(76,53), (77,53), (78,53), (79,53), (80,53), (80,53), (80,52), (80,51), (80,50)|(80,50), (80,50), (80,49), (80,48), (80,47), (80,46), (80,45), (80,44), (80,43), (80,42), (80,41), (80,40), (80,39), (80,38), (80,37), (80,36), (80,35), (80,34), (80,33), (80,32), (80,31), (80,30), (80,29), (80,28), (80,27), (80,26), (80,25), (80,24), (80,23), (80,22), (80,21), (80,20), (80,19), (80,18), (80,17), (80,16), (80,15), (80,14), (80,13), (80,12), (80,11), (80,10)|(80,10), (79,10), (78,10), (78,10), (78,11)",
        "time": 754.5950921508298
    }
}