{
    "Uber": {
        "cost": 24.004523833588312,
        "env_tax": 0.11500000000000002,
        "route": "(71,70), (72,70), (73,70), (74,70), (74,69), (74,68), (75,68), (75,67), (75,66), (76,66), (77,66), (78,66), (79,66), (80,66), (80,65), (80,64), (80,63), (80,62), (81,62), (81,61), (81,60), (81,59), (82,59)",
        "time": 8.837696374181855
    },
    "Uber_Train_Uber": {
        "cost": 28.60554418168129,
        "env_tax": 0.030000000000000006,
        "route": "(71,70), (70,70)|(70,70), (71,70), (72,70), (73,70), (74,70), (75,70), (76,70), (77,70), (78,70), (79,70), (80,70), (80,70), (80,69), (80,68), (80,67), (80,66), (80,65), (80,64), (80,63), (80,62), (80,61), (80,60)|(80,60), (81,60), (81,59), (82,59)",
        "time": 21.388108134946258
    },
    "Uber_Train_Walk": {
        "cost": 14.842783689358825,
        "env_tax": 0.010000000000000002,
        "route": "(71,70), (70,70)|(70,70), (71,70), (72,70), (73,70), (74,70), (75,70), (76,70), (77,70), (78,70), (79,70), (80,70), (80,70), (80,69), (80,68), (80,67), (80,66), (80,65), (80,64), (80,63), (80,62), (80,61), (80,60)|(80,60), (81,60), (82,60), (82,60), (82,59)",
        "time": 237.59026043244864
    },
    "Walk": {
        "cost": 0,
        "env_tax": 0,
        "route": "(71,70), (72,70), (73,70), (74,70), (75,70), (76,70), (77,70), (78,70), (79,70), (80,70), (81,70), (82,70), (82,70), (82,69), (82,68), (82,67), (82,66), (82,65), (82,64), (82,63), (82,62), (82,61), (82,60), (82,59)",
        "time": 1640.4199475065616
    },
    "Walk_Train_Uber": {
        "cost": 16.166066215072647,
        "env_tax": 0.020000000000000004,
        "route": "(71,70), (70,70), (70,70)|(70,70), (71,70), (72,70), (73,70), (74,70), (75,70), (76,70), (77,70), (78,70), (79,70), (80,70), (80,70), (80,69), (80,68), (80,67), (80,66), (80,65), (80,64), (80,63), (80,62), (80,61), (80,60)|(80,60), (81,60), (81,59), (82,59)",
        "time": 89.53353463946715
    },
    "Walk_Train_Walk": {
        "cost": 2.2,
        "env_tax": 0,
        "route": "(71,70), (70,70), (70,70)|(70,70), (71,70), (72,70), (73,70), (74,70), (75,70), (76,70), (77,70), (78,70), (79,70), (80,70), (80,70), (80,69), (80,68), (80,67), (80,66), (80,65), (80,64), (80,63), (80,62), (80,61), (80,60)|(80,60), (81,60), (82,60), (82,60), (82,59)",
        "time": 305.9091720640113
    }
}