{
    "Uber": {
        "cost": 63.4206169879832,
        "env_tax": 0.6000000000000001,
        "route": "(21,51), (20,51), (19,51), (19,50), (19,49), (19,48), (19,47), (19,46), (19,45), (19,44), (19,43), (18,43), (18,42), (18,41), (18,40), (18,39), (18,38), (18,37), (18,36), (18,35), (18,34), (18,33), (18,32), (18,31), (18,30), (18,29), (18,28), (18,27), (18,26), (18,25), (18,24), (18,23), (19,23), (20,23), (20,22), (21,22), (22,22), (22,21), (22,20), (23,20), (24,20), (25,20), (26,20), (27,20), (28,20), (29,20), (30,20), (31,20), (32,20), (33,20), (34,20), (35,20), (36,20), (36,19), (37,19), (38,19), (39,19), (40,19), (41,19), (42,19), (43,19), (44,19), (45,19), (46,19), (47,19), (48,19), (49,19), (50,19), (51,19), (52,19), (53,19), (54,19), (55,19), (56,19), (57,19), (58,19), (59,19), (60,19), (60,20), (61,20), (62,20), (63,20), (64,20), (65,20), (65,21), (66,21), (67,21), (68,21), (69,21), (70,21), (71,21), (72,21), (72,20), (73,20), (74,20), (75,20), (76,20), (77,20), (78,20), (79,20), (80,20), (81,20), (82,20), (83,20), (84,20), (85,20), (86,20), (86,21), (86,22), (87,22), (88,22), (88,23), (89,23), (89,24), (89,25), (89,26), (89,27), (89,28), (89,29), (90,29)",
        "time": 20.792292961052937
    },
    "Uber_Train_Uber": {
        "cost": 34.1740241429288,
        "env_tax": 0.025000000000000005,
        "route": "(21,51), (20,51), (20,50)|(20,50), (21,50), (22,50), (23,50), (24,50), (25,50), (26,50), (27,50), (28,50), (29,50), (30,50), (31,50), (32,50), (33,50), (34,50), (35,50), (36,50), (37,50), (38,50), (39,50), (40,50), (41,50), (42,50), (43,50), (44,50), (45,50), (46,50), (47,50), (48,50), (49,50), (50,50), (51,50), (52,50), (53,50), (54,50), (55,50), (56,50), (57,50), (58,50), (59,50), (60,50), (61,50), (62,50), (63,50), (64,50), (65,50), (66,50), (67,50), (68,50), (69,50), (70,50), (71,50), (72,50), (73,50), (74,50), (75,50), (76,50), (77,50), (78,50), (79,50), (80,50), (81,50), (82,50), (83,50), (84,50), (85,50), (86,50), (87,50), (88,50), (89,50), (90,50), (90,50), (90,49), (90,48), (90,47), (90,46), (90,45), (90,44), (90,43), (90,42), (90,41), (90,40), (90,39), (90,38), (90,37), (90,36), (90,35), (90,34), (90,33), (90,32), (90,31), (90,30)|(90,30), (90,29)",
        "time": 27.830073114503982
    },
    "Uber_Train_Walk": {
        "cost": 22.258063009466802,
        "env_tax": 0.015000000000000003,
        "route": "(21,51), (20,51), (20,50)|(20,50), (21,50), (22,50), (23,50), (24,50), (25,50), (26,50), (27,50), (28,50), (29,50), (30,50), (31,50), (32,50), (33,50), (34,50), (35,50), (36,50), (37,50), (38,50), (39,50), (40,50), (41,50), (42,50), (43,50), (44,50), (45,50), (46,50), (47,50), (48,50), (49,50), (50,50), (51,50), (52,50), (53,50), (54,50), (55,50), (56,50), (57,50), (58,50), (59,50), (60,50), (61,50), (62,50), (63,50), (64,50), (65,50), (66,50), (67,50), (68,50), (69,50), (70,50), (71,50), (72,50), (73,50), (74,50), (75,50), (76,50), (77,50), (78,50), (79,50), (80,50), (81,50), (82,50), (83,50), (84,50), (85,50), (86,50), (87,50), (88,50), (89,50), (90,50), (90,50), (90,49), (90,48), (90,47), (90,46), (90,45), (90,44), (90,43), (90,42), (90,41), (90,40), (90,39), (90,38), (90,37), (90,36), (90,35), (90,34), (90,33), (90,32), (90,31), (90,30)|(90,30), (90,30), (90,29)",
        "time": 93.03236279942605
    },
    "Walk": {
        "cost": 0,
        "env_tax": 0,
        "route": "(21,51), (22,51), (23,51), (24,51), (25,51), (26,51), (27,51), (28,51), (29,51), (30,51), (31,51), (32,51), (33,51), (34,51), (35,51), (36,51), (37,51), (38,51), (39,51), (40,51), (41,51), (42,51), (43,51), (44,51), (45,51), (46,51), (47,51), (48,51), (49,51), (50,51), (51,51), (52,51), (53,51), (54,51), (55,51), (56,51), (57,51), (58,51), (59,51), (60,51), (61,51), (62,51), (63,51), (64,51), (65,51), (66,51), (67,51), (68,51), (69,51), (70,51), (71,51), (72,51), (73,51), (74,51), (75,51), (76,51), (77,51), (78,51), (79,51), (80,51), (81,51), (82,51), (83,51), (84,51), (85,51), (86,51), (87,51), (88,51), (89,51), (90,51), (90,51), (90,50), (90,49), (90,48), (90,47), (90,46), (90,45), (90,44), (90,43), (90,42), (90,41), (90,40), (90,39), (90,38), (90,37), (90,36), (90,35), (90,34), (90,33), (90,32), (90,31), (90,30), (90,29)",
        "time": 6785.373419231686
    },
    "Walk_Train_Uber": {
        "cost": 21.413531461619737,
        "env_tax": 0.010000000000000002,
        "route": "(21,51), (20,51), (20,51), (20,50)|(20,50), (21,50), (22,50), (23,50), (24,50), (25,50), (26,50), (27,50), (28,50), (29,50), (30,50), (31,50), (32,50), (33,50), (34,50), (35,50), (36,50), (37,50), (38,50), (39,50), (40,50), (41,50), (42,50), (43,50), (44,50), (45,50), (46,50), (47,50), (48,50), (49,50), (50,50), (51,50), (52,50), (53,50), (54,50), (55,50), (56,50), (57,50), (58,50), (59,50), (60,50), (61,50), (62,50), (63,50), (64,50), (65,50), (66,50), (67,50), (68,50), (69,50), (70,50), (71,50), (72,50), (73,50), (74,50), (75,50), (76,50), (77,50), (78,50), (79,50), (80,50), (81,50), (82,50), (83,50), (84,50), (85,50), (86,50), (87,50), (88,50), (89,50), (90,50), (90,50), (90,49), (90,48), (90,47), (90,46), (90,45), (90,44), (90,43), (90,42), (90,41), (90,40), (90,39), (90,38), (90,37), (90,36), (90,35), (90,34), (90,33), (90,32), (90,31), (90,30)|(90,30), (90,29)",
        "time": 164.69640931469584
    },
    "Walk_Train_Walk": {
        "cost": 9.200000000000001,
        "env_tax": 0,
        "route": "(21,51), (20,51), (20,51), (20,50)|(20,50), (21,50), (22,50), (23,50), (24,50), (25,50), (26,50), (27,50), (28,50), (29,50), (30,50), (31,50), (32,50), (33,50), (34,50), (35,50), (36,50), (37,50), (38,50), (39,50), (40,50), (41,50), (42,50), (43,50), (44,50), (45,50), (46,50), (47,50), (48,50), (49,50), (50,50), (51,50), (52,50), (53,50), (54,50), (55,50), (56,50), (57,50), (58,50), (59,50), (60,50), (61,50), (62,50), (63,50), (64,50), (65,50), (66,50), (67,50), (68,50), (69,50), (70,50), (71,50), (72,50), (73,50), (74,50), (75,50), (76,50), (77,50), (78,50), (79,50), (80,50), (81,50), (82,50), (83,50), (84,50), (85,50), (86,50), (87,50), (88,50), (89,50), (90,50), (90,50), (90,49), (90,48), (90,47), (90,46), (90,45), (90,44), (90,43), (90,42), (90,41), (90,40), (90,39), (90,38), (90,37), (90,36), (90,35), (90,34), (90,33), (90,32), (90,31), (90,30)|(90,30), (90,30), (90,29)",
        "time": 231.67646513855797
    }
}