{
    "Uber": {
        "cost": 24.19615855894991,
        "env_tax": 0.275,
        "route": "(13,60), (12,60), (11,60), (10,60), (10,59), (9,59), (8,59), (7,59), (6,59), (5,59), (4,59), (3,59), (2,59), (2,58), (2,57), (2,56), (2,55), (2,54), (2,53), (1,53), (1,52), (1,51), (1,50), (1,49), (1,48), (1,47), (1,46), (1,45), (1,44), (1,43), (1,42), (1,41), (1,40), (2,40), (2,39), (3,39), (4,39), (4,38), (4,37), (5,37), (5,36), (5,35), (5,34), (6,34), (6,33), (6,32), (7,32), (7,31), (7,30), (8,30), (9,30), (9,29), (9,28), (9,27), (10,27)",
        "time": 11.46871153179852
    },
    "Uber_Train_Uber": {
        "cost": 28.480220775989743,
        "env_tax": 0.04000000000000001,
        "route": "(13,60), (12,60), (11,60), (10,60)|(10,60), (10,60), (10,59), (10,58), (10,57), (10,56), (10,55), (10,54), (10,53), (10,52), (10,51), (10,50), (10,49), (10,48), (10,47), (10,46), (10,45), (10,44), (10,43), (10,42), (10,41), (10,40), (10,39), (10,38), (10,37), (10,36), (10,35), (10,34), (10,33), (10,32), (10,31), (10,30)|(10,30), (10,29), (10,28), (10,27)",
        "time": 19.401556344192407
    },
    "Uber_Train_Walk": {
        "cost": 16.310986027666488,
        "env_tax": 0.020000000000000004,
        "route": "(13,60), (12,60), (11,60), (10,60)|(10,60), (10,60), (10,59), (10,58), (10,57), (10,56), (10,55), (10,54), (10,53), (10,52), (10,51), (10,50), (10,49), (10,48), (10,47), (10,46), (10,45), (10,44), (10,43), (10,42), (10,41), (10,40), (10,39), (10,38), (10,37), (10,36), (10,35), (10,34), (10,33), (10,32), (10,31), (10,30)|(10,30), (10,30), (10,29), (10,28), (10,27)",
        "time": 235.30527518264955
    },
    "Walk": {
        "cost": 0,
        "env_tax": 0,
        "route": "(13,60), (12,60), (11,60), (10,60), (10,60), (10,59), (10,58), (10,57), (10,56), (10,55), (10,54), (10,53), (10,52), (10,51), (10,50), (10,49), (10,48), (10,47), (10,46), (10,45), (10,44), (10,43), (10,42), (10,41), (10,40), (10,39), (10,38), (10,37), (10,36), (10,35), (10,34), (10,33), (10,32), (10,31), (10,30), (10,29), (10,28), (10,27)",
        "time": 2684.3235504652826
    },
    "Walk_Train_Uber": {
        "cost": 15.605909601869651,
        "env_tax": 0.020000000000000004,
        "route": "(13,60), (12,60), (11,60), (10,60), (10,60)|(10,60), (10,60), (10,59), (10,58), (10,57), (10,56), (10,55), (10,54), (10,53), (10,52), (10,51), (10,50), (10,49), (10,48), (10,47), (10,46), (10,45), (10,44), (10,43), (10,42), (10,41), (10,40), (10,39), (10,38), (10,37), (10,36), (10,35), (10,34), (10,33), (10,32), (10,31), (10,30)|(10,30), (10,29), (10,28), (10,27)",
        "time": 236.11281951908745
    },
    "Walk_Train_Walk": {
        "cost": 3.2,
        "env_tax": 0,
        "route": "(13,60), (12,60), (11,60), (10,60), (10,60)|(10,60), (10,60), (10,59), (10,58), (10,57), (10,56), (10,55), (10,54), (10,53), (10,52), (10,51), (10,50), (10,49), (10,48), (10,47), (10,46), (10,45), (10,44), (10,43), (10,42), (10,41), (10,40), (10,39), (10,38), (10,37), (10,36), (10,35), (10,34), (10,33), (10,32), (10,31), (10,30)|(10,30), (10,30), (10,29), (10,28), (10,27)",
        "time": 450.6384474102379
    }
}