{
    "Uber": {
        "cost": 24.035482057627195,
        "env_tax": 0.14,
        "route": "(70,16), (70,15), (69,15), (68,15), (67,15), (66,15), (65,15), (64,15), (63,15), (62,15), (61,15), (60,15), (59,15), (58,15), (58,16), (57,16), (56,16), (55,16), (54,16), (53,16), (53,17), (53,18), (52,18), (52,19), (51,19), (50,19), (50,20), (50,21)",
        "time": 11.189490771092904
    },
    "Uber_Train_Uber": {
        "cost": 27.753034142792185,
        "env_tax": 0.035,
        "route": "(70,16), (70,17), (70,18), (70,19), (70,20)|(70,20), (69,20), (68,20), (67,20), (66,20), (65,20), (64,20), (63,20), (62,20), (61,20), (60,20), (59,20), (58,20), (57,20), (56,20), (55,20), (54,20), (53,20), (52,20), (51,20), (50,20), (50,20)|(50,20), (50,21)",
        "time": 16.73966385864537
    },
    "Uber_Train_Walk": {
        "cost": 15.814465544394881,
        "env_tax": 0.025,
        "route": "(70,16), (70,17), (70,18), (70,19), (70,20)|(70,20), (69,20), (68,20), (67,20), (66,20), (65,20), (64,20), (63,20), (62,20), (61,20), (60,20), (59,20), (58,20), (57,20), (56,20), (55,20), (54,20), (53,20), (52,20), (51,20), (50,20), (50,20)|(50,20), (50,20), (50,21)",
        "time": 89.57202118249855
    },
    "Walk": {
        "cost": 0,
        "env_tax": 0,
        "route": "(70,16), (69,16), (68,16), (67,16), (66,16), (65,16), (64,16), (63,16), (62,16), (61,16), (60,16), (59,16), (58,16), (57,16), (56,16), (55,16), (54,16), (53,16), (52,16), (51,16), (50,16), (50,16), (50,17), (50,18), (50,19), (50,20), (50,21)",
        "time": 1864.1135767120018
    },
    "Walk_Train_Uber": {
        "cost": 14.731478740461094,
        "env_tax": 0.010000000000000002,
        "route": "(70,16), (70,16), (70,17), (70,18), (70,19), (70,20)|(70,20), (69,20), (68,20), (67,20), (66,20), (65,20), (64,20), (63,20), (62,20), (61,20), (60,20), (59,20), (58,20), (57,20), (56,20), (55,20), (54,20), (53,20), (52,20), (51,20), (50,20), (50,20)|(50,20), (50,21)",
        "time": 315.1644737458813
    },
    "Walk_Train_Walk": {
        "cost": 2.2,
        "env_tax": 0,
        "route": "(70,16), (70,16), (70,17), (70,18), (70,19), (70,20)|(70,20), (69,20), (68,20), (67,20), (66,20), (65,20), (64,20), (63,20), (62,20), (61,20), (60,20), (59,20), (58,20), (57,20), (56,20), (55,20), (54,20), (53,20), (52,20), (51,20), (50,20), (50,20)|(50,20), (50,20), (50,21)",
        "time": 380.779241364995
    }
}