{
    "Uber": {
        "cost": 49.42260857426621,
        "env_tax": 0.5900000000000001,
        "route": "(54,74), (53,74), (53,75), (53,76), (53,77), (53,78), (52,78), (52,79), (52,80), (51,80), (50,80), (49,80), (49,81), (48,81), (48,82), (47,82), (46,82), (45,82), (45,83), (44,83), (43,83), (42,83), (41,83), (40,83), (40,84), (39,84), (38,84), (37,84), (36,84), (35,84), (34,84), (33,84), (32,84), (31,84), (30,84), (29,84), (28,84), (28,83), (27,83), (26,83), (25,83), (24,83), (24,82), (23,82), (22,82), (21,82), (20,82), (20,81), (20,80), (20,79), (20,78), (19,78), (18,78), (17,78), (16,78), (16,77), (15,77), (14,77), (13,77), (12,77), (11,77), (11,76), (11,75), (10,75), (10,74), (9,74), (8,74), (8,73), (7,73), (6,73), (6,72), (5,72), (5,71), (5,70), (4,70), (3,70), (3,69), (2,69), (2,68), (2,67), (2,66), (2,65), (2,64), (2,63), (2,62), (2,61), (2,60), (2,59), (2,58), (2,57), (2,56), (2,55), (2,54), (2,53), (1,53), (1,52), (1,51), (1,50), (1,49), (1,48), (1,47), (1,46), (1,45), (1,44), (1,43), (1,42), (1,41), (1,40), (1,39), (1,38), (1,37), (1,36), (1,35), (1,34), (1,33), (1,32), (1,31), (1,30)",
        "time": 14.506766589753813
    },
    "Uber_Train_Uber": {
        "cost": 38.43810537252976,
        "env_tax": 0.095,
        "route": "(54,74), (54,73), (53,73), (53,72), (52,72), (51,72), (51,71), (50,71), (50,70)|(50,70), (49,70), (48,70), (47,70), (46,70), (45,70), (44,70), (43,70), (42,70), (41,70), (40,70), (39,70), (38,70), (37,70), (36,70), (35,70), (34,70), (33,70), (32,70), (31,70), (30,70), (29,70), (28,70), (27,70), (26,70), (25,70), (24,70), (23,70), (22,70), (21,70), (20,70), (19,70), (18,70), (17,70), (16,70), (15,70), (14,70), (13,70), (12,70), (11,70), (10,70), (10,70), (10,69), (10,68), (10,67), (10,66), (10,65), (10,64), (10,63), (10,62), (10,61), (10,60), (10,59), (10,58), (10,57), (10,56), (10,55), (10,54), (10,53), (10,52), (10,51), (10,50), (10,49), (10,48), (10,47), (10,46), (10,45), (10,44), (10,43), (10,42), (10,41), (10,40), (10,39), (10,38), (10,37), (10,36), (10,35), (10,34), (10,33), (10,32), (10,31), (10,30)|(10,30), (9,30), (8,30), (7,30), (6,30), (5,30), (4,30), (3,30), (2,30), (1,30)",
        "time": 20.623783925886894
    },
    "Uber_Train_Walk": {
        "cost": 25.565986785588322,
        "env_tax": 0.045000000000000005,
        "route": "(54,74), (54,73), (53,73), (53,72), (52,72), (51,72), (51,71), (50,71), (50,70)|(50,70), (49,70), (48,70), (47,70), (46,70), (45,70), (44,70), (43,70), (42,70), (41,70), (40,70), (39,70), (38,70), (37,70), (36,70), (35,70), (34,70), (33,70), (32,70), (31,70), (30,70), (29,70), (28,70), (27,70), (26,70), (25,70), (24,70), (23,70), (22,70), (21,70), (20,70), (19,70), (18,70), (17,70), (16,70), (15,70), (14,70), (13,70), (12,70), (11,70), (10,70), (10,70), (10,69), (10,68), (10,67), (10,66), (10,65), (10,64), (10,63), (10,62), (10,61), (10,60), (10,59), (10,58), (10,57), (10,56), (10,55), (10,54), (10,53), (10,52), (10,51), (10,50), (10,49), (10,48), (10,47), (10,46), (10,45), (10,44), (10,43), (10,42), (10,41), (10,40), (10,39), (10,38), (10,37), (10,36), (10,35), (10,34), (10,33), (10,32), (10,31), (10,30)|(10,30), (9,30), (8,30), (7,30), (6,30), (5,30), (4,30), (3,30), (2,30), (1,30), (1,30)",
        "time": 686.6192908652785
    },
    "Walk": {
        "cost": 0,
        "env_tax": 0,
        "route": "(54,74), (53,74), (52,74), (51,74), (50,74), (49,74), (48,74), (47,74), (46,74), (45,74), (44,74), (43,74), (42,74), (41,74), (40,74), (39,74), (38,74), (37,74), (36,74), (35,74), (34,74), (33,74), (32,74), (31,74), (30,74), (29,74), (28,74), (27,74), (26,74), (25,74), (24,74), (23,74), (22,74), (21,74), (20,74), (19,74), (18,74), (17,74), (16,74), (15,74), (14,74), (13,74), (12,74), (11,74), (10,74), (9,74), (8,74), (7,74), (6,74), (5,74), (4,74), (3,74), (2,74), (1,74), (1,74), (1,73), (1,72), (1,71), (1,70), (1,69), (1,68), (1,67), (1,66), (1,65), (1,64), (1,63), (1,62), (1,61), (1,60), (1,59), (1,58), (1,57), (1,56), (1,55), (1,54), (1,53), (1,52), (1,51), (1,50), (1,49), (1,48), (1,47), (1,46), (1,45), (1,44), (1,43), (1,42), (1,41), (1,40), (1,39), (1,38), (1,37), (1,36), (1,35), (1,34), (1,33), (1,32), (1,31), (1,30)",
        "time": 7232.760677642567
    },
    "Walk_Train_Uber": {
        "cost": 22.058047130137762,
        "env_tax": 0.05,
        "route": "(54,74), (53,74), (52,74), (51,74), (50,74), (50,74), (50,73), (50,72), (50,71), (50,70)|(50,70), (49,70), (48,70), (47,70), (46,70), (45,70), (44,70), (43,70), (42,70), (41,70), (40,70), (39,70), (38,70), (37,70), (36,70), (35,70), (34,70), (33,70), (32,70), (31,70), (30,70), (29,70), (28,70), (27,70), (26,70), (25,70), (24,70), (23,70), (22,70), (21,70), (20,70), (19,70), (18,70), (17,70), (16,70), (15,70), (14,70), (13,70), (12,70), (11,70), (10,70), (10,70), (10,69), (10,68), (10,67), (10,66), (10,65), (10,64), (10,63), (10,62), (10,61), (10,60), (10,59), (10,58), (10,57), (10,56), (10,55), (10,54), (10,53), (10,52), (10,51), (10,50), (10,49), (10,48), (10,47), (10,46), (10,45), (10,44), (10,43), (10,42), (10,41), (10,40), (10,39), (10,38), (10,37), (10,36), (10,35), (10,34), (10,33), (10,32), (10,31), (10,30)|(10,30), (9,30), (8,30), (7,30), (6,30), (5,30), (4,30), (3,30), (2,30), (1,30)",
        "time": 614.0123009443874
    },
    "Walk_Train_Walk": {
        "cost": 8.200000000000001,
        "env_tax": 0,
        "route": "(54,74), (53,74), (52,74), (51,74), (50,74), (50,74), (50,73), (50,72), (50,71), (50,70)|(50,70), (49,70), (48,70), (47,70), (46,70), (45,70), (44,70), (43,70), (42,70), (41,70), (40,70), (39,70), (38,70), (37,70), (36,70), (35,70), (34,70), (33,70), (32,70), (31,70), (30,70), (29,70), (28,70), (27,70), (26,70), (25,70), (24,70), (23,70), (22,70), (21,70), (20,70), (19,70), (18,70), (17,70), (16,70), (15,70), (14,70), (13,70), (12,70), (11,70), (10,70), (10,70), (10,69), (10,68), (10,67), (10,66), (10,65), (10,64), (10,63), (10,62), (10,61), (10,60), (10,59), (10,58), (10,57), (10,56), (10,55), (10,54), (10,53), (10,52), (10,51), (10,50), (10,49), (10,48), (10,47), (10,46), (10,45), (10,44), (10,43), (10,42), (10,41), (10,40), (10,39), (10,38), (10,37), (10,36), (10,35), (10,34), (10,33), (10,32), (10,31), (10,30)|(10,30), (9,30), (8,30), (7,30), (6,30), (5,30), (4,30), (3,30), (2,30), (1,30), (1,30)",
        "time": 1275.3338468461561
    }
}