{
    "Uber": {
        "cost": 25.715320818456842,
        "env_tax": 0.3400000000000001,
        "route": "(47,89), (47,90), (47,91), (47,92), (47,93), (47,94), (47,95), (48,95), (49,95), (50,95), (51,95), (52,95), (53,95), (53,96), (54,96), (55,96), (56,96), (57,96), (58,96), (59,96), (60,96), (60,97), (61,97), (62,97), (62,98), (63,98), (64,98), (65,98), (66,98), (67,98), (68,98), (69,98), (70,98), (71,98), (72,98), (73,98), (74,98), (75,98), (76,98), (77,98), (78,98), (79,98), (79,97), (79,96), (80,96), (81,96), (81,95), (82,95), (82,94), (82,93), (83,93), (83,92), (83,91), (83,90), (83,89), (83,88), (83,87), (83,86), (83,85), (83,84), (83,83), (83,82), (83,81), (83,80), (83,79), (83,78), (83,77), (83,76)",
        "time": 10.202848252831988
    },
    "Uber_Train_Uber": {
        "cost": 31.652198260443534,
        "env_tax": 0.065,
        "route": "(47,89), (48,89), (49,89), (49,90), (50,90)|(50,90), (51,90), (52,90), (53,90), (54,90), (55,90), (56,90), (57,90), (58,90), (59,90), (60,90), (61,90), (62,90), (63,90), (64,90), (65,90), (66,90), (67,90), (68,90), (69,90), (70,90), (71,90), (72,90), (73,90), (74,90), (75,90), (76,90), (77,90), (78,90), (79,90), (80,90), (80,90), (80,89), (80,88), (80,87), (80,86), (80,85), (80,84), (80,83), (80,82), (80,81), (80,80)|(80,80), (81,80), (82,80), (83,80), (83,79), (83,78), (83,77), (83,76)",
        "time": 20.92626026145964
    },
    "Uber_Train_Walk": {
        "cost": 17.604782961829457,
        "env_tax": 0.025,
        "route": "(47,89), (48,89), (49,89), (49,90), (50,90)|(50,90), (51,90), (52,90), (53,90), (54,90), (55,90), (56,90), (57,90), (58,90), (59,90), (60,90), (61,90), (62,90), (63,90), (64,90), (65,90), (66,90), (67,90), (68,90), (69,90), (70,90), (71,90), (72,90), (73,90), (74,90), (75,90), (76,90), (77,90), (78,90), (79,90), (80,90), (80,90), (80,89), (80,88), (80,87), (80,86), (80,85), (80,84), (80,83), (80,82), (80,81), (80,80)|(80,80), (81,80), (82,80), (83,80), (83,80), (83,79), (83,78), (83,77), (83,76)",
        "time": 541.6547926587355
    },
    "Walk": {
        "cost": 0,
        "env_tax": 0,
        "route": "(47,89), (48,89), (49,89), (50,89), (51,89), (52,89), (53,89), (54,89), (55,89), (56,89), (57,89), (58,89), (59,89), (60,89), (61,89), (62,89), (63,89), (64,89), (65,89), (66,89), (67,89), (68,89), (69,89), (70,89), (71,89), (72,89), (73,89), (74,89), (75,89), (76,89), (77,89), (78,89), (79,89), (80,89), (81,89), (82,89), (83,89), (83,89), (83,88), (83,87), (83,86), (83,85), (83,84), (83,83), (83,82), (83,81), (83,80), (83,79), (83,78), (83,77), (83,76)",
        "time": 3653.6626103555236
    },
    "Walk_Train_Uber": {
        "cost": 17.942455924482612,
        "env_tax": 0.04000000000000001,
        "route": "(47,89), (48,89), (49,89), (50,89), (50,89), (50,90)|(50,90), (51,90), (52,90), (53,90), (54,90), (55,90), (56,90), (57,90), (58,90), (59,90), (60,90), (61,90), (62,90), (63,90), (64,90), (65,90), (66,90), (67,90), (68,90), (69,90), (70,90), (71,90), (72,90), (73,90), (74,90), (75,90), (76,90), (77,90), (78,90), (79,90), (80,90), (80,90), (80,89), (80,88), (80,87), (80,86), (80,85), (80,84), (80,83), (80,82), (80,81), (80,80)|(80,80), (81,80), (82,80), (83,80), (83,79), (83,78), (83,77), (83,76)",
        "time": 314.1846017898623
    },
    "Walk_Train_Walk": {
        "cost": 4.2,
        "env_tax": 0,
        "route": "(47,89), (48,89), (49,89), (50,89), (50,89), (50,90)|(50,90), (51,90), (52,90), (53,90), (54,90), (55,90), (56,90), (57,90), (58,90), (59,90), (60,90), (61,90), (62,90), (63,90), (64,90), (65,90), (66,90), (67,90), (68,90), (69,90), (70,90), (71,90), (72,90), (73,90), (74,90), (75,90), (76,90), (77,90), (78,90), (79,90), (80,90), (80,90), (80,89), (80,88), (80,87), (80,86), (80,85), (80,84), (80,83), (80,82), (80,81), (80,80)|(80,80), (81,80), (82,80), (83,80), (83,80), (83,79), (83,78), (83,77), (83,76)",
        "time": 830.5809192682216
    }
}