{
    "Uber": {
        "cost": 24.90537529647007,
        "env_tax": 0.29000000000000004,
        "route": "(75,94), (76,94), (77,94), (78,94), (79,94), (79,93), (80,93), (81,93), (82,93), (83,93), (84,93), (85,93), (85,92), (86,92), (86,91), (86,90), (86,89), (87,89), (88,89), (88,88), (89,88), (89,87), (89,86), (89,85), (89,84), (89,83), (90,83), (90,82), (90,81), (91,81), (91,80), (91,79), (91,78), (91,77), (91,76), (91,75), (91,74), (91,73), (91,72), (91,71), (91,70), (91,69), (91,68), (91,67), (91,66), (91,65), (91,64), (90,64), (90,63), (90,62), (89,62), (89,61), (89,60), (88,60), (88,59), (88,58), (87,58), (86,58)",
        "time": 11.924931662721955
    },
    "Uber_Train_Uber": {
        "cost": 33.546700058834595,
        "env_tax": 0.085,
        "route": "(75,94), (74,94), (73,94), (72,94), (71,94), (71,93), (70,93), (70,92), (70,91), (70,90)|(70,90), (71,90), (72,90), (73,90), (74,90), (75,90), (76,90), (77,90), (78,90), (79,90), (80,90), (81,90), (82,90), (83,90), (84,90), (85,90), (86,90), (87,90), (88,90), (89,90), (90,90), (90,90), (90,89), (90,88), (90,87), (90,86), (90,85), (90,84), (90,83), (90,82), (90,81), (90,80), (90,79), (90,78), (90,77), (90,76), (90,75), (90,74), (90,73), (90,72), (90,71), (90,70), (90,69), (90,68), (90,67), (90,66), (90,65), (90,64), (90,63), (90,62), (90,61), (90,60)|(90,60), (89,60), (88,60), (88,59), (88,58), (87,58), (86,58)",
        "time": 20.491672505244473
    },
    "Uber_Train_Walk": {
        "cost": 18.997188054084912,
        "env_tax": 0.05,
        "route": "(75,94), (74,94), (73,94), (72,94), (71,94), (71,93), (70,93), (70,92), (70,91), (70,90)|(70,90), (71,90), (72,90), (73,90), (74,90), (75,90), (76,90), (77,90), (78,90), (79,90), (80,90), (81,90), (82,90), (83,90), (84,90), (85,90), (86,90), (87,90), (88,90), (89,90), (90,90), (90,90), (90,89), (90,88), (90,87), (90,86), (90,85), (90,84), (90,83), (90,82), (90,81), (90,80), (90,79), (90,78), (90,77), (90,76), (90,75), (90,74), (90,73), (90,72), (90,71), (90,70), (90,69), (90,68), (90,67), (90,66), (90,65), (90,64), (90,63), (90,62), (90,61), (90,60)|(90,60), (89,60), (88,60), (87,60), (86,60), (86,60), (86,59), (86,58)",
        "time": 464.67649808027573
    },
    "Walk": {
        "cost": 0,
        "env_tax": 0,
        "route": "(75,94), (76,94), (77,94), (78,94), (79,94), (80,94), (81,94), (82,94), (83,94), (84,94), (85,94), (86,94), (86,94), (86,93), (86,92), (86,91), (86,90), (86,89), (86,88), (86,87), (86,86), (86,85), (86,84), (86,83), (86,82), (86,81), (86,80), (86,79), (86,78), (86,77), (86,76), (86,75), (86,74), (86,73), (86,72), (86,71), (86,70), (86,69), (86,68), (86,67), (86,66), (86,65), (86,64), (86,63), (86,62), (86,61), (86,60), (86,59), (86,58)",
        "time": 3504.5335242185633
    },
    "Walk_Train_Uber": {
        "cost": 19.059206110012063,
        "env_tax": 0.035,
        "route": "(75,94), (74,94), (73,94), (72,94), (71,94), (70,94), (70,94), (70,93), (70,92), (70,91), (70,90)|(70,90), (71,90), (72,90), (73,90), (74,90), (75,90), (76,90), (77,90), (78,90), (79,90), (80,90), (81,90), (82,90), (83,90), (84,90), (85,90), (86,90), (87,90), (88,90), (89,90), (90,90), (90,90), (90,89), (90,88), (90,87), (90,86), (90,85), (90,84), (90,83), (90,82), (90,81), (90,80), (90,79), (90,78), (90,77), (90,76), (90,75), (90,74), (90,73), (90,72), (90,71), (90,70), (90,69), (90,68), (90,67), (90,66), (90,65), (90,64), (90,63), (90,62), (90,61), (90,60)|(90,60), (89,60), (88,60), (88,59), (88,58), (87,58), (86,58)",
        "time": 683.3159378874615
    },
    "Walk_Train_Walk": {
        "cost": 5.2,
        "env_tax": 0,
        "route": "(75,94), (74,94), (73,94), (72,94), (71,94), (70,94), (70,94), (70,93), (70,92), (70,91), (70,90)|(70,90), (71,90), (72,90), (73,90), (74,90), (75,90), (76,90), (77,90), (78,90), (79,90), (80,90), (81,90), (82,90), (83,90), (84,90), (85,90), (86,90), (87,90), (88,90), (89,90), (90,90), (90,90), (90,89), (90,88), (90,87), (90,86), (90,85), (90,84), (90,83), (90,82), (90,81), (90,80), (90,79), (90,78), (90,77), (90,76), (90,75), (90,74), (90,73), (90,72), (90,71), (90,70), (90,69), (90,68), (90,67), (90,66), (90,65), (90,64), (90,63), (90,62), (90,61), (90,60)|(90,60), (89,60), (88,60), (87,60), (86,60), (86,60), (86,59), (86,58)",
        "time": 1123.6498597492862
    }
}