{
    "Uber": {
        "cost": 34.20730222454438,
        "env_tax": 0.33000000000000007,
        "route": "(80,68), (81,68), (82,68), (83,68), (83,67), (83,66), (83,65), (84,65), (85,65), (86,65), (86,64), (87,64), (87,63), (87,62), (88,62), (88,61), (88,60), (88,59), (88,58), (88,57), (88,56), (88,55), (88,54), (88,53), (88,52), (88,51), (88,50), (88,49), (88,48), (88,47), (88,46), (88,45), (88,44), (88,43), (88,42), (88,41), (88,40), (88,39), (89,39), (89,38), (89,37), (89,36), (89,35), (89,34), (89,33), (89,32), (89,31), (89,30), (89,29), (89,28), (89,27), (89,26), (89,25), (89,24), (89,23), (88,23), (88,22), (87,22), (86,22), (86,21), (85,21), (84,21), (83,21), (82,21), (81,21), (80,21)",
        "time": 10.191736067663726
    },
    "Uber_Train_Uber": {
        "cost": 29.942580324588373,
        "env_tax": 0.025000000000000005,
        "route": "(80,68), (80,69), (80,70)|(80,70), (80,70), (80,69), (80,68), (80,67), (80,66), (80,65), (80,64), (80,63), (80,62), (80,61), (80,60), (80,59), (80,58), (80,57), (80,56), (80,55), (80,54), (80,53), (80,52), (80,51), (80,50), (80,49), (80,48), (80,47), (80,46), (80,45), (80,44), (80,43), (80,42), (80,41), (80,40), (80,39), (80,38), (80,37), (80,36), (80,35), (80,34), (80,33), (80,32), (80,31), (80,30), (80,29), (80,28), (80,27), (80,26), (80,25), (80,24), (80,23), (80,22), (80,21), (80,20)|(80,20), (80,21)",
        "time": 17.71197460357967
    },
    "Uber_Train_Walk": {
        "cost": 17.92225723837208,
        "env_tax": 0.015000000000000003,
        "route": "(80,68), (80,69), (80,70)|(80,70), (80,70), (80,69), (80,68), (80,67), (80,66), (80,65), (80,64), (80,63), (80,62), (80,61), (80,60), (80,59), (80,58), (80,57), (80,56), (80,55), (80,54), (80,53), (80,52), (80,51), (80,50), (80,49), (80,48), (80,47), (80,46), (80,45), (80,44), (80,43), (80,42), (80,41), (80,40), (80,39), (80,38), (80,37), (80,36), (80,35), (80,34), (80,33), (80,32), (80,31), (80,30), (80,29), (80,28), (80,27), (80,26), (80,25), (80,24), (80,23), (80,22), (80,21), (80,20)|(80,20), (80,20), (80,21)",
        "time": 87.61570598904804
    },
    "Walk": {
        "cost": 0,
        "env_tax": 0,
        "route": "(80,68), (80,68), (80,67), (80,66), (80,65), (80,64), (80,63), (80,62), (80,61), (80,60), (80,59), (80,58), (80,57), (80,56), (80,55), (80,54), (80,53), (80,52), (80,51), (80,50), (80,49), (80,48), (80,47), (80,46), (80,45), (80,44), (80,43), (80,42), (80,41), (80,40), (80,39), (80,38), (80,37), (80,36), (80,35), (80,34), (80,33), (80,32), (80,31), (80,30), (80,29), (80,28), (80,27), (80,26), (80,25), (80,24), (80,23), (80,22), (80,21)",
        "time": 3504.5335242185633
    },
    "Walk_Train_Uber": {
        "cost": 17.47340266614711,
        "env_tax": 0.010000000000000002,
        "route": "(80,68), (80,68), (80,69), (80,70)|(80,70), (80,70), (80,69), (80,68), (80,67), (80,66), (80,65), (80,64), (80,63), (80,62), (80,61), (80,60), (80,59), (80,58), (80,57), (80,56), (80,55), (80,54), (80,53), (80,52), (80,51), (80,50), (80,49), (80,48), (80,47), (80,46), (80,45), (80,44), (80,43), (80,42), (80,41), (80,40), (80,39), (80,38), (80,37), (80,36), (80,35), (80,34), (80,33), (80,32), (80,31), (80,30), (80,29), (80,28), (80,27), (80,26), (80,25), (80,24), (80,23), (80,22), (80,21), (80,20)|(80,20), (80,21)",
        "time": 163.8151027872309
    },
    "Walk_Train_Walk": {
        "cost": 5.2,
        "env_tax": 0,
        "route": "(80,68), (80,68), (80,69), (80,70)|(80,70), (80,70), (80,69), (80,68), (80,67), (80,66), (80,65), (80,64), (80,63), (80,62), (80,61), (80,60), (80,59), (80,58), (80,57), (80,56), (80,55), (80,54), (80,53), (80,52), (80,51), (80,50), (80,49), (80,48), (80,47), (80,46), (80,45), (80,44), (80,43), (80,42), (80,41), (80,40), (80,39), (80,38), (80,37), (80,36), (80,35), (80,34), (80,33), (80,32), (80,31), (80,30), (80,29), (80,28), (80,27), (80,26), (80,25), (80,24), (80,23), (80,22), (80,21), (80,20)|(80,20), (80,20), (80,21)",
        "time": 229.8180814183732
    }
}