{
    "Uber": {
        "cost": 37.97247216889076,
        "env_tax": 0.26,
        "route": "(75,84), (75,83), (76,83), (77,83), (78,83), (78,82), (78,81), (78,80), (79,80), (80,80), (80,79), (80,78), (80,77), (80,76), (80,75), (80,74), (80,73), (80,72), (80,71), (80,70), (80,69), (80,68), (80,67), (80,66), (80,65), (80,64), (80,63), (80,62), (80,61), (80,60), (80,59), (80,58), (80,57), (80,56), (80,55), (80,54), (80,53), (80,52), (79,52), (79,51), (78,51), (78,50), (78,49), (77,49), (77,48), (77,47), (76,47), (76,46), (75,46), (74,46), (73,46), (73,45)",
        "time": 12.820459630053287
    },
    "Uber_Train_Uber": {
        "cost": 38.6620016108771,
        "env_tax": 0.095,
        "route": "(75,84), (74,84), (73,84), (72,84), (71,84), (71,83), (71,82), (71,81), (71,80), (70,80)|(70,80), (70,80), (70,79), (70,78), (70,77), (70,76), (70,75), (70,74), (70,73), (70,72), (70,71), (70,70), (70,69), (70,68), (70,67), (70,66), (70,65), (70,64), (70,63), (70,62), (70,61), (70,60), (70,59), (70,58), (70,57), (70,56), (70,55), (70,54), (70,53), (70,52), (70,51), (70,50), (70,49), (70,48), (70,47), (70,46), (70,45), (70,44), (70,43), (70,42), (70,41), (70,40)|(70,40), (71,40), (72,40), (73,40), (73,41), (73,42), (73,43), (73,44), (73,45)",
        "time": 20.591129554935854
    },
    "Uber_Train_Walk": {
        "cost": 19.181776294821994,
        "env_tax": 0.05,
        "route": "(75,84), (74,84), (73,84), (72,84), (71,84), (71,83), (71,82), (71,81), (71,80), (70,80)|(70,80), (70,80), (70,79), (70,78), (70,77), (70,76), (70,75), (70,74), (70,73), (70,72), (70,71), (70,70), (70,69), (70,68), (70,67), (70,66), (70,65), (70,64), (70,63), (70,62), (70,61), (70,60), (70,59), (70,58), (70,57), (70,56), (70,55), (70,54), (70,53), (70,52), (70,51), (70,50), (70,49), (70,48), (70,47), (70,46), (70,45), (70,44), (70,43), (70,42), (70,41), (70,40)|(70,40), (71,40), (72,40), (73,40), (73,40), (73,41), (73,42), (73,43), (73,44), (73,45)",
        "time": 607.8989108724618
    },
    "Walk": {
        "cost": 0,
        "env_tax": 0,
        "route": "(75,84), (74,84), (73,84), (73,84), (73,83), (73,82), (73,81), (73,80), (73,79), (73,78), (73,77), (73,76), (73,75), (73,74), (73,73), (73,72), (73,71), (73,70), (73,69), (73,68), (73,67), (73,66), (73,65), (73,64), (73,63), (73,62), (73,61), (73,60), (73,59), (73,58), (73,57), (73,56), (73,55), (73,54), (73,53), (73,52), (73,51), (73,50), (73,49), (73,48), (73,47), (73,46), (73,45)",
        "time": 3057.146265807683
    },
    "Walk_Train_Uber": {
        "cost": 21.81972577575723,
        "env_tax": 0.045000000000000005,
        "route": "(75,84), (74,84), (73,84), (72,84), (71,84), (70,84), (70,84), (70,83), (70,82), (70,81), (70,80)|(70,80), (70,80), (70,79), (70,78), (70,77), (70,76), (70,75), (70,74), (70,73), (70,72), (70,71), (70,70), (70,69), (70,68), (70,67), (70,66), (70,65), (70,64), (70,63), (70,62), (70,61), (70,60), (70,59), (70,58), (70,57), (70,56), (70,55), (70,54), (70,53), (70,52), (70,51), (70,50), (70,49), (70,48), (70,47), (70,46), (70,45), (70,44), (70,43), (70,42), (70,41), (70,40)|(70,40), (71,40), (72,40), (73,40), (73,41), (73,42), (73,43), (73,44), (73,45)",
        "time": 687.3892977444883
    },
    "Walk_Train_Walk": {
        "cost": 4.2,
        "env_tax": 0,
        "route": "(75,84), (74,84), (73,84), (72,84), (71,84), (70,84), (70,84), (70,83), (70,82), (70,81), (70,80)|(70,80), (70,80), (70,79), (70,78), (70,77), (70,76), (70,75), (70,74), (70,73), (70,72), (70,71), (70,70), (70,69), (70,68), (70,67), (70,66), (70,65), (70,64), (70,63), (70,62), (70,61), (70,60), (70,59), (70,58), (70,57), (70,56), (70,55), (70,54), (70,53), (70,52), (70,51), (70,50), (70,49), (70,48), (70,47), (70,46), (70,45), (70,44), (70,43), (70,42), (70,41), (70,40)|(70,40), (71,40), (72,40), (73,40), (73,40), (73,41), (73,42), (73,43), (73,44), (73,45)",
        "time": 1273.7749294999307
    }
}