{
    "Uber": {
        "cost": 40.209387731176804,
        "env_tax": 0.49000000000000005,
        "route": "(79,85), (79,86), (79,87), (79,88), (79,89), (79,90), (79,91), (79,92), (78,92), (77,92), (76,92), (76,93), (76,94), (75,94), (74,94), (73,94), (72,94), (71,94), (70,94), (69,94), (68,94), (67,94), (67,95), (66,95), (65,95), (64,95), (63,95), (62,95), (61,95), (60,95), (59,95), (58,95), (57,95), (56,95), (55,95), (54,95), (53,95), (52,95), (51,95), (50,95), (49,95), (48,95), (47,95), (46,95), (45,95), (44,95), (43,95), (42,95), (41,95), (40,95), (39,95), (38,95), (37,95), (36,95), (35,95), (34,95), (34,94), (34,93), (33,93), (33,92), (33,91), (32,91), (31,91), (30,91), (29,91), (29,90), (28,90), (27,90), (27,89), (27,88), (27,87), (27,86), (27,85), (27,84), (27,83), (27,82), (27,81), (27,80), (27,79), (27,78), (27,77), (27,76), (27,75), (27,74), (27,73), (27,72), (27,71), (27,70), (27,69), (27,68), (27,67), (27,66), (27,65), (27,64), (27,63), (27,62), (27,61), (27,60)",
        "time": 14.524197277357521
    },
    "Uber_Train_Uber": {
        "cost": 34.195936120882656,
        "env_tax": 0.05500000000000001,
        "route": "(79,85), (80,85), (80,84), (80,83), (80,82), (80,81), (80,80)|(80,80), (79,80), (78,80), (77,80), (76,80), (75,80), (74,80), (73,80), (72,80), (71,80), (70,80), (69,80), (68,80), (67,80), (66,80), (65,80), (64,80), (63,80), (62,80), (61,80), (60,80), (59,80), (58,80), (57,80), (56,80), (55,80), (54,80), (53,80), (52,80), (51,80), (50,80), (49,80), (48,80), (47,80), (46,80), (45,80), (44,80), (43,80), (42,80), (41,80), (40,80), (39,80), (38,80), (37,80), (36,80), (35,80), (34,80), (33,80), (32,80), (31,80), (30,80), (30,80), (30,79), (30,78), (30,77), (30,76), (30,75), (30,74), (30,73), (30,72), (30,71), (30,70), (30,69), (30,68), (30,67), (30,66), (30,65), (30,64), (30,63), (30,62), (30,61), (30,60)|(30,60), (29,60), (28,60), (27,60)",
        "time": 19.779663352210985
    },
    "Uber_Train_Walk": {
        "cost": 20.8372580328129,
        "env_tax": 0.035,
        "route": "(79,85), (80,85), (80,84), (80,83), (80,82), (80,81), (80,80)|(80,80), (79,80), (78,80), (77,80), (76,80), (75,80), (74,80), (73,80), (72,80), (71,80), (70,80), (69,80), (68,80), (67,80), (66,80), (65,80), (64,80), (63,80), (62,80), (61,80), (60,80), (59,80), (58,80), (57,80), (56,80), (55,80), (54,80), (53,80), (52,80), (51,80), (50,80), (49,80), (48,80), (47,80), (46,80), (45,80), (44,80), (43,80), (42,80), (41,80), (40,80), (39,80), (38,80), (37,80), (36,80), (35,80), (34,80), (33,80), (32,80), (31,80), (30,80), (30,80), (30,79), (30,78), (30,77), (30,76), (30,75), (30,74), (30,73), (30,72), (30,71), (30,70), (30,69), (30,68), (30,67), (30,66), (30,65), (30,64), (30,63), (30,62), (30,61), (30,60)|(30,60), (29,60), (28,60), (27,60), (27,60)",
        "time": 237.1495441370933
    },
    "Walk": {
        "cost": 0,
        "env_tax": 0,
        "route": "(79,85), (78,85), (77,85), (76,85), (75,85), (74,85), (73,85), (72,85), (71,85), (70,85), (69,85), (68,85), (67,85), (66,85), (65,85), (64,85), (63,85), (62,85), (61,85), (60,85), (59,85), (58,85), (57,85), (56,85), (55,85), (54,85), (53,85), (52,85), (51,85), (50,85), (49,85), (48,85), (47,85), (46,85), (45,85), (44,85), (43,85), (42,85), (41,85), (40,85), (39,85), (38,85), (37,85), (36,85), (35,85), (34,85), (33,85), (32,85), (31,85), (30,85), (29,85), (28,85), (27,85), (27,85), (27,84), (27,83), (27,82), (27,81), (27,80), (27,79), (27,78), (27,77), (27,76), (27,75), (27,74), (27,73), (27,72), (27,71), (27,70), (27,69), (27,68), (27,67), (27,66), (27,65), (27,64), (27,63), (27,62), (27,61), (27,60)",
        "time": 5741.4698162729655
    },
    "Walk_Train_Uber": {
        "cost": 21.521820902191102,
        "env_tax": 0.020000000000000004,
        "route": "(79,85), (80,85), (80,85), (80,84), (80,83), (80,82), (80,81), (80,80)|(80,80), (79,80), (78,80), (77,80), (76,80), (75,80), (74,80), (73,80), (72,80), (71,80), (70,80), (69,80), (68,80), (67,80), (66,80), (65,80), (64,80), (63,80), (62,80), (61,80), (60,80), (59,80), (58,80), (57,80), (56,80), (55,80), (54,80), (53,80), (52,80), (51,80), (50,80), (49,80), (48,80), (47,80), (46,80), (45,80), (44,80), (43,80), (42,80), (41,80), (40,80), (39,80), (38,80), (37,80), (36,80), (35,80), (34,80), (33,80), (32,80), (31,80), (30,80), (30,80), (30,79), (30,78), (30,77), (30,76), (30,75), (30,74), (30,73), (30,72), (30,71), (30,70), (30,69), (30,68), (30,67), (30,66), (30,65), (30,64), (30,63), (30,62), (30,61), (30,60)|(30,60), (29,60), (28,60), (27,60)",
        "time": 461.1749817679723
    },
    "Walk_Train_Walk": {
        "cost": 7.2,
        "env_tax": 0,
        "route": "(79,85), (80,85), (80,85), (80,84), (80,83), (80,82), (80,81), (80,80)|(80,80), (79,80), (78,80), (77,80), (76,80), (75,80), (74,80), (73,80), (72,80), (71,80), (70,80), (69,80), (68,80), (67,80), (66,80), (65,80), (64,80), (63,80), (62,80), (61,80), (60,80), (59,80), (58,80), (57,80), (56,80), (55,80), (54,80), (53,80), (52,80), (51,80), (50,80), (49,80), (48,80), (47,80), (46,80), (45,80), (44,80), (43,80), (42,80), (41,80), (40,80), (39,80), (38,80), (37,80), (36,80), (35,80), (34,80), (33,80), (32,80), (31,80), (30,80), (30,80), (30,79), (30,78), (30,77), (30,76), (30,75), (30,74), (30,73), (30,72), (30,71), (30,70), (30,69), (30,68), (30,67), (30,66), (30,65), (30,64), (30,63), (30,62), (30,61), (30,60)|(30,60), (29,60), (28,60), (27,60), (27,60)",
        "time": 678.4869823908043
    }
}