{
    "Uber": {
        "cost": 19.949293822217175,
        "env_tax": 0.22000000000000003,
        "route": "(83,18), (84,18), (85,18), (86,18), (87,18), (88,18), (89,18), (90,18), (91,18), (92,18), (93,18), (94,18), (95,18), (95,19), (95,20), (96,20), (97,20), (97,21), (98,21), (98,22), (98,23), (98,24), (98,25), (98,26), (98,27), (98,28), (98,29), (98,30), (97,30), (97,31), (97,32), (97,33), (97,34), (97,35), (97,36), (97,37), (97,38), (97,39), (97,40), (97,41), (97,42), (97,43), (97,44), (97,45)",
        "time": 10.965453629292579
    },
    "Uber_Train_Uber": {
        "cost": 31.07892909531179,
        "env_tax": 0.095,
        "route": "(83,18), (83,19), (83,20), (82,20), (81,20), (80,20)|(80,20), (81,20), (82,20), (83,20), (84,20), (85,20), (86,20), (87,20), (88,20), (89,20), (90,20), (90,20), (90,21), (90,22), (90,23), (90,24), (90,25), (90,26), (90,27), (90,28), (90,29), (90,30), (90,31), (90,32), (90,33), (90,34), (90,35), (90,36), (90,37), (90,38), (90,39), (90,40)|(90,40), (91,40), (92,40), (93,40), (94,40), (95,40), (96,40), (96,41), (96,42), (96,43), (96,44), (96,45), (97,45)",
        "time": 20.511268423686616
    },
    "Uber_Train_Walk": {
        "cost": 16.12067498808659,
        "env_tax": 0.030000000000000006,
        "route": "(83,18), (83,19), (83,20), (82,20), (81,20), (80,20)|(80,20), (81,20), (82,20), (83,20), (84,20), (85,20), (86,20), (87,20), (88,20), (89,20), (90,20), (90,20), (90,21), (90,22), (90,23), (90,24), (90,25), (90,26), (90,27), (90,28), (90,29), (90,30), (90,31), (90,32), (90,33), (90,34), (90,35), (90,36), (90,37), (90,38), (90,39), (90,40)|(90,40), (91,40), (92,40), (93,40), (94,40), (95,40), (96,40), (97,40), (97,40), (97,41), (97,42), (97,43), (97,44), (97,45)",
        "time": 911.3968960930692
    },
    "Walk": {
        "cost": 0,
        "env_tax": 0,
        "route": "(83,18), (84,18), (85,18), (86,18), (87,18), (88,18), (89,18), (90,18), (91,18), (92,18), (93,18), (94,18), (95,18), (96,18), (97,18), (97,18), (97,19), (97,20), (97,21), (97,22), (97,23), (97,24), (97,25), (97,26), (97,27), (97,28), (97,29), (97,30), (97,31), (97,32), (97,33), (97,34), (97,35), (97,36), (97,37), (97,38), (97,39), (97,40), (97,41), (97,42), (97,43), (97,44), (97,45)",
        "time": 3057.146265807683
    },
    "Walk_Train_Uber": {
        "cost": 18.34240698424997,
        "env_tax": 0.065,
        "route": "(83,18), (82,18), (81,18), (80,18), (80,18), (80,19), (80,20)|(80,20), (81,20), (82,20), (83,20), (84,20), (85,20), (86,20), (87,20), (88,20), (89,20), (90,20), (90,20), (90,21), (90,22), (90,23), (90,24), (90,25), (90,26), (90,27), (90,28), (90,29), (90,30), (90,31), (90,32), (90,33), (90,34), (90,35), (90,36), (90,37), (90,38), (90,39), (90,40)|(90,40), (91,40), (92,40), (93,40), (94,40), (95,40), (96,40), (96,41), (96,42), (96,43), (96,44), (96,45), (97,45)",
        "time": 384.37103261872033
    },
    "Walk_Train_Walk": {
        "cost": 3.2,
        "env_tax": 0,
        "route": "(83,18), (82,18), (81,18), (80,18), (80,18), (80,19), (80,20)|(80,20), (81,20), (82,20), (83,20), (84,20), (85,20), (86,20), (87,20), (88,20), (89,20), (90,20), (90,20), (90,21), (90,22), (90,23), (90,24), (90,25), (90,26), (90,27), (90,28), (90,29), (90,30), (90,31), (90,32), (90,33), (90,34), (90,35), (90,36), (90,37), (90,38), (90,39), (90,40)|(90,40), (91,40), (92,40), (93,40), (94,40), (95,40), (96,40), (97,40), (97,40), (97,41), (97,42), (97,43), (97,44), (97,45)",
        "time": 1273.9470904366126
    }
}