{
    "Uber": {
        "cost": 39.520760075728276,
        "env_tax": 0.41500000000000004,
        "route": "(69,79), (69,80), (69,81), (69,82), (69,83), (69,84), (69,85), (69,86), (68,86), (67,86), (66,86), (66,87), (66,88), (65,88), (64,88), (63,88), (63,89), (62,89), (61,89), (60,89), (59,89), (58,89), (57,89), (56,89), (55,89), (54,89), (53,89), (52,89), (51,89), (50,89), (49,89), (48,89), (47,89), (46,89), (45,89), (44,89), (43,89), (42,89), (41,89), (40,89), (39,89), (38,89), (37,89), (36,89), (35,89), (34,89), (33,89), (32,89), (31,89), (30,89), (29,89), (28,89), (27,89), (26,89), (25,89), (24,89), (23,89), (23,88), (22,88), (21,88), (21,87), (20,87), (20,86), (20,85), (20,84), (20,83), (20,82), (20,81), (20,80), (20,79), (20,78), (20,77), (20,76), (20,75), (20,74), (20,73), (20,72), (20,71), (20,70), (21,70), (21,69), (21,68), (21,67)",
        "time": 15.111382942856459
    },
    "Uber_Train_Uber": {
        "cost": 32.227487767450754,
        "env_tax": 0.04000000000000001,
        "route": "(69,79), (70,79), (70,80)|(70,80), (69,80), (68,80), (67,80), (66,80), (65,80), (64,80), (63,80), (62,80), (61,80), (60,80), (59,80), (58,80), (57,80), (56,80), (55,80), (54,80), (53,80), (52,80), (51,80), (50,80), (49,80), (48,80), (47,80), (46,80), (45,80), (44,80), (43,80), (42,80), (41,80), (40,80), (39,80), (38,80), (37,80), (36,80), (35,80), (34,80), (33,80), (32,80), (31,80), (30,80), (29,80), (28,80), (27,80), (26,80), (25,80), (24,80), (23,80), (22,80), (21,80), (20,80), (20,80), (20,79), (20,78), (20,77), (20,76), (20,75), (20,74), (20,73), (20,72), (20,71), (20,70)|(20,70), (21,70), (21,69), (21,68), (21,67)",
        "time": 26.85753804529425
    },
    "Uber_Train_Walk": {
        "cost": 18.691514703663334,
        "env_tax": 0.015000000000000003,
        "route": "(69,79), (70,79), (70,80)|(70,80), (69,80), (68,80), (67,80), (66,80), (65,80), (64,80), (63,80), (62,80), (61,80), (60,80), (59,80), (58,80), (57,80), (56,80), (55,80), (54,80), (53,80), (52,80), (51,80), (50,80), (49,80), (48,80), (47,80), (46,80), (45,80), (44,80), (43,80), (42,80), (41,80), (40,80), (39,80), (38,80), (37,80), (36,80), (35,80), (34,80), (33,80), (32,80), (31,80), (30,80), (29,80), (28,80), (27,80), (26,80), (25,80), (24,80), (23,80), (22,80), (21,80), (20,80), (20,80), (20,79), (20,78), (20,77), (20,76), (20,75), (20,74), (20,73), (20,72), (20,71), (20,70)|(20,70), (21,70), (21,70), (21,69), (21,68), (21,67)",
        "time": 313.6035196978072
    },
    "Walk": {
        "cost": 0,
        "env_tax": 0,
        "route": "(69,79), (68,79), (67,79), (66,79), (65,79), (64,79), (63,79), (62,79), (61,79), (60,79), (59,79), (58,79), (57,79), (56,79), (55,79), (54,79), (53,79), (52,79), (51,79), (50,79), (49,79), (48,79), (47,79), (46,79), (45,79), (44,79), (43,79), (42,79), (41,79), (40,79), (39,79), (38,79), (37,79), (36,79), (35,79), (34,79), (33,79), (32,79), (31,79), (30,79), (29,79), (28,79), (27,79), (26,79), (25,79), (24,79), (23,79), (22,79), (21,79), (21,79), (21,78), (21,77), (21,76), (21,75), (21,74), (21,73), (21,72), (21,71), (21,70), (21,69), (21,68), (21,67)",
        "time": 4473.872584108804
    },
    "Walk_Train_Uber": {
        "cost": 19.636937563678377,
        "env_tax": 0.025,
        "route": "(69,79), (70,79), (70,79), (70,80)|(70,80), (69,80), (68,80), (67,80), (66,80), (65,80), (64,80), (63,80), (62,80), (61,80), (60,80), (59,80), (58,80), (57,80), (56,80), (55,80), (54,80), (53,80), (52,80), (51,80), (50,80), (49,80), (48,80), (47,80), (46,80), (45,80), (44,80), (43,80), (42,80), (41,80), (40,80), (39,80), (38,80), (37,80), (36,80), (35,80), (34,80), (33,80), (32,80), (31,80), (30,80), (29,80), (28,80), (27,80), (26,80), (25,80), (24,80), (23,80), (22,80), (21,80), (20,80), (20,80), (20,79), (20,78), (20,77), (20,76), (20,75), (20,74), (20,73), (20,72), (20,71), (20,70)|(20,70), (21,70), (21,69), (21,68), (21,67)",
        "time": 161.0595858227467
    },
    "Walk_Train_Walk": {
        "cost": 6.2,
        "env_tax": 0,
        "route": "(69,79), (70,79), (70,79), (70,80)|(70,80), (69,80), (68,80), (67,80), (66,80), (65,80), (64,80), (63,80), (62,80), (61,80), (60,80), (59,80), (58,80), (57,80), (56,80), (55,80), (54,80), (53,80), (52,80), (51,80), (50,80), (49,80), (48,80), (47,80), (46,80), (45,80), (44,80), (43,80), (42,80), (41,80), (40,80), (39,80), (38,80), (37,80), (36,80), (35,80), (34,80), (33,80), (32,80), (31,80), (30,80), (29,80), (28,80), (27,80), (26,80), (25,80), (24,80), (23,80), (22,80), (21,80), (20,80), (20,80), (20,79), (20,78), (20,77), (20,76), (20,75), (20,74), (20,73), (20,72), (20,71), (20,70)|(20,70), (21,70), (21,70), (21,69), (21,68), (21,67)",
        "time": 453.9276502739816
    }
}