{
    "Uber": {
        "cost": 43.198347050826705,
        "env_tax": 0.375,
        "route": "(66,99), (67,99), (67,98), (68,98), (69,98), (70,98), (71,98), (72,98), (73,98), (74,98), (75,98), (75,97), (75,96), (76,96), (76,95), (76,94), (76,93), (76,92), (77,92), (77,91), (77,90), (77,89), (77,88), (77,87), (77,86), (77,85), (77,84), (77,83), (78,83), (78,82), (78,81), (78,80), (78,79), (78,78), (78,77), (78,76), (78,75), (78,74), (79,74), (79,73), (79,72), (79,71), (79,70), (79,69), (79,68), (79,67), (79,66), (79,65), (79,64), (79,63), (79,62), (79,61), (79,60), (79,59), (79,58), (79,57), (79,56), (79,55), (79,54), (79,53), (79,52), (79,51), (78,51), (77,51), (76,51), (75,51), (75,50), (74,50), (73,50), (72,50), (71,50), (70,50), (70,49), (69,49), (69,48)",
        "time": 13.409312621749027
    },
    "Uber_Train_Uber": {
        "cost": 32.67149140668394,
        "env_tax": 0.09000000000000001,
        "route": "(66,99), (67,99), (67,98), (68,98), (68,97), (68,96), (68,95), (68,94), (68,93), (69,93), (69,92), (69,91), (69,90), (70,90)|(70,90), (70,90), (70,89), (70,88), (70,87), (70,86), (70,85), (70,84), (70,83), (70,82), (70,81), (70,80), (70,79), (70,78), (70,77), (70,76), (70,75), (70,74), (70,73), (70,72), (70,71), (70,70), (70,69), (70,68), (70,67), (70,66), (70,65), (70,64), (70,63), (70,62), (70,61), (70,60), (70,59), (70,58), (70,57), (70,56), (70,55), (70,54), (70,53), (70,52), (70,51), (70,50)|(70,50), (70,49), (69,49), (69,48)",
        "time": 28.517985607455646
    },
    "Uber_Train_Walk": {
        "cost": 18.659668127304986,
        "env_tax": 0.07,
        "route": "(66,99), (67,99), (67,98), (68,98), (68,97), (68,96), (68,95), (68,94), (68,93), (69,93), (69,92), (69,91), (69,90), (70,90)|(70,90), (70,90), (70,89), (70,88), (70,87), (70,86), (70,85), (70,84), (70,83), (70,82), (70,81), (70,80), (70,79), (70,78), (70,77), (70,76), (70,75), (70,74), (70,73), (70,72), (70,71), (70,70), (70,69), (70,68), (70,67), (70,66), (70,65), (70,64), (70,63), (70,62), (70,61), (70,60), (70,59), (70,58), (70,57), (70,56), (70,55), (70,54), (70,53), (70,52), (70,51), (70,50)|(70,50), (69,50), (69,50), (69,49), (69,48)",
        "time": 235.76233744854616
    },
    "Walk": {
        "cost": 0,
        "env_tax": 0,
        "route": "(66,99), (67,99), (68,99), (69,99), (69,99), (69,98), (69,97), (69,96), (69,95), (69,94), (69,93), (69,92), (69,91), (69,90), (69,89), (69,88), (69,87), (69,86), (69,85), (69,84), (69,83), (69,82), (69,81), (69,80), (69,79), (69,78), (69,77), (69,76), (69,75), (69,74), (69,73), (69,72), (69,71), (69,70), (69,69), (69,68), (69,67), (69,66), (69,65), (69,64), (69,63), (69,62), (69,61), (69,60), (69,59), (69,58), (69,57), (69,56), (69,55), (69,54), (69,53), (69,52), (69,51), (69,50), (69,49), (69,48)",
        "time": 4026.485325697924
    },
    "Walk_Train_Uber": {
        "cost": 18.095266833801443,
        "env_tax": 0.020000000000000004,
        "route": "(66,99), (67,99), (68,99), (69,99), (70,99), (70,99), (70,98), (70,97), (70,96), (70,95), (70,94), (70,93), (70,92), (70,91), (70,90)|(70,90), (70,90), (70,89), (70,88), (70,87), (70,86), (70,85), (70,84), (70,83), (70,82), (70,81), (70,80), (70,79), (70,78), (70,77), (70,76), (70,75), (70,74), (70,73), (70,72), (70,71), (70,70), (70,69), (70,68), (70,67), (70,66), (70,65), (70,64), (70,63), (70,62), (70,61), (70,60), (70,59), (70,58), (70,57), (70,56), (70,55), (70,54), (70,53), (70,52), (70,51), (70,50)|(70,50), (70,49), (69,49), (69,48)",
        "time": 981.9841098395927
    },
    "Walk_Train_Walk": {
        "cost": 4.2,
        "env_tax": 0,
        "route": "(66,99), (67,99), (68,99), (69,99), (70,99), (70,99), (70,98), (70,97), (70,96), (70,95), (70,94), (70,93), (70,92), (70,91), (70,90)|(70,90), (70,90), (70,89), (70,88), (70,87), (70,86), (70,85), (70,84), (70,83), (70,82), (70,81), (70,80), (70,79), (70,78), (70,77), (70,76), (70,75), (70,74), (70,73), (70,72), (70,71), (70,70), (70,69), (70,68), (70,67), (70,66), (70,65), (70,64), (70,63), (70,62), (70,61), (70,60), (70,59), (70,58), (70,57), (70,56), (70,55), (70,54), (70,53), (70,52), (70,51), (70,50)|(70,50), (69,50), (69,50), (69,49), (69,48)",
        "time": 1198.411776187125
    }
}