{
    "Uber": {
        "cost": 33.51970559405809,
        "env_tax": 0.4,
        "route": "(57,82), (56,82), (56,83), (56,84), (56,85), (56,86), (56,87), (55,87), (54,87), (53,87), (53,88), (53,89), (52,89), (52,90), (52,91), (51,91), (50,91), (50,92), (49,92), (48,92), (47,92), (46,92), (45,92), (44,92), (43,92), (42,92), (41,92), (40,92), (39,92), (38,92), (37,92), (36,92), (35,92), (34,92), (33,92), (33,91), (32,91), (31,91), (30,91), (29,91), (28,91), (27,91), (26,91), (25,91), (24,91), (23,91), (22,91), (21,91), (20,91), (19,91), (19,90), (18,90), (17,90), (16,90), (15,90), (14,90), (14,89), (13,89), (12,89), (11,89), (11,88), (11,87), (11,86), (11,85), (11,84), (11,83), (11,82), (11,81), (11,80), (11,79), (11,78), (11,77), (12,77), (12,76), (12,75), (12,74), (12,73), (12,72), (12,71), (12,70)",
        "time": 8.966429789992322
    },
    "Uber_Train_Uber": {
        "cost": 32.95350510974178,
        "env_tax": 0.04500000000000001,
        "route": "(57,82), (57,81), (58,81), (58,80), (59,80), (60,80)|(60,80), (59,80), (58,80), (57,80), (56,80), (55,80), (54,80), (53,80), (52,80), (51,80), (50,80), (49,80), (48,80), (47,80), (46,80), (45,80), (44,80), (43,80), (42,80), (41,80), (40,80), (39,80), (38,80), (37,80), (36,80), (35,80), (34,80), (33,80), (32,80), (31,80), (30,80), (29,80), (28,80), (27,80), (26,80), (25,80), (24,80), (23,80), (22,80), (21,80), (20,80), (19,80), (18,80), (17,80), (16,80), (15,80), (14,80), (13,80), (12,80), (11,80), (10,80), (10,80), (10,79), (10,78), (10,77), (10,76), (10,75), (10,74), (10,73), (10,72), (10,71), (10,70)|(10,70), (11,70), (12,70)",
        "time": 21.300750786377563
    },
    "Uber_Train_Walk": {
        "cost": 20.63040869762427,
        "env_tax": 0.030000000000000006,
        "route": "(57,82), (57,81), (58,81), (58,80), (59,80), (60,80)|(60,80), (59,80), (58,80), (57,80), (56,80), (55,80), (54,80), (53,80), (52,80), (51,80), (50,80), (49,80), (48,80), (47,80), (46,80), (45,80), (44,80), (43,80), (42,80), (41,80), (40,80), (39,80), (38,80), (37,80), (36,80), (35,80), (34,80), (33,80), (32,80), (31,80), (30,80), (29,80), (28,80), (27,80), (26,80), (25,80), (24,80), (23,80), (22,80), (21,80), (20,80), (19,80), (18,80), (17,80), (16,80), (15,80), (14,80), (13,80), (12,80), (11,80), (10,80), (10,80), (10,79), (10,78), (10,77), (10,76), (10,75), (10,74), (10,73), (10,72), (10,71), (10,70)|(10,70), (11,70), (12,70), (12,70)",
        "time": 166.8938676725476
    },
    "Walk": {
        "cost": 0,
        "env_tax": 0,
        "route": "(57,82), (56,82), (55,82), (54,82), (53,82), (52,82), (51,82), (50,82), (49,82), (48,82), (47,82), (46,82), (45,82), (44,82), (43,82), (42,82), (41,82), (40,82), (39,82), (38,82), (37,82), (36,82), (35,82), (34,82), (33,82), (32,82), (31,82), (30,82), (29,82), (28,82), (27,82), (26,82), (25,82), (24,82), (23,82), (22,82), (21,82), (20,82), (19,82), (18,82), (17,82), (16,82), (15,82), (14,82), (13,82), (12,82), (12,82), (12,81), (12,80), (12,79), (12,78), (12,77), (12,76), (12,75), (12,74), (12,73), (12,72), (12,71), (12,70)",
        "time": 4250.178954903364
    },
    "Walk_Train_Uber": {
        "cost": 18.494063870291328,
        "env_tax": 0.015000000000000003,
        "route": "(57,82), (58,82), (59,82), (60,82), (60,82), (60,81), (60,80)|(60,80), (59,80), (58,80), (57,80), (56,80), (55,80), (54,80), (53,80), (52,80), (51,80), (50,80), (49,80), (48,80), (47,80), (46,80), (45,80), (44,80), (43,80), (42,80), (41,80), (40,80), (39,80), (38,80), (37,80), (36,80), (35,80), (34,80), (33,80), (32,80), (31,80), (30,80), (29,80), (28,80), (27,80), (26,80), (25,80), (24,80), (23,80), (22,80), (21,80), (20,80), (19,80), (18,80), (17,80), (16,80), (15,80), (14,80), (13,80), (12,80), (11,80), (10,80), (10,80), (10,79), (10,78), (10,77), (10,76), (10,75), (10,74), (10,73), (10,72), (10,71), (10,70)|(10,70), (11,70), (12,70)",
        "time": 387.0675325398476
    },
    "Walk_Train_Walk": {
        "cost": 6.2,
        "env_tax": 0,
        "route": "(57,82), (58,82), (59,82), (60,82), (60,82), (60,81), (60,80)|(60,80), (59,80), (58,80), (57,80), (56,80), (55,80), (54,80), (53,80), (52,80), (51,80), (50,80), (49,80), (48,80), (47,80), (46,80), (45,80), (44,80), (43,80), (42,80), (41,80), (40,80), (39,80), (38,80), (37,80), (36,80), (35,80), (34,80), (33,80), (32,80), (31,80), (30,80), (29,80), (28,80), (27,80), (26,80), (25,80), (24,80), (23,80), (22,80), (21,80), (20,80), (19,80), (18,80), (17,80), (16,80), (15,80), (14,80), (13,80), (12,80), (11,80), (10,80), (10,80), (10,79), (10,78), (10,77), (10,76), (10,75), (10,74), (10,73), (10,72), (10,71), (10,70)|(10,70), (11,70), (12,70), (12,70)",
        "time": 531.2952275848379
    }
}