{
    "Uber": {
        "cost": 16.664054412476343,
        "env_tax": 0.06000000000000001,
        "route": "(27,18), (28,18), (29,18), (29,19), (29,20), (30,20), (30,21), (31,21), (32,21), (33,21), (34,21), (34,22)",
        "time": 7.61511731172209
    },
    "Uber_Train_Uber": {
        "cost": 28.77570653252263,
        "env_tax": 0.065,
        "route": "(27,18), (28,18), (29,18), (29,19), (29,20), (30,20)|(30,20), (30,20)|(30,20), (30,21), (31,21), (32,21), (33,21), (34,21), (34,22)",
        "time": 22.986855059825707
    },
    "Uber_Train_Walk": {
        "cost": 14.082893134533634,
        "env_tax": 0.030000000000000006,
        "route": "(27,18), (28,18), (29,18), (29,19), (29,20), (30,20)|(30,20), (30,20)|(30,20), (31,20), (32,20), (33,20), (34,20), (34,20), (34,21), (34,22)",
        "time": 466.05863869661897
    },
    "Walk": {
        "cost": 0,
        "env_tax": 0,
        "route": "(27,18), (28,18), (29,18), (30,18), (31,18), (32,18), (33,18), (34,18), (34,18), (34,19), (34,20), (34,21), (34,22)",
        "time": 820.2099737532808
    },
    "Walk_Train_Uber": {
        "cost": 14.969843583969473,
        "env_tax": 0.035,
        "route": "(27,18), (28,18), (29,18), (30,18), (30,18), (30,19), (30,20)|(30,20), (30,20)|(30,20), (30,21), (31,21), (32,21), (33,21), (34,21), (34,22)",
        "time": 387.4279385534423
    },
    "Walk_Train_Walk": {
        "cost": 0.2,
        "env_tax": 0,
        "route": "(27,18), (28,18), (29,18), (30,18), (30,18), (30,19), (30,20)|(30,20), (30,20)|(30,20), (31,20), (32,20), (33,20), (34,20), (34,20), (34,21), (34,22)",
        "time": 829.0033781018044
    }
}