{
    "Uber": {
        "cost": 55.34888155285013,
        "env_tax": 0.8150000000000001,
        "route": "(90,27), (91,27), (92,27), (93,27), (93,28), (93,29), (93,30), (94,30), (94,31), (94,32), (95,32), (95,33), (95,34), (95,35), (95,36), (95,37), (95,38), (96,38), (96,39), (96,40), (96,41), (96,42), (96,43), (96,44), (96,45), (96,46), (96,47), (96,48), (97,48), (97,49), (97,50), (97,51), (97,52), (97,53), (97,54), (96,54), (96,55), (96,56), (95,56), (95,57), (95,58), (95,59), (95,60), (95,61), (95,62), (95,63), (94,63), (93,63), (93,64), (92,64), (91,64), (90,64), (90,65), (90,66), (90,67), (89,67), (89,68), (88,68), (88,69), (87,69), (86,69), (86,70), (85,70), (85,71), (85,72), (84,72), (84,73), (83,73), (83,74), (82,74), (81,74), (80,74), (80,75), (80,76), (79,76), (79,77), (78,77), (78,78), (77,78), (76,78), (75,78), (74,78), (73,78), (73,79), (73,80), (72,80), (71,80), (71,81), (71,82), (71,83), (71,84), (71,85), (70,85), (70,86), (69,86), (68,86), (67,86), (66,86), (66,87), (66,88), (65,88), (64,88), (63,88), (63,89), (62,89), (61,89), (60,89), (59,89), (59,90), (58,90), (58,91), (58,92), (58,93), (58,94), (57,94), (57,95), (56,95), (55,95), (55,96), (54,96), (53,96), (53,97), (52,97), (51,97), (50,97), (50,98), (49,98), (48,98), (47,98), (46,98), (45,98), (44,98), (43,98), (42,98), (41,98), (40,98), (39,98), (38,98), (37,98), (36,98), (35,98), (34,98), (33,98), (32,98), (31,98), (30,98), (29,98), (28,98), (27,98), (26,98), (25,98), (24,98), (23,98), (22,98), (22,97), (22,96), (21,96), (20,96), (19,96), (19,95), (18,95), (18,94), (18,93)",
        "time": 19.59089306186697
    },
    "Uber_Train_Uber": {
        "cost": 38.62553832596414,
        "env_tax": 0.05000000000000001,
        "route": "(90,27), (90,28), (90,29), (90,30)|(90,30), (89,30), (88,30), (87,30), (86,30), (85,30), (84,30), (83,30), (82,30), (81,30), (80,30), (79,30), (78,30), (77,30), (76,30), (75,30), (74,30), (73,30), (72,30), (71,30), (70,30), (69,30), (68,30), (67,30), (66,30), (65,30), (64,30), (63,30), (62,30), (61,30), (60,30), (59,30), (58,30), (57,30), (56,30), (55,30), (54,30), (53,30), (52,30), (51,30), (50,30), (49,30), (48,30), (47,30), (46,30), (45,30), (44,30), (43,30), (42,30), (41,30), (40,30), (39,30), (38,30), (37,30), (36,30), (35,30), (34,30), (33,30), (32,30), (31,30), (30,30), (29,30), (28,30), (27,30), (26,30), (25,30), (24,30), (23,30), (22,30), (21,30), (20,30), (20,30), (20,31), (20,32), (20,33), (20,34), (20,35), (20,36), (20,37), (20,38), (20,39), (20,40), (20,41), (20,42), (20,43), (20,44), (20,45), (20,46), (20,47), (20,48), (20,49), (20,50), (20,51), (20,52), (20,53), (20,54), (20,55), (20,56), (20,57), (20,58), (20,59), (20,60), (20,61), (20,62), (20,63), (20,64), (20,65), (20,66), (20,67), (20,68), (20,69), (20,70), (20,71), (20,72), (20,73), (20,74), (20,75), (20,76), (20,77), (20,78), (20,79), (20,80), (20,81), (20,82), (20,83), (20,84), (20,85), (20,86), (20,87), (20,88), (20,89), (20,90)|(20,90), (19,90), (18,90), (18,91), (18,92), (18,93)",
        "time": 21.66492644223191
    },
    "Uber_Train_Walk": {
        "cost": 25.728631194135872,
        "env_tax": 0.020000000000000004,
        "route": "(90,27), (90,28), (90,29), (90,30)|(90,30), (89,30), (88,30), (87,30), (86,30), (85,30), (84,30), (83,30), (82,30), (81,30), (80,30), (79,30), (78,30), (77,30), (76,30), (75,30), (74,30), (73,30), (72,30), (71,30), (70,30), (69,30), (68,30), (67,30), (66,30), (65,30), (64,30), (63,30), (62,30), (61,30), (60,30), (59,30), (58,30), (57,30), (56,30), (55,30), (54,30), (53,30), (52,30), (51,30), (50,30), (49,30), (48,30), (47,30), (46,30), (45,30), (44,30), (43,30), (42,30), (41,30), (40,30), (39,30), (38,30), (37,30), (36,30), (35,30), (34,30), (33,30), (32,30), (31,30), (30,30), (29,30), (28,30), (27,30), (26,30), (25,30), (24,30), (23,30), (22,30), (21,30), (20,30), (20,30), (20,31), (20,32), (20,33), (20,34), (20,35), (20,36), (20,37), (20,38), (20,39), (20,40), (20,41), (20,42), (20,43), (20,44), (20,45), (20,46), (20,47), (20,48), (20,49), (20,50), (20,51), (20,52), (20,53), (20,54), (20,55), (20,56), (20,57), (20,58), (20,59), (20,60), (20,61), (20,62), (20,63), (20,64), (20,65), (20,66), (20,67), (20,68), (20,69), (20,70), (20,71), (20,72), (20,73), (20,74), (20,75), (20,76), (20,77), (20,78), (20,79), (20,80), (20,81), (20,82), (20,83), (20,84), (20,85), (20,86), (20,87), (20,88), (20,89), (20,90)|(20,90), (19,90), (18,90), (18,90), (18,91), (18,92), (18,93)",
        "time": 382.3814202612999
    },
    "Walk": {
        "cost": 0,
        "env_tax": 0,
        "route": "(90,27), (89,27), (88,27), (87,27), (86,27), (85,27), (84,27), (83,27), (82,27), (81,27), (80,27), (79,27), (78,27), (77,27), (76,27), (75,27), (74,27), (73,27), (72,27), (71,27), (70,27), (69,27), (68,27), (67,27), (66,27), (65,27), (64,27), (63,27), (62,27), (61,27), (60,27), (59,27), (58,27), (57,27), (56,27), (55,27), (54,27), (53,27), (52,27), (51,27), (50,27), (49,27), (48,27), (47,27), (46,27), (45,27), (44,27), (43,27), (42,27), (41,27), (40,27), (39,27), (38,27), (37,27), (36,27), (35,27), (34,27), (33,27), (32,27), (31,27), (30,27), (29,27), (28,27), (27,27), (26,27), (25,27), (24,27), (23,27), (22,27), (21,27), (20,27), (19,27), (18,27), (18,27), (18,28), (18,29), (18,30), (18,31), (18,32), (18,33), (18,34), (18,35), (18,36), (18,37), (18,38), (18,39), (18,40), (18,41), (18,42), (18,43), (18,44), (18,45), (18,46), (18,47), (18,48), (18,49), (18,50), (18,51), (18,52), (18,53), (18,54), (18,55), (18,56), (18,57), (18,58), (18,59), (18,60), (18,61), (18,62), (18,63), (18,64), (18,65), (18,66), (18,67), (18,68), (18,69), (18,70), (18,71), (18,72), (18,73), (18,74), (18,75), (18,76), (18,77), (18,78), (18,79), (18,80), (18,81), (18,82), (18,83), (18,84), (18,85), (18,86), (18,87), (18,88), (18,89), (18,90), (18,91), (18,92), (18,93)",
        "time": 10289.906943450249
    },
    "Walk_Train_Uber": {
        "cost": 25.790411826763293,
        "env_tax": 0.030000000000000006,
        "route": "(90,27), (90,27), (90,28), (90,29), (90,30)|(90,30), (89,30), (88,30), (87,30), (86,30), (85,30), (84,30), (83,30), (82,30), (81,30), (80,30), (79,30), (78,30), (77,30), (76,30), (75,30), (74,30), (73,30), (72,30), (71,30), (70,30), (69,30), (68,30), (67,30), (66,30), (65,30), (64,30), (63,30), (62,30), (61,30), (60,30), (59,30), (58,30), (57,30), (56,30), (55,30), (54,30), (53,30), (52,30), (51,30), (50,30), (49,30), (48,30), (47,30), (46,30), (45,30), (44,30), (43,30), (42,30), (41,30), (40,30), (39,30), (38,30), (37,30), (36,30), (35,30), (34,30), (33,30), (32,30), (31,30), (30,30), (29,30), (28,30), (27,30), (26,30), (25,30), (24,30), (23,30), (22,30), (21,30), (20,30), (20,30), (20,31), (20,32), (20,33), (20,34), (20,35), (20,36), (20,37), (20,38), (20,39), (20,40), (20,41), (20,42), (20,43), (20,44), (20,45), (20,46), (20,47), (20,48), (20,49), (20,50), (20,51), (20,52), (20,53), (20,54), (20,55), (20,56), (20,57), (20,58), (20,59), (20,60), (20,61), (20,62), (20,63), (20,64), (20,65), (20,66), (20,67), (20,68), (20,69), (20,70), (20,71), (20,72), (20,73), (20,74), (20,75), (20,76), (20,77), (20,78), (20,79), (20,80), (20,81), (20,82), (20,83), (20,84), (20,85), (20,86), (20,87), (20,88), (20,89), (20,90)|(20,90), (19,90), (18,90), (18,91), (18,92), (18,93)",
        "time": 234.10467823499232
    },
    "Walk_Train_Walk": {
        "cost": 13.200000000000001,
        "env_tax": 0,