{
    "Uber": {
        "cost": 56.09261585966285,
        "env_tax": 0.35000000000000003,
        "route": "(44,86), (45,86), (46,86), (47,86), (48,86), (48,87), (49,87), (50,87), (51,87), (52,87), (53,87), (54,87), (55,87), (56,87), (57,87), (58,87), (59,87), (60,87), (61,87), (61,86), (62,86), (63,86), (63,85), (63,84), (64,84), (64,83), (65,83), (66,83), (66,82), (67,82), (67,81), (67,80), (67,79), (67,78), (67,77), (67,76), (67,75), (67,74), (67,73), (67,72), (67,71), (67,70), (67,69), (67,68), (67,67), (67,66), (67,65), (67,64), (67,63), (67,62), (67,61), (67,60), (67,59), (67,58), (67,57), (67,56), (67,55), (67,54), (67,53), (67,52), (67,51), (66,51), (66,50), (66,49), (66,48), (66,47), (66,46), (65,46), (64,46), (63,46)",
        "time": 20.48170081735394
    },
    "Uber_Train_Uber": {
        "cost": 39.53407621794284,
        "env_tax": 0.08500000000000002,
        "route": "(44,86), (43,86), (43,87), (42,87), (42,88), (42,89), (41,89), (41,90), (40,90)|(40,90), (41,90), (42,90), (43,90), (44,90), (45,90), (46,90), (47,90), (48,90), (49,90), (50,90), (51,90), (52,90), (53,90), (54,90), (55,90), (56,90), (57,90), (58,90), (59,90), (60,90), (60,90), (60,89), (60,88), (60,87), (60,86), (60,85), (60,84), (60,83), (60,82), (60,81), (60,80), (60,79), (60,78), (60,77), (60,76), (60,75), (60,74), (60,73), (60,72), (60,71), (60,70), (60,69), (60,68), (60,67), (60,66), (60,65), (60,64), (60,63), (60,62), (60,61), (60,60), (60,59), (60,58), (60,57), (60,56), (60,55), (60,54), (60,53), (60,52), (60,51), (60,50)|(60,50), (60,49), (60,48), (61,48), (61,47), (61,46), (62,46), (63,46)",
        "time": 22.25261525748787
    },
    "Uber_Train_Walk": {
        "cost": 20.86083380440857,
        "env_tax": 0.045000000000000005,
        "route": "(44,86), (43,86), (43,87), (42,87), (42,88), (42,89), (41,89), (41,90), (40,90)|(40,90), (41,90), (42,90), (43,90), (44,90), (45,90), (46,90), (47,90), (48,90), (49,90), (50,90), (51,90), (52,90), (53,90), (54,90), (55,90), (56,90), (57,90), (58,90), (59,90), (60,90), (60,90), (60,89), (60,88), (60,87), (60,86), (60,85), (60,84), (60,83), (60,82), (60,81), (60,80), (60,79), (60,78), (60,77), (60,76), (60,75), (60,74), (60,73), (60,72), (60,71), (60,70), (60,69), (60,68), (60,67), (60,66), (60,65), (60,64), (60,63), (60,62), (60,61), (60,60), (60,59), (60,58), (60,57), (60,56), (60,55), (60,54), (60,53), (60,52), (60,51), (60,50)|(60,50), (61,50), (62,50), (63,50), (63,50), (63,49), (63,48), (63,47), (63,46)",
        "time": 538.5573783206139
    },
    "Walk": {
        "cost": 0,
        "env_tax": 0,
        "route": "(44,86), (45,86), (46,86), (47,86), (48,86), (49,86), (50,86), (51,86), (52,86), (53,86), (54,86), (55,86), (56,86), (57,86), (58,86), (59,86), (60,86), (61,86), (62,86), (63,86), (63,86), (63,85), (63,84), (63,83), (63,82), (63,81), (63,80), (63,79), (63,78), (63,77), (63,76), (63,75), (63,74), (63,73), (63,72), (63,71), (63,70), (63,69), (63,68), (63,67), (63,66), (63,65), (63,64), (63,63), (63,62), (63,61), (63,60), (63,59), (63,58), (63,57), (63,56), (63,55), (63,54), (63,53), (63,52), (63,51), (63,50), (63,49), (63,48), (63,47), (63,46)",
        "time": 4399.3080410403245
    },
    "Walk_Train_Uber": {
        "cost": 26.766631986460926,
        "env_tax": 0.04000000000000001,
        "route": "(44,86), (43,86), (42,86), (41,86), (40,86), (40,86), (40,87), (40,88), (40,89), (40,90)|(40,90), (41,90), (42,90), (43,90), (44,90), (45,90), (46,90), (47,90), (48,90), (49,90), (50,90), (51,90), (52,90), (53,90), (54,90), (55,90), (56,90), (57,90), (58,90), (59,90), (60,90), (60,90), (60,89), (60,88), (60,87), (60,86), (60,85), (60,84), (60,83), (60,82), (60,81), (60,80), (60,79), (60,78), (60,77), (60,76), (60,75), (60,74), (60,73), (60,72), (60,71), (60,70), (60,69), (60,68), (60,67), (60,66), (60,65), (60,64), (60,63), (60,62), (60,61), (60,60), (60,59), (60,58), (60,57), (60,56), (60,55), (60,54), (60,53), (60,52), (60,51), (60,50)|(60,50), (60,49), (60,48), (61,48), (61,47), (61,46), (62,46), (63,46)",
        "time": 613.1799415706206
    },
    "Walk_Train_Walk": {
        "cost": 6.2,
        "env_tax": 0,
        "route": "(44,86), (43,86), (42,86), (41,86), (40,86), (40,86), (40,87), (40,88), (40,89), (40,90)|(40,90), (41,90), (42,90), (43,90), (44,90), (45,90), (46,90), (47,90), (48,90), (49,90), (50,90), (51,90), (52,90), (53,90), (54,90), (55,90), (56,90), (57,90), (58,90), (59,90), (60,90), (60,90), (60,89), (60,88), (60,87), (60,86), (60,85), (60,84), (60,83), (60,82), (60,81), (60,80), (60,79), (60,78), (60,77), (60,76), (60,75), (60,74), (60,73), (60,72), (60,71), (60,70), (60,69), (60,68), (60,67), (60,66), (60,65), (60,64), (60,63), (60,62), (60,61), (60,60), (60,59), (60,58), (60,57), (60,56), (60,55), (60,54), (60,53), (60,52), (60,51), (60,50)|(60,50), (61,50), (62,50), (63,50), (63,50), (63,49), (63,48), (63,47), (63,46)",
        "time": 1124.9126187991328
    }
}