{
    "Uber": {
        "cost": 39.50602672829201,
        "env_tax": 0.21000000000000002,
        "route": "(71,33), (71,32), (70,32), (69,32), (69,31), (69,30), (68,30), (67,30), (67,29), (67,28), (66,28), (65,28), (65,27), (65,26), (64,26), (64,25), (64,24), (63,24), (63,23), (62,23), (62,22), (61,22), (60,22), (59,22), (59,21), (58,21), (57,21), (56,21), (55,21), (54,21), (53,21), (52,21), (51,21), (50,21), (49,21), (48,21), (47,21), (46,21), (45,21), (44,21), (43,21), (42,21)",
        "time": 15.646262496058391
    },
    "Uber_Train_Uber": {
        "cost": 31.77724891281853,
        "env_tax": 0.045000000000000005,
        "route": "(71,33), (71,32), (70,32), (70,31), (70,30)|(70,30), (69,30), (68,30), (67,30), (66,30), (65,30), (64,30), (63,30), (62,30), (61,30), (60,30), (59,30), (58,30), (57,30), (56,30), (55,30), (54,30), (53,30), (52,30), (51,30), (50,30), (49,30), (48,30), (47,30), (46,30), (45,30), (44,30), (43,30), (42,30), (41,30), (40,30), (40,30), (40,29), (40,28), (40,27), (40,26), (40,25), (40,24), (40,23), (40,22), (40,21), (40,20)|(40,20), (41,20), (42,20), (42,21)",
        "time": 23.821518502340666
    },
    "Uber_Train_Walk": {
        "cost": 18.77558442020325,
        "env_tax": 0.025,
        "route": "(71,33), (71,32), (70,32), (70,31), (70,30)|(70,30), (69,30), (68,30), (67,30), (66,30), (65,30), (64,30), (63,30), (62,30), (61,30), (60,30), (59,30), (58,30), (57,30), (56,30), (55,30), (54,30), (53,30), (52,30), (51,30), (50,30), (49,30), (48,30), (47,30), (46,30), (45,30), (44,30), (43,30), (42,30), (41,30), (40,30), (40,30), (40,29), (40,28), (40,27), (40,26), (40,25), (40,24), (40,23), (40,22), (40,21), (40,20)|(40,20), (41,20), (42,20), (42,20), (42,21)",
        "time": 237.87424949744542
    },
    "Walk": {
        "cost": 0,
        "env_tax": 0,
        "route": "(71,33), (70,33), (69,33), (68,33), (67,33), (66,33), (65,33), (64,33), (63,33), (62,33), (61,33), (60,33), (59,33), (58,33), (57,33), (56,33), (55,33), (54,33), (53,33), (52,33), (51,33), (50,33), (49,33), (48,33), (47,33), (46,33), (45,33), (44,33), (43,33), (42,33), (42,33), (42,32), (42,31), (42,30), (42,29), (42,28), (42,27), (42,26), (42,25), (42,24), (42,23), (42,22), (42,21)",
        "time": 3057.146265807683
    },
    "Walk_Train_Uber": {
        "cost": 17.862614789707504,
        "env_tax": 0.020000000000000004,
        "route": "(71,33), (70,33), (70,33), (70,32), (70,31), (70,30)|(70,30), (69,30), (68,30), (67,30), (66,30), (65,30), (64,30), (63,30), (62,30), (61,30), (60,30), (59,30), (58,30), (57,30), (56,30), (55,30), (54,30), (53,30), (52,30), (51,30), (50,30), (49,30), (48,30), (47,30), (46,30), (45,30), (44,30), (43,30), (42,30), (41,30), (40,30), (40,30), (40,29), (40,28), (40,27), (40,26), (40,25), (40,24), (40,23), (40,22), (40,21), (40,20)|(40,20), (41,20), (42,20), (42,21)",
        "time": 317.6242854350711
    },
    "Walk_Train_Walk": {
        "cost": 4.2,
        "env_tax": 0,
        "route": "(71,33), (70,33), (70,33), (70,32), (70,31), (70,30)|(70,30), (69,30), (68,30), (67,30), (66,30), (65,30), (64,30), (63,30), (62,30), (61,30), (60,30), (59,30), (58,30), (57,30), (56,30), (55,30), (54,30), (53,30), (52,30), (51,30), (50,30), (49,30), (48,30), (47,30), (46,30), (45,30), (44,30), (43,30), (42,30), (41,30), (40,30), (40,30), (40,29), (40,28), (40,27), (40,26), (40,25), (40,24), (40,23), (40,22), (40,21), (40,20)|(40,20), (41,20), (42,20), (42,20), (42,21)",
        "time": 530.1784993469728
    }
}