{
    "Uber": {
        "cost": 12.761700806320224,
        "env_tax": 0.010000000000000002,
        "route": "(75,37), (74,37)",
        "time": 9.076563005117498
    },
    "Uber_Train_Uber": {
        "cost": 35.157786508096024,
        "env_tax": 0.08500000000000002,
        "route": "(75,37), (75,38), (75,39), (74,39), (73,39), (72,39), (71,39), (70,39), (70,40)|(70,40), (70,40)|(70,40), (70,39), (71,39), (72,39), (73,39), (74,39), (74,38), (74,37)",
        "time": 23.295332953553594
    },
    "Uber_Train_Walk": {
        "cost": 17.722028485074993,
        "env_tax": 0.045000000000000005,
        "route": "(75,37), (75,38), (75,39), (74,39), (73,39), (72,39), (71,39), (70,39), (70,40)|(70,40), (70,40)|(70,40), (71,40), (72,40), (73,40), (74,40), (74,40), (74,39), (74,38), (74,37)",
        "time": 537.8809361089243
    },
    "Walk": {
        "cost": 0,
        "env_tax": 0,
        "route": "(75,37), (74,37), (74,37)",
        "time": 74.56454306848008
    },
    "Walk_Train_Uber": {
        "cost": 18.358148801905564,
        "env_tax": 0.04000000000000001,
        "route": "(75,37), (74,37), (73,37), (72,37), (71,37), (70,37), (70,37), (70,38), (70,39), (70,40)|(70,40), (70,40)|(70,40), (70,39), (71,39), (72,39), (73,39), (74,39), (74,38), (74,37)",
        "time": 613.2004586695608
    },
    "Walk_Train_Walk": {
        "cost": 0.2,
        "env_tax": 0,
        "route": "(75,37), (74,37), (73,37), (72,37), (71,37), (70,37), (70,37), (70,38), (70,39), (70,40)|(70,40), (70,40)|(70,40), (71,40), (72,40), (73,40), (74,40), (74,40), (74,39), (74,38), (74,37)",
        "time": 1123.6300110762102
    }
}