{
    "Uber": {
        "cost": 37.671773237192205,
        "env_tax": 0.36500000000000005,
        "route": "(50,22), (49,22), (48,22), (47,22), (47,21), (46,21), (45,21), (44,21), (43,21), (42,21), (41,21), (40,21), (39,21), (38,21), (37,21), (36,21), (35,21), (34,21), (33,21), (32,21), (31,21), (30,21), (30,20), (29,20), (28,20), (27,20), (26,20), (25,20), (24,20), (23,20), (22,20), (21,20), (20,20), (19,20), (18,20), (17,20), (17,21), (16,21), (15,21), (14,21), (14,22), (13,22), (13,23), (12,23), (11,23), (10,23), (9,23), (9,24), (9,25), (9,26), (9,27), (9,28), (9,29), (9,30), (8,30), (7,30), (7,31), (7,32), (7,33), (7,34), (7,35), (7,36), (7,37), (7,38), (7,39), (7,40), (7,41), (7,42), (7,43), (8,43), (8,44), (8,45), (8,46)",
        "time": 14.809499529263814
    },
    "Uber_Train_Uber": {
        "cost": 33.96815078010417,
        "env_tax": 0.05,
        "route": "(50,22), (50,21), (50,20)|(50,20), (49,20), (48,20), (47,20), (46,20), (45,20), (44,20), (43,20), (42,20), (41,20), (40,20), (39,20), (38,20), (37,20), (36,20), (35,20), (34,20), (33,20), (32,20), (31,20), (30,20), (29,20), (28,20), (27,20), (26,20), (25,20), (24,20), (23,20), (22,20), (21,20), (20,20), (19,20), (18,20), (17,20), (16,20), (15,20), (14,20), (13,20), (12,20), (11,20), (10,20), (10,20), (10,21), (10,22), (10,23), (10,24), (10,25), (10,26), (10,27), (10,28), (10,29), (10,30), (10,31), (10,32), (10,33), (10,34), (10,35), (10,36), (10,37), (10,38), (10,39), (10,40), (10,41), (10,42), (10,43), (10,44), (10,45), (10,46), (10,47), (10,48), (10,49), (10,50)|(10,50), (10,49), (9,49), (9,48), (8,48), (8,47), (8,46)",
        "time": 20.01950332342375
    },
    "Uber_Train_Walk": {
        "cost": 20.251514495942736,
        "env_tax": 0.015000000000000003,
        "route": "(50,22), (50,21), (50,20)|(50,20), (49,20), (48,20), (47,20), (46,20), (45,20), (44,20), (43,20), (42,20), (41,20), (40,20), (39,20), (38,20), (37,20), (36,20), (35,20), (34,20), (33,20), (32,20), (31,20), (30,20), (29,20), (28,20), (27,20), (26,20), (25,20), (24,20), (23,20), (22,20), (21,20), (20,20), (19,20), (18,20), (17,20), (16,20), (15,20), (14,20), (13,20), (12,20), (11,20), (10,20), (10,20), (10,21), (10,22), (10,23), (10,24), (10,25), (10,26), (10,27), (10,28), (10,29), (10,30), (10,31), (10,32), (10,33), (10,34), (10,35), (10,36), (10,37), (10,38), (10,39), (10,40), (10,41), (10,42), (10,43), (10,44), (10,45), (10,46), (10,47), (10,48), (10,49), (10,50)|(10,50), (9,50), (8,50), (8,50), (8,49), (8,48), (8,47), (8,46)",
        "time": 462.39487018786434
    },
    "Walk": {
        "cost": 0,
        "env_tax": 0,
        "route": "(50,22), (49,22), (48,22), (47,22), (46,22), (45,22), (44,22), (43,22), (42,22), (41,22), (40,22), (39,22), (38,22), (37,22), (36,22), (35,22), (34,22), (33,22), (32,22), (31,22), (30,22), (29,22), (28,22), (27,22), (26,22), (25,22), (24,22), (23,22), (22,22), (21,22), (20,22), (19,22), (18,22), (17,22), (16,22), (15,22), (14,22), (13,22), (12,22), (11,22), (10,22), (9,22), (8,22), (8,22), (8,23), (8,24), (8,25), (8,26), (8,27), (8,28), (8,29), (8,30), (8,31), (8,32), (8,33), (8,34), (8,35), (8,36), (8,37), (8,38), (8,39), (8,40), (8,41), (8,42), (8,43), (8,44), (8,45), (8,46)",
        "time": 4921.259842519685
    },
    "Walk_Train_Uber": {
        "cost": 21.00791709409841,
        "env_tax": 0.035,
        "route": "(50,22), (50,22), (50,21), (50,20)|(50,20), (49,20), (48,20), (47,20), (46,20), (45,20), (44,20), (43,20), (42,20), (41,20), (40,20), (39,20), (38,20), (37,20), (36,20), (35,20), (34,20), (33,20), (32,20), (31,20), (30,20), (29,20), (28,20), (27,20), (26,20), (25,20), (24,20), (23,20), (22,20), (21,20), (20,20), (19,20), (18,20), (17,20), (16,20), (15,20), (14,20), (13,20), (12,20), (11,20), (10,20), (10,20), (10,21), (10,22), (10,23), (10,24), (10,25), (10,26), (10,27), (10,28), (10,29), (10,30), (10,31), (10,32), (10,33), (10,34), (10,35), (10,36), (10,37), (10,38), (10,39), (10,40), (10,41), (10,42), (10,43), (10,44), (10,45), (10,46), (10,47), (10,48), (10,49), (10,50)|(10,50), (10,49), (9,49), (9,48), (8,48), (8,47), (8,46)",
        "time": 163.38760974470173
    },
    "Walk_Train_Walk": {
        "cost": 7.2,
        "env_tax": 0,
        "route": "(50,22), (50,22), (50,21), (50,20)|(50,20), (49,20), (48,20), (47,20), (46,20), (45,20), (44,20), (43,20), (42,20), (41,20), (40,20), (39,20), (38,20), (37,20), (36,20), (35,20), (34,20), (33,20), (32,20), (31,20), (30,20), (29,20), (28,20), (27,20), (26,20), (25,20), (24,20), (23,20), (22,20), (21,20), (20,20), (19,20), (18,20), (17,20), (16,20), (15,20), (14,20), (13,20), (12,20), (11,20), (10,20), (10,20), (10,21), (10,22), (10,23), (10,24), (10,25), (10,26), (10,27), (10,28), (10,29), (10,30), (10,31), (10,32), (10,33), (10,34), (10,35), (10,36), (10,37), (10,38), (10,39), (10,40), (10,41), (10,42), (10,43), (10,44), (10,45), (10,46), (10,47), (10,48), (10,49), (10,50)|(10,50), (9,50), (8,50), (8,50), (8,49), (8,48), (8,47), (8,46)",
        "time": 601.9016479532736
    }
}