{
    "Uber": {
        "cost": 31.343772464976745,
        "env_tax": 0.15500000000000003,
        "route": "(84,28), (83,28), (82,28), (82,29), (82,30), (81,30), (81,31), (80,31), (79,31), (78,31), (78,32), (77,32), (76,32), (76,33), (75,33), (75,34), (74,34), (73,34), (73,35), (72,35), (72,36), (71,36), (70,36), (69,36), (68,36), (68,37), (67,37), (66,37), (65,37), (64,37), (63,37)",
        "time": 8.073272107444655
    },
    "Uber_Train_Uber": {
        "cost": 35.497413596889565,
        "env_tax": 0.07,
        "route": "(84,28), (83,28), (82,28), (82,29), (82,30), (81,30), (80,30)|(80,30), (79,30), (78,30), (77,30), (76,30), (75,30), (74,30), (73,30), (72,30), (71,30), (70,30), (69,30), (68,30), (67,30), (66,30), (65,30), (64,30), (63,30), (62,30), (61,30), (60,30), (60,30), (60,31), (60,32), (60,33), (60,34), (60,35), (60,36), (60,37), (60,38), (60,39), (60,40)|(60,40), (60,39), (60,38), (61,38), (62,38), (63,38), (63,37)",
        "time": 19.059761514216206
    },
    "Uber_Train_Walk": {
        "cost": 17.06943278816243,
        "env_tax": 0.035,
        "route": "(84,28), (83,28), (82,28), (82,29), (82,30), (81,30), (80,30)|(80,30), (79,30), (78,30), (77,30), (76,30), (75,30), (74,30), (73,30), (72,30), (71,30), (70,30), (69,30), (68,30), (67,30), (66,30), (65,30), (64,30), (63,30), (62,30), (61,30), (60,30), (60,30), (60,31), (60,32), (60,33), (60,34), (60,35), (60,36), (60,37), (60,38), (60,39), (60,40)|(60,40), (61,40), (62,40), (63,40), (63,40), (63,39), (63,38), (63,37)",
        "time": 460.84272078852024
    },
    "Walk": {
        "cost": 0,
        "env_tax": 0,
        "route": "(84,28), (83,28), (82,28), (81,28), (80,28), (79,28), (78,28), (77,28), (76,28), (75,28), (74,28), (73,28), (72,28), (71,28), (70,28), (69,28), (68,28), (67,28), (66,28), (65,28), (64,28), (63,28), (63,28), (63,29), (63,30), (63,31), (63,32), (63,33), (63,34), (63,35), (63,36), (63,37)",
        "time": 2236.936292054402
    },
    "Walk_Train_Uber": {
        "cost": 22.724152629229987,
        "env_tax": 0.035,
        "route": "(84,28), (83,28), (82,28), (81,28), (80,28), (80,28), (80,29), (80,30)|(80,30), (79,30), (78,30), (77,30), (76,30), (75,30), (74,30), (73,30), (72,30), (71,30), (70,30), (69,30), (68,30), (67,30), (66,30), (65,30), (64,30), (63,30), (62,30), (61,30), (60,30), (60,30), (60,31), (60,32), (60,33), (60,34), (60,35), (60,36), (60,37), (60,38), (60,39), (60,40)|(60,40), (60,39), (60,38), (61,38), (62,38), (63,38), (63,37)",
        "time": 460.2642284081337
    },
    "Walk_Train_Walk": {
        "cost": 3.2,
        "env_tax": 0,
        "route": "(84,28), (83,28), (82,28), (81,28), (80,28), (80,28), (80,29), (80,30)|(80,30), (79,30), (78,30), (77,30), (76,30), (75,30), (74,30), (73,30), (72,30), (71,30), (70,30), (69,30), (68,30), (67,30), (66,30), (65,30), (64,30), (63,30), (62,30), (61,30), (60,30), (60,30), (60,31), (60,32), (60,33), (60,34), (60,35), (60,36), (60,37), (60,38), (60,39), (60,40)|(60,40), (61,40), (62,40), (63,40), (63,40), (63,39), (63,38), (63,37)",
        "time": 900.3409199700408
    }
}