{
    "Uber": {
        "cost": 15.958550657208091,
        "env_tax": 0.065,
        "route": "(91,45), (91,44), (91,43), (91,42), (90,42), (90,41), (90,40), (90,39), (90,38), (89,38), (89,37), (89,36), (88,36)",
        "time": 7.840285165785017
    },
    "Uber_Train_Uber": {
        "cost": 27.882936700065038,
        "env_tax": 0.07,
        "route": "(91,45), (91,44), (91,43), (91,42), (90,42), (90,41), (90,40)|(90,40), (90,40)|(90,40), (90,39), (90,38), (89,38), (89,37), (89,36), (88,36)",
        "time": 18.813425831466205
    },
    "Uber_Train_Walk": {
        "cost": 13.915592497567598,
        "env_tax": 0.035,
        "route": "(91,45), (91,44), (91,43), (91,42), (90,42), (90,41), (90,40)|(90,40), (90,40)|(90,40), (89,40), (88,40), (88,40), (88,39), (88,38), (88,37), (88,36)",
        "time": 459.8267770902719
    },
    "Walk": {
        "cost": 0,
        "env_tax": 0,
        "route": "(91,45), (90,45), (89,45), (88,45), (88,45), (88,44), (88,43), (88,42), (88,41), (88,40), (88,39), (88,38), (88,37), (88,36)",
        "time": 894.7745168217608
    },
    "Walk_Train_Uber": {
        "cost": 14.413971119809634,
        "env_tax": 0.035,
        "route": "(91,45), (90,45), (90,45), (90,44), (90,43), (90,42), (90,41), (90,40)|(90,40), (90,40)|(90,40), (90,39), (90,38), (89,38), (89,37), (89,36), (88,36)",
        "time": 463.9628860839531
    },
    "Walk_Train_Walk": {
        "cost": 0.2,
        "env_tax": 0,
        "route": "(91,45), (90,45), (90,45), (90,44), (90,43), (90,42), (90,41), (90,40)|(90,40), (90,40)|(90,40), (89,40), (88,40), (88,40), (88,39), (88,38), (88,37), (88,36)",
        "time": 900.4543634732149
    }
}