{
    "Uber": {
        "cost": 15.13744459960047,
        "env_tax": 0.05,
        "route": "(31,85), (30,85), (29,85), (28,85), (28,84), (28,83), (28,82), (28,81), (28,80), (28,79)",
        "time": 9.065428961993284
    },
    "Uber_Train_Uber": {
        "cost": 27.186888448312782,
        "env_tax": 0.05500000000000001,
        "route": "(31,85), (30,85), (30,84), (30,83), (30,82), (30,81), (30,80)|(30,80), (30,80)|(30,80), (29,80), (29,79), (28,79)",
        "time": 21.29795790474246
    },
    "Uber_Train_Walk": {
        "cost": 14.472400740493214,
        "env_tax": 0.035,
        "route": "(31,85), (30,85), (30,84), (30,83), (30,82), (30,81), (30,80)|(30,80), (30,80)|(30,80), (29,80), (28,80), (28,80), (28,79)",
        "time": 237.94808693852988
    },
    "Walk": {
        "cost": 0,
        "env_tax": 0,
        "route": "(31,85), (30,85), (29,85), (28,85), (28,85), (28,84), (28,83), (28,82), (28,81), (28,80), (28,79)",
        "time": 671.0808876163206
    },
    "Walk_Train_Uber": {
        "cost": 13.064781879531363,
        "env_tax": 0.020000000000000004,
        "route": "(31,85), (30,85), (30,85), (30,84), (30,83), (30,82), (30,81), (30,80)|(30,80), (30,80)|(30,80), (29,80), (29,79), (28,79)",
        "time": 457.88197751174846
    },
    "Walk_Train_Walk": {
        "cost": 0.2,
        "env_tax": 0,
        "route": "(31,85), (30,85), (30,85), (30,84), (30,83), (30,82), (30,81), (30,80)|(30,80), (30,80)|(30,80), (29,80), (28,80), (28,80), (28,79)",
        "time": 674.1963980059305
    }
}