{
    "Uber": {
        "cost": 24.13689810063896,
        "env_tax": 0.2,
        "route": "(1,53), (2,53), (2,54), (2,55), (2,56), (2,57), (2,58), (2,59), (2,60), (2,61), (2,62), (2,63), (2,64), (2,65), (2,66), (3,66), (4,66), (5,66), (6,66), (7,66), (8,66), (9,66), (10,66), (11,66), (12,66), (13,66), (14,66), (15,66), (16,66), (17,66), (18,66), (19,66), (20,66), (21,66), (22,66), (23,66), (24,66), (25,66), (26,66), (27,66)",
        "time": 10.297853060508418
    },
    "Uber_Train_Uber": {
        "cost": 35.701668817968546,
        "env_tax": 0.10500000000000001,
        "route": "(1,53), (1,52), (1,51), (2,51), (3,51), (4,51), (5,51), (5,50), (6,50), (7,50), (8,50), (9,50), (10,50)|(10,50), (11,50), (12,50), (13,50), (14,50), (15,50), (16,50), (17,50), (18,50), (19,50), (20,50), (21,50), (22,50), (23,50), (24,50), (25,50), (26,50), (27,50), (28,50), (29,50), (30,50), (30,50), (30,51), (30,52), (30,53), (30,54), (30,55), (30,56), (30,57), (30,58), (30,59), (30,60), (30,61), (30,62), (30,63), (30,64), (30,65), (30,66), (30,67), (30,68), (30,69), (30,70)|(30,70), (29,70), (29,69), (29,68), (29,67), (28,67), (28,66), (27,66)",
        "time": 22.328963574981266
    },
    "Uber_Train_Walk": {
        "cost": 19.137488867310054,
        "env_tax": 0.065,
        "route": "(1,53), (1,52), (1,51), (2,51), (3,51), (4,51), (5,51), (5,50), (6,50), (7,50), (8,50), (9,50), (10,50)|(10,50), (11,50), (12,50), (13,50), (14,50), (15,50), (16,50), (17,50), (18,50), (19,50), (20,50), (21,50), (22,50), (23,50), (24,50), (25,50), (26,50), (27,50), (28,50), (29,50), (30,50), (30,50), (30,51), (30,52), (30,53), (30,54), (30,55), (30,56), (30,57), (30,58), (30,59), (30,60), (30,61), (30,62), (30,63), (30,64), (30,65), (30,66), (30,67), (30,68), (30,69), (30,70)|(30,70), (29,70), (28,70), (27,70), (27,70), (27,69), (27,68), (27,67), (27,66)",
        "time": 538.6671564535093
    },
    "Walk": {
        "cost": 0,
        "env_tax": 0,
        "route": "(1,53), (2,53), (3,53), (4,53), (5,53), (6,53), (7,53), (8,53), (9,53), (10,53), (11,53), (12,53), (13,53), (14,53), (15,53), (16,53), (17,53), (18,53), (19,53), (20,53), (21,53), (22,53), (23,53), (24,53), (25,53), (26,53), (27,53), (27,53), (27,54), (27,55), (27,56), (27,57), (27,58), (27,59), (27,60), (27,61), (27,62), (27,63), (27,64), (27,65), (27,66)",
        "time": 2908.0171796707227
    },
    "Walk_Train_Uber": {
        "cost": 20.53887066304282,
        "env_tax": 0.04000000000000001,
        "route": "(1,53), (2,53), (3,53), (4,53), (5,53), (6,53), (7,53), (8,53), (9,53), (10,53), (10,53), (10,52), (10,51), (10,50)|(10,50), (11,50), (12,50), (13,50), (14,50), (15,50), (16,50), (17,50), (18,50), (19,50), (20,50), (21,50), (22,50), (23,50), (24,50), (25,50), (26,50), (27,50), (28,50), (29,50), (30,50), (30,50), (30,51), (30,52), (30,53), (30,54), (30,55), (30,56), (30,57), (30,58), (30,59), (30,60), (30,61), (30,62), (30,63), (30,64), (30,65), (30,66), (30,67), (30,68), (30,69), (30,70)|(30,70), (29,70), (29,69), (29,68), (29,67), (28,67), (28,66), (27,66)",
        "time": 907.2676005610923
    },
    "Walk_Train_Walk": {
        "cost": 4.2,
        "env_tax": 0,
        "route": "(1,53), (2,53), (3,53), (4,53), (5,53), (6,53), (7,53), (8,53), (9,53), (10,53), (10,53), (10,52), (10,51), (10,50)|(10,50), (11,50), (12,50), (13,50), (14,50), (15,50), (16,50), (17,50), (18,50), (19,50), (20,50), (21,50), (22,50), (23,50), (24,50), (25,50), (26,50), (27,50), (28,50), (29,50), (30,50), (30,50), (30,51), (30,52), (30,53), (30,54), (30,55), (30,56), (30,57), (30,58), (30,59), (30,60), (30,61), (30,62), (30,63), (30,64), (30,65), (30,66), (30,67), (30,68), (30,69), (30,70)|(30,70), (29,70), (28,70), (27,70), (27,70), (27,69), (27,68), (27,67), (27,66)",
        "time": 1425.0563167918215
    }
}