{
    "Uber": {
        "cost": 64.61952922005277,
        "env_tax": 0.6400000000000001,
        "route": "(68,13), (69,13), (70,13), (70,14), (70,15), (70,16), (71,16), (72,16), (72,17), (73,17), (74,17), (74,18), (74,19), (74,20), (75,20), (76,20), (76,21), (76,22), (77,22), (77,23), (78,23), (78,24), (78,25), (78,26), (78,27), (78,28), (78,29), (78,30), (78,31), (78,32), (78,33), (78,34), (78,35), (78,36), (78,37), (78,38), (78,39), (78,40), (78,41), (78,42), (78,43), (78,44), (78,45), (78,46), (78,47), (78,48), (78,49), (78,50), (78,51), (78,52), (78,53), (78,54), (78,55), (78,56), (78,57), (78,58), (78,59), (78,60), (78,61), (78,62), (78,63), (78,64), (78,65), (78,66), (78,67), (78,68), (78,69), (78,70), (78,71), (78,72), (78,73), (78,74), (78,75), (78,76), (78,77), (78,78), (78,79), (78,80), (78,81), (78,82), (78,83), (77,83), (77,84), (77,85), (76,85), (76,86), (75,86), (74,86), (74,87), (74,88), (74,89), (74,90), (74,91), (74,92), (74,93), (74,94), (73,94), (72,94), (71,94), (70,94), (69,94), (68,94), (67,94), (67,95), (66,95), (65,95), (64,95), (63,95), (62,95), (61,95), (60,95), (59,95), (58,95), (57,95), (56,95), (55,95), (54,95), (53,95), (52,95), (51,95), (50,95), (49,95), (48,95), (47,95), (46,95), (45,95), (44,95), (43,95)",
        "time": 21.43852406477325
    },
    "Uber_Train_Uber": {
        "cost": 38.69939238590444,
        "env_tax": 0.07500000000000001,
        "route": "(68,13), (68,12), (69,12), (69,11), (69,10), (70,10)|(70,10), (69,10), (68,10), (67,10), (66,10), (65,10), (64,10), (63,10), (62,10), (61,10), (60,10), (59,10), (58,10), (57,10), (56,10), (55,10), (54,10), (53,10), (52,10), (51,10), (50,10), (49,10), (48,10), (47,10), (46,10), (45,10), (44,10), (43,10), (42,10), (41,10), (40,10), (40,10), (40,11), (40,12), (40,13), (40,14), (40,15), (40,16), (40,17), (40,18), (40,19), (40,20), (40,21), (40,22), (40,23), (40,24), (40,25), (40,26), (40,27), (40,28), (40,29), (40,30), (40,31), (40,32), (40,33), (40,34), (40,35), (40,36), (40,37), (40,38), (40,39), (40,40), (40,41), (40,42), (40,43), (40,44), (40,45), (40,46), (40,47), (40,48), (40,49), (40,50), (40,51), (40,52), (40,53), (40,54), (40,55), (40,56), (40,57), (40,58), (40,59), (40,60), (40,61), (40,62), (40,63), (40,64), (40,65), (40,66), (40,67), (40,68), (40,69), (40,70), (40,71), (40,72), (40,73), (40,74), (40,75), (40,76), (40,77), (40,78), (40,79), (40,80), (40,81), (40,82), (40,83), (40,84), (40,85), (40,86), (40,87), (40,88), (40,89), (40,90)|(40,90), (40,91), (40,92), (41,92), (41,93), (42,93), (42,94), (42,95), (43,95)",
        "time": 24.27395667948602
    },
    "Uber_Train_Walk": {
        "cost": 24.63036179300023,
        "env_tax": 0.030000000000000006,
        "route": "(68,13), (68,12), (69,12), (69,11), (69,10), (70,10)|(70,10), (69,10), (68,10), (67,10), (66,10), (65,10), (64,10), (63,10), (62,10), (61,10), (60,10), (59,10), (58,10), (57,10), (56,10), (55,10), (54,10), (53,10), (52,10), (51,10), (50,10), (49,10), (48,10), (47,10), (46,10), (45,10), (44,10), (43,10), (42,10), (41,10), (40,10), (40,10), (40,11), (40,12), (40,13), (40,14), (40,15), (40,16), (40,17), (40,18), (40,19), (40,20), (40,21), (40,22), (40,23), (40,24), (40,25), (40,26), (40,27), (40,28), (40,29), (40,30), (40,31), (40,32), (40,33), (40,34), (40,35), (40,36), (40,37), (40,38), (40,39), (40,40), (40,41), (40,42), (40,43), (40,44), (40,45), (40,46), (40,47), (40,48), (40,49), (40,50), (40,51), (40,52), (40,53), (40,54), (40,55), (40,56), (40,57), (40,58), (40,59), (40,60), (40,61), (40,62), (40,63), (40,64), (40,65), (40,66), (40,67), (40,68), (40,69), (40,70), (40,71), (40,72), (40,73), (40,74), (40,75), (40,76), (40,77), (40,78), (40,79), (40,80), (40,81), (40,82), (40,83), (40,84), (40,85), (40,86), (40,87), (40,88), (40,89), (40,90)|(40,90), (41,90), (42,90), (43,90), (43,90), (43,91), (43,92), (43,93), (43,94), (43,95)",
        "time": 612.0506670239147
    },
    "Walk": {
        "cost": 0,
        "env_tax": 0,
        "route": "(68,13), (67,13), (66,13), (65,13), (64,13), (63,13), (62,13), (61,13), (60,13), (59,13), (58,13), (57,13), (56,13), (55,13), (54,13), (53,13), (52,13), (51,13), (50,13), (49,13), (48,13), (47,13), (46,13), (45,13), (44,13), (43,13), (43,13), (43,14), (43,15), (43,16), (43,17), (43,18), (43,19), (43,20), (43,21), (43,22), (43,23), (43,24), (43,25), (43,26), (43,27), (43,28), (43,29), (43,30), (43,31), (43,32), (43,33), (43,34), (43,35), (43,36), (43,37), (43,38), (43,39), (43,40), (43,41), (43,42), (43,43), (43,44), (43,45), (43,46), (43,47), (43,48), (43,49), (43,50), (43,51), (43,52), (43,53), (43,54), (43,55), (43,56), (43,57), (43,58), (43,59), (43,60), (43,61), (43,62), (43,63), (43,64), (43,65), (43,66), (43,67), (43,68), (43,69), (43,70), (43,71), (43,72), (43,73), (43,74), (43,75), (43,76), (43,77), (43,78), (43,79), (43,80), (43,81), (43,82), (43,83), (43,84), (43,85), (43,86), (43,87), (43,88), (43,89), (43,90), (43,91), (43,92), (43,93), (43,94), (43,95)",
        "time": 7978.406108327367
    },
    "Walk_Train_Uber": {
        "cost": 25.503407180092047,
        "env_tax": 0.045000000000000005,
        "route": "(68,13), (69,13), (70,13), (70,13), (70,12), (70,11), (70,10)|(70,10), (69,10), (68,10), (67,10), (66,10), (65,10), (64,10), (63,10), (62,10), (61,10), (60,10), (59,10), (58,10), (57,10), (56,10), (55,10), (54,10), (53,10), (52,10), (51,10), (50,10), (49,10), (48,10), (47,10), (46,10), (45,10), (44,10), (43,10), (42,10), (41,10), (40,10), (40,10), (40,11), (40,12), (40,13), (40,14), (40,15), (40,16), (40,17), (40,18), (40,19), (40,20), (40,21), (40,22), (40,23), (40,24), (40,25), (40,26), (40,27), (40,28), (40,29), (40,30), (40,31), (40,32), (40,33), (40,34), (40,35), (40,36), (40,37), (40,38), (40,39), (40,40), (40,41), (40,42), (40,43), (40,44), (40,45), (40,46), (40,47), (40,48), (40,49), (40,50), (40,51), (40,52), (40,53), (40,54), (40,55), (40,56), (40,57), (40,58), (40,59), (40,60), (40,61), (40,62), (40,63), (40,64), (40,65), (40,66), (40,67), (40,68), (40,69), (40,70), (40,71), (40,72), (40,73), (40,74), (40,75), (40,76), (40,77), (40,78), (40,79), (40,80), (40,81), (40,82), (40,83), (40,84), (40,85), (40,86), (40,87), (40,88), (40,89), (40,90)|(40,90), (40,91), (40,92), (41,92), (41,93), (42,93), (42,94), (42,95), (43,95)",
        "time": 386.1776370493471
    },
    "Walk_Train_Walk": {
        "cost": 11.200000000000001,
        "env_tax": 0,
        "route": "(68,13), (69,13), (70,13), (70,13), (70,12), (70,11), (70,10)|(70,10), (69,10), (68,10), (67,10), (66,10), (65,10), (64,10), (63,10), (62,10), (61,10), (60,10), (59,10), (58,10), (57,10), (56,10), (55,10), (54,10), (53,10), (52,10), (51,10), (50,10), (49,10), (48,10), (47,10), (46,10), (45,10), (44,10), (43,10), (42,10), (41,10), (40,10), (40,10), (40,11), (40,12), (40,13), (40,14), (40,15), (40,16), (40,17), (40,18), (40,19), (40,20), (40,21), (40,22), (40,23), (40,24), (40,25), (40,26), (40,27), (40,28), (40,29), (40,30), (40,31), (40,32), (40,33), (40,34), (40,35), (40,36), (40,37), (40,38), (40,39), (40,40), (40,41), (40,42), (40,43), (40,44), (40,45), (40,46), (40,47), (40,48), (40,49), (40,50), (40,51), (40,52), (40,53), (40,54), (40,55), (40,56), (40,57), (40,58), (40,59), (40,60), (40,61), (40,62), (40,63), (40,64), (40,65), (40,66), (40,67), (40,68), (40,69), (40,70), (40,71), (40,72), (40,73), (40,74), (40,75), (40,76), (40,77), (40,78), (40,79), (40,80), (40,81), (40,82), (40,83), (40,84), (40,85), (40,86), (40,87), (40,88), (40,89), (40,90)|(40,90), (41,90), (42,90), (43,90), (43,90), (43,91), (43,92), (43,93), (43,94), (43,95)",
        "time": 977.0496377345853
    }
}