{
    "Uber": {
        "cost": 30.35565044695116,
        "env_tax": 0.26,
        "route": "(0,27), (0,26), (0,25), (0,24), (0,23), (0,22), (0,21), (1,21), (2,21), (3,21), (4,21), (5,21), (6,21), (7,21), (8,21), (9,21), (10,21), (11,21), (12,21), (13,21), (14,21), (15,21), (16,21), (17,21), (17,22), (17,23), (18,23), (19,23), (20,23), (21,23), (22,23), (23,23), (24,23), (25,23), (26,23), (27,23), (28,23), (29,23), (29,24), (29,25), (30,25), (31,25), (32,25), (33,25), (34,25), (34,26), (35,26), (35,27), (36,27), (36,28), (37,28), (37,29)",
        "time": 11.8546961611238
    },
    "Uber_Train_Uber": {
        "cost": 32.47764583310266,
        "env_tax": 0.095,
        "route": "(0,27), (1,27), (2,27), (3,27), (4,27), (5,27), (6,27), (6,28), (7,28), (7,29), (7,30), (8,30), (9,30), (10,30)|(10,30), (11,30), (12,30), (13,30), (14,30), (15,30), (16,30), (17,30), (18,30), (19,30), (20,30), (21,30), (22,30), (23,30), (24,30), (25,30), (26,30), (27,30), (28,30), (29,30), (30,30), (31,30), (32,30), (33,30), (34,30), (35,30), (36,30), (37,30), (38,30), (39,30), (40,30), (40,30)|(40,30), (40,29), (39,29), (38,29), (37,29)",
        "time": 17.55901061567927
    },
    "Uber_Train_Walk": {
        "cost": 17.61633348640964,
        "env_tax": 0.07,
        "route": "(0,27), (1,27), (2,27), (3,27), (4,27), (5,27), (6,27), (6,28), (7,28), (7,29), (7,30), (8,30), (9,30), (10,30)|(10,30), (11,30), (12,30), (13,30), (14,30), (15,30), (16,30), (17,30), (18,30), (19,30), (20,30), (21,30), (22,30), (23,30), (24,30), (25,30), (26,30), (27,30), (28,30), (29,30), (30,30), (31,30), (32,30), (33,30), (34,30), (35,30), (36,30), (37,30), (38,30), (39,30), (40,30), (40,30)|(40,30), (39,30), (38,30), (37,30), (37,30), (37,29)",
        "time": 314.17523805761704
    },
    "Walk": {
        "cost": 0,
        "env_tax": 0,
        "route": "(0,27), (1,27), (2,27), (3,27), (4,27), (5,27), (6,27), (7,27), (8,27), (9,27), (10,27), (11,27), (12,27), (13,27), (14,27), (15,27), (16,27), (17,27), (18,27), (19,27), (20,27), (21,27), (22,27), (23,27), (24,27), (25,27), (26,27), (27,27), (28,27), (29,27), (30,27), (31,27), (32,27), (33,27), (34,27), (35,27), (36,27), (37,27), (37,27), (37,28), (37,29)",
        "time": 2908.0171796707227
    },
    "Walk_Train_Uber": {
        "cost": 19.31973223759487,
        "env_tax": 0.025,
        "route": "(0,27), (1,27), (2,27), (3,27), (4,27), (5,27), (6,27), (7,27), (8,27), (9,27), (10,27), (10,27), (10,28), (10,29), (10,30)|(10,30), (11,30), (12,30), (13,30), (14,30), (15,30), (16,30), (17,30), (18,30), (19,30), (20,30), (21,30), (22,30), (23,30), (24,30), (25,30), (26,30), (27,30), (28,30), (29,30), (30,30), (31,30), (32,30), (33,30), (34,30), (35,30), (36,30), (37,30), (38,30), (39,30), (40,30), (40,30)|(40,30), (40,29), (39,29), (38,29), (37,29)",
        "time": 980.8527472280135
    },
    "Walk_Train_Walk": {
        "cost": 3.2,
        "env_tax": 0,
        "route": "(0,27), (1,27), (2,27), (3,27), (4,27), (5,27), (6,27), (7,27), (8,27), (9,27), (10,27), (10,27), (10,28), (10,29), (10,30)|(10,30), (11,30), (12,30), (13,30), (14,30), (15,30), (16,30), (17,30), (18,30), (19,30), (20,30), (21,30), (22,30), (23,30), (24,30), (25,30), (26,30), (27,30), (28,30), (29,30), (30,30), (31,30), (32,30), (33,30), (34,30), (35,30), (36,30), (37,30), (38,30), (39,30), (40,30), (40,30)|(40,30), (39,30), (38,30), (37,30), (37,30), (37,29)",
        "time": 1274.2332027629493
    }
}