{
    "Uber": {
        "cost": 30.941517125988746,
        "env_tax": 0.5300000000000001,
        "route": "(93,77), (94,77), (95,77), (95,76), (96,76), (96,75), (97,75), (98,75), (98,74), (98,73), (99,73), (99,72), (99,71), (99,70), (99,69), (99,68), (99,67), (99,66), (99,65), (99,64), (99,63), (99,62), (99,61), (99,60), (99,59), (99,58), (99,57), (99,56), (99,55), (99,54), (99,53), (99,52), (99,51), (99,50), (99,49), (99,48), (99,47), (99,46), (99,45), (99,44), (99,43), (99,42), (99,41), (99,40), (99,39), (99,38), (99,37), (99,36), (99,35), (99,34), (99,33), (99,32), (99,31), (99,30), (99,29), (99,28), (99,27), (99,26), (98,26), (98,25), (98,24), (98,23), (98,22), (98,21), (98,20), (98,19), (98,18), (98,17), (98,16), (97,16), (97,15), (97,14), (97,13), (96,13), (95,13), (94,13), (94,12), (93,12), (92,12), (91,12), (90,12), (89,12), (88,12), (88,11), (87,11), (86,11), (85,11), (84,11), (83,11), (82,11), (82,10), (81,10), (80,10), (79,10), (78,10), (77,10), (76,10), (75,10), (74,10), (73,10), (72,10), (71,10), (70,10), (69,10), (69,11), (69,12)",
        "time": 12.505038751370051
    },
    "Uber_Train_Uber": {
        "cost": 34.95017648769672,
        "env_tax": 0.05500000000000001,
        "route": "(93,77), (93,78), (93,79), (92,79), (92,80), (91,80), (90,80)|(90,80), (89,80), (88,80), (87,80), (86,80), (85,80), (84,80), (83,80), (82,80), (81,80), (80,80), (79,80), (78,80), (77,80), (76,80), (75,80), (74,80), (73,80), (72,80), (71,80), (70,80), (70,80), (70,79), (70,78), (70,77), (70,76), (70,75), (70,74), (70,73), (70,72), (70,71), (70,70), (70,69), (70,68), (70,67), (70,66), (70,65), (70,64), (70,63), (70,62), (70,61), (70,60), (70,59), (70,58), (70,57), (70,56), (70,55), (70,54), (70,53), (70,52), (70,51), (70,50), (70,49), (70,48), (70,47), (70,46), (70,45), (70,44), (70,43), (70,42), (70,41), (70,40), (70,39), (70,38), (70,37), (70,36), (70,35), (70,34), (70,33), (70,32), (70,31), (70,30), (70,29), (70,28), (70,27), (70,26), (70,25), (70,24), (70,23), (70,22), (70,21), (70,20), (70,19), (70,18), (70,17), (70,16), (70,15), (70,14), (70,13), (70,12), (70,11), (70,10)|(70,10), (69,10), (69,11), (69,12)",
        "time": 15.242219875115886
    },
    "Uber_Train_Walk": {
        "cost": 22.229367478505537,
        "env_tax": 0.035,
        "route": "(93,77), (93,78), (93,79), (92,79), (92,80), (91,80), (90,80)|(90,80), (89,80), (88,80), (87,80), (86,80), (85,80), (84,80), (83,80), (82,80), (81,80), (80,80), (79,80), (78,80), (77,80), (76,80), (75,80), (74,80), (73,80), (72,80), (71,80), (70,80), (70,80), (70,79), (70,78), (70,77), (70,76), (70,75), (70,74), (70,73), (70,72), (70,71), (70,70), (70,69), (70,68), (70,67), (70,66), (70,65), (70,64), (70,63), (70,62), (70,61), (70,60), (70,59), (70,58), (70,57), (70,56), (70,55), (70,54), (70,53), (70,52), (70,51), (70,50), (70,49), (70,48), (70,47), (70,46), (70,45), (70,44), (70,43), (70,42), (70,41), (70,40), (70,39), (70,38), (70,37), (70,36), (70,35), (70,34), (70,33), (70,32), (70,31), (70,30), (70,29), (70,28), (70,27), (70,26), (70,25), (70,24), (70,23), (70,22), (70,21), (70,20), (70,19), (70,18), (70,17), (70,16), (70,15), (70,14), (70,13), (70,12), (70,11), (70,10)|(70,10), (69,10), (69,10), (69,11), (69,12)",
        "time": 238.49406173791263
    },
    "Walk": {
        "cost": 0,
        "env_tax": 0,
        "route": "(93,77), (92,77), (91,77), (90,77), (89,77), (88,77), (87,77), (86,77), (85,77), (84,77), (83,77), (82,77), (81,77), (80,77), (79,77), (78,77), (77,77), (76,77), (75,77), (74,77), (73,77), (72,77), (71,77), (70,77), (69,77), (69,77), (69,76), (69,75), (69,74), (69,73), (69,72), (69,71), (69,70), (69,69), (69,68), (69,67), (69,66), (69,65), (69,64), (69,63), (69,62), (69,61), (69,60), (69,59), (69,58), (69,57), (69,56), (69,55), (69,54), (69,53), (69,52), (69,51), (69,50), (69,49), (69,48), (69,47), (69,46), (69,45), (69,44), (69,43), (69,42), (69,41), (69,40), (69,39), (69,38), (69,37), (69,36), (69,35), (69,34), (69,33), (69,32), (69,31), (69,30), (69,29), (69,28), (69,27), (69,26), (69,25), (69,24), (69,23), (69,22), (69,21), (69,20), (69,19), (69,18), (69,17), (69,16), (69,15), (69,14), (69,13), (69,12)",
        "time": 6636.244333094726
    },
    "Walk_Train_Uber": {
        "cost": 21.76002780151966,
        "env_tax": 0.020000000000000004,
        "route": "(93,77), (92,77), (91,77), (90,77), (90,77), (90,78), (90,79), (90,80)|(90,80), (89,80), (88,80), (87,80), (86,80), (85,80), (84,80), (83,80), (82,80), (81,80), (80,80), (79,80), (78,80), (77,80), (76,80), (75,80), (74,80), (73,80), (72,80), (71,80), (70,80), (70,80), (70,79), (70,78), (70,77), (70,76), (70,75), (70,74), (70,73), (70,72), (70,71), (70,70), (70,69), (70,68), (70,67), (70,66), (70,65), (70,64), (70,63), (70,62), (70,61), (70,60), (70,59), (70,58), (70,57), (70,56), (70,55), (70,54), (70,53), (70,52), (70,51), (70,50), (70,49), (70,48), (70,47), (70,46), (70,45), (70,44), (70,43), (70,42), (70,41), (70,40), (70,39), (70,38), (70,37), (70,36), (70,35), (70,34), (70,33), (70,32), (70,31), (70,30), (70,29), (70,28), (70,27), (70,26), (70,25), (70,24), (70,23), (70,22), (70,21), (70,20), (70,19), (70,18), (70,17), (70,16), (70,15), (70,14), (70,13), (70,12), (70,11), (70,10)|(70,10), (69,10), (69,11), (69,12)",
        "time": 461.03768998531257
    },
    "Walk_Train_Walk": {
        "cost": 9.200000000000001,
        "env_tax": 0,
        "route": "(93,77), (92,77), (91,77), (90,77), (90,77), (90,78), (90,79), (90,80)|(90,80), (89,80), (88,80), (87,80), (86,80), (85,80), (84,80), (83,80), (82,80), (81,80), (80,80), (79,80), (78,80), (77,80), (76,80), (75,80), (74,80), (73,80), (72,80), (71,80), (70,80), (70,80), (70,79), (70,78), (70,77), (70,76), (70,75), (70,74), (70,73), (70,72), (70,71), (70,70), (70,69), (70,68), (70,67), (70,66), (70,65), (70,64), (70,63), (70,62), (70,61), (70,60), (70,59), (70,58), (70,57), (70,56), (70,55), (70,54), (70,53), (70,52), (70,51), (70,50), (70,49), (70,48), (70,47), (70,46), (70,45), (70,44), (70,43), (70,42), (70,41), (70,40), (70,39), (70,38), (70,37), (70,36), (70,35), (70,34), (70,33), (70,32), (70,31), (70,30), (70,29), (70,28), (70,27), (70,26), (70,25), (70,24), (70,23), (70,22), (70,21), (70,20), (70,19), (70,18), (70,17), (70,16), (70,15), (70,14), (70,13), (70,12), (70,11), (70,10)|(70,10), (69,10), (69,10), (69,11), (69,12)",
        "time": 678.5851169356716
    }
}