{
    "Uber": {
        "cost": 24.83023270911388,
        "env_tax": 0.16500000000000004,
        "route": "(59,21), (59,20), (60,20), (61,20), (62,20), (63,20), (64,20), (64,19), (65,19), (66,19), (67,19), (67,18), (68,18), (69,18), (70,18), (71,18), (72,18), (72,17), (73,17), (74,17), (75,17), (76,17), (77,17), (78,17), (79,17), (80,17), (81,17), (82,17), (82,16), (83,16), (84,16), (85,16), (86,16)",
        "time": 8.677094837335162
    },
    "Uber_Train_Uber": {
        "cost": 29.914727704234355,
        "env_tax": 0.06000000000000001,
        "route": "(59,21), (59,20), (60,20)|(60,20), (61,20), (62,20), (63,20), (64,20), (65,20), (66,20), (67,20), (68,20), (69,20), (70,20), (71,20), (72,20), (73,20), (74,20), (75,20), (76,20), (77,20), (78,20), (79,20), (80,20), (81,20), (82,20), (83,20), (84,20), (85,20), (86,20), (87,20), (88,20), (89,20), (90,20), (90,20)|(90,20), (90,19), (90,18), (89,18), (88,18), (88,17), (87,17), (86,17), (86,16)",
        "time": 23.10098657907295
    },
    "Uber_Train_Walk": {
        "cost": 16.28589535920773,
        "env_tax": 0.015000000000000003,
        "route": "(59,21), (59,20), (60,20)|(60,20), (61,20), (62,20), (63,20), (64,20), (65,20), (66,20), (67,20), (68,20), (69,20), (70,20), (71,20), (72,20), (73,20), (74,20), (75,20), (76,20), (77,20), (78,20), (79,20), (80,20), (81,20), (82,20), (83,20), (84,20), (85,20), (86,20), (87,20), (88,20), (89,20), (90,20), (90,20)|(90,20), (89,20), (88,20), (87,20), (86,20), (86,20), (86,19), (86,18), (86,17), (86,16)",
        "time": 609.4325915858294
    },
    "Walk": {
        "cost": 0,
        "env_tax": 0,
        "route": "(59,21), (60,21), (61,21), (62,21), (63,21), (64,21), (65,21), (66,21), (67,21), (68,21), (69,21), (70,21), (71,21), (72,21), (73,21), (74,21), (75,21), (76,21), (77,21), (78,21), (79,21), (80,21), (81,21), (82,21), (83,21), (84,21), (85,21), (86,21), (86,21), (86,20), (86,19), (86,18), (86,17), (86,16)",
        "time": 2386.0653781913625
    },
    "Walk_Train_Uber": {
        "cost": 16.77584927355107,
        "env_tax": 0.045000000000000005,
        "route": "(59,21), (60,21), (60,21), (60,20)|(60,20), (61,20), (62,20), (63,20), (64,20), (65,20), (66,20), (67,20), (68,20), (69,20), (70,20), (71,20), (72,20), (73,20), (74,20), (75,20), (76,20), (77,20), (78,20), (79,20), (80,20), (81,20), (82,20), (83,20), (84,20), (85,20), (86,20), (87,20), (88,20), (89,20), (90,20), (90,20)|(90,20), (90,19), (90,18), (89,18), (88,18), (88,17), (87,17), (86,17), (86,16)",
        "time": 161.8471073596808
    },
    "Walk_Train_Walk": {
        "cost": 3.2,
        "env_tax": 0,
        "route": "(59,21), (60,21), (60,21), (60,20)|(60,20), (61,20), (62,20), (63,20), (64,20), (65,20), (66,20), (67,20), (68,20), (69,20), (70,20), (71,20), (72,20), (73,20), (74,20), (75,20), (76,20), (77,20), (78,20), (79,20), (80,20), (81,20), (82,20), (83,20), (84,20), (85,20), (86,20), (87,20), (88,20), (89,20), (90,20), (90,20)|(90,20), (89,20), (88,20), (87,20), (86,20), (86,20), (86,19), (86,18), (86,17), (86,16)",
        "time": 753.9892035486855
    }
}