{
    "Uber": {
        "cost": 18.74803979263223,
        "env_tax": 0.16000000000000003,
        "route": "(66,14), (66,13), (67,13), (67,12), (68,12), (68,11), (68,10), (68,9), (68,8), (68,7), (69,7), (70,7), (71,7), (72,7), (73,7), (74,7), (75,7), (76,7), (77,7), (78,7), (79,7), (80,7), (81,7), (82,7), (82,6), (83,6), (84,6), (85,6), (86,6), (87,6), (88,6), (88,5)",
        "time": 8.383135435566906
    },
    "Uber_Train_Uber": {
        "cost": 29.528859456767563,
        "env_tax": 0.08500000000000002,
        "route": "(66,14), (66,13), (67,13), (67,12), (68,12), (69,12), (69,11), (69,10), (70,10)|(70,10), (71,10), (72,10), (73,10), (74,10), (75,10), (76,10), (77,10), (78,10), (79,10), (80,10), (81,10), (82,10), (83,10), (84,10), (85,10), (86,10), (87,10), (88,10), (89,10), (90,10), (90,10)|(90,10), (90,9), (89,9), (88,9), (88,8), (88,7), (88,6), (88,5)",
        "time": 22.832035262521043
    },
    "Uber_Train_Walk": {
        "cost": 16.86542388102826,
        "env_tax": 0.045000000000000005,
        "route": "(66,14), (66,13), (67,13), (67,12), (68,12), (69,12), (69,11), (69,10), (70,10)|(70,10), (71,10), (72,10), (73,10), (74,10), (75,10), (76,10), (77,10), (78,10), (79,10), (80,10), (81,10), (82,10), (83,10), (84,10), (85,10), (86,10), (87,10), (88,10), (89,10), (90,10), (90,10)|(90,10), (89,10), (88,10), (88,10), (88,9), (88,8), (88,7), (88,6), (88,5)",
        "time": 537.883040713132
    },
    "Walk": {
        "cost": 0,
        "env_tax": 0,
        "route": "(66,14), (67,14), (68,14), (69,14), (70,14), (71,14), (72,14), (73,14), (74,14), (75,14), (76,14), (77,14), (78,14), (79,14), (80,14), (81,14), (82,14), (83,14), (84,14), (85,14), (86,14), (87,14), (88,14), (88,14), (88,13), (88,12), (88,11), (88,10), (88,9), (88,8), (88,7), (88,6), (88,5)",
        "time": 2311.500835122882
    },
    "Walk_Train_Uber": {
        "cost": 14.985753561584382,
        "env_tax": 0.04000000000000001,
        "route": "(66,14), (67,14), (68,14), (69,14), (70,14), (70,14), (70,13), (70,12), (70,11), (70,10)|(70,10), (71,10), (72,10), (73,10), (74,10), (75,10), (76,10), (77,10), (78,10), (79,10), (80,10), (81,10), (82,10), (83,10), (84,10), (85,10), (86,10), (87,10), (88,10), (89,10), (90,10), (90,10)|(90,10), (90,9), (89,9), (88,9), (88,8), (88,7), (88,6), (88,5)",
        "time": 612.6084765919542
    },
    "Walk_Train_Walk": {
        "cost": 2.2,
        "env_tax": 0,
        "route": "(66,14), (67,14), (68,14), (69,14), (70,14), (70,14), (70,13), (70,12), (70,11), (70,10)|(70,10), (71,10), (72,10), (73,10), (74,10), (75,10), (76,10), (77,10), (78,10), (79,10), (80,10), (81,10), (82,10), (83,10), (84,10), (85,10), (86,10), (87,10), (88,10), (89,10), (90,10), (90,10)|(90,10), (89,10), (88,10), (88,10), (88,9), (88,8), (88,7), (88,6), (88,5)",
        "time": 1127.6674548585584
    }
}