{
    "Uber": {
        "cost": 31.02319512635295,
        "env_tax": 0.5300000000000001,
        "route": "(89,92), (90,92), (91,92), (92,92), (93,92), (94,92), (94,91), (95,91), (96,91), (97,91), (97,90), (97,89), (98,89), (98,88), (98,87), (98,86), (99,86), (99,85), (99,84), (99,83), (99,82), (99,81), (99,80), (99,79), (99,78), (99,77), (99,76), (99,75), (99,74), (99,73), (99,72), (99,71), (99,70), (99,69), (99,68), (99,67), (99,66), (99,65), (99,64), (99,63), (99,62), (99,61), (99,60), (99,59), (99,58), (99,57), (99,56), (99,55), (99,54), (99,53), (99,52), (99,51), (99,50), (99,49), (99,48), (99,47), (99,46), (99,45), (99,44), (99,43), (99,42), (99,41), (99,40), (99,39), (99,38), (99,37), (99,36), (99,35), (99,34), (99,33), (99,32), (99,31), (99,30), (99,29), (99,28), (99,27), (99,26), (98,26), (98,25), (98,24), (97,24), (96,24), (95,24), (94,24), (93,24), (92,24), (91,24), (91,23), (90,23), (89,23), (88,23), (88,22), (87,22), (86,22), (85,22), (84,22), (83,22), (82,22), (81,22), (80,22), (79,22), (78,22), (77,22), (76,22), (75,22), (74,22)",
        "time": 12.118130026753796
    },
    "Uber_Train_Uber": {
        "cost": 35.59134773495119,
        "env_tax": 0.05500000000000001,
        "route": "(89,92), (89,91), (90,91), (90,90)|(90,90), (89,90), (88,90), (87,90), (86,90), (85,90), (84,90), (83,90), (82,90), (81,90), (80,90), (79,90), (78,90), (77,90), (76,90), (75,90), (74,90), (73,90), (72,90), (71,90), (70,90), (70,90), (70,89), (70,88), (70,87), (70,86), (70,85), (70,84), (70,83), (70,82), (70,81), (70,80), (70,79), (70,78), (70,77), (70,76), (70,75), (70,74), (70,73), (70,72), (70,71), (70,70), (70,69), (70,68), (70,67), (70,66), (70,65), (70,64), (70,63), (70,62), (70,61), (70,60), (70,59), (70,58), (70,57), (70,56), (70,55), (70,54), (70,53), (70,52), (70,51), (70,50), (70,49), (70,48), (70,47), (70,46), (70,45), (70,44), (70,43), (70,42), (70,41), (70,40), (70,39), (70,38), (70,37), (70,36), (70,35), (70,34), (70,33), (70,32), (70,31), (70,30), (70,29), (70,28), (70,27), (70,26), (70,25), (70,24), (70,23), (70,22), (70,21), (70,20)|(70,20), (70,21), (71,21), (72,21), (73,21), (73,22), (74,22)",
        "time": 18.443651949964085
    },
    "Uber_Train_Walk": {
        "cost": 21.48154862734959,
        "env_tax": 0.020000000000000004,
        "route": "(89,92), (89,91), (90,91), (90,90)|(90,90), (89,90), (88,90), (87,90), (86,90), (85,90), (84,90), (83,90), (82,90), (81,90), (80,90), (79,90), (78,90), (77,90), (76,90), (75,90), (74,90), (73,90), (72,90), (71,90), (70,90), (70,90), (70,89), (70,88), (70,87), (70,86), (70,85), (70,84), (70,83), (70,82), (70,81), (70,80), (70,79), (70,78), (70,77), (70,76), (70,75), (70,74), (70,73), (70,72), (70,71), (70,70), (70,69), (70,68), (70,67), (70,66), (70,65), (70,64), (70,63), (70,62), (70,61), (70,60), (70,59), (70,58), (70,57), (70,56), (70,55), (70,54), (70,53), (70,52), (70,51), (70,50), (70,49), (70,48), (70,47), (70,46), (70,45), (70,44), (70,43), (70,42), (70,41), (70,40), (70,39), (70,38), (70,37), (70,36), (70,35), (70,34), (70,33), (70,32), (70,31), (70,30), (70,29), (70,28), (70,27), (70,26), (70,25), (70,24), (70,23), (70,22), (70,21), (70,20)|(70,20), (71,20), (72,20), (73,20), (74,20), (74,20), (74,21), (74,22)",
        "time": 465.9574588994134
    },
    "Walk": {
        "cost": 0,
        "env_tax": 0,
        "route": "(89,92), (88,92), (87,92), (86,92), (85,92), (84,92), (83,92), (82,92), (81,92), (80,92), (79,92), (78,92), (77,92), (76,92), (75,92), (74,92), (74,92), (74,91), (74,90), (74,89), (74,88), (74,87), (74,86), (74,85), (74,84), (74,83), (74,82), (74,81), (74,80), (74,79), (74,78), (74,77), (74,76), (74,75), (74,74), (74,73), (74,72), (74,71), (74,70), (74,69), (74,68), (74,67), (74,66), (74,65), (74,64), (74,63), (74,62), (74,61), (74,60), (74,59), (74,58), (74,57), (74,56), (74,55), (74,54), (74,53), (74,52), (74,51), (74,50), (74,49), (74,48), (74,47), (74,46), (74,45), (74,44), (74,43), (74,42), (74,41), (74,40), (74,39), (74,38), (74,37), (74,36), (74,35), (74,34), (74,33), (74,32), (74,31), (74,30), (74,29), (74,28), (74,27), (74,26), (74,25), (74,24), (74,23), (74,22)",
        "time": 6337.986160820806
    },
    "Walk_Train_Uber": {
        "cost": 23.50702579675639,
        "env_tax": 0.035,
        "route": "(89,92), (90,92), (90,92), (90,91), (90,90)|(90,90), (89,90), (88,90), (87,90), (86,90), (85,90), (84,90), (83,90), (82,90), (81,90), (80,90), (79,90), (78,90), (77,90), (76,90), (75,90), (74,90), (73,90), (72,90), (71,90), (70,90), (70,90), (70,89), (70,88), (70,87), (70,86), (70,85), (70,84), (70,83), (70,82), (70,81), (70,80), (70,79), (70,78), (70,77), (70,76), (70,75), (70,74), (70,73), (70,72), (70,71), (70,70), (70,69), (70,68), (70,67), (70,66), (70,65), (70,64), (70,63), (70,62), (70,61), (70,60), (70,59), (70,58), (70,57), (70,56), (70,55), (70,54), (70,53), (70,52), (70,51), (70,50), (70,49), (70,48), (70,47), (70,46), (70,45), (70,44), (70,43), (70,42), (70,41), (70,40), (70,39), (70,38), (70,37), (70,36), (70,35), (70,34), (70,33), (70,32), (70,31), (70,30), (70,29), (70,28), (70,27), (70,26), (70,25), (70,24), (70,23), (70,22), (70,21), (70,20)|(70,20), (70,21), (71,21), (72,21), (73,21), (73,22), (74,22)",
        "time": 242.432774677366
    },
    "Walk_Train_Walk": {
        "cost": 9.200000000000001,
        "env_tax": 0,
        "route": "(89,92), (90,92), (90,92), (90,91), (90,90)|(90,90), (89,90), (88,90), (87,90), (86,90), (85,90), (84,90), (83,90), (82,90), (81,90), (80,90), (79,90), (78,90), (77,90), (76,90), (75,90), (74,90), (73,90), (72,90), (71,90), (70,90), (70,90), (70,89), (70,88), (70,87), (70,86), (70,85), (70,84), (70,83), (70,82), (70,81), (70,80), (70,79), (70,78), (70,77), (70,76), (70,75), (70,74), (70,73), (70,72), (70,71), (70,70), (70,69), (70,68), (70,67), (70,66), (70,65), (70,64), (70,63), (70,62), (70,61), (70,60), (70,59), (70,58), (70,57), (70,56), (70,55), (70,54), (70,53), (70,52), (70,51), (70,50), (70,49), (70,48), (70,47), (70,46), (70,45), (70,44), (70,43), (70,42), (70,41), (70,40), (70,39), (70,38), (70,37), (70,36), (70,35), (70,34), (70,33), (70,32), (70,31), (70,30), (70,29), (70,28), (70,27), (70,26), (70,25), (70,24), (70,23), (70,22), (70,21), (70,20)|(70,20), (71,20), (72,20), (73,20), (74,20), (74,20), (74,21), (74,22)",
        "time": 679.9207162155388
    }
}