{
    "Uber": {
        "cost": 20.2660834518451,
        "env_tax": 0.08000000000000002,
        "route": "(26,26), (25,26), (25,27), (25,28), (24,28), (24,29), (23,29), (23,30), (23,31), (23,32), (23,33), (23,34), (22,34), (21,34), (21,35), (20,35)",
        "time": 8.343962188365891
    },
    "Uber_Train_Uber": {
        "cost": 31.962976163294982,
        "env_tax": 0.07500000000000001,
        "route": "(26,26), (27,26), (27,27), (27,28), (27,29), (27,30), (28,30), (29,30), (30,30)|(30,30), (29,30), (28,30), (27,30), (26,30), (25,30), (24,30), (23,30), (22,30), (21,30), (20,30), (20,30)|(20,30), (20,31), (20,32), (20,33), (20,34), (20,35)",
        "time": 23.658368048462314
    },
    "Uber_Train_Walk": {
        "cost": 17.60200754409374,
        "env_tax": 0.045000000000000005,
        "route": "(26,26), (27,26), (27,27), (27,28), (27,29), (27,30), (28,30), (29,30), (30,30)|(30,30), (29,30), (28,30), (27,30), (26,30), (25,30), (24,30), (23,30), (22,30), (21,30), (20,30), (20,30)|(20,30), (20,30), (20,31), (20,32), (20,33), (20,34), (20,35)",
        "time": 386.58781084715434
    },
    "Walk": {
        "cost": 0,
        "env_tax": 0,
        "route": "(26,26), (25,26), (24,26), (23,26), (22,26), (21,26), (20,26), (20,26), (20,27), (20,28), (20,29), (20,30), (20,31), (20,32), (20,33), (20,34), (20,35)",
        "time": 1118.468146027201
    },
    "Walk_Train_Uber": {
        "cost": 15.451950988299425,
        "env_tax": 0.030000000000000006,
        "route": "(26,26), (27,26), (28,26), (29,26), (30,26), (30,26), (30,27), (30,28), (30,29), (30,30)|(30,30), (29,30), (28,30), (27,30), (26,30), (25,30), (24,30), (23,30), (22,30), (21,30), (20,30), (20,30)|(20,30), (20,31), (20,32), (20,33), (20,34), (20,35)",
        "time": 609.7687424583892
    },
    "Walk_Train_Walk": {
        "cost": 1.2000000000000002,
        "env_tax": 0,
        "route": "(26,26), (27,26), (28,26), (29,26), (30,26), (30,26), (30,27), (30,28), (30,29), (30,30)|(30,30), (29,30), (28,30), (27,30), (26,30), (25,30), (24,30), (23,30), (22,30), (21,30), (20,30), (20,30)|(20,30), (20,30), (20,31), (20,32), (20,33), (20,34), (20,35)",
        "time": 975.2924090786815
    }
}