{
    "Uber": {
        "cost": 46.19105447844853,
        "env_tax": 0.43,
        "route": "(6,98), (6,97), (6,96), (5,96), (4,96), (3,96), (3,95), (3,94), (3,93), (3,92), (3,91), (3,90), (3,89), (3,88), (3,87), (3,86), (3,85), (3,84), (3,83), (3,82), (3,81), (3,80), (3,79), (3,78), (3,77), (3,76), (4,76), (5,76), (5,75), (5,74), (5,73), (5,72), (5,71), (5,70), (5,69), (5,68), (6,68), (6,67), (6,66), (7,66), (8,66), (9,66), (9,65), (9,64), (9,63), (9,62), (9,61), (9,60), (9,59), (10,59), (10,58), (11,58), (11,57), (12,57), (12,56), (13,56), (14,56), (15,56), (16,56), (17,56), (18,56), (19,56), (20,56), (21,56), (21,55), (21,54), (22,54), (22,53), (23,53), (24,53), (25,53), (26,53), (27,53), (28,53), (29,53), (30,53), (31,53), (32,53), (33,53), (34,53), (35,53), (36,53), (37,53), (38,53), (39,53), (40,53)",
        "time": 15.042788375615368
    },
    "Uber_Train_Uber": {
        "cost": 34.680127261197946,
        "env_tax": 0.085,
        "route": "(6,98), (6,97), (6,96), (6,95), (7,95), (7,94), (8,94), (9,94), (10,94), (10,93), (10,92), (10,91), (10,90)|(10,90), (11,90), (12,90), (13,90), (14,90), (15,90), (16,90), (17,90), (18,90), (19,90), (20,90), (21,90), (22,90), (23,90), (24,90), (25,90), (26,90), (27,90), (28,90), (29,90), (30,90), (31,90), (32,90), (33,90), (34,90), (35,90), (36,90), (37,90), (38,90), (39,90), (40,90), (40,90), (40,89), (40,88), (40,87), (40,86), (40,85), (40,84), (40,83), (40,82), (40,81), (40,80), (40,79), (40,78), (40,77), (40,76), (40,75), (40,74), (40,73), (40,72), (40,71), (40,70), (40,69), (40,68), (40,67), (40,66), (40,65), (40,64), (40,63), (40,62), (40,61), (40,60), (40,59), (40,58), (40,57), (40,56), (40,55), (40,54), (40,53), (40,52), (40,51), (40,50)|(40,50), (40,51), (40,52), (40,53)",
        "time": 18.478334347025267
    },
    "Uber_Train_Walk": {
        "cost": 20.37090921170424,
        "env_tax": 0.065,
        "route": "(6,98), (6,97), (6,96), (6,95), (7,95), (7,94), (8,94), (9,94), (10,94), (10,93), (10,92), (10,91), (10,90)|(10,90), (11,90), (12,90), (13,90), (14,90), (15,90), (16,90), (17,90), (18,90), (19,90), (20,90), (21,90), (22,90), (23,90), (24,90), (25,90), (26,90), (27,90), (28,90), (29,90), (30,90), (31,90), (32,90), (33,90), (34,90), (35,90), (36,90), (37,90), (38,90), (39,90), (40,90), (40,90), (40,89), (40,88), (40,87), (40,86), (40,85), (40,84), (40,83), (40,82), (40,81), (40,80), (40,79), (40,78), (40,77), (40,76), (40,75), (40,74), (40,73), (40,72), (40,71), (40,70), (40,69), (40,68), (40,67), (40,66), (40,65), (40,64), (40,63), (40,62), (40,61), (40,60), (40,59), (40,58), (40,57), (40,56), (40,55), (40,54), (40,53), (40,52), (40,51), (40,50)|(40,50), (40,50), (40,51), (40,52), (40,53)",
        "time": 238.1416548545678
    },
    "Walk": {
        "cost": 0,
        "env_tax": 0,
        "route": "(6,98), (7,98), (8,98), (9,98), (10,98), (11,98), (12,98), (13,98), (14,98), (15,98), (16,98), (17,98), (18,98), (19,98), (20,98), (21,98), (22,98), (23,98), (24,98), (25,98), (26,98), (27,98), (28,98), (29,98), (30,98), (31,98), (32,98), (33,98), (34,98), (35,98), (36,98), (37,98), (38,98), (39,98), (40,98), (40,98), (40,97), (40,96), (40,95), (40,94), (40,93), (40,92), (40,91), (40,90), (40,89), (40,88), (40,87), (40,86), (40,85), (40,84), (40,83), (40,82), (40,81), (40,80), (40,79), (40,78), (40,77), (40,76), (40,75), (40,74), (40,73), (40,72), (40,71), (40,70), (40,69), (40,68), (40,67), (40,66), (40,65), (40,64), (40,63), (40,62), (40,61), (40,60), (40,59), (40,58), (40,57), (40,56), (40,55), (40,54), (40,53)",
        "time": 5890.598902409925
    },
    "Walk_Train_Uber": {
        "cost": 23.26804977337066,
        "env_tax": 0.020000000000000004,
        "route": "(6,98), (7,98), (8,98), (9,98), (10,98), (10,98), (10,97), (10,96), (10,95), (10,94), (10,93), (10,92), (10,91), (10,90)|(10,90), (11,90), (12,90), (13,90), (14,90), (15,90), (16,90), (17,90), (18,90), (19,90), (20,90), (21,90), (22,90), (23,90), (24,90), (25,90), (26,90), (27,90), (28,90), (29,90), (30,90), (31,90), (32,90), (33,90), (34,90), (35,90), (36,90), (37,90), (38,90), (39,90), (40,90), (40,90), (40,89), (40,88), (40,87), (40,86), (40,85), (40,84), (40,83), (40,82), (40,81), (40,80), (40,79), (40,78), (40,77), (40,76), (40,75), (40,74), (40,73), (40,72), (40,71), (40,70), (40,69), (40,68), (40,67), (40,66), (40,65), (40,64), (40,63), (40,62), (40,61), (40,60), (40,59), (40,58), (40,57), (40,56), (40,55), (40,54), (40,53), (40,52), (40,51), (40,50)|(40,50), (40,51), (40,52), (40,53)",
        "time": 914.8450324024636
    },
    "Walk_Train_Walk": {
        "cost": 7.2,
        "env_tax": 0,
        "route": "(6,98), (7,98), (8,98), (9,98), (10,98), (10,98), (10,97), (10,96), (10,95), (10,94), (10,93), (10,92), (10,91), (10,90)|(10,90), (11,90), (12,90), (13,90), (14,90), (15,90), (16,90), (17,90), (18,90), (19,90), (20,90), (21,90), (22,90), (23,90), (24,90), (25,90), (26,90), (27,90), (28,90), (29,90), (30,90), (31,90), (32,90), (33,90), (34,90), (35,90), (36,90), (37,90), (38,90), (39,90), (40,90), (40,90), (40,89), (40,88), (40,87), (40,86), (40,85), (40,84), (40,83), (40,82), (40,81), (40,80), (40,79), (40,78), (40,77), (40,76), (40,75), (40,74), (40,73), (40,72), (40,71), (40,70), (40,69), (40,68), (40,67), (40,66), (40,65), (40,64), (40,63), (40,62), (40,61), (40,60), (40,59), (40,58), (40,57), (40,56), (40,55), (40,54), (40,53), (40,52), (40,51), (40,50)|(40,50), (40,50), (40,51), (40,52), (40,53)",
        "time": 1127.8688389410765
    }
}