{
    "Uber": {
        "cost": 26.203162135073036,
        "env_tax": 0.225,
        "route": "(65,17), (66,17), (67,17), (68,17), (69,17), (70,17), (71,17), (72,17), (73,17), (74,17), (75,17), (76,17), (77,17), (78,17), (79,17), (80,17), (80,18), (81,18), (82,18), (83,18), (83,19), (83,20), (84,20), (85,20), (85,21), (85,22), (85,23), (85,24), (85,25), (85,26), (85,27), (85,28), (85,29), (85,30), (85,31), (85,32), (85,33), (85,34), (85,35), (85,36), (85,37), (85,38), (85,39), (86,39), (86,40)",
        "time": 6.915536483455927
    },
    "Uber_Train_Uber": {
        "cost": 33.895180420283246,
        "env_tax": 0.07,
        "route": "(65,17), (64,17), (64,18), (64,19), (64,20), (63,20), (62,20), (61,20), (60,20)|(60,20), (61,20), (62,20), (63,20), (64,20), (65,20), (66,20), (67,20), (68,20), (69,20), (70,20), (71,20), (72,20), (73,20), (74,20), (75,20), (76,20), (77,20), (78,20), (79,20), (80,20), (81,20), (82,20), (83,20), (84,20), (85,20), (86,20), (87,20), (88,20), (89,20), (90,20), (90,20), (90,21), (90,22), (90,23), (90,24), (90,25), (90,26), (90,27), (90,28), (90,29), (90,30), (90,31), (90,32), (90,33), (90,34), (90,35), (90,36), (90,37), (90,38), (90,39), (90,40)|(90,40), (89,40), (88,40), (87,40), (86,40)",
        "time": 20.799570652807404
    },
    "Uber_Train_Walk": {
        "cost": 21.337072174024918,
        "env_tax": 0.045000000000000005,
        "route": "(65,17), (64,17), (64,18), (64,19), (64,20), (63,20), (62,20), (61,20), (60,20)|(60,20), (61,20), (62,20), (63,20), (64,20), (65,20), (66,20), (67,20), (68,20), (69,20), (70,20), (71,20), (72,20), (73,20), (74,20), (75,20), (76,20), (77,20), (78,20), (79,20), (80,20), (81,20), (82,20), (83,20), (84,20), (85,20), (86,20), (87,20), (88,20), (89,20), (90,20), (90,20), (90,21), (90,22), (90,23), (90,24), (90,25), (90,26), (90,27), (90,28), (90,29), (90,30), (90,31), (90,32), (90,33), (90,34), (90,35), (90,36), (90,37), (90,38), (90,39), (90,40)|(90,40), (89,40), (88,40), (87,40), (86,40), (86,40)",
        "time": 316.8238120431542
    },
    "Walk": {
        "cost": 0,
        "env_tax": 0,
        "route": "(65,17), (66,17), (67,17), (68,17), (69,17), (70,17), (71,17), (72,17), (73,17), (74,17), (75,17), (76,17), (77,17), (78,17), (79,17), (80,17), (81,17), (82,17), (83,17), (84,17), (85,17), (86,17), (86,17), (86,18), (86,19), (86,20), (86,21), (86,22), (86,23), (86,24), (86,25), (86,26), (86,27), (86,28), (86,29), (86,30), (86,31), (86,32), (86,33), (86,34), (86,35), (86,36), (86,37), (86,38), (86,39), (86,40)",
        "time": 3280.839895013123
    },
    "Walk_Train_Uber": {
        "cost": 18.381810966675896,
        "env_tax": 0.025,
        "route": "(65,17), (64,17), (63,17), (62,17), (61,17), (60,17), (60,17), (60,18), (60,19), (60,20)|(60,20), (61,20), (62,20), (63,20), (64,20), (65,20), (66,20), (67,20), (68,20), (69,20), (70,20), (71,20), (72,20), (73,20), (74,20), (75,20), (76,20), (77,20), (78,20), (79,20), (80,20), (81,20), (82,20), (83,20), (84,20), (85,20), (86,20), (87,20), (88,20), (89,20), (90,20), (90,20), (90,21), (90,22), (90,23), (90,24), (90,25), (90,26), (90,27), (90,28), (90,29), (90,30), (90,31), (90,32), (90,33), (90,34), (90,35), (90,36), (90,37), (90,38), (90,39), (90,40)|(90,40), (89,40), (88,40), (87,40), (86,40)",
        "time": 611.6911890894779
    },
    "Walk_Train_Walk": {
        "cost": 5.2,
        "env_tax": 0,
        "route": "(65,17), (64,17), (63,17), (62,17), (61,17), (60,17), (60,17), (60,18), (60,19), (60,20)|(60,20), (61,20), (62,20), (63,20), (64,20), (65,20), (66,20), (67,20), (68,20), (69,20), (70,20), (71,20), (72,20), (73,20), (74,20), (75,20), (76,20), (77,20), (78,20), (79,20), (80,20), (81,20), (82,20), (83,20), (84,20), (85,20), (86,20), (87,20), (88,20), (89,20), (90,20), (90,20), (90,21), (90,22), (90,23), (90,24), (90,25), (90,26), (90,27), (90,28), (90,29), (90,30), (90,31), (90,32), (90,33), (90,34), (90,35), (90,36), (90,37), (90,38), (90,39), (90,40)|(90,40), (89,40), (88,40), (87,40), (86,40), (86,40)",
        "time": 903.3550074910946
    }
}