{
    "Uber": {
        "cost": 29.23277199582772,
        "env_tax": 0.16000000000000003,
        "route": "(34,62), (33,62), (33,63), (32,63), (31,63), (30,63), (30,64), (29,64), (29,65), (29,66), (29,67), (28,67), (27,67), (26,67), (25,67), (25,68), (24,68), (23,68), (22,68), (22,69), (22,70), (21,70), (20,70), (20,71), (20,72), (20,73), (20,74), (20,75), (20,76), (20,77), (20,78), (20,79)",
        "time": 12.687031503849708
    },
    "Uber_Train_Uber": {
        "cost": 32.61606503023692,
        "env_tax": 0.045000000000000005,
        "route": "(34,62), (33,62), (33,61), (32,61), (31,61), (30,61), (30,60)|(30,60), (29,60), (28,60), (27,60), (26,60), (25,60), (24,60), (23,60), (22,60), (21,60), (20,60), (20,60), (20,61), (20,62), (20,63), (20,64), (20,65), (20,66), (20,67), (20,68), (20,69), (20,70), (20,71), (20,72), (20,73), (20,74), (20,75), (20,76), (20,77), (20,78), (20,79), (20,80)|(20,80), (20,79)",
        "time": 21.915986319808056
    },
    "Uber_Train_Walk": {
        "cost": 19.86976717742871,
        "env_tax": 0.035,
        "route": "(34,62), (33,62), (33,61), (32,61), (31,61), (30,61), (30,60)|(30,60), (29,60), (28,60), (27,60), (26,60), (25,60), (24,60), (23,60), (22,60), (21,60), (20,60), (20,60), (20,61), (20,62), (20,63), (20,64), (20,65), (20,66), (20,67), (20,68), (20,69), (20,70), (20,71), (20,72), (20,73), (20,74), (20,75), (20,76), (20,77), (20,78), (20,79), (20,80)|(20,80), (20,80), (20,79)",
        "time": 90.33528065603338
    },
    "Walk": {
        "cost": 0,
        "env_tax": 0,
        "route": "(34,62), (33,62), (32,62), (31,62), (30,62), (29,62), (28,62), (27,62), (26,62), (25,62), (24,62), (23,62), (22,62), (21,62), (20,62), (20,62), (20,63), (20,64), (20,65), (20,66), (20,67), (20,68), (20,69), (20,70), (20,71), (20,72), (20,73), (20,74), (20,75), (20,76), (20,77), (20,78), (20,79)",
        "time": 2311.500835122882
    },
    "Walk_Train_Uber": {
        "cost": 15.343853573977674,
        "env_tax": 0.010000000000000002,
        "route": "(34,62), (33,62), (32,62), (31,62), (30,62), (30,62), (30,61), (30,60)|(30,60), (29,60), (28,60), (27,60), (26,60), (25,60), (24,60), (23,60), (22,60), (21,60), (20,60), (20,60), (20,61), (20,62), (20,63), (20,64), (20,65), (20,66), (20,67), (20,68), (20,69), (20,70), (20,71), (20,72), (20,73), (20,74), (20,75), (20,76), (20,77), (20,78), (20,79), (20,80)|(20,80), (20,79)",
        "time": 460.25292930140495
    },
    "Walk_Train_Walk": {
        "cost": 3.2,
        "env_tax": 0,
        "route": "(34,62), (33,62), (32,62), (31,62), (30,62), (30,62), (30,61), (30,60)|(30,60), (29,60), (28,60), (27,60), (26,60), (25,60), (24,60), (23,60), (22,60), (21,60), (20,60), (20,60), (20,61), (20,62), (20,63), (20,64), (20,65), (20,66), (20,67), (20,68), (20,69), (20,70), (20,71), (20,72), (20,73), (20,74), (20,75), (20,76), (20,77), (20,78), (20,79), (20,80)|(20,80), (20,80), (20,79)",
        "time": 526.999023099597
    }
}