{
    "Uber": {
        "cost": 68.23562110368448,
        "env_tax": 0.6350000000000001,
        "route": "(85,15), (85,14), (85,13), (84,13), (84,12), (84,11), (83,11), (82,11), (82,10), (81,10), (80,10), (79,10), (78,10), (77,10), (76,10), (75,10), (74,10), (73,10), (72,10), (71,10), (70,10), (69,10), (68,10), (67,10), (66,10), (65,10), (64,10), (63,10), (62,10), (61,10), (60,10), (59,10), (58,10), (57,10), (56,10), (55,10), (54,10), (53,10), (52,10), (51,10), (51,11), (51,12), (50,12), (49,12), (48,12), (47,12), (47,13), (47,14), (46,14), (45,14), (44,14), (43,14), (42,14), (42,15), (42,16), (41,16), (41,17), (41,18), (41,19), (40,19), (39,19), (38,19), (37,19), (36,19), (36,20), (36,21), (35,21), (34,21), (33,21), (33,22), (32,22), (32,23), (31,23), (31,24), (30,24), (29,24), (29,25), (29,26), (28,26), (27,26), (27,27), (27,28), (27,29), (26,29), (26,30), (25,30), (24,30), (24,31), (24,32), (23,32), (23,33), (23,34), (23,35), (23,36), (23,37), (23,38), (23,39), (23,40), (23,41), (23,42), (23,43), (23,44), (23,45), (23,46), (23,47), (23,48), (23,49), (23,50), (23,51), (23,52), (23,53), (23,54), (23,55), (23,56), (23,57), (23,58), (23,59), (23,60), (23,61), (23,62), (23,63), (24,63), (24,64), (24,65), (24,66), (24,67), (24,68)",
        "time": 24.04480967179592
    },
    "Uber_Train_Uber": {
        "cost": 40.424391896151924,
        "env_tax": 0.09000000000000001,
        "route": "(85,15), (85,14), (85,13), (84,13), (84,12), (84,11), (83,11), (82,11), (82,10), (81,10), (80,10)|(80,10), (79,10), (78,10), (77,10), (76,10), (75,10), (74,10), (73,10), (72,10), (71,10), (70,10), (69,10), (68,10), (67,10), (66,10), (65,10), (64,10), (63,10), (62,10), (61,10), (60,10), (59,10), (58,10), (57,10), (56,10), (55,10), (54,10), (53,10), (52,10), (51,10), (50,10), (49,10), (48,10), (47,10), (46,10), (45,10), (44,10), (43,10), (42,10), (41,10), (40,10), (39,10), (38,10), (37,10), (36,10), (35,10), (34,10), (33,10), (32,10), (31,10), (30,10), (29,10), (28,10), (27,10), (26,10), (25,10), (24,10), (23,10), (22,10), (21,10), (20,10), (20,10), (20,11), (20,12), (20,13), (20,14), (20,15), (20,16), (20,17), (20,18), (20,19), (20,20), (20,21), (20,22), (20,23), (20,24), (20,25), (20,26), (20,27), (20,28), (20,29), (20,30), (20,31), (20,32), (20,33), (20,34), (20,35), (20,36), (20,37), (20,38), (20,39), (20,40), (20,41), (20,42), (20,43), (20,44), (20,45), (20,46), (20,47), (20,48), (20,49), (20,50), (20,51), (20,52), (20,53), (20,54), (20,55), (20,56), (20,57), (20,58), (20,59), (20,60), (20,61), (20,62), (20,63), (20,64), (20,65), (20,66), (20,67), (20,68), (20,69), (20,70)|(20,70), (21,70), (22,70), (22,69), (22,68), (23,68), (24,68)",
        "time": 28.26643914652947
    },
    "Uber_Train_Walk": {
        "cost": 25.79613125633226,
        "env_tax": 0.05500000000000001,
        "route": "(85,15), (85,14), (85,13), (84,13), (84,12), (84,11), (83,11), (82,11), (82,10), (81,10), (80,10)|(80,10), (79,10), (78,10), (77,10), (76,10), (75,10), (74,10), (73,10), (72,10), (71,10), (70,10), (69,10), (68,10), (67,10), (66,10), (65,10), (64,10), (63,10), (62,10), (61,10), (60,10), (59,10), (58,10), (57,10), (56,10), (55,10), (54,10), (53,10), (52,10), (51,10), (50,10), (49,10), (48,10), (47,10), (46,10), (45,10), (44,10), (43,10), (42,10), (41,10), (40,10), (39,10), (38,10), (37,10), (36,10), (35,10), (34,10), (33,10), (32,10), (31,10), (30,10), (29,10), (28,10), (27,10), (26,10), (25,10), (24,10), (23,10), (22,10), (21,10), (20,10), (20,10), (20,11), (20,12), (20,13), (20,14), (20,15), (20,16), (20,17), (20,18), (20,19), (20,20), (20,21), (20,22), (20,23), (20,24), (20,25), (20,26), (20,27), (20,28), (20,29), (20,30), (20,31), (20,32), (20,33), (20,34), (20,35), (20,36), (20,37), (20,38), (20,39), (20,40), (20,41), (20,42), (20,43), (20,44), (20,45), (20,46), (20,47), (20,48), (20,49), (20,50), (20,51), (20,52), (20,53), (20,54), (20,55), (20,56), (20,57), (20,58), (20,59), (20,60), (20,61), (20,62), (20,63), (20,64), (20,65), (20,66), (20,67), (20,68), (20,69), (20,70)|(20,70), (21,70), (22,70), (23,70), (24,70), (24,70), (24,69), (24,68)",
        "time": 463.4169537502737
    },
    "Walk": {
        "cost": 0,
        "env_tax": 0,
        "route": "(85,15), (84,15), (83,15), (82,15), (81,15), (80,15), (79,15), (78,15), (77,15), (76,15), (75,15), (74,15), (73,15), (72,15), (71,15), (70,15), (69,15), (68,15), (67,15), (66,15), (65,15), (64,15), (63,15), (62,15), (61,15), (60,15), (59,15), (58,15), (57,15), (56,15), (55,15), (54,15), (53,15), (52,15), (51,15), (50,15), (49,15), (48,15), (47,15), (46,15), (45,15), (44,15), (43,15), (42,15), (41,15), (40,15), (39,15), (38,15), (37,15), (36,15), (35,15), (34,15), (33,15), (32,15), (31,15), (30,15), (29,15), (28,15), (27,15), (26,15), (25,15), (24,15), (24,15), (24,16), (24,17), (24,18), (24,19), (24,20), (24,21), (24,22), (24,23), (24,24), (24,25), (24,26), (24,27), (24,28), (24,29), (24,30), (24,31), (24,32), (24,33), (24,34), (24,35), (24,36), (24,37), (24,38), (24,39), (24,40), (24,41), (24,42), (24,43), (24,44), (24,45), (24,46), (24,47), (24,48), (24,49), (24,50), (24,51), (24,52), (24,53), (24,54), (24,55), (24,56), (24,57), (24,58), (24,59), (24,60), (24,61), (24,62), (24,63), (24,64), (24,65), (24,66), (24,67), (24,68)",
        "time": 8500.357909806728
    },
    "Walk_Train_Uber": {
        "cost": 26.85077251040506,
        "env_tax": 0.035,
        "route": "(85,15), (84,15), (83,15), (82,15), (81,15), (80,15), (80,15), (80,14), (80,13), (80,12), (80,11), (80,10)|(80,10), (79,10), (78,10), (77,10), (76,10), (75,10), (74,10), (73,10), (72,10), (71,10), (70,10), (69,10), (68,10), (67,10), (66,10), (65,10), (64,10), (63,10), (62,10), (61,10), (60,10), (59,10), (58,10), (57,10), (56,10), (55,10), (54,10), (53,10), (52,10), (51,10), (50,10), (49,10), (48,10), (47,10), (46,10), (45,10), (44,10), (43,10), (42,10), (41,10), (40,10), (39,10), (38,10), (37,10), (36,10), (35,10), (34,10), (33,10), (32,10), (31,10), (30,10), (29,10), (28,10), (27,10), (26,10), (25,10), (24,10), (23,10), (22,10), (21,10), (20,10), (20,10), (20,11), (20,12), (20,13), (20,14), (20,15), (20,16), (20,17), (20,18), (20,19), (20,20), (20,21), (20,22), (20,23), (20,24), (20,25), (20,26), (20,27), (20,28), (20,29), (20,30), (20,31), (20,32), (20,33), (20,34), (20,35), (20,36), (20,37), (20,38), (20,39), (20,40), (20,41), (20,42), (20,43), (20,44), (20,45), (20,46), (20,47), (20,48), (20,49), (20,50), (20,51), (20,52), (20,53), (20,54), (20,55), (20,56), (20,57), (20,58), (20,59), (20,60), (20,61), (20,62), (20,63), (20,64), (20,65), (20,66), (20,67), (20,68), (20,69), (20,70)|(20,70), (21,70), (22,70), (22,69), (22,68), (23,68), (24,68)",
        "time": 760.0659032659393
    },
    "Walk_Train_Walk": {
        "cost": 12.200000000000001,
        "env_tax": 0,