{
    "Uber": {
        "cost": 53.41106002119204,
        "env_tax": 0.36000000000000004,
        "route": "(53,34), (52,34), (52,33), (51,33), (50,33), (49,33), (48,33), (47,33), (46,33), (45,33), (44,33), (43,33), (43,32), (42,32), (41,32), (40,32), (39,32), (38,32), (37,32), (36,32), (35,32), (34,32), (33,32), (32,32), (31,32), (30,32), (29,32), (28,32), (27,32), (26,32), (25,32), (24,32), (23,32), (22,32), (21,32), (20,32), (19,32), (18,32), (17,32), (16,32), (15,32), (14,32), (13,32), (12,32), (11,32), (10,32), (9,32), (8,32), (7,32), (6,32), (6,33), (6,34), (5,34), (5,35), (5,36), (5,37), (4,37), (4,38), (4,39), (4,40), (4,41), (4,42), (4,43), (4,44), (4,45), (4,46), (4,47), (4,48), (4,49), (4,50), (4,51), (4,52)",
        "time": 18.45547652553744
    },
    "Uber_Train_Uber": {
        "cost": 38.973042613653504,
        "env_tax": 0.08500000000000002,
        "route": "(53,34), (52,34), (52,33), (51,33), (50,33), (50,32), (50,31), (50,30)|(50,30), (49,30), (48,30), (47,30), (46,30), (45,30), (44,30), (43,30), (42,30), (41,30), (40,30), (39,30), (38,30), (37,30), (36,30), (35,30), (34,30), (33,30), (32,30), (31,30), (30,30), (29,30), (28,30), (27,30), (26,30), (25,30), (24,30), (23,30), (22,30), (21,30), (20,30), (19,30), (18,30), (17,30), (16,30), (15,30), (14,30), (13,30), (12,30), (11,30), (10,30), (10,30), (10,31), (10,32), (10,33), (10,34), (10,35), (10,36), (10,37), (10,38), (10,39), (10,40), (10,41), (10,42), (10,43), (10,44), (10,45), (10,46), (10,47), (10,48), (10,49), (10,50)|(10,50), (9,50), (8,50), (7,50), (6,50), (5,50), (5,51), (5,52), (4,52)",
        "time": 26.34418164370256
    },
    "Uber_Train_Walk": {
        "cost": 25.298811275027738,
        "env_tax": 0.04000000000000001,
        "route": "(53,34), (52,34), (52,33), (51,33), (50,33), (50,32), (50,31), (50,30)|(50,30), (49,30), (48,30), (47,30), (46,30), (45,30), (44,30), (43,30), (42,30), (41,30), (40,30), (39,30), (38,30), (37,30), (36,30), (35,30), (34,30), (33,30), (32,30), (31,30), (30,30), (29,30), (28,30), (27,30), (26,30), (25,30), (24,30), (23,30), (22,30), (21,30), (20,30), (19,30), (18,30), (17,30), (16,30), (15,30), (14,30), (13,30), (12,30), (11,30), (10,30), (10,30), (10,31), (10,32), (10,33), (10,34), (10,35), (10,36), (10,37), (10,38), (10,39), (10,40), (10,41), (10,42), (10,43), (10,44), (10,45), (10,46), (10,47), (10,48), (10,49), (10,50)|(10,50), (9,50), (8,50), (7,50), (6,50), (5,50), (4,50), (4,50), (4,51), (4,52)",
        "time": 611.3011552894191
    },
    "Walk": {
        "cost": 0,
        "env_tax": 0,
        "route": "(53,34), (52,34), (51,34), (50,34), (49,34), (48,34), (47,34), (46,34), (45,34), (44,34), (43,34), (42,34), (41,34), (40,34), (39,34), (38,34), (37,34), (36,34), (35,34), (34,34), (33,34), (32,34), (31,34), (30,34), (29,34), (28,34), (27,34), (26,34), (25,34), (24,34), (23,34), (22,34), (21,34), (20,34), (19,34), (18,34), (17,34), (16,34), (15,34), (14,34), (13,34), (12,34), (11,34), (10,34), (9,34), (8,34), (7,34), (6,34), (5,34), (4,34), (4,34), (4,35), (4,36), (4,37), (4,38), (4,39), (4,40), (4,41), (4,42), (4,43), (4,44), (4,45), (4,46), (4,47), (4,48), (4,49), (4,50), (4,51), (4,52)",
        "time": 4995.824385588165
    },
    "Walk_Train_Uber": {
        "cost": 20.18015208911329,
        "env_tax": 0.045000000000000005,
        "route": "(53,34), (52,34), (51,34), (50,34), (50,34), (50,33), (50,32), (50,31), (50,30)|(50,30), (49,30), (48,30), (47,30), (46,30), (45,30), (44,30), (43,30), (42,30), (41,30), (40,30), (39,30), (38,30), (37,30), (36,30), (35,30), (34,30), (33,30), (32,30), (31,30), (30,30), (29,30), (28,30), (27,30), (26,30), (25,30), (24,30), (23,30), (22,30), (21,30), (20,30), (19,30), (18,30), (17,30), (16,30), (15,30), (14,30), (13,30), (12,30), (11,30), (10,30), (10,30), (10,31), (10,32), (10,33), (10,34), (10,35), (10,36), (10,37), (10,38), (10,39), (10,40), (10,41), (10,42), (10,43), (10,44), (10,45), (10,46), (10,47), (10,48), (10,49), (10,50)|(10,50), (9,50), (8,50), (7,50), (6,50), (5,50), (5,51), (5,52), (4,52)",
        "time": 535.806300114702
    },
    "Walk_Train_Walk": {
        "cost": 6.2,
        "env_tax": 0,
        "route": "(53,34), (52,34), (51,34), (50,34), (50,34), (50,33), (50,32), (50,31), (50,30)|(50,30), (49,30), (48,30), (47,30), (46,30), (45,30), (44,30), (43,30), (42,30), (41,30), (40,30), (39,30), (38,30), (37,30), (36,30), (35,30), (34,30), (33,30), (32,30), (31,30), (30,30), (29,30), (28,30), (27,30), (26,30), (25,30), (24,30), (23,30), (22,30), (21,30), (20,30), (19,30), (18,30), (17,30), (16,30), (15,30), (14,30), (13,30), (12,30), (11,30), (10,30), (10,30), (10,31), (10,32), (10,33), (10,34), (10,35), (10,36), (10,37), (10,38), (10,39), (10,40), (10,41), (10,42), (10,43), (10,44), (10,45), (10,46), (10,47), (10,48), (10,49), (10,50)|(10,50), (9,50), (8,50), (7,50), (6,50), (5,50), (4,50), (4,50), (4,51), (4,52)",
        "time": 1124.8204993003712
    }
}