{
    "Uber": {
        "cost": 38.19729492359243,
        "env_tax": 0.12000000000000002,
        "route": "(39,37), (40,37), (41,37), (42,37), (43,37), (44,37), (45,37), (46,37), (47,37), (48,37), (49,37), (50,37), (51,37), (51,38), (52,38), (52,39), (52,40), (53,40), (53,41), (53,42), (53,43), (53,44), (53,45), (54,45)",
        "time": 16.23159003643256
    },
    "Uber_Train_Uber": {
        "cost": 35.94269212967549,
        "env_tax": 0.07500000000000001,
        "route": "(39,37), (39,38), (39,39), (39,40), (40,40)|(40,40), (41,40), (42,40), (43,40), (44,40), (45,40), (46,40), (47,40), (48,40), (49,40), (50,40), (50,40)|(50,40), (50,41), (51,41), (52,41), (53,41), (53,42), (53,43), (53,44), (53,45), (54,45)",
        "time": 26.948884116439302
    },
    "Uber_Train_Walk": {
        "cost": 17.350161895134523,
        "env_tax": 0.025,
        "route": "(39,37), (39,38), (39,39), (39,40), (40,40)|(40,40), (41,40), (42,40), (43,40), (44,40), (45,40), (46,40), (47,40), (48,40), (49,40), (50,40), (50,40)|(50,40), (51,40), (52,40), (53,40), (54,40), (54,40), (54,41), (54,42), (54,43), (54,44), (54,45)",
        "time": 684.8836341525569
    },
    "Walk": {
        "cost": 0,
        "env_tax": 0,
        "route": "(39,37), (40,37), (41,37), (42,37), (43,37), (44,37), (45,37), (46,37), (47,37), (48,37), (49,37), (50,37), (51,37), (52,37), (53,37), (54,37), (54,37), (54,38), (54,39), (54,40), (54,41), (54,42), (54,43), (54,44), (54,45)",
        "time": 1714.9844905750417
    },
    "Walk_Train_Uber": {
        "cost": 23.986695523703915,
        "env_tax": 0.05,
        "route": "(39,37), (40,37), (40,37), (40,38), (40,39), (40,40)|(40,40), (41,40), (42,40), (43,40), (44,40), (45,40), (46,40), (47,40), (48,40), (49,40), (50,40), (50,40)|(50,40), (50,41), (51,41), (52,41), (53,41), (53,42), (53,43), (53,44), (53,45), (54,45)",
        "time": 314.22604424710954
    },
    "Walk_Train_Walk": {
        "cost": 1.2000000000000002,
        "env_tax": 0,
        "route": "(39,37), (40,37), (40,37), (40,38), (40,39), (40,40)|(40,40), (41,40), (42,40), (43,40), (44,40), (45,40), (46,40), (47,40), (48,40), (49,40), (50,40), (50,40)|(50,40), (51,40), (52,40), (53,40), (54,40), (54,40), (54,41), (54,42), (54,43), (54,44), (54,45)",
        "time": 975.4585293257369
    }
}