{
    "Uber": {
        "cost": 35.983262335261436,
        "env_tax": 0.225,
        "route": "(53,64), (53,65), (53,66), (53,67), (53,68), (53,69), (53,70), (53,71), (53,72), (53,73), (53,74), (53,75), (53,76), (53,77), (53,78), (54,78), (54,79), (54,80), (54,81), (54,82), (54,83), (54,84), (54,85), (55,85), (55,86), (55,87), (56,87), (56,88), (57,88), (58,88), (59,88), (59,89), (59,90), (60,90), (61,90), (61,91), (61,92), (62,92), (62,93), (62,94), (63,94), (63,95), (64,95), (65,95), (66,95)",
        "time": 13.863995235264891
    },
    "Uber_Train_Uber": {
        "cost": 36.94078770428098,
        "env_tax": 0.09000000000000001,
        "route": "(53,64), (53,63), (53,62), (52,62), (51,62), (50,62), (50,61), (50,60)|(50,60), (51,60), (52,60), (53,60), (54,60), (55,60), (56,60), (57,60), (58,60), (59,60), (60,60), (61,60), (62,60), (63,60), (64,60), (65,60), (66,60), (67,60), (68,60), (69,60), (70,60), (70,60), (70,61), (70,62), (70,63), (70,64), (70,65), (70,66), (70,67), (70,68), (70,69), (70,70), (70,71), (70,72), (70,73), (70,74), (70,75), (70,76), (70,77), (70,78), (70,79), (70,80), (70,81), (70,82), (70,83), (70,84), (70,85), (70,86), (70,87), (70,88), (70,89), (70,90)|(70,90), (69,90), (69,91), (69,92), (69,93), (68,93), (68,94), (67,94), (67,95), (66,95)",
        "time": 22.02419247962268
    },
    "Uber_Train_Walk": {
        "cost": 24.276132278744758,
        "env_tax": 0.04000000000000001,
        "route": "(53,64), (53,63), (53,62), (52,62), (51,62), (50,62), (50,61), (50,60)|(50,60), (51,60), (52,60), (53,60), (54,60), (55,60), (56,60), (57,60), (58,60), (59,60), (60,60), (61,60), (62,60), (63,60), (64,60), (65,60), (66,60), (67,60), (68,60), (69,60), (70,60), (70,60), (70,61), (70,62), (70,63), (70,64), (70,65), (70,66), (70,67), (70,68), (70,69), (70,70), (70,71), (70,72), (70,73), (70,74), (70,75), (70,76), (70,77), (70,78), (70,79), (70,80), (70,81), (70,82), (70,83), (70,84), (70,85), (70,86), (70,87), (70,88), (70,89), (70,90)|(70,90), (69,90), (68,90), (67,90), (66,90), (66,90), (66,91), (66,92), (66,93), (66,94), (66,95)",
        "time": 685.8572828483848
    },
    "Walk": {
        "cost": 0,
        "env_tax": 0,
        "route": "(53,64), (54,64), (55,64), (56,64), (57,64), (58,64), (59,64), (60,64), (61,64), (62,64), (63,64), (64,64), (65,64), (66,64), (66,64), (66,65), (66,66), (66,67), (66,68), (66,69), (66,70), (66,71), (66,72), (66,73), (66,74), (66,75), (66,76), (66,77), (66,78), (66,79), (66,80), (66,81), (66,82), (66,83), (66,84), (66,85), (66,86), (66,87), (66,88), (66,89), (66,90), (66,91), (66,92), (66,93), (66,94), (66,95)",
        "time": 3280.839895013123
    },
    "Walk_Train_Uber": {
        "cost": 19.170843381022127,
        "env_tax": 0.05,
        "route": "(53,64), (52,64), (51,64), (50,64), (50,64), (50,63), (50,62), (50,61), (50,60)|(50,60), (51,60), (52,60), (53,60), (54,60), (55,60), (56,60), (57,60), (58,60), (59,60), (60,60), (61,60), (62,60), (63,60), (64,60), (65,60), (66,60), (67,60), (68,60), (69,60), (70,60), (70,60), (70,61), (70,62), (70,63), (70,64), (70,65), (70,66), (70,67), (70,68), (70,69), (70,70), (70,71), (70,72), (70,73), (70,74), (70,75), (70,76), (70,77), (70,78), (70,79), (70,80), (70,81), (70,82), (70,83), (70,84), (70,85), (70,86), (70,87), (70,88), (70,89), (70,90)|(70,90), (69,90), (69,91), (69,92), (69,93), (68,93), (68,94), (67,94), (67,95), (66,95)",
        "time": 535.6724554636676
    },
    "Walk_Train_Walk": {
        "cost": 5.2,
        "env_tax": 0,
        "route": "(53,64), (52,64), (51,64), (50,64), (50,64), (50,63), (50,62), (50,61), (50,60)|(50,60), (51,60), (52,60), (53,60), (54,60), (55,60), (56,60), (57,60), (58,60), (59,60), (60,60), (61,60), (62,60), (63,60), (64,60), (65,60), (66,60), (67,60), (68,60), (69,60), (70,60), (70,60), (70,61), (70,62), (70,63), (70,64), (70,65), (70,66), (70,67), (70,68), (70,69), (70,70), (70,71), (70,72), (70,73), (70,74), (70,75), (70,76), (70,77), (70,78), (70,79), (70,80), (70,81), (70,82), (70,83), (70,84), (70,85), (70,86), (70,87), (70,88), (70,89), (70,90)|(70,90), (69,90), (68,90), (67,90), (66,90), (66,90), (66,91), (66,92), (66,93), (66,94), (66,95)",
        "time": 1199.5645831973177
    }
}