{
    "Uber": {
        "cost": 33.233074946727356,
        "env_tax": 0.685,
        "route": "(83,0), (82,0), (81,0), (80,0), (79,0), (78,0), (77,0), (76,0), (75,0), (74,0), (73,0), (72,0), (71,0), (70,0), (69,0), (68,0), (67,0), (66,0), (65,0), (64,0), (63,0), (62,0), (61,0), (60,0), (59,0), (58,0), (57,0), (56,0), (55,0), (54,0), (53,0), (52,0), (51,0), (50,0), (49,0), (48,0), (47,0), (46,0), (45,0), (44,0), (43,0), (42,0), (41,0), (40,0), (39,0), (38,0), (37,0), (36,0), (35,0), (34,0), (33,0), (32,0), (31,0), (30,0), (29,0), (29,1), (28,1), (27,1), (27,2), (26,2), (26,3), (25,3), (25,4), (24,4), (23,4), (22,4), (22,5), (21,5), (21,6), (20,6), (20,7), (19,7), (18,7), (17,7), (17,8), (16,8), (16,9), (16,10), (16,11), (15,11), (14,11), (13,11), (12,11), (11,11), (11,12), (10,12), (9,12), (9,13), (8,13), (7,13), (7,14), (7,15), (6,15), (5,15), (4,15), (4,16), (3,16), (3,17), (3,18), (2,18), (1,18), (0,18), (0,19), (0,20), (0,21), (0,22), (0,23), (0,24), (0,25), (0,26), (0,27), (0,28), (0,29), (0,30), (0,31), (0,32), (0,33), (0,34), (0,35), (0,36), (0,37), (0,38), (0,39), (0,40), (0,41), (0,42), (0,43), (0,44), (0,45), (0,46), (0,47), (0,48), (0,49), (0,50), (0,51), (0,52), (0,53)",
        "time": 12.00983608262273
    },
    "Uber_Train_Uber": {
        "cost": 40.32951359058627,
        "env_tax": 0.14,
        "route": "(83,0), (83,1), (83,2), (83,3), (83,4), (82,4), (82,5), (82,6), (82,7), (81,7), (81,8), (81,9), (81,10), (80,10)|(80,10), (79,10), (78,10), (77,10), (76,10), (75,10), (74,10), (73,10), (72,10), (71,10), (70,10), (69,10), (68,10), (67,10), (66,10), (65,10), (64,10), (63,10), (62,10), (61,10), (60,10), (59,10), (58,10), (57,10), (56,10), (55,10), (54,10), (53,10), (52,10), (51,10), (50,10), (49,10), (48,10), (47,10), (46,10), (45,10), (44,10), (43,10), (42,10), (41,10), (40,10), (39,10), (38,10), (37,10), (36,10), (35,10), (34,10), (33,10), (32,10), (31,10), (30,10), (29,10), (28,10), (27,10), (26,10), (25,10), (24,10), (23,10), (22,10), (21,10), (20,10), (19,10), (18,10), (17,10), (16,10), (15,10), (14,10), (13,10), (12,10), (11,10), (10,10), (10,10), (10,11), (10,12), (10,13), (10,14), (10,15), (10,16), (10,17), (10,18), (10,19), (10,20), (10,21), (10,22), (10,23), (10,24), (10,25), (10,26), (10,27), (10,28), (10,29), (10,30), (10,31), (10,32), (10,33), (10,34), (10,35), (10,36), (10,37), (10,38), (10,39), (10,40), (10,41), (10,42), (10,43), (10,44), (10,45), (10,46), (10,47), (10,48), (10,49), (10,50)|(10,50), (9,50), (8,50), (7,50), (6,50), (5,50), (5,51), (4,51), (3,51), (2,51), (1,51), (1,52), (1,53), (0,53)",
        "time": 21.55404168241465
    },
    "Uber_Train_Walk": {
        "cost": 24.844004734896153,
        "env_tax": 0.07,
        "route": "(83,0), (83,1), (83,2), (83,3), (83,4), (82,4), (82,5), (82,6), (82,7), (81,7), (81,8), (81,9), (81,10), (80,10)|(80,10), (79,10), (78,10), (77,10), (76,10), (75,10), (74,10), (73,10), (72,10), (71,10), (70,10), (69,10), (68,10), (67,10), (66,10), (65,10), (64,10), (63,10), (62,10), (61,10), (60,10), (59,10), (58,10), (57,10), (56,10), (55,10), (54,10), (53,10), (52,10), (51,10), (50,10), (49,10), (48,10), (47,10), (46,10), (45,10), (44,10), (43,10), (42,10), (41,10), (40,10), (39,10), (38,10), (37,10), (36,10), (35,10), (34,10), (33,10), (32,10), (31,10), (30,10), (29,10), (28,10), (27,10), (26,10), (25,10), (24,10), (23,10), (22,10), (21,10), (20,10), (19,10), (18,10), (17,10), (16,10), (15,10), (14,10), (13,10), (12,10), (11,10), (10,10), (10,10), (10,11), (10,12), (10,13), (10,14), (10,15), (10,16), (10,17), (10,18), (10,19), (10,20), (10,21), (10,22), (10,23), (10,24), (10,25), (10,26), (10,27), (10,28), (10,29), (10,30), (10,31), (10,32), (10,33), (10,34), (10,35), (10,36), (10,37), (10,38), (10,39), (10,40), (10,41), (10,42), (10,43), (10,44), (10,45), (10,46), (10,47), (10,48), (10,49), (10,50)|(10,50), (9,50), (8,50), (7,50), (6,50), (5,50), (4,50), (3,50), (2,50), (1,50), (0,50), (0,50), (0,51), (0,52), (0,53)",
        "time": 991.2375939706668
    },
    "Walk": {
        "cost": 0,
        "env_tax": 0,
        "route": "(83,0), (82,0), (81,0), (80,0), (79,0), (78,0), (77,0), (76,0), (75,0), (74,0), (73,0), (72,0), (71,0), (70,0), (69,0), (68,0), (67,0), (66,0), (65,0), (64,0), (63,0), (62,0), (61,0), (60,0), (59,0), (58,0), (57,0), (56,0), (55,0), (54,0), (53,0), (52,0), (51,0), (50,0), (49,0), (48,0), (47,0), (46,0), (45,0), (44,0), (43,0), (42,0), (41,0), (40,0), (39,0), (38,0), (37,0), (36,0), (35,0), (34,0), (33,0), (32,0), (31,0), (30,0), (29,0), (28,0), (27,0), (26,0), (25,0), (24,0), (23,0), (22,0), (21,0), (20,0), (19,0), (18,0), (17,0), (16,0), (15,0), (14,0), (13,0), (12,0), (11,0), (10,0), (9,0), (8,0), (7,0), (6,0), (5,0), (4,0), (3,0), (2,0), (1,0), (0,0), (0,0), (0,1), (0,2), (0,3), (0,4), (0,5), (0,6), (0,7), (0,8), (0,9), (0,10), (0,11), (0,12), (0,13), (0,14), (0,15), (0,16), (0,17), (0,18), (0,19), (0,20), (0,21), (0,22), (0,23), (0,24), (0,25), (0,26), (0,27), (0,28), (0,29), (0,30), (0,31), (0,32), (0,33), (0,34), (0,35), (0,36), (0,37), (0,38), (0,39), (0,40), (0,41), (0,42), (0,43), (0,44), (0,45), (0,46), (0,47), (0,48), (0,49), (0,50), (0,51), (0,52), (0,53)",
        "time": 10140.77785731329
    },
    "Walk_Train_Uber": {
        "cost": 26.49996916719023,
        "env_tax": 0.07,
        "route": "(83,0), (82,0), (81,0), (80,0), (80,0), (80,1), (80,2), (80,3), (80,4), (80,5), (80,6), (80,7), (80,8), (80,9), (80,10)|(80,10), (79,10), (78,10), (77,10), (76,10), (75,10), (74,10), (73,10), (72,10), (71,10), (70,10), (69,10), (68,10), (67,10), (66,10), (65,10), (64,10), (63,10), (62,10), (61,10), (60,10), (59,10), (58,10), (57,10), (56,10), (55,10), (54,10), (53,10), (52,10), (51,10), (50,10), (49,10), (48,10), (47,10), (46,10), (45,10), (44,10), (43,10), (42,10), (41,10), (40,10), (39,10), (38,10), (37,10), (36,10), (35,10), (34,10), (33,10), (32,10), (31,10), (30,10), (29,10), (28,10), (27,10), (26,10), (25,10), (24,10), (23,10), (22,10), (21,10), (20,10), (19,10), (18,10), (17,10), (16,10), (15,10), (14,10), (13,10), (12,10), (11,10), (10,10), (10,10), (10,11), (10,12), (10,13), (10,14), (10,15), (10,16), (10,17), (10,18), (10,19), (10,20), (10,21), (10,22), (10,23), (10,24), (10,25), (10,26), (10,27), (10,28), (10,29), (10,30), (10,31), (10,32), (10,33), (10,34), (10,35), (10,36), (10,37), (10,38), (10,39), (10,40), (10,41), (10,42), (10,43), (10,44), (10,45), (10,46), (10,47), (10,48), (10,49), (10,50)|(10,50), (9,50), (8,50), (7,50), (6,50), (5,50), (5,51), (4,51), (3,51), (2,51), (1,51), (1,52), (1,53), (0,53)",
        "time": 985.5756369647769
    },
    "Walk_Train_Walk": {
        "cost": 11.200000000000001,
        "env_tax": 0,
        "route": "(83,0), (82,0), (81,0), (80,0), (80,0), (80,1), (80,2), (80,3), (80,4), (80,5), (80,6), (80,7), (80,8), (80,9), (80,10)|(80,10), (79,10), (78,10), (77,10), (76,10), (75,10), (74,10), (73,10), (72,10), (71,10), (70,10), (69,10), (68,10), (67,10), (66,10), (65,10), (64,10), (63,10), (62,10), (61,10), (60,10), (59,10), (58,10), (57,10), (56,10), (55,10), (54,10), (53,10), (52,10), (51,10), (50,10), (49,10), (48,10), (47,10), (46,10), (45,10), (44,10), (43,10), (42,10), (41,10), (40,10), (39,10), (38,10), (37,10), (36,10), (35,10), (34,10), (33,10), (32,10), (31,10), (30,10), (29,10), (28,10), (27,10), (26,10), (25,10), (24,10), (23,10), (22,10), (21,10), (20,10), (19,10), (18,10), (17,10), (16,10), (15,10), (14,10), (13,10), (12,10), (11,10), (10,10), (10,10), (10,11), (10,12), (10,13), (10,14), (10,15), (10,16), (10,17), (10,18), (10,19), (10,20), (10,21), (10,22), (10,23), (10,24), (10,25), (10,26), (10,27), (10,28), (10,29), (10,30), (10,31), (10,32), (10,33), (10,34), (10,35), (10,36), (10,37), (10,38), (10,39), (10,40), (10,41), (10,42), (10,43), (10,44), (10,45), (10,46), (10,47), (10,48), (10,49), (10,50)|(10,50), (9,50), (8,50), (7,50), (6,50), (5,50), (4,50), (3,50), (2,50), (1,50), (0,50), (0,50), (0,51), (0,52), (0,53)",