{
    "Uber": {
        "cost": 28.091997619414467,
        "env_tax": 0.22000000000000003,
        "route": "(74,87), (74,88), (74,89), (73,89), (72,89), (71,89), (70,89), (69,89), (69,90), (68,90), (67,90), (66,90), (65,90), (64,90), (63,90), (62,90), (61,90), (60,90), (59,90), (58,90), (57,90), (56,90), (55,90), (54,90), (53,90), (52,90), (52,89), (52,88), (51,88), (50,88), (50,87), (49,87), (48,87), (48,86), (48,85), (48,84), (48,83), (48,82), (48,81), (48,80), (48,79), (48,78), (48,77), (47,77)",
        "time": 11.592319176394891
    },
    "Uber_Train_Uber": {
        "cost": 32.52731166888625,
        "env_tax": 0.07500000000000001,
        "route": "(74,87), (74,88), (74,89), (73,89), (72,89), (71,89), (70,89), (70,90)|(70,90), (69,90), (68,90), (67,90), (66,90), (65,90), (64,90), (63,90), (62,90), (61,90), (60,90), (59,90), (58,90), (57,90), (56,90), (55,90), (54,90), (53,90), (52,90), (51,90), (50,90), (50,90), (50,89), (50,88), (50,87), (50,86), (50,85), (50,84), (50,83), (50,82), (50,81), (50,80)|(50,80), (49,80), (49,79), (48,79), (48,78), (48,77), (47,77)",
        "time": 20.18209813939832
    },
    "Uber_Train_Walk": {
        "cost": 17.122314936971335,
        "env_tax": 0.04000000000000001,
        "route": "(74,87), (74,88), (74,89), (73,89), (72,89), (71,89), (70,89), (70,90)|(70,90), (69,90), (68,90), (67,90), (66,90), (65,90), (64,90), (63,90), (62,90), (61,90), (60,90), (59,90), (58,90), (57,90), (56,90), (55,90), (54,90), (53,90), (52,90), (51,90), (50,90), (50,90), (50,89), (50,88), (50,87), (50,86), (50,85), (50,84), (50,83), (50,82), (50,81), (50,80)|(50,80), (49,80), (48,80), (47,80), (47,80), (47,79), (47,78), (47,77)",
        "time": 460.686439675246
    },
    "Walk": {
        "cost": 0,
        "env_tax": 0,
        "route": "(74,87), (73,87), (72,87), (71,87), (70,87), (69,87), (68,87), (67,87), (66,87), (65,87), (64,87), (63,87), (62,87), (61,87), (60,87), (59,87), (58,87), (57,87), (56,87), (55,87), (54,87), (53,87), (52,87), (51,87), (50,87), (49,87), (48,87), (47,87), (47,87), (47,86), (47,85), (47,84), (47,83), (47,82), (47,81), (47,80), (47,79), (47,78), (47,77)",
        "time": 2758.8880935337625
    },
    "Walk_Train_Uber": {
        "cost": 19.688484790124917,
        "env_tax": 0.035,
        "route": "(74,87), (73,87), (72,87), (71,87), (70,87), (70,87), (70,88), (70,89), (70,90)|(70,90), (69,90), (68,90), (67,90), (66,90), (65,90), (64,90), (63,90), (62,90), (61,90), (60,90), (59,90), (58,90), (57,90), (56,90), (55,90), (54,90), (53,90), (52,90), (51,90), (50,90), (50,90), (50,89), (50,88), (50,87), (50,86), (50,85), (50,84), (50,83), (50,82), (50,81), (50,80)|(50,80), (49,80), (49,79), (48,79), (48,78), (48,77), (47,77)",
        "time": 534.8198612851681
    },
    "Walk_Train_Walk": {
        "cost": 3.2,
        "env_tax": 0,
        "route": "(74,87), (73,87), (72,87), (71,87), (70,87), (70,87), (70,88), (70,89), (70,90)|(70,90), (69,90), (68,90), (67,90), (66,90), (65,90), (64,90), (63,90), (62,90), (61,90), (60,90), (59,90), (58,90), (57,90), (56,90), (55,90), (54,90), (53,90), (52,90), (51,90), (50,90), (50,90), (50,89), (50,88), (50,87), (50,86), (50,85), (50,84), (50,83), (50,82), (50,81), (50,80)|(50,80), (49,80), (48,80), (47,80), (47,80), (47,79), (47,78), (47,77)",
        "time": 975.374688333947
    }
}