{
    "Uber": {
        "cost": 38.21177378729482,
        "env_tax": 0.28,
        "route": "(17,96), (18,96), (19,96), (20,96), (21,96), (21,95), (21,94), (21,93), (21,92), (21,91), (21,90), (21,89), (21,88), (21,87), (22,87), (23,87), (24,87), (25,87), (25,86), (26,86), (26,85), (26,84), (26,83), (27,83), (28,83), (28,82), (28,81), (28,80), (29,80), (29,79), (29,78), (29,77), (29,76), (29,75), (29,74), (29,73), (29,72), (29,71), (29,70), (29,69), (29,68), (29,67), (29,66), (29,65), (29,64), (30,64), (30,63), (31,63), (32,63), (33,63), (33,62), (34,62), (34,61), (34,60), (34,59), (34,58)",
        "time": 11.723003013699888
    },
    "Uber_Train_Uber": {
        "cost": 34.151883917612466,
        "env_tax": 0.085,
        "route": "(17,96), (18,96), (19,96), (20,96), (20,95), (20,94), (20,93), (20,92), (20,91), (20,90)|(20,90), (21,90), (22,90), (23,90), (24,90), (25,90), (26,90), (27,90), (28,90), (29,90), (30,90), (30,90), (30,89), (30,88), (30,87), (30,86), (30,85), (30,84), (30,83), (30,82), (30,81), (30,80), (30,79), (30,78), (30,77), (30,76), (30,75), (30,74), (30,73), (30,72), (30,71), (30,70), (30,69), (30,68), (30,67), (30,66), (30,65), (30,64), (30,63), (30,62), (30,61), (30,60)|(30,60), (31,60), (32,60), (33,60), (34,60), (34,59), (34,58)",
        "time": 26.90384225922157
    },
    "Uber_Train_Walk": {
        "cost": 17.511802958048662,
        "env_tax": 0.05,
        "route": "(17,96), (18,96), (19,96), (20,96), (20,95), (20,94), (20,93), (20,92), (20,91), (20,90)|(20,90), (21,90), (22,90), (23,90), (24,90), (25,90), (26,90), (27,90), (28,90), (29,90), (30,90), (30,90), (30,89), (30,88), (30,87), (30,86), (30,85), (30,84), (30,83), (30,82), (30,81), (30,80), (30,79), (30,78), (30,77), (30,76), (30,75), (30,74), (30,73), (30,72), (30,71), (30,70), (30,69), (30,68), (30,67), (30,66), (30,65), (30,64), (30,63), (30,62), (30,61), (30,60)|(30,60), (31,60), (32,60), (33,60), (34,60), (34,60), (34,59), (34,58)",
        "time": 461.9283212871773
    },
    "Walk": {
        "cost": 0,
        "env_tax": 0,
        "route": "(17,96), (18,96), (19,96), (20,96), (21,96), (22,96), (23,96), (24,96), (25,96), (26,96), (27,96), (28,96), (29,96), (30,96), (31,96), (32,96), (33,96), (34,96), (34,96), (34,95), (34,94), (34,93), (34,92), (34,91), (34,90), (34,89), (34,88), (34,87), (34,86), (34,85), (34,84), (34,83), (34,82), (34,81), (34,80), (34,79), (34,78), (34,77), (34,76), (34,75), (34,74), (34,73), (34,72), (34,71), (34,70), (34,69), (34,68), (34,67), (34,66), (34,65), (34,64), (34,63), (34,62), (34,61), (34,60), (34,59), (34,58)",
        "time": 4101.049868766404
    },
    "Walk_Train_Uber": {
        "cost": 20.002824405954026,
        "env_tax": 0.035,
        "route": "(17,96), (18,96), (19,96), (20,96), (20,96), (20,95), (20,94), (20,93), (20,92), (20,91), (20,90)|(20,90), (21,90), (22,90), (23,90), (24,90), (25,90), (26,90), (27,90), (28,90), (29,90), (30,90), (30,90), (30,89), (30,88), (30,87), (30,86), (30,85), (30,84), (30,83), (30,82), (30,81), (30,80), (30,79), (30,78), (30,77), (30,76), (30,75), (30,74), (30,73), (30,72), (30,71), (30,70), (30,69), (30,68), (30,67), (30,66), (30,65), (30,64), (30,63), (30,62), (30,61), (30,60)|(30,60), (31,60), (32,60), (33,60), (34,60), (34,59), (34,58)",
        "time": 684.7799145435341
    },
    "Walk_Train_Walk": {
        "cost": 4.2,
        "env_tax": 0,
        "route": "(17,96), (18,96), (19,96), (20,96), (20,96), (20,95), (20,94), (20,93), (20,92), (20,91), (20,90)|(20,90), (21,90), (22,90), (23,90), (24,90), (25,90), (26,90), (27,90), (28,90), (29,90), (30,90), (30,90), (30,89), (30,88), (30,87), (30,86), (30,85), (30,84), (30,83), (30,82), (30,81), (30,80), (30,79), (30,78), (30,77), (30,76), (30,75), (30,74), (30,73), (30,72), (30,71), (30,70), (30,69), (30,68), (30,67), (30,66), (30,65), (30,64), (30,63), (30,62), (30,61), (30,60)|(30,60), (31,60), (32,60), (33,60), (34,60), (34,60), (34,59), (34,58)",
        "time": 1127.0101172826915
    }
}