{
    "Uber": {
        "cost": 43.33607325100894,
        "env_tax": 0.35500000000000004,
        "route": "(54,61), (54,62), (54,63), (54,64), (54,65), (54,66), (54,67), (54,68), (54,69), (54,70), (54,71), (54,72), (54,73), (54,74), (55,74), (55,75), (55,76), (55,77), (55,78), (55,79), (55,80), (55,81), (55,82), (56,82), (56,83), (56,84), (56,85), (56,86), (56,87), (56,88), (57,88), (58,88), (59,88), (59,89), (59,90), (60,90), (61,90), (61,91), (61,92), (62,92), (63,92), (64,92), (65,92), (66,92), (67,92), (67,93), (68,93), (69,93), (70,93), (71,93), (72,93), (73,93), (74,93), (75,93), (76,93), (77,93), (78,93), (79,93), (80,93), (81,93), (82,93), (83,93), (84,93), (85,93), (86,93), (87,93), (88,93), (88,92), (89,92), (90,92), (91,92)",
        "time": 14.273910129234007
    },
    "Uber_Train_Uber": {
        "cost": 36.54679356381876,
        "env_tax": 0.05000000000000001,
        "route": "(54,61), (53,61), (52,61), (51,61), (50,61), (50,60)|(50,60), (51,60), (52,60), (53,60), (54,60), (55,60), (56,60), (57,60), (58,60), (59,60), (60,60), (61,60), (62,60), (63,60), (64,60), (65,60), (66,60), (67,60), (68,60), (69,60), (70,60), (71,60), (72,60), (73,60), (74,60), (75,60), (76,60), (77,60), (78,60), (79,60), (80,60), (81,60), (82,60), (83,60), (84,60), (85,60), (86,60), (87,60), (88,60), (89,60), (90,60), (90,60), (90,61), (90,62), (90,63), (90,64), (90,65), (90,66), (90,67), (90,68), (90,69), (90,70), (90,71), (90,72), (90,73), (90,74), (90,75), (90,76), (90,77), (90,78), (90,79), (90,80), (90,81), (90,82), (90,83), (90,84), (90,85), (90,86), (90,87), (90,88), (90,89), (90,90)|(90,90), (91,90), (91,91), (91,92)",
        "time": 24.14029960147782
    },
    "Uber_Train_Walk": {
        "cost": 24.703935787884536,
        "env_tax": 0.030000000000000006,
        "route": "(54,61), (53,61), (52,61), (51,61), (50,61), (50,60)|(50,60), (51,60), (52,60), (53,60), (54,60), (55,60), (56,60), (57,60), (58,60), (59,60), (60,60), (61,60), (62,60), (63,60), (64,60), (65,60), (66,60), (67,60), (68,60), (69,60), (70,60), (71,60), (72,60), (73,60), (74,60), (75,60), (76,60), (77,60), (78,60), (79,60), (80,60), (81,60), (82,60), (83,60), (84,60), (85,60), (86,60), (87,60), (88,60), (89,60), (90,60), (90,60), (90,61), (90,62), (90,63), (90,64), (90,65), (90,66), (90,67), (90,68), (90,69), (90,70), (90,71), (90,72), (90,73), (90,74), (90,75), (90,76), (90,77), (90,78), (90,79), (90,80), (90,81), (90,82), (90,83), (90,84), (90,85), (90,86), (90,87), (90,88), (90,89), (90,90)|(90,90), (91,90), (91,90), (91,91), (91,92)",
        "time": 237.18489502111984
    },
    "Walk": {
        "cost": 0,
        "env_tax": 0,
        "route": "(54,61), (55,61), (56,61), (57,61), (58,61), (59,61), (60,61), (61,61), (62,61), (63,61), (64,61), (65,61), (66,61), (67,61), (68,61), (69,61), (70,61), (71,61), (72,61), (73,61), (74,61), (75,61), (76,61), (77,61), (78,61), (79,61), (80,61), (81,61), (82,61), (83,61), (84,61), (85,61), (86,61), (87,61), (88,61), (89,61), (90,61), (91,61), (91,61), (91,62), (91,63), (91,64), (91,65), (91,66), (91,67), (91,68), (91,69), (91,70), (91,71), (91,72), (91,73), (91,74), (91,75), (91,76), (91,77), (91,78), (91,79), (91,80), (91,81), (91,82), (91,83), (91,84), (91,85), (91,86), (91,87), (91,88), (91,89), (91,90), (91,91), (91,92)",
        "time": 5070.388928656645
    },
    "Walk_Train_Uber": {
        "cost": 19.394236645061664,
        "env_tax": 0.020000000000000004,
        "route": "(54,61), (53,61), (52,61), (51,61), (50,61), (50,61), (50,60)|(50,60), (51,60), (52,60), (53,60), (54,60), (55,60), (56,60), (57,60), (58,60), (59,60), (60,60), (61,60), (62,60), (63,60), (64,60), (65,60), (66,60), (67,60), (68,60), (69,60), (70,60), (71,60), (72,60), (73,60), (74,60), (75,60), (76,60), (77,60), (78,60), (79,60), (80,60), (81,60), (82,60), (83,60), (84,60), (85,60), (86,60), (87,60), (88,60), (89,60), (90,60), (90,60), (90,61), (90,62), (90,63), (90,64), (90,65), (90,66), (90,67), (90,68), (90,69), (90,70), (90,71), (90,72), (90,73), (90,74), (90,75), (90,76), (90,77), (90,78), (90,79), (90,80), (90,81), (90,82), (90,83), (90,84), (90,85), (90,86), (90,87), (90,88), (90,89), (90,90)|(90,90), (91,90), (91,91), (91,92)",
        "time": 385.9242974731343
    },
    "Walk_Train_Walk": {
        "cost": 7.2,
        "env_tax": 0,
        "route": "(54,61), (53,61), (52,61), (51,61), (50,61), (50,61), (50,60)|(50,60), (51,60), (52,60), (53,60), (54,60), (55,60), (56,60), (57,60), (58,60), (59,60), (60,60), (61,60), (62,60), (63,60), (64,60), (65,60), (66,60), (67,60), (68,60), (69,60), (70,60), (71,60), (72,60), (73,60), (74,60), (75,60), (76,60), (77,60), (78,60), (79,60), (80,60), (81,60), (82,60), (83,60), (84,60), (85,60), (86,60), (87,60), (88,60), (89,60), (90,60), (90,60), (90,61), (90,62), (90,63), (90,64), (90,65), (90,66), (90,67), (90,68), (90,69), (90,70), (90,71), (90,72), (90,73), (90,74), (90,75), (90,76), (90,77), (90,78), (90,79), (90,80), (90,81), (90,82), (90,83), (90,84), (90,85), (90,86), (90,87), (90,88), (90,89), (90,90)|(90,90), (91,90), (91,90), (91,91), (91,92)",
        "time": 603.0034453489404
    }
}