{
    "Uber": {
        "cost": 22.336993408809676,
        "env_tax": 0.05,
        "route": "(58,44), (57,44), (57,43), (56,43), (56,42), (56,41), (56,40), (55,40), (55,39), (55,38)",
        "time": 7.613904767900295
    },
    "Uber_Train_Uber": {
        "cost": 39.57690440490957,
        "env_tax": 0.07500000000000001,
        "route": "(58,44), (58,43), (58,42), (59,42), (59,41), (60,41), (60,40)|(60,40), (59,40), (58,40), (57,40), (56,40), (55,40), (54,40), (53,40), (52,40), (51,40), (50,40), (50,40)|(50,40), (50,39), (51,39), (51,38), (52,38), (53,38), (54,38), (55,38)",
        "time": 28.11162517501762
    },
    "Uber_Train_Walk": {
        "cost": 19.92900655930625,
        "env_tax": 0.035,
        "route": "(58,44), (58,43), (58,42), (59,42), (59,41), (60,41), (60,40)|(60,40), (59,40), (58,40), (57,40), (56,40), (55,40), (54,40), (53,40), (52,40), (51,40), (50,40), (50,40)|(50,40), (51,40), (52,40), (53,40), (54,40), (55,40), (55,40), (55,39), (55,38)",
        "time": 535.5778814473092
    },
    "Walk": {
        "cost": 0,
        "env_tax": 0,
        "route": "(58,44), (57,44), (56,44), (55,44), (55,44), (55,43), (55,42), (55,41), (55,40), (55,39), (55,38)",
        "time": 671.0808876163206
    },
    "Walk_Train_Uber": {
        "cost": 20.98150186272326,
        "env_tax": 0.04000000000000001,
        "route": "(58,44), (59,44), (60,44), (60,44), (60,43), (60,42), (60,41), (60,40)|(60,40), (59,40), (58,40), (57,40), (56,40), (55,40), (54,40), (53,40), (52,40), (51,40), (50,40), (50,40)|(50,40), (50,39), (51,39), (51,38), (52,38), (53,38), (54,38), (55,38)",
        "time": 462.21602224724614
    },
    "Walk_Train_Walk": {
        "cost": 1.2000000000000002,
        "env_tax": 0,
        "route": "(58,44), (59,44), (60,44), (60,44), (60,43), (60,42), (60,41), (60,40)|(60,40), (59,40), (58,40), (57,40), (56,40), (55,40), (54,40), (53,40), (52,40), (51,40), (50,40), (50,40)|(50,40), (51,40), (52,40), (53,40), (54,40), (55,40), (55,40), (55,39), (55,38)",
        "time": 975.8552312319116
    }
}