{
    "Uber": {
        "cost": 38.274361249580906,
        "env_tax": 0.5750000000000001,
        "route": "(95,62), (95,63), (95,64), (96,64), (97,64), (97,65), (97,66), (97,67), (97,68), (97,69), (97,70), (97,71), (97,72), (97,73), (97,74), (97,75), (97,76), (97,77), (97,78), (97,79), (97,80), (97,81), (97,82), (97,83), (97,84), (97,85), (97,86), (97,87), (97,88), (97,89), (97,90), (97,91), (96,91), (95,91), (94,91), (93,91), (92,91), (91,91), (90,91), (89,91), (88,91), (87,91), (86,91), (85,91), (84,91), (83,91), (82,91), (81,91), (80,91), (79,91), (78,91), (77,91), (76,91), (75,91), (74,91), (73,91), (72,91), (71,91), (70,91), (69,91), (68,91), (68,90), (67,90), (66,90), (65,90), (64,90), (63,90), (62,90), (61,90), (60,90), (59,90), (58,90), (57,90), (56,90), (55,90), (54,90), (53,90), (52,90), (52,91), (51,91), (50,91), (49,91), (48,91), (47,91), (46,91), (45,91), (44,91), (43,91), (42,91), (41,91), (40,91), (39,91), (38,91), (37,91), (36,91), (35,91), (34,91), (33,91), (32,91), (31,91), (30,91), (29,91), (29,90), (28,90), (27,90), (27,89), (27,88), (27,87), (27,86), (26,86), (26,85), (26,84), (26,83), (26,82), (26,81)",
        "time": 12.090575557158996
    },
    "Uber_Train_Uber": {
        "cost": 36.12122308367895,
        "env_tax": 0.07,
        "route": "(95,62), (95,61), (94,61), (93,61), (92,61), (92,60), (91,60), (90,60)|(90,60), (89,60), (88,60), (87,60), (86,60), (85,60), (84,60), (83,60), (82,60), (81,60), (80,60), (79,60), (78,60), (77,60), (76,60), (75,60), (74,60), (73,60), (72,60), (71,60), (70,60), (69,60), (68,60), (67,60), (66,60), (65,60), (64,60), (63,60), (62,60), (61,60), (60,60), (59,60), (58,60), (57,60), (56,60), (55,60), (54,60), (53,60), (52,60), (51,60), (50,60), (49,60), (48,60), (47,60), (46,60), (45,60), (44,60), (43,60), (42,60), (41,60), (40,60), (39,60), (38,60), (37,60), (36,60), (35,60), (34,60), (33,60), (32,60), (31,60), (30,60), (30,60), (30,61), (30,62), (30,63), (30,64), (30,65), (30,66), (30,67), (30,68), (30,69), (30,70), (30,71), (30,72), (30,73), (30,74), (30,75), (30,76), (30,77), (30,78), (30,79), (30,80)|(30,80), (29,80), (28,80), (28,81), (27,81), (26,81)",
        "time": 15.863744876254046
    },
    "Uber_Train_Walk": {
        "cost": 21.709569647408692,
        "env_tax": 0.04000000000000001,
        "route": "(95,62), (95,61), (94,61), (93,61), (92,61), (92,60), (91,60), (90,60)|(90,60), (89,60), (88,60), (87,60), (86,60), (85,60), (84,60), (83,60), (82,60), (81,60), (80,60), (79,60), (78,60), (77,60), (76,60), (75,60), (74,60), (73,60), (72,60), (71,60), (70,60), (69,60), (68,60), (67,60), (66,60), (65,60), (64,60), (63,60), (62,60), (61,60), (60,60), (59,60), (58,60), (57,60), (56,60), (55,60), (54,60), (53,60), (52,60), (51,60), (50,60), (49,60), (48,60), (47,60), (46,60), (45,60), (44,60), (43,60), (42,60), (41,60), (40,60), (39,60), (38,60), (37,60), (36,60), (35,60), (34,60), (33,60), (32,60), (31,60), (30,60), (30,60), (30,61), (30,62), (30,63), (30,64), (30,65), (30,66), (30,67), (30,68), (30,69), (30,70), (30,71), (30,72), (30,73), (30,74), (30,75), (30,76), (30,77), (30,78), (30,79), (30,80)|(30,80), (29,80), (28,80), (27,80), (26,80), (26,80), (26,81)",
        "time": 386.2103744928447
    },
    "Walk": {
        "cost": 0,
        "env_tax": 0,
        "route": "(95,62), (94,62), (93,62), (92,62), (91,62), (90,62), (89,62), (88,62), (87,62), (86,62), (85,62), (84,62), (83,62), (82,62), (81,62), (80,62), (79,62), (78,62), (77,62), (76,62), (75,62), (74,62), (73,62), (72,62), (71,62), (70,62), (69,62), (68,62), (67,62), (66,62), (65,62), (64,62), (63,62), (62,62), (61,62), (60,62), (59,62), (58,62), (57,62), (56,62), (55,62), (54,62), (53,62), (52,62), (51,62), (50,62), (49,62), (48,62), (47,62), (46,62), (45,62), (44,62), (43,62), (42,62), (41,62), (40,62), (39,62), (38,62), (37,62), (36,62), (35,62), (34,62), (33,62), (32,62), (31,62), (30,62), (29,62), (28,62), (27,62), (26,62), (26,62), (26,63), (26,64), (26,65), (26,66), (26,67), (26,68), (26,69), (26,70), (26,71), (26,72), (26,73), (26,74), (26,75), (26,76), (26,77), (26,78), (26,79), (26,80), (26,81)",
        "time": 6561.679790026246
    },
    "Walk_Train_Uber": {
        "cost": 22.057882682960262,
        "env_tax": 0.030000000000000006,
        "route": "(95,62), (94,62), (93,62), (92,62), (91,62), (90,62), (90,62), (90,61), (90,60)|(90,60), (89,60), (88,60), (87,60), (86,60), (85,60), (84,60), (83,60), (82,60), (81,60), (80,60), (79,60), (78,60), (77,60), (76,60), (75,60), (74,60), (73,60), (72,60), (71,60), (70,60), (69,60), (68,60), (67,60), (66,60), (65,60), (64,60), (63,60), (62,60), (61,60), (60,60), (59,60), (58,60), (57,60), (56,60), (55,60), (54,60), (53,60), (52,60), (51,60), (50,60), (49,60), (48,60), (47,60), (46,60), (45,60), (44,60), (43,60), (42,60), (41,60), (40,60), (39,60), (38,60), (37,60), (36,60), (35,60), (34,60), (33,60), (32,60), (31,60), (30,60), (30,60), (30,61), (30,62), (30,63), (30,64), (30,65), (30,66), (30,67), (30,68), (30,69), (30,70), (30,71), (30,72), (30,73), (30,74), (30,75), (30,76), (30,77), (30,78), (30,79), (30,80)|(30,80), (29,80), (28,80), (28,81), (27,81), (26,81)",
        "time": 529.9360504625921
    },
    "Walk_Train_Walk": {
        "cost": 8.200000000000001,
        "env_tax": 0,
        "route": "(95,62), (94,62), (93,62), (92,62), (91,62), (90,62), (90,62), (90,61), (90,60)|(90,60), (89,60), (88,60), (87,60), (86,60), (85,60), (84,60), (83,60), (82,60), (81,60), (80,60), (79,60), (78,60), (77,60), (76,60), (75,60), (74,60), (73,60), (72,60), (71,60), (70,60), (69,60), (68,60), (67,60), (66,60), (65,60), (64,60), (63,60), (62,60), (61,60), (60,60), (59,60), (58,60), (57,60), (56,60), (55,60), (54,60), (53,60), (52,60), (51,60), (50,60), (49,60), (48,60), (47,60), (46,60), (45,60), (44,60), (43,60), (42,60), (41,60), (40,60), (39,60), (38,60), (37,60), (36,60), (35,60), (34,60), (33,60), (32,60), (31,60), (30,60), (30,60), (30,61), (30,62), (30,63), (30,64), (30,65), (30,66), (30,67), (30,68), (30,69), (30,70), (30,71), (30,72), (30,73), (30,74), (30,75), (30,76), (30,77), (30,78), (30,79), (30,80)|(30,80), (29,80), (28,80), (27,80), (26,80), (26,80), (26,81)",
        "time": 900.0906603497426
    }
}