{
    "Uber": {
        "cost": 19.72954525251246,
        "env_tax": 0.14500000000000002,
        "route": "(72,78), (71,78), (71,79), (71,80), (71,81), (71,82), (71,83), (71,84), (72,84), (73,84), (74,84), (74,85), (74,86), (74,87), (74,88), (74,89), (74,90), (74,91), (74,92), (74,93), (75,93), (75,94), (76,94), (76,95), (76,96), (77,96), (78,96), (79,96), (79,97)",
        "time": 11.296999256241374
    },
    "Uber_Train_Uber": {
        "cost": 29.11496439433817,
        "env_tax": 0.07,
        "route": "(72,78), (71,78), (70,78), (70,79), (70,80)|(70,80), (71,80), (72,80), (73,80), (74,80), (75,80), (76,80), (77,80), (78,80), (79,80), (80,80), (80,80), (80,81), (80,82), (80,83), (80,84), (80,85), (80,86), (80,87), (80,88), (80,89), (80,90)|(80,90), (79,90), (79,91), (79,92), (79,93), (79,94), (79,95), (79,96), (79,97)",
        "time": 16.93645237267568
    },
    "Uber_Train_Walk": {
        "cost": 15.895788287351618,
        "env_tax": 0.025,
        "route": "(72,78), (71,78), (70,78), (70,79), (70,80)|(70,80), (71,80), (72,80), (73,80), (74,80), (75,80), (76,80), (77,80), (78,80), (79,80), (80,80), (80,80), (80,81), (80,82), (80,83), (80,84), (80,85), (80,86), (80,87), (80,88), (80,89), (80,90)|(80,90), (79,90), (79,90), (79,91), (79,92), (79,93), (79,94), (79,95), (79,96), (79,97)",
        "time": 608.9817287417641
    },
    "Walk": {
        "cost": 0,
        "env_tax": 0,
        "route": "(72,78), (73,78), (74,78), (75,78), (76,78), (77,78), (78,78), (79,78), (79,78), (79,79), (79,80), (79,81), (79,82), (79,83), (79,84), (79,85), (79,86), (79,87), (79,88), (79,89), (79,90), (79,91), (79,92), (79,93), (79,94), (79,95), (79,96), (79,97)",
        "time": 1938.678119780482
    },
    "Walk_Train_Uber": {
        "cost": 15.509266506575026,
        "env_tax": 0.045000000000000005,
        "route": "(72,78), (71,78), (70,78), (70,78), (70,79), (70,80)|(70,80), (71,80), (72,80), (73,80), (74,80), (75,80), (76,80), (77,80), (78,80), (79,80), (80,80), (80,80), (80,81), (80,82), (80,83), (80,84), (80,85), (80,86), (80,87), (80,88), (80,89), (80,90)|(80,90), (79,90), (79,91), (79,92), (79,93), (79,94), (79,95), (79,96), (79,97)",
        "time": 309.7617638617841
    },
    "Walk_Train_Walk": {
        "cost": 2.2,
        "env_tax": 0,
        "route": "(72,78), (71,78), (70,78), (70,78), (70,79), (70,80)|(70,80), (71,80), (72,80), (73,80), (74,80), (75,80), (76,80), (77,80), (78,80), (79,80), (80,80), (80,80), (80,81), (80,82), (80,83), (80,84), (80,85), (80,86), (80,87), (80,88), (80,89), (80,90)|(80,90), (79,90), (79,90), (79,91), (79,92), (79,93), (79,94), (79,95), (79,96), (79,97)",
        "time": 899.8544233420396
    }
}