{
    "Uber": {
        "cost": 26.00353915480519,
        "env_tax": 0.14,
        "route": "(48,70), (48,71), (48,72), (48,73), (48,74), (48,75), (48,76), (48,77), (48,78), (48,79), (48,80), (48,81), (48,82), (48,83), (48,84), (48,85), (48,86), (48,87), (48,88), (47,88), (47,89), (47,90), (47,91), (47,92), (47,93), (47,94), (47,95), (47,96)",
        "time": 10.303490457381251
    },
    "Uber_Train_Uber": {
        "cost": 30.444821863091967,
        "env_tax": 0.065,
        "route": "(48,70), (49,70), (50,70)|(50,70), (50,70), (50,71), (50,72), (50,73), (50,74), (50,75), (50,76), (50,77), (50,78), (50,79), (50,80), (50,81), (50,82), (50,83), (50,84), (50,85), (50,86), (50,87), (50,88), (50,89), (50,90)|(50,90), (50,91), (50,92), (49,92), (49,93), (49,94), (49,95), (48,95), (48,96), (47,96)",
        "time": 22.0868632300501
    },
    "Uber_Train_Walk": {
        "cost": 16.092912627460738,
        "env_tax": 0.015000000000000003,
        "route": "(48,70), (49,70), (50,70)|(50,70), (50,70), (50,71), (50,72), (50,73), (50,74), (50,75), (50,76), (50,77), (50,78), (50,79), (50,80), (50,81), (50,82), (50,83), (50,84), (50,85), (50,86), (50,87), (50,88), (50,89), (50,90)|(50,90), (49,90), (48,90), (47,90), (47,90), (47,91), (47,92), (47,93), (47,94), (47,95), (47,96)",
        "time": 684.6251681594758
    },
    "Walk": {
        "cost": 0,
        "env_tax": 0,
        "route": "(48,70), (47,70), (47,70), (47,71), (47,72), (47,73), (47,74), (47,75), (47,76), (47,77), (47,78), (47,79), (47,80), (47,81), (47,82), (47,83), (47,84), (47,85), (47,86), (47,87), (47,88), (47,89), (47,90), (47,91), (47,92), (47,93), (47,94), (47,95), (47,96)",
        "time": 2013.242662848962
    },
    "Walk_Train_Uber": {
        "cost": 16.7831848262983,
        "env_tax": 0.05,
        "route": "(48,70), (49,70), (50,70), (50,70)|(50,70), (50,70), (50,71), (50,72), (50,73), (50,74), (50,75), (50,76), (50,77), (50,78), (50,79), (50,80), (50,81), (50,82), (50,83), (50,84), (50,85), (50,86), (50,87), (50,88), (50,89), (50,90)|(50,90), (50,91), (50,92), (49,92), (49,93), (49,94), (49,95), (48,95), (48,96), (47,96)",
        "time": 166.12688624019876
    },
    "Walk_Train_Walk": {
        "cost": 2.2,
        "env_tax": 0,
        "route": "(48,70), (49,70), (50,70), (50,70)|(50,70), (50,70), (50,71), (50,72), (50,73), (50,74), (50,75), (50,76), (50,77), (50,78), (50,79), (50,80), (50,81), (50,82), (50,83), (50,84), (50,85), (50,86), (50,87), (50,88), (50,89), (50,90)|(50,90), (49,90), (48,90), (47,90), (47,90), (47,91), (47,92), (47,93), (47,94), (47,95), (47,96)",
        "time": 826.5229464169392
    }
}