{
    "Uber": {
        "cost": 22.72664447286047,
        "env_tax": 0.29500000000000004,
        "route": "(7,80), (6,80), (6,79), (5,79), (4,79), (3,79), (2,79), (1,79), (0,79), (0,78), (0,77), (0,76), (0,75), (0,74), (0,73), (0,72), (0,71), (0,70), (0,69), (0,68), (0,67), (0,66), (0,65), (0,64), (0,63), (0,62), (0,61), (0,60), (0,59), (0,58), (0,57), (0,56), (0,55), (0,54), (0,53), (1,53), (1,52), (1,51), (1,50), (1,49), (1,48), (1,47), (1,46), (1,45), (1,44), (1,43), (1,42), (1,41), (1,40), (2,40), (3,40), (4,40), (5,40), (6,40), (7,40), (8,40), (9,40), (10,40), (11,40)",
        "time": 9.514644237501185
    },
    "Uber_Train_Uber": {
        "cost": 28.634191111507132,
        "env_tax": 0.030000000000000006,
        "route": "(7,80), (8,80), (9,80), (10,80)|(10,80), (10,80), (10,79), (10,78), (10,77), (10,76), (10,75), (10,74), (10,73), (10,72), (10,71), (10,70), (10,69), (10,68), (10,67), (10,66), (10,65), (10,64), (10,63), (10,62), (10,61), (10,60), (10,59), (10,58), (10,57), (10,56), (10,55), (10,54), (10,53), (10,52), (10,51), (10,50), (10,49), (10,48), (10,47), (10,46), (10,45), (10,44), (10,43), (10,42), (10,41), (10,40)|(10,40), (11,40)",
        "time": 19.214643070075727
    },
    "Uber_Train_Walk": {
        "cost": 16.57439806203298,
        "env_tax": 0.020000000000000004,
        "route": "(7,80), (8,80), (9,80), (10,80)|(10,80), (10,80), (10,79), (10,78), (10,77), (10,76), (10,75), (10,74), (10,73), (10,72), (10,71), (10,70), (10,69), (10,68), (10,67), (10,66), (10,65), (10,64), (10,63), (10,62), (10,61), (10,60), (10,59), (10,58), (10,57), (10,56), (10,55), (10,54), (10,53), (10,52), (10,51), (10,50), (10,49), (10,48), (10,47), (10,46), (10,45), (10,44), (10,43), (10,42), (10,41), (10,40)|(10,40), (11,40), (11,40)",
        "time": 90.07605936077142
    },
    "Walk": {
        "cost": 0,
        "env_tax": 0,
        "route": "(7,80), (8,80), (9,80), (10,80), (11,80), (11,80), (11,79), (11,78), (11,77), (11,76), (11,75), (11,74), (11,73), (11,72), (11,71), (11,70), (11,69), (11,68), (11,67), (11,66), (11,65), (11,64), (11,63), (11,62), (11,61), (11,60), (11,59), (11,58), (11,57), (11,56), (11,55), (11,54), (11,53), (11,52), (11,51), (11,50), (11,49), (11,48), (11,47), (11,46), (11,45), (11,44), (11,43), (11,42), (11,41), (11,40)",
        "time": 3280.839895013123
    },
    "Walk_Train_Uber": {
        "cost": 16.26995922733777,
        "env_tax": 0.010000000000000002,
        "route": "(7,80), (8,80), (9,80), (10,80), (10,80)|(10,80), (10,80), (10,79), (10,78), (10,77), (10,76), (10,75), (10,74), (10,73), (10,72), (10,71), (10,70), (10,69), (10,68), (10,67), (10,66), (10,65), (10,64), (10,63), (10,62), (10,61), (10,60), (10,59), (10,58), (10,57), (10,56), (10,55), (10,54), (10,53), (10,52), (10,51), (10,50), (10,49), (10,48), (10,47), (10,46), (10,45), (10,44), (10,43), (10,42), (10,41), (10,40)|(10,40), (11,40)",
        "time": 240.21642513968055
    },
    "Walk_Train_Walk": {
        "cost": 4.2,
        "env_tax": 0,
        "route": "(7,80), (8,80), (9,80), (10,80), (10,80)|(10,80), (10,80), (10,79), (10,78), (10,77), (10,76), (10,75), (10,74), (10,73), (10,72), (10,71), (10,70), (10,69), (10,68), (10,67), (10,66), (10,65), (10,64), (10,63), (10,62), (10,61), (10,60), (10,59), (10,58), (10,57), (10,56), (10,55), (10,54), (10,53), (10,52), (10,51), (10,50), (10,49), (10,48), (10,47), (10,46), (10,45), (10,44), (10,43), (10,42), (10,41), (10,40)|(10,40), (11,40), (11,40)",
        "time": 305.4601759438335
    }
}