{
    "Uber": {
        "cost": 54.919868482279654,
        "env_tax": 0.6600000000000001,
        "route": "(87,21), (87,20), (87,19), (87,18), (86,18), (86,17), (86,16), (85,16), (85,15), (85,14), (85,13), (84,13), (84,12), (83,12), (82,12), (81,12), (80,12), (79,12), (78,12), (77,12), (76,12), (75,12), (74,12), (73,12), (72,12), (71,12), (70,12), (69,12), (69,11), (68,11), (67,11), (66,11), (65,11), (64,11), (63,11), (62,11), (61,11), (60,11), (59,11), (58,11), (57,11), (56,11), (55,11), (54,11), (53,11), (52,11), (51,11), (51,12), (50,12), (49,12), (48,12), (47,12), (46,12), (45,12), (44,12), (43,12), (42,12), (42,13), (41,13), (40,13), (39,13), (39,14), (38,14), (37,14), (36,14), (35,14), (35,15), (34,15), (34,16), (34,17), (33,17), (32,17), (31,17), (30,17), (29,17), (28,17), (27,17), (27,18), (26,18), (26,19), (25,19), (24,19), (24,20), (23,20), (22,20), (22,21), (22,22), (21,22), (20,22), (20,23), (19,23), (18,23), (17,23), (16,23), (15,23), (14,23), (14,24), (13,24), (13,25), (13,26), (13,27), (13,28), (13,29), (13,30), (13,31), (13,32), (13,33), (13,34), (13,35), (13,36), (13,37), (13,38), (13,39), (12,39), (12,40), (12,41), (12,42), (12,43), (12,44), (12,45), (12,46), (12,47), (12,48), (12,49), (12,50), (12,51), (12,52), (12,53), (12,54), (12,55), (12,56), (12,57)",
        "time": 15.983747403042159
    },
    "Uber_Train_Uber": {
        "cost": 38.236258672638016,
        "env_tax": 0.05500000000000001,
        "route": "(87,21), (88,21), (89,21), (89,20), (90,20)|(90,20), (89,20), (88,20), (87,20), (86,20), (85,20), (84,20), (83,20), (82,20), (81,20), (80,20), (79,20), (78,20), (77,20), (76,20), (75,20), (74,20), (73,20), (72,20), (71,20), (70,20), (69,20), (68,20), (67,20), (66,20), (65,20), (64,20), (63,20), (62,20), (61,20), (60,20), (59,20), (58,20), (57,20), (56,20), (55,20), (54,20), (53,20), (52,20), (51,20), (50,20), (49,20), (48,20), (47,20), (46,20), (45,20), (44,20), (43,20), (42,20), (41,20), (40,20), (39,20), (38,20), (37,20), (36,20), (35,20), (34,20), (33,20), (32,20), (31,20), (30,20), (29,20), (28,20), (27,20), (26,20), (25,20), (24,20), (23,20), (22,20), (21,20), (20,20), (19,20), (18,20), (17,20), (16,20), (15,20), (14,20), (13,20), (12,20), (11,20), (10,20), (10,20), (10,21), (10,22), (10,23), (10,24), (10,25), (10,26), (10,27), (10,28), (10,29), (10,30), (10,31), (10,32), (10,33), (10,34), (10,35), (10,36), (10,37), (10,38), (10,39), (10,40), (10,41), (10,42), (10,43), (10,44), (10,45), (10,46), (10,47), (10,48), (10,49), (10,50), (10,51), (10,52), (10,53), (10,54), (10,55), (10,56), (10,57), (10,58), (10,59), (10,60)|(10,60), (10,59), (10,58), (11,58), (11,57), (12,57)",
        "time": 28.260870298805763
    },
    "Uber_Train_Walk": {
        "cost": 25.085006656874288,
        "env_tax": 0.025,
        "route": "(87,21), (88,21), (89,21), (89,20), (90,20)|(90,20), (89,20), (88,20), (87,20), (86,20), (85,20), (84,20), (83,20), (82,20), (81,20), (80,20), (79,20), (78,20), (77,20), (76,20), (75,20), (74,20), (73,20), (72,20), (71,20), (70,20), (69,20), (68,20), (67,20), (66,20), (65,20), (64,20), (63,20), (62,20), (61,20), (60,20), (59,20), (58,20), (57,20), (56,20), (55,20), (54,20), (53,20), (52,20), (51,20), (50,20), (49,20), (48,20), (47,20), (46,20), (45,20), (44,20), (43,20), (42,20), (41,20), (40,20), (39,20), (38,20), (37,20), (36,20), (35,20), (34,20), (33,20), (32,20), (31,20), (30,20), (29,20), (28,20), (27,20), (26,20), (25,20), (24,20), (23,20), (22,20), (21,20), (20,20), (19,20), (18,20), (17,20), (16,20), (15,20), (14,20), (13,20), (12,20), (11,20), (10,20), (10,20), (10,21), (10,22), (10,23), (10,24), (10,25), (10,26), (10,27), (10,28), (10,29), (10,30), (10,31), (10,32), (10,33), (10,34), (10,35), (10,36), (10,37), (10,38), (10,39), (10,40), (10,41), (10,42), (10,43), (10,44), (10,45), (10,46), (10,47), (10,48), (10,49), (10,50), (10,51), (10,52), (10,53), (10,54), (10,55), (10,56), (10,57), (10,58), (10,59), (10,60)|(10,60), (11,60), (12,60), (12,60), (12,59), (12,58), (12,57)",
        "time": 389.5340066993679
    },
    "Walk": {
        "cost": 0,
        "env_tax": 0,
        "route": "(87,21), (86,21), (85,21), (84,21), (83,21), (82,21), (81,21), (80,21), (79,21), (78,21), (77,21), (76,21), (75,21), (74,21), (73,21), (72,21), (71,21), (70,21), (69,21), (68,21), (67,21), (66,21), (65,21), (64,21), (63,21), (62,21), (61,21), (60,21), (59,21), (58,21), (57,21), (56,21), (55,21), (54,21), (53,21), (52,21), (51,21), (50,21), (49,21), (48,21), (47,21), (46,21), (45,21), (44,21), (43,21), (42,21), (41,21), (40,21), (39,21), (38,21), (37,21), (36,21), (35,21), (34,21), (33,21), (32,21), (31,21), (30,21), (29,21), (28,21), (27,21), (26,21), (25,21), (24,21), (23,21), (22,21), (21,21), (20,21), (19,21), (18,21), (17,21), (16,21), (15,21), (14,21), (13,21), (12,21), (12,21), (12,22), (12,23), (12,24), (12,25), (12,26), (12,27), (12,28), (12,29), (12,30), (12,31), (12,32), (12,33), (12,34), (12,35), (12,36), (12,37), (12,38), (12,39), (12,40), (12,41), (12,42), (12,43), (12,44), (12,45), (12,46), (12,47), (12,48), (12,49), (12,50), (12,51), (12,52), (12,53), (12,54), (12,55), (12,56), (12,57)",
        "time": 8276.664280601288
    },
    "Walk_Train_Uber": {
        "cost": 25.59501745927573,
        "env_tax": 0.030000000000000006,
        "route": "(87,21), (88,21), (89,21), (90,21), (90,21), (90,20)|(90,20), (89,20), (88,20), (87,20), (86,20), (85,20), (84,20), (83,20), (82,20), (81,20), (80,20), (79,20), (78,20), (77,20), (76,20), (75,20), (74,20), (73,20), (72,20), (71,20), (70,20), (69,20), (68,20), (67,20), (66,20), (65,20), (64,20), (63,20), (62,20), (61,20), (60,20), (59,20), (58,20), (57,20), (56,20), (55,20), (54,20), (53,20), (52,20), (51,20), (50,20), (49,20), (48,20), (47,20), (46,20), (45,20), (44,20), (43,20), (42,20), (41,20), (40,20), (39,20), (38,20), (37,20), (36,20), (35,20), (34,20), (33,20), (32,20), (31,20), (30,20), (29,20), (28,20), (27,20), (26,20), (25,20), (24,20), (23,20), (22,20), (21,20), (20,20), (19,20), (18,20), (17,20), (16,20), (15,20), (14,20), (13,20), (12,20), (11,20), (10,20), (10,20), (10,21), (10,22), (10,23), (10,24), (10,25), (10,26), (10,27), (10,28), (10,29), (10,30), (10,31), (10,32), (10,33), (10,34), (10,35), (10,36), (10,37), (10,38), (10,39), (10,40), (10,41), (10,42), (10,43), (10,44), (10,45), (10,46), (10,47), (10,48), (10,49), (10,50), (10,51), (10,52), (10,53), (10,54), (10,55), (10,56), (10,57), (10,58), (10,59), (10,60)|(10,60), (10,59), (10,58), (11,58), (11,57), (12,57)",
        "time": 314.66126459839114
    },
    "Walk_Train_Walk": {
        "cost": 12.200000000000001,
        "env_tax": 0,
        "route": "(87,21), (88,21), (89,21), (90,21), (90,21), (90,20)|(90,20), (89,20), (88,20), (87,20), (86,20), (85,20), (84,20), (83,20), (82,20), (81,20), (80,20), (79,20), (78,20), (77,20), (76,20), (75,20), (74,20), (73,20), (72,20), (71,20), (70,20), (69,20), (68,20), (67,20), (66,20), (65,20), (64,20), (63,20), (62,20), (61,20), (60,20), (59,20), (58,20), (57,20), (56,20), (55,20), (54,20), (53,20), (52,20), (51,20), (50,20), (49,20), (48,20), (47,20), (46,20), (45,20), (44,20), (43,20), (42,20), (41,20), (40,20), (39,20), (38,20), (37,20), (36,20), (35,20), (34,20), (33,20), (32,20), (31,20), (30,20), (29,20), (28,20), (27,20), (26,20), (25,20), (24,20), (23,20), (22,20), (21,20), (20,20), (19,20), (18,20), (17,20), (16,20), (15,20), (14,20), (13,20), (12,20), (11,20), (10,20), (10,20), (10,21), (10,22), (10,23), (10,24), (10,25), (10,26), (10,27), (10,28), (10,29), (10,30), (10,31), (10,32), (10,33), (10,34), (10,35), (10,36), (10,37), (10,38), (10,39), (10,40), (10,41), (10,42), (10,43), (10,44), (10,45), (10,46), (10,47), (10,48), (10,49), (10,50), (10,51), (10,52), (10,53), (10,54), (10,55), (10,56), (10,57), (10,58), (10,59), (10,60)|(10,60), (11,60), (12,60), (12,60), (12,59), (12,58), (12,57)",
        "time": 680.9236874788314
    }
}