{
    "Uber": {
        "cost": 31.877919802992384,
        "env_tax": 0.29000000000000004,
        "route": "(15,20), (15,19), (15,18), (15,17), (15,16), (15,15), (16,15), (17,15), (17,14), (17,13), (17,12), (18,12), (19,12), (20,12), (21,12), (22,12), (22,11), (23,11), (24,11), (25,11), (26,11), (27,11), (28,11), (29,11), (30,11), (31,11), (32,11), (33,11), (34,11), (35,11), (36,11), (37,11), (38,11), (38,12), (39,12), (39,13), (40,13), (41,13), (42,13), (43,13), (43,14), (44,14), (45,14), (46,14), (47,14), (48,14), (48,15), (49,15), (50,15), (50,16), (51,16), (52,16), (52,17), (52,18), (52,19), (52,20), (52,21), (52,22)",
        "time": 12.632233660313965
    },
    "Uber_Train_Uber": {
        "cost": 31.132566518466835,
        "env_tax": 0.05500000000000001,
        "route": "(15,20), (14,20), (13,20), (12,20), (11,20), (10,20)|(10,20), (11,20), (12,20), (13,20), (14,20), (15,20), (16,20), (17,20), (18,20), (19,20), (20,20), (21,20), (22,20), (23,20), (24,20), (25,20), (26,20), (27,20), (28,20), (29,20), (30,20), (31,20), (32,20), (33,20), (34,20), (35,20), (36,20), (37,20), (38,20), (39,20), (40,20), (41,20), (42,20), (43,20), (44,20), (45,20), (46,20), (47,20), (48,20), (49,20), (50,20), (50,20)|(50,20), (51,20), (52,20), (52,21), (52,22)",
        "time": 20.569448950617353
    },
    "Uber_Train_Walk": {
        "cost": 17.238649333657055,
        "env_tax": 0.030000000000000006,
        "route": "(15,20), (14,20), (13,20), (12,20), (11,20), (10,20)|(10,20), (11,20), (12,20), (13,20), (14,20), (15,20), (16,20), (17,20), (18,20), (19,20), (20,20), (21,20), (22,20), (23,20), (24,20), (25,20), (26,20), (27,20), (28,20), (29,20), (30,20), (31,20), (32,20), (33,20), (34,20), (35,20), (36,20), (37,20), (38,20), (39,20), (40,20), (41,20), (42,20), (43,20), (44,20), (45,20), (46,20), (47,20), (48,20), (49,20), (50,20), (50,20)|(50,20), (51,20), (52,20), (52,20), (52,21), (52,22)",
        "time": 316.9868372203121
    },
    "Walk": {
        "cost": 0,
        "env_tax": 0,
        "route": "(15,20), (16,20), (17,20), (18,20), (19,20), (20,20), (21,20), (22,20), (23,20), (24,20), (25,20), (26,20), (27,20), (28,20), (29,20), (30,20), (31,20), (32,20), (33,20), (34,20), (35,20), (36,20), (37,20), (38,20), (39,20), (40,20), (41,20), (42,20), (43,20), (44,20), (45,20), (46,20), (47,20), (48,20), (49,20), (50,20), (51,20), (52,20), (52,20), (52,21), (52,22)",
        "time": 2908.0171796707227
    },
    "Walk_Train_Uber": {
        "cost": 18.41825830908056,
        "env_tax": 0.025,
        "route": "(15,20), (14,20), (13,20), (12,20), (11,20), (10,20), (10,20)|(10,20), (11,20), (12,20), (13,20), (14,20), (15,20), (16,20), (17,20), (18,20), (19,20), (20,20), (21,20), (22,20), (23,20), (24,20), (25,20), (26,20), (27,20), (28,20), (29,20), (30,20), (31,20), (32,20), (33,20), (34,20), (35,20), (36,20), (37,20), (38,20), (39,20), (40,20), (41,20), (42,20), (43,20), (44,20), (45,20), (46,20), (47,20), (48,20), (49,20), (50,20), (50,20)|(50,20), (51,20), (52,20), (52,21), (52,22)",
        "time": 388.49095114596275
    },
    "Walk_Train_Walk": {
        "cost": 4.2,
        "env_tax": 0,
        "route": "(15,20), (14,20), (13,20), (12,20), (11,20), (10,20), (10,20)|(10,20), (11,20), (12,20), (13,20), (14,20), (15,20), (16,20), (17,20), (18,20), (19,20), (20,20), (21,20), (22,20), (23,20), (24,20), (25,20), (26,20), (27,20), (28,20), (29,20), (30,20), (31,20), (32,20), (33,20), (34,20), (35,20), (36,20), (37,20), (38,20), (39,20), (40,20), (41,20), (42,20), (43,20), (44,20), (45,20), (46,20), (47,20), (48,20), (49,20), (50,20), (50,20)|(50,20), (51,20), (52,20), (52,20), (52,21), (52,22)",
        "time": 679.1890197989737
    }
}