{
    "Uber": {
        "cost": 26.124432677428175,
        "env_tax": 0.33000000000000007,
        "route": "(96,58), (97,58), (97,59), (97,60), (97,61), (97,62), (97,63), (97,64), (97,65), (97,66), (97,67), (97,68), (97,69), (97,70), (97,71), (97,72), (97,73), (97,74), (97,75), (97,76), (97,77), (97,78), (97,79), (96,79), (95,79), (95,80), (94,80), (93,80), (93,81), (92,81), (91,81), (90,81), (90,82), (90,83), (89,83), (89,84), (88,84), (87,84), (86,84), (85,84), (84,84), (83,84), (82,84), (81,84), (81,85), (80,85), (80,86), (79,86), (78,86), (77,86), (76,86), (75,86), (74,86), (73,86), (72,86), (71,86), (70,86), (69,86), (68,86), (67,86), (66,86), (65,86), (64,86), (63,86), (63,85), (62,85)",
        "time": 10.57823476601548
    },
    "Uber_Train_Uber": {
        "cost": 34.042528291962135,
        "env_tax": 0.08500000000000002,
        "route": "(96,58), (95,58), (94,58), (93,58), (93,59), (92,59), (92,60), (91,60), (90,60)|(90,60), (89,60), (88,60), (87,60), (86,60), (85,60), (84,60), (83,60), (82,60), (81,60), (80,60), (79,60), (78,60), (77,60), (76,60), (75,60), (74,60), (73,60), (72,60), (71,60), (70,60), (69,60), (68,60), (67,60), (66,60), (65,60), (64,60), (63,60), (62,60), (61,60), (60,60), (60,60), (60,61), (60,62), (60,63), (60,64), (60,65), (60,66), (60,67), (60,68), (60,69), (60,70), (60,71), (60,72), (60,73), (60,74), (60,75), (60,76), (60,77), (60,78), (60,79), (60,80)|(60,80), (60,81), (60,82), (60,83), (61,83), (62,83), (62,84), (62,85)",
        "time": 18.986105068587243
    },
    "Uber_Train_Walk": {
        "cost": 19.265088826764483,
        "env_tax": 0.045000000000000005,
        "route": "(96,58), (95,58), (94,58), (93,58), (93,59), (92,59), (92,60), (91,60), (90,60)|(90,60), (89,60), (88,60), (87,60), (86,60), (85,60), (84,60), (83,60), (82,60), (81,60), (80,60), (79,60), (78,60), (77,60), (76,60), (75,60), (74,60), (73,60), (72,60), (71,60), (70,60), (69,60), (68,60), (67,60), (66,60), (65,60), (64,60), (63,60), (62,60), (61,60), (60,60), (60,60), (60,61), (60,62), (60,63), (60,64), (60,65), (60,66), (60,67), (60,68), (60,69), (60,70), (60,71), (60,72), (60,73), (60,74), (60,75), (60,76), (60,77), (60,78), (60,79), (60,80)|(60,80), (61,80), (62,80), (62,80), (62,81), (62,82), (62,83), (62,84), (62,85)",
        "time": 541.1269107593279
    },
    "Walk": {
        "cost": 0,
        "env_tax": 0,
        "route": "(96,58), (95,58), (94,58), (93,58), (92,58), (91,58), (90,58), (89,58), (88,58), (87,58), (86,58), (85,58), (84,58), (83,58), (82,58), (81,58), (80,58), (79,58), (78,58), (77,58), (76,58), (75,58), (74,58), (73,58), (72,58), (71,58), (70,58), (69,58), (68,58), (67,58), (66,58), (65,58), (64,58), (63,58), (62,58), (62,58), (62,59), (62,60), (62,61), (62,62), (62,63), (62,64), (62,65), (62,66), (62,67), (62,68), (62,69), (62,70), (62,71), (62,72), (62,73), (62,74), (62,75), (62,76), (62,77), (62,78), (62,79), (62,80), (62,81), (62,82), (62,83), (62,84), (62,85)",
        "time": 4548.437127177284
    },
    "Walk_Train_Uber": {
        "cost": 20.562412137354798,
        "env_tax": 0.04000000000000001,
        "route": "(96,58), (95,58), (94,58), (93,58), (92,58), (91,58), (90,58), (90,58), (90,59), (90,60)|(90,60), (89,60), (88,60), (87,60), (86,60), (85,60), (84,60), (83,60), (82,60), (81,60), (80,60), (79,60), (78,60), (77,60), (76,60), (75,60), (74,60), (73,60), (72,60), (71,60), (70,60), (69,60), (68,60), (67,60), (66,60), (65,60), (64,60), (63,60), (62,60), (61,60), (60,60), (60,60), (60,61), (60,62), (60,63), (60,64), (60,65), (60,66), (60,67), (60,68), (60,69), (60,70), (60,71), (60,72), (60,73), (60,74), (60,75), (60,76), (60,77), (60,78), (60,79), (60,80)|(60,80), (60,81), (60,82), (60,83), (61,83), (62,83), (62,84), (62,85)",
        "time": 609.170993886438
    },
    "Walk_Train_Walk": {
        "cost": 5.2,
        "env_tax": 0,
        "route": "(96,58), (95,58), (94,58), (93,58), (92,58), (91,58), (90,58), (90,58), (90,59), (90,60)|(90,60), (89,60), (88,60), (87,60), (86,60), (85,60), (84,60), (83,60), (82,60), (81,60), (80,60), (79,60), (78,60), (77,60), (76,60), (75,60), (74,60), (73,60), (72,60), (71,60), (70,60), (69,60), (68,60), (67,60), (66,60), (65,60), (64,60), (63,60), (62,60), (61,60), (60,60), (60,60), (60,61), (60,62), (60,63), (60,64), (60,65), (60,66), (60,67), (60,68), (60,69), (60,70), (60,71), (60,72), (60,73), (60,74), (60,75), (60,76), (60,77), (60,78), (60,79), (60,80)|(60,80), (61,80), (62,80), (62,80), (62,81), (62,82), (62,83), (62,84), (62,85)",
        "time": 1126.9508941257204
    }
}