{
    "Uber": {
        "cost": 73.5263145223478,
        "env_tax": 0.38000000000000006,
        "route": "(69,41), (69,40), (69,39), (69,38), (68,38), (68,37), (67,37), (66,37), (65,37), (64,37), (63,37), (63,36), (62,36), (61,36), (60,36), (59,36), (58,36), (57,36), (56,36), (55,36), (54,36), (53,36), (52,36), (51,36), (51,37), (50,37), (49,37), (48,37), (47,37), (46,37), (46,36), (45,36), (44,36), (43,36), (42,36), (41,36), (40,36), (39,36), (38,36), (37,36), (36,36), (35,36), (34,36), (33,36), (32,36), (31,36), (30,36), (29,36), (28,36), (27,36), (26,36), (25,36), (24,36), (23,36), (23,37), (23,38), (23,39), (23,40), (22,40), (21,40), (21,41), (21,42), (21,43), (20,43), (19,43), (19,44), (19,45), (19,46), (19,47), (19,48), (19,49), (19,50), (19,51), (19,52), (19,53), (19,54)",
        "time": 23.23809888568187
    },
    "Uber_Train_Uber": {
        "cost": 34.53737785981478,
        "env_tax": 0.04500000000000001,
        "route": "(69,41), (69,40), (70,40)|(70,40), (69,40), (68,40), (67,40), (66,40), (65,40), (64,40), (63,40), (62,40), (61,40), (60,40), (59,40), (58,40), (57,40), (56,40), (55,40), (54,40), (53,40), (52,40), (51,40), (50,40), (49,40), (48,40), (47,40), (46,40), (45,40), (44,40), (43,40), (42,40), (41,40), (40,40), (39,40), (38,40), (37,40), (36,40), (35,40), (34,40), (33,40), (32,40), (31,40), (30,40), (29,40), (28,40), (27,40), (26,40), (25,40), (24,40), (23,40), (22,40), (21,40), (20,40), (20,40), (20,41), (20,42), (20,43), (20,44), (20,45), (20,46), (20,47), (20,48), (20,49), (20,50)|(20,50), (19,50), (19,51), (19,52), (19,53), (19,54)",
        "time": 22.642877619784258
    },
    "Uber_Train_Walk": {
        "cost": 20.28050748063206,
        "env_tax": 0.015000000000000003,
        "route": "(69,41), (69,40), (70,40)|(70,40), (69,40), (68,40), (67,40), (66,40), (65,40), (64,40), (63,40), (62,40), (61,40), (60,40), (59,40), (58,40), (57,40), (56,40), (55,40), (54,40), (53,40), (52,40), (51,40), (50,40), (49,40), (48,40), (47,40), (46,40), (45,40), (44,40), (43,40), (42,40), (41,40), (40,40), (39,40), (38,40), (37,40), (36,40), (35,40), (34,40), (33,40), (32,40), (31,40), (30,40), (29,40), (28,40), (27,40), (26,40), (25,40), (24,40), (23,40), (22,40), (21,40), (20,40), (20,40), (20,41), (20,42), (20,43), (20,44), (20,45), (20,46), (20,47), (20,48), (20,49), (20,50)|(20,50), (19,50), (19,50), (19,51), (19,52), (19,53), (19,54)",
        "time": 382.8096830469789
    },
    "Walk": {
        "cost": 0,
        "env_tax": 0,
        "route": "(69,41), (68,41), (67,41), (66,41), (65,41), (64,41), (63,41), (62,41), (61,41), (60,41), (59,41), (58,41), (57,41), (56,41), (55,41), (54,41), (53,41), (52,41), (51,41), (50,41), (49,41), (48,41), (47,41), (46,41), (45,41), (44,41), (43,41), (42,41), (41,41), (40,41), (39,41), (38,41), (37,41), (36,41), (35,41), (34,41), (33,41), (32,41), (31,41), (30,41), (29,41), (28,41), (27,41), (26,41), (25,41), (24,41), (23,41), (22,41), (21,41), (20,41), (19,41), (19,41), (19,42), (19,43), (19,44), (19,45), (19,46), (19,47), (19,48), (19,49), (19,50), (19,51), (19,52), (19,53), (19,54)",
        "time": 4697.566213314244
    },
    "Walk_Train_Uber": {
        "cost": 20.977506982780564,
        "env_tax": 0.030000000000000006,
        "route": "(69,41), (70,41), (70,41), (70,40)|(70,40), (69,40), (68,40), (67,40), (66,40), (65,40), (64,40), (63,40), (62,40), (61,40), (60,40), (59,40), (58,40), (57,40), (56,40), (55,40), (54,40), (53,40), (52,40), (51,40), (50,40), (49,40), (48,40), (47,40), (46,40), (45,40), (44,40), (43,40), (42,40), (41,40), (40,40), (39,40), (38,40), (37,40), (36,40), (35,40), (34,40), (33,40), (32,40), (31,40), (30,40), (29,40), (28,40), (27,40), (26,40), (25,40), (24,40), (23,40), (22,40), (21,40), (20,40), (20,40), (20,41), (20,42), (20,43), (20,44), (20,45), (20,46), (20,47), (20,48), (20,49), (20,50)|(20,50), (19,50), (19,51), (19,52), (19,53), (19,54)",
        "time": 158.53845063138846
    },
    "Walk_Train_Walk": {
        "cost": 6.2,
        "env_tax": 0,
        "route": "(69,41), (70,41), (70,41), (70,40)|(70,40), (69,40), (68,40), (67,40), (66,40), (65,40), (64,40), (63,40), (62,40), (61,40), (60,40), (59,40), (58,40), (57,40), (56,40), (55,40), (54,40), (53,40), (52,40), (51,40), (50,40), (49,40), (48,40), (47,40), (46,40), (45,40), (44,40), (43,40), (42,40), (41,40), (40,40), (39,40), (38,40), (37,40), (36,40), (35,40), (34,40), (33,40), (32,40), (31,40), (30,40), (29,40), (28,40), (27,40), (26,40), (25,40), (24,40), (23,40), (22,40), (21,40), (20,40), (20,40), (20,41), (20,42), (20,43), (20,44), (20,45), (20,46), (20,47), (20,48), (20,49), (20,50)|(20,50), (19,50), (19,50), (19,51), (19,52), (19,53), (19,54)",
        "time": 526.212665524276
    }
}