{
    "Uber": {
        "cost": 45.0221461089251,
        "env_tax": 0.7200000000000001,
        "route": "(0,97), (0,98), (0,99), (1,99), (2,99), (3,99), (4,99), (5,99), (6,99), (7,99), (8,99), (9,99), (10,99), (11,99), (12,99), (13,99), (14,99), (15,99), (16,99), (17,99), (18,99), (19,99), (20,99), (21,99), (22,99), (23,99), (24,99), (24,98), (25,98), (26,98), (27,98), (28,98), (29,98), (30,98), (31,98), (32,98), (33,98), (34,98), (35,98), (36,98), (37,98), (38,98), (39,98), (40,98), (41,98), (42,98), (43,98), (44,98), (45,98), (46,98), (47,98), (48,98), (49,98), (50,98), (51,98), (52,98), (53,98), (54,98), (55,98), (56,98), (57,98), (58,98), (58,97), (58,96), (59,96), (60,96), (61,96), (62,96), (62,95), (63,95), (64,95), (64,94), (65,94), (65,93), (66,93), (67,93), (67,92), (68,92), (68,91), (68,90), (69,90), (69,89), (70,89), (71,89), (72,89), (73,89), (74,89), (74,88), (74,87), (74,86), (75,86), (76,86), (77,86), (78,86), (79,86), (80,86), (80,85), (81,85), (81,84), (82,84), (83,84), (84,84), (84,83), (84,82), (84,81), (84,80), (84,79), (84,78), (84,77), (85,77), (85,76), (85,75), (85,74), (86,74), (86,73), (86,72), (86,71), (86,70), (86,69), (86,68), (86,67), (86,66), (86,65), (86,64), (87,64), (87,63), (87,62), (88,62), (88,61), (88,60), (88,59), (88,58), (88,57), (88,56), (88,55), (88,54), (87,54), (87,53), (87,52), (87,51), (87,50), (87,49), (86,49), (85,49)",
        "time": 15.68596674490258
    },
    "Uber_Train_Uber": {
        "cost": 39.30874258485598,
        "env_tax": 0.125,
        "route": "(0,97), (0,96), (1,96), (2,96), (3,96), (4,96), (5,96), (6,96), (6,95), (7,95), (7,94), (8,94), (9,94), (10,94), (10,93), (10,92), (10,91), (10,90)|(10,90), (11,90), (12,90), (13,90), (14,90), (15,90), (16,90), (17,90), (18,90), (19,90), (20,90), (21,90), (22,90), (23,90), (24,90), (25,90), (26,90), (27,90), (28,90), (29,90), (30,90), (31,90), (32,90), (33,90), (34,90), (35,90), (36,90), (37,90), (38,90), (39,90), (40,90), (41,90), (42,90), (43,90), (44,90), (45,90), (46,90), (47,90), (48,90), (49,90), (50,90), (51,90), (52,90), (53,90), (54,90), (55,90), (56,90), (57,90), (58,90), (59,90), (60,90), (61,90), (62,90), (63,90), (64,90), (65,90), (66,90), (67,90), (68,90), (69,90), (70,90), (71,90), (72,90), (73,90), (74,90), (75,90), (76,90), (77,90), (78,90), (79,90), (80,90), (80,90), (80,89), (80,88), (80,87), (80,86), (80,85), (80,84), (80,83), (80,82), (80,81), (80,80), (80,79), (80,78), (80,77), (80,76), (80,75), (80,74), (80,73), (80,72), (80,71), (80,70), (80,69), (80,68), (80,67), (80,66), (80,65), (80,64), (80,63), (80,62), (80,61), (80,60), (80,59), (80,58), (80,57), (80,56), (80,55), (80,54), (80,53), (80,52), (80,51), (80,50)|(80,50), (80,49), (81,49), (82,49), (83,49), (84,49), (85,49)",
        "time": 28.299616768083357
    },
    "Uber_Train_Walk": {
        "cost": 24.649037574316573,
        "env_tax": 0.09000000000000001,
        "route": "(0,97), (0,96), (1,96), (2,96), (3,96), (4,96), (5,96), (6,96), (6,95), (7,95), (7,94), (8,94), (9,94), (10,94), (10,93), (10,92), (10,91), (10,90)|(10,90), (11,90), (12,90), (13,90), (14,90), (15,90), (16,90), (17,90), (18,90), (19,90), (20,90), (21,90), (22,90), (23,90), (24,90), (25,90), (26,90), (27,90), (28,90), (29,90), (30,90), (31,90), (32,90), (33,90), (34,90), (35,90), (36,90), (37,90), (38,90), (39,90), (40,90), (41,90), (42,90), (43,90), (44,90), (45,90), (46,90), (47,90), (48,90), (49,90), (50,90), (51,90), (52,90), (53,90), (54,90), (55,90), (56,90), (57,90), (58,90), (59,90), (60,90), (61,90), (62,90), (63,90), (64,90), (65,90), (66,90), (67,90), (68,90), (69,90), (70,90), (71,90), (72,90), (73,90), (74,90), (75,90), (76,90), (77,90), (78,90), (79,90), (80,90), (80,90), (80,89), (80,88), (80,87), (80,86), (80,85), (80,84), (80,83), (80,82), (80,81), (80,80), (80,79), (80,78), (80,77), (80,76), (80,75), (80,74), (80,73), (80,72), (80,71), (80,70), (80,69), (80,68), (80,67), (80,66), (80,65), (80,64), (80,63), (80,62), (80,61), (80,60), (80,59), (80,58), (80,57), (80,56), (80,55), (80,54), (80,53), (80,52), (80,51), (80,50)|(80,50), (81,50), (82,50), (83,50), (84,50), (85,50), (85,50), (85,49)",
        "time": 462.4599853922737
    },
    "Walk": {
        "cost": 0,
        "env_tax": 0,
        "route": "(0,97), (1,97), (2,97), (3,97), (4,97), (5,97), (6,97), (7,97), (8,97), (9,97), (10,97), (11,97), (12,97), (13,97), (14,97), (15,97), (16,97), (17,97), (18,97), (19,97), (20,97), (21,97), (22,97), (23,97), (24,97), (25,97), (26,97), (27,97), (28,97), (29,97), (30,97), (31,97), (32,97), (33,97), (34,97), (35,97), (36,97), (37,97), (38,97), (39,97), (40,97), (41,97), (42,97), (43,97), (44,97), (45,97), (46,97), (47,97), (48,97), (49,97), (50,97), (51,97), (52,97), (53,97), (54,97), (55,97), (56,97), (57,97), (58,97), (59,97), (60,97), (61,97), (62,97), (63,97), (64,97), (65,97), (66,97), (67,97), (68,97), (69,97), (70,97), (71,97), (72,97), (73,97), (74,97), (75,97), (76,97), (77,97), (78,97), (79,97), (80,97), (81,97), (82,97), (83,97), (84,97), (85,97), (85,97), (85,96), (85,95), (85,94), (85,93), (85,92), (85,91), (85,90), (85,89), (85,88), (85,87), (85,86), (85,85), (85,84), (85,83), (85,82), (85,81), (85,80), (85,79), (85,78), (85,77), (85,76), (85,75), (85,74), (85,73), (85,72), (85,71), (85,70), (85,69), (85,68), (85,67), (85,66), (85,65), (85,64), (85,63), (85,62), (85,61), (85,60), (85,59), (85,58), (85,57), (85,56), (85,55), (85,54), (85,53), (85,52), (85,51), (85,50), (85,49)",
        "time": 9917.08422810785
    },
    "Walk_Train_Uber": {
        "cost": 25.99082005031691,
        "env_tax": 0.035,
        "route": "(0,97), (1,97), (2,97), (3,97), (4,97), (5,97), (6,97), (7,97), (8,97), (9,97), (10,97), (10,97), (10,96), (10,95), (10,94), (10,93), (10,92), (10,91), (10,90)|(10,90), (11,90), (12,90), (13,90), (14,90), (15,90), (16,90), (17,90), (18,90), (19,90), (20,90), (21,90), (22,90), (23,90), (24,90), (25,90), (26,90), (27,90), (28,90), (29,90), (30,90), (31,90), (32,90), (33,90), (34,90), (35,90), (36,90), (37,90), (38,90), (39,90), (40,90), (41,90), (42,90), (43,90), (44,90), (45,90), (46,90), (47,90), (48,90), (49,90), (50,90), (51,90), (52,90), (53,90), (54,90), (55,90), (56,90), (57,90), (58,90), (59,90), (60,90), (61,90), (62,90), (63,90), (64,90), (65,90), (66,90), (67,90), (68,90), (69,90), (70,90), (71,90), (72,90), (73,90), (74,90), (75,90), (76,90), (77,90), (78,90), (79,90), (80,90), (80,90), (80,89), (80,88), (80,87), (80,86), (80,85), (80,84), (80,83), (80,82), (80,81), (80,80), (80,79), (80,78), (80,77), (80,76), (80,75), (80,74), (80,73), (80,72), (80,71), (80,70), (80,69), (80,68), (80,67), (80,66), (80,65), (80,64), (80,63), (80,62), (80,61), (80,60), (80,59), (80,58), (80,57), (80,56), (80,55), (80,54), (80,53), (80,52), (80,51), (80,50)|(80,50), (80,49), (81,49), (82,49), (83,49), (84,49), (85,49)",
        "time": 1286.310989505252
    },
    "Walk_Train_Walk": {
        "cost": 11.200000000000001,
        "env_tax": 0,