{
    "Uber": {
        "cost": 16.311161001742686,
        "env_tax": 0.11500000000000002,
        "route": "(94,50), (94,51), (95,51), (96,51), (97,51), (97,52), (98,52), (99,52), (99,53), (99,54), (99,55), (99,56), (99,57), (99,58), (99,59), (99,60), (99,61), (99,62), (99,63), (99,64), (99,65), (99,66), (98,66)",
        "time": 8.454739289283715
    },
    "Uber_Train_Uber": {
        "cost": 29.64143674498361,
        "env_tax": 0.09,
        "route": "(94,50), (93,50), (92,50), (91,50), (90,50)|(90,50), (90,50), (90,51), (90,52), (90,53), (90,54), (90,55), (90,56), (90,57), (90,58), (90,59), (90,60), (90,61), (90,62), (90,63), (90,64), (90,65), (90,66), (90,67), (90,68), (90,69), (90,70)|(90,70), (90,69), (91,69), (92,69), (93,69), (94,69), (95,69), (95,68), (96,68), (97,68), (97,67), (97,66), (98,66)",
        "time": 20.996131426765373
    },
    "Uber_Train_Walk": {
        "cost": 15.40849809058663,
        "env_tax": 0.025,
        "route": "(94,50), (93,50), (92,50), (91,50), (90,50)|(90,50), (90,50), (90,51), (90,52), (90,53), (90,54), (90,55), (90,56), (90,57), (90,58), (90,59), (90,60), (90,61), (90,62), (90,63), (90,64), (90,65), (90,66), (90,67), (90,68), (90,69), (90,70)|(90,70), (91,70), (92,70), (93,70), (94,70), (95,70), (96,70), (97,70), (98,70), (98,70), (98,69), (98,68), (98,67), (98,66)",
        "time": 906.7380484545616
    },
    "Walk": {
        "cost": 0,
        "env_tax": 0,
        "route": "(94,50), (95,50), (96,50), (97,50), (98,50), (98,50), (98,51), (98,52), (98,53), (98,54), (98,55), (98,56), (98,57), (98,58), (98,59), (98,60), (98,61), (98,62), (98,63), (98,64), (98,65), (98,66)",
        "time": 1491.2908613696013
    },
    "Walk_Train_Uber": {
        "cost": 16.64087979297195,
        "env_tax": 0.065,
        "route": "(94,50), (93,50), (92,50), (91,50), (90,50), (90,50)|(90,50), (90,50), (90,51), (90,52), (90,53), (90,54), (90,55), (90,56), (90,57), (90,58), (90,59), (90,60), (90,61), (90,62), (90,63), (90,64), (90,65), (90,66), (90,67), (90,68), (90,69), (90,70)|(90,70), (90,69), (91,69), (92,69), (93,69), (94,69), (95,69), (95,68), (96,68), (97,68), (97,67), (97,66), (98,66)",
        "time": 308.91071154851767
    },
    "Walk_Train_Walk": {
        "cost": 2.2,
        "env_tax": 0,
        "route": "(94,50), (93,50), (92,50), (91,50), (90,50), (90,50)|(90,50), (90,50), (90,51), (90,52), (90,53), (90,54), (90,55), (90,56), (90,57), (90,58), (90,59), (90,60), (90,61), (90,62), (90,63), (90,64), (90,65), (90,66), (90,67), (90,68), (90,69), (90,70)|(90,70), (91,70), (92,70), (93,70), (94,70), (95,70), (96,70), (97,70), (98,70), (98,70), (98,69), (98,68), (98,67), (98,66)",
        "time": 1196.8609458507503
    }
}