{
    "Uber": {
        "cost": 20.120402853039828,
        "env_tax": 0.19500000000000003,
        "route": "(40,12), (39,12), (38,12), (38,11), (37,11), (36,11), (35,11), (34,11), (33,11), (32,11), (31,11), (30,11), (29,11), (28,11), (27,11), (26,11), (25,11), (24,11), (23,11), (22,11), (21,11), (20,11), (19,11), (18,11), (17,11), (16,11), (15,11), (14,11), (14,12), (13,12), (13,13), (13,14), (13,15), (12,15), (11,15), (11,16), (10,16), (10,17), (10,18)",
        "time": 8.000071962998998
    },
    "Uber_Train_Uber": {
        "cost": 29.13474867354658,
        "env_tax": 0.030000000000000006,
        "route": "(40,12), (40,11), (40,10)|(40,10), (39,10), (38,10), (37,10), (36,10), (35,10), (34,10), (33,10), (32,10), (31,10), (30,10), (29,10), (28,10), (27,10), (26,10), (25,10), (24,10), (23,10), (22,10), (21,10), (20,10), (19,10), (18,10), (17,10), (16,10), (15,10), (14,10), (13,10), (12,10), (11,10), (10,10), (10,10), (10,11), (10,12), (10,13), (10,14), (10,15), (10,16), (10,17), (10,18), (10,19), (10,20)|(10,20), (10,19), (10,18)",
        "time": 24.25730514993076
    },
    "Uber_Train_Walk": {
        "cost": 16.85262617193154,
        "env_tax": 0.015000000000000003,
        "route": "(40,12), (40,11), (40,10)|(40,10), (39,10), (38,10), (37,10), (36,10), (35,10), (34,10), (33,10), (32,10), (31,10), (30,10), (29,10), (28,10), (27,10), (26,10), (25,10), (24,10), (23,10), (22,10), (21,10), (20,10), (19,10), (18,10), (17,10), (16,10), (15,10), (14,10), (13,10), (12,10), (11,10), (10,10), (10,10), (10,11), (10,12), (10,13), (10,14), (10,15), (10,16), (10,17), (10,18), (10,19), (10,20)|(10,20), (10,20), (10,19), (10,18)",
        "time": 166.77173731679443
    },
    "Walk": {
        "cost": 0,
        "env_tax": 0,
        "route": "(40,12), (39,12), (38,12), (37,12), (36,12), (35,12), (34,12), (33,12), (32,12), (31,12), (30,12), (29,12), (28,12), (27,12), (26,12), (25,12), (24,12), (23,12), (22,12), (21,12), (20,12), (19,12), (18,12), (17,12), (16,12), (15,12), (14,12), (13,12), (12,12), (11,12), (10,12), (10,12), (10,13), (10,14), (10,15), (10,16), (10,17), (10,18)",
        "time": 2684.3235504652826
    },
    "Walk_Train_Uber": {
        "cost": 16.438964988248586,
        "env_tax": 0.015000000000000003,
        "route": "(40,12), (40,12), (40,11), (40,10)|(40,10), (39,10), (38,10), (37,10), (36,10), (35,10), (34,10), (33,10), (32,10), (31,10), (30,10), (29,10), (28,10), (27,10), (26,10), (25,10), (24,10), (23,10), (22,10), (21,10), (20,10), (19,10), (18,10), (17,10), (16,10), (15,10), (14,10), (13,10), (12,10), (11,10), (10,10), (10,10), (10,11), (10,12), (10,13), (10,14), (10,15), (10,16), (10,17), (10,18), (10,19), (10,20)|(10,20), (10,19), (10,18)",
        "time": 165.0045924015848
    },
    "Walk_Train_Walk": {
        "cost": 4.2,
        "env_tax": 0,
        "route": "(40,12), (40,12), (40,11), (40,10)|(40,10), (39,10), (38,10), (37,10), (36,10), (35,10), (34,10), (33,10), (32,10), (31,10), (30,10), (29,10), (28,10), (27,10), (26,10), (25,10), (24,10), (23,10), (22,10), (21,10), (20,10), (19,10), (18,10), (17,10), (16,10), (15,10), (14,10), (13,10), (12,10), (11,10), (10,10), (10,10), (10,11), (10,12), (10,13), (10,14), (10,15), (10,16), (10,17), (10,18), (10,19), (10,20)|(10,20), (10,20), (10,19), (10,18)",
        "time": 306.15478189541705
    }
}