{
    "Uber": {
        "cost": 30.1388856302679,
        "env_tax": 0.47500000000000003,
        "route": "(35,86), (35,87), (35,88), (36,88), (37,88), (38,88), (38,89), (39,89), (39,90), (39,91), (39,92), (40,92), (41,92), (41,93), (42,93), (42,94), (43,94), (44,94), (45,94), (45,95), (46,95), (47,95), (48,95), (49,95), (50,95), (51,95), (52,95), (53,95), (53,96), (54,96), (55,96), (56,96), (57,96), (58,96), (59,96), (60,96), (61,96), (62,96), (63,96), (64,96), (65,96), (66,96), (67,96), (68,96), (69,96), (70,96), (71,96), (72,96), (73,96), (74,96), (75,96), (76,96), (77,96), (78,96), (79,96), (80,96), (81,96), (82,96), (83,96), (84,96), (85,96), (86,96), (87,96), (88,96), (89,96), (90,96), (91,96), (92,96), (93,96), (93,95), (94,95), (95,95), (96,95), (96,94), (96,93), (96,92), (97,92), (97,91), (97,90), (97,89), (97,88), (97,87), (97,86), (97,85), (97,84), (97,83), (97,82), (97,81), (97,80), (97,79), (97,78), (97,77), (97,76), (97,75), (97,74)",
        "time": 15.554671617304134
    },
    "Uber_Train_Uber": {
        "cost": 37.13102895370883,
        "env_tax": 0.11000000000000001,
        "route": "(35,86), (34,86), (33,86), (33,87), (32,87), (31,87), (31,88), (31,89), (31,90), (30,90)|(30,90), (31,90), (32,90), (33,90), (34,90), (35,90), (36,90), (37,90), (38,90), (39,90), (40,90), (41,90), (42,90), (43,90), (44,90), (45,90), (46,90), (47,90), (48,90), (49,90), (50,90), (51,90), (52,90), (53,90), (54,90), (55,90), (56,90), (57,90), (58,90), (59,90), (60,90), (61,90), (62,90), (63,90), (64,90), (65,90), (66,90), (67,90), (68,90), (69,90), (70,90), (71,90), (72,90), (73,90), (74,90), (75,90), (76,90), (77,90), (78,90), (79,90), (80,90), (81,90), (82,90), (83,90), (84,90), (85,90), (86,90), (87,90), (88,90), (89,90), (90,90), (90,90), (90,89), (90,88), (90,87), (90,86), (90,85), (90,84), (90,83), (90,82), (90,81), (90,80), (90,79), (90,78), (90,77), (90,76), (90,75), (90,74), (90,73), (90,72), (90,71), (90,70)|(90,70), (91,70), (91,71), (92,71), (93,71), (93,72), (93,73), (94,73), (95,73), (95,74), (96,74), (97,74)",
        "time": 20.417853083805056
    },
    "Uber_Train_Walk": {
        "cost": 22.653762702067368,
        "env_tax": 0.05,
        "route": "(35,86), (34,86), (33,86), (33,87), (32,87), (31,87), (31,88), (31,89), (31,90), (30,90)|(30,90), (31,90), (32,90), (33,90), (34,90), (35,90), (36,90), (37,90), (38,90), (39,90), (40,90), (41,90), (42,90), (43,90), (44,90), (45,90), (46,90), (47,90), (48,90), (49,90), (50,90), (51,90), (52,90), (53,90), (54,90), (55,90), (56,90), (57,90), (58,90), (59,90), (60,90), (61,90), (62,90), (63,90), (64,90), (65,90), (66,90), (67,90), (68,90), (69,90), (70,90), (71,90), (72,90), (73,90), (74,90), (75,90), (76,90), (77,90), (78,90), (79,90), (80,90), (81,90), (82,90), (83,90), (84,90), (85,90), (86,90), (87,90), (88,90), (89,90), (90,90), (90,90), (90,89), (90,88), (90,87), (90,86), (90,85), (90,84), (90,83), (90,82), (90,81), (90,80), (90,79), (90,78), (90,77), (90,76), (90,75), (90,74), (90,73), (90,72), (90,71), (90,70)|(90,70), (91,70), (92,70), (93,70), (94,70), (95,70), (96,70), (97,70), (97,70), (97,71), (97,72), (97,73), (97,74)",
        "time": 834.731658966955
    },
    "Walk": {
        "cost": 0,
        "env_tax": 0,
        "route": "(35,86), (36,86), (37,86), (38,86), (39,86), (40,86), (41,86), (42,86), (43,86), (44,86), (45,86), (46,86), (47,86), (48,86), (49,86), (50,86), (51,86), (52,86), (53,86), (54,86), (55,86), (56,86), (57,86), (58,86), (59,86), (60,86), (61,86), (62,86), (63,86), (64,86), (65,86), (66,86), (67,86), (68,86), (69,86), (70,86), (71,86), (72,86), (73,86), (74,86), (75,86), (76,86), (77,86), (78,86), (79,86), (80,86), (81,86), (82,86), (83,86), (84,86), (85,86), (86,86), (87,86), (88,86), (89,86), (90,86), (91,86), (92,86), (93,86), (94,86), (95,86), (96,86), (97,86), (97,86), (97,85), (97,84), (97,83), (97,82), (97,81), (97,80), (97,79), (97,78), (97,77), (97,76), (97,75), (97,74)",
        "time": 5517.776187067525
    },
    "Walk_Train_Uber": {
        "cost": 22.461042782537948,
        "env_tax": 0.06000000000000001,
        "route": "(35,86), (34,86), (33,86), (32,86), (31,86), (30,86), (30,86), (30,87), (30,88), (30,89), (30,90)|(30,90), (31,90), (32,90), (33,90), (34,90), (35,90), (36,90), (37,90), (38,90), (39,90), (40,90), (41,90), (42,90), (43,90), (44,90), (45,90), (46,90), (47,90), (48,90), (49,90), (50,90), (51,90), (52,90), (53,90), (54,90), (55,90), (56,90), (57,90), (58,90), (59,90), (60,90), (61,90), (62,90), (63,90), (64,90), (65,90), (66,90), (67,90), (68,90), (69,90), (70,90), (71,90), (72,90), (73,90), (74,90), (75,90), (76,90), (77,90), (78,90), (79,90), (80,90), (81,90), (82,90), (83,90), (84,90), (85,90), (86,90), (87,90), (88,90), (89,90), (90,90), (90,90), (90,89), (90,88), (90,87), (90,86), (90,85), (90,84), (90,83), (90,82), (90,81), (90,80), (90,79), (90,78), (90,77), (90,76), (90,75), (90,74), (90,73), (90,72), (90,71), (90,70)|(90,70), (91,70), (91,71), (92,71), (93,71), (93,72), (93,73), (94,73), (95,73), (95,74), (96,74), (97,74)",
        "time": 686.565383803295
    },
    "Walk_Train_Walk": {
        "cost": 8.200000000000001,
        "env_tax": 0,
        "route": "(35,86), (34,86), (33,86), (32,86), (31,86), (30,86), (30,86), (30,87), (30,88), (30,89), (30,90)|(30,90), (31,90), (32,90), (33,90), (34,90), (35,90), (36,90), (37,90), (38,90), (39,90), (40,90), (41,90), (42,90), (43,90), (44,90), (45,90), (46,90), (47,90), (48,90), (49,90), (50,90), (51,90), (52,90), (53,90), (54,90), (55,90), (56,90), (57,90), (58,90), (59,90), (60,90), (61,90), (62,90), (63,90), (64,90), (65,90), (66,90), (67,90), (68,90), (69,90), (70,90), (71,90), (72,90), (73,90), (74,90), (75,90), (76,90), (77,90), (78,90), (79,90), (80,90), (81,90), (82,90), (83,90), (84,90), (85,90), (86,90), (87,90), (88,90), (89,90), (90,90), (90,90), (90,89), (90,88), (90,87), (90,86), (90,85), (90,84), (90,83), (90,82), (90,81), (90,80), (90,79), (90,78), (90,77), (90,76), (90,75), (90,74), (90,73), (90,72), (90,71), (90,70)|(90,70), (91,70), (92,70), (93,70), (94,70), (95,70), (96,70), (97,70), (97,70), (97,71), (97,72), (97,73), (97,74)",
        "time": 1499.901087516097
    }
}