{
    "Uber": {
        "cost": 25.82905136582667,
        "env_tax": 0.405,
        "route": "(11,64), (10,64), (9,64), (9,63), (8,63), (7,63), (6,63), (5,63), (4,63), (4,62), (3,62), (2,62), (2,61), (2,60), (2,59), (2,58), (2,57), (2,56), (2,55), (2,54), (2,53), (1,53), (1,52), (1,51), (1,50), (1,49), (1,48), (1,47), (1,46), (1,45), (1,44), (1,43), (1,42), (1,41), (0,41), (0,40), (0,39), (0,38), (0,37), (0,36), (0,35), (0,34), (0,33), (0,32), (0,31), (0,30), (0,29), (0,28), (0,27), (0,26), (0,25), (0,24), (0,23), (0,22), (0,21), (0,20), (0,19), (0,18), (0,17), (0,16), (0,15), (0,14), (0,13), (0,12), (0,11), (0,10), (0,9), (0,8), (0,7), (0,6), (0,5), (0,4), (1,4), (2,4), (2,3), (3,3), (3,2), (3,1), (3,0), (4,0), (5,0)",
        "time": 10.004722552394968
    },
    "Uber_Train_Uber": {
        "cost": 31.988602618021996,
        "env_tax": 0.11000000000000001,
        "route": "(11,64), (10,64), (10,63), (10,62), (10,61), (10,60)|(10,60), (10,60), (10,59), (10,58), (10,57), (10,56), (10,55), (10,54), (10,53), (10,52), (10,51), (10,50), (10,49), (10,48), (10,47), (10,46), (10,45), (10,44), (10,43), (10,42), (10,41), (10,40), (10,39), (10,38), (10,37), (10,36), (10,35), (10,34), (10,33), (10,32), (10,31), (10,30), (10,29), (10,28), (10,27), (10,26), (10,25), (10,24), (10,23), (10,22), (10,21), (10,20), (10,19), (10,18), (10,17), (10,16), (10,15), (10,14), (10,13), (10,12), (10,11), (10,10)|(10,10), (9,10), (8,10), (8,9), (8,8), (8,7), (8,6), (7,6), (7,5), (7,4), (6,4), (6,3), (5,3), (5,2), (5,1), (5,0)",
        "time": 23.472922687279382
    },
    "Uber_Train_Walk": {
        "cost": 18.622995767971858,
        "env_tax": 0.030000000000000006,
        "route": "(11,64), (10,64), (10,63), (10,62), (10,61), (10,60)|(10,60), (10,60), (10,59), (10,58), (10,57), (10,56), (10,55), (10,54), (10,53), (10,52), (10,51), (10,50), (10,49), (10,48), (10,47), (10,46), (10,45), (10,44), (10,43), (10,42), (10,41), (10,40), (10,39), (10,38), (10,37), (10,36), (10,35), (10,34), (10,33), (10,32), (10,31), (10,30), (10,29), (10,28), (10,27), (10,26), (10,25), (10,24), (10,23), (10,22), (10,21), (10,20), (10,19), (10,18), (10,17), (10,16), (10,15), (10,14), (10,13), (10,12), (10,11), (10,10)|(10,10), (9,10), (8,10), (7,10), (6,10), (5,10), (5,10), (5,9), (5,8), (5,7), (5,6), (5,5), (5,4), (5,3), (5,2), (5,1), (5,0)",
        "time": 1130.2806840114124
    },
    "Walk": {
        "cost": 0,
        "env_tax": 0,
        "route": "(11,64), (10,64), (9,64), (8,64), (7,64), (6,64), (5,64), (5,64), (5,63), (5,62), (5,61), (5,60), (5,59), (5,58), (5,57), (5,56), (5,55), (5,54), (5,53), (5,52), (5,51), (5,50), (5,49), (5,48), (5,47), (5,46), (5,45), (5,44), (5,43), (5,42), (5,41), (5,40), (5,39), (5,38), (5,37), (5,36), (5,35), (5,34), (5,33), (5,32), (5,31), (5,30), (5,29), (5,28), (5,27), (5,26), (5,25), (5,24), (5,23), (5,22), (5,21), (5,20), (5,19), (5,18), (5,17), (5,16), (5,15), (5,14), (5,13), (5,12), (5,11), (5,10), (5,9), (5,8), (5,7), (5,6), (5,5), (5,4), (5,3), (5,2), (5,1), (5,0)",
        "time": 5219.518014793605
    },
    "Walk_Train_Uber": {
        "cost": 18.833508855359987,
        "env_tax": 0.08000000000000002,
        "route": "(11,64), (10,64), (10,64), (10,63), (10,62), (10,61), (10,60)|(10,60), (10,60), (10,59), (10,58), (10,57), (10,56), (10,55), (10,54), (10,53), (10,52), (10,51), (10,50), (10,49), (10,48), (10,47), (10,46), (10,45), (10,44), (10,43), (10,42), (10,41), (10,40), (10,39), (10,38), (10,37), (10,36), (10,35), (10,34), (10,33), (10,32), (10,31), (10,30), (10,29), (10,28), (10,27), (10,26), (10,25), (10,24), (10,23), (10,22), (10,21), (10,20), (10,19), (10,18), (10,17), (10,16), (10,15), (10,14), (10,13), (10,12), (10,11), (10,10)|(10,10), (9,10), (8,10), (8,9), (8,8), (8,7), (8,6), (7,6), (7,5), (7,4), (6,4), (6,3), (5,3), (5,2), (5,1), (5,0)",
        "time": 386.98406875464565
    },
    "Walk_Train_Walk": {
        "cost": 5.2,
        "env_tax": 0,
        "route": "(11,64), (10,64), (10,64), (10,63), (10,62), (10,61), (10,60)|(10,60), (10,60), (10,59), (10,58), (10,57), (10,56), (10,55), (10,54), (10,53), (10,52), (10,51), (10,50), (10,49), (10,48), (10,47), (10,46), (10,45), (10,44), (10,43), (10,42), (10,41), (10,40), (10,39), (10,38), (10,37), (10,36), (10,35), (10,34), (10,33), (10,32), (10,31), (10,30), (10,29), (10,28), (10,27), (10,26), (10,25), (10,24), (10,23), (10,22), (10,21), (10,20), (10,19), (10,18), (10,17), (10,16), (10,15), (10,14), (10,13), (10,12), (10,11), (10,10)|(10,10), (9,10), (8,10), (7,10), (6,10), (5,10), (5,10), (5,9), (5,8), (5,7), (5,6), (5,5), (5,4), (5,3), (5,2), (5,1), (5,0)",
        "time": 1497.174963610524
    }
}