{
    "Uber": {
        "cost": 24.436488220245526,
        "env_tax": 0.35500000000000004,
        "route": "(50,89), (49,89), (48,89), (47,89), (47,90), (46,90), (46,91), (46,92), (46,93), (46,94), (45,94), (44,94), (43,94), (42,94), (42,95), (42,96), (41,96), (40,96), (40,97), (39,97), (38,97), (37,97), (36,97), (35,97), (34,97), (34,98), (33,98), (32,98), (31,98), (30,98), (29,98), (28,98), (27,98), (26,98), (25,98), (24,98), (24,99), (23,99), (22,99), (21,99), (20,99), (19,99), (18,99), (17,99), (16,99), (15,99), (14,99), (13,99), (12,99), (11,99), (10,99), (9,99), (8,99), (7,99), (7,98), (6,98), (6,97), (6,96), (6,95), (6,94), (6,93), (6,92), (6,91), (6,90), (6,89), (6,88), (6,87), (6,86), (6,85), (6,84), (6,83)",
        "time": 12.93649084890314
    },
    "Uber_Train_Uber": {
        "cost": 30.26477625729883,
        "env_tax": 0.05000000000000001,
        "route": "(50,89), (50,90)|(50,90), (49,90), (48,90), (47,90), (46,90), (45,90), (44,90), (43,90), (42,90), (41,90), (40,90), (39,90), (38,90), (37,90), (36,90), (35,90), (34,90), (33,90), (32,90), (31,90), (30,90), (29,90), (28,90), (27,90), (26,90), (25,90), (24,90), (23,90), (22,90), (21,90), (20,90), (19,90), (18,90), (17,90), (16,90), (15,90), (14,90), (13,90), (12,90), (11,90), (10,90), (10,90), (10,89), (10,88), (10,87), (10,86), (10,85), (10,84), (10,83), (10,82), (10,81), (10,80)|(10,80), (10,81), (9,81), (8,81), (7,81), (7,82), (6,82), (6,83)",
        "time": 23.81860778591119
    },
    "Uber_Train_Walk": {
        "cost": 17.51878362129058,
        "env_tax": 0.010000000000000002,
        "route": "(50,89), (50,90)|(50,90), (49,90), (48,90), (47,90), (46,90), (45,90), (44,90), (43,90), (42,90), (41,90), (40,90), (39,90), (38,90), (37,90), (36,90), (35,90), (34,90), (33,90), (32,90), (31,90), (30,90), (29,90), (28,90), (27,90), (26,90), (25,90), (24,90), (23,90), (22,90), (21,90), (20,90), (19,90), (18,90), (17,90), (16,90), (15,90), (14,90), (13,90), (12,90), (11,90), (10,90), (10,90), (10,89), (10,88), (10,87), (10,86), (10,85), (10,84), (10,83), (10,82), (10,81), (10,80)|(10,80), (9,80), (8,80), (7,80), (6,80), (6,80), (6,81), (6,82), (6,83)",
        "time": 531.3228363291115
    },
    "Walk": {
        "cost": 0,
        "env_tax": 0,
        "route": "(50,89), (49,89), (48,89), (47,89), (46,89), (45,89), (44,89), (43,89), (42,89), (41,89), (40,89), (39,89), (38,89), (37,89), (36,89), (35,89), (34,89), (33,89), (32,89), (31,89), (30,89), (29,89), (28,89), (27,89), (26,89), (25,89), (24,89), (23,89), (22,89), (21,89), (20,89), (19,89), (18,89), (17,89), (16,89), (15,89), (14,89), (13,89), (12,89), (11,89), (10,89), (9,89), (8,89), (7,89), (6,89), (6,89), (6,88), (6,87), (6,86), (6,85), (6,84), (6,83)",
        "time": 3728.2271534240035
    },
    "Walk_Train_Uber": {
        "cost": 18.35348301134431,
        "env_tax": 0.04000000000000001,
        "route": "(50,89), (50,89), (50,90)|(50,90), (49,90), (48,90), (47,90), (46,90), (45,90), (44,90), (43,90), (42,90), (41,90), (40,90), (39,90), (38,90), (37,90), (36,90), (35,90), (34,90), (33,90), (32,90), (31,90), (30,90), (29,90), (28,90), (27,90), (26,90), (25,90), (24,90), (23,90), (22,90), (21,90), (20,90), (19,90), (18,90), (17,90), (16,90), (15,90), (14,90), (13,90), (12,90), (11,90), (10,90), (10,90), (10,89), (10,88), (10,87), (10,86), (10,85), (10,84), (10,83), (10,82), (10,81), (10,80)|(10,80), (10,81), (9,81), (8,81), (7,81), (7,82), (6,82), (6,83)",
        "time": 85.7877433808864
    },
    "Walk_Train_Walk": {
        "cost": 5.2,
        "env_tax": 0,
        "route": "(50,89), (50,89), (50,90)|(50,90), (49,90), (48,90), (47,90), (46,90), (45,90), (44,90), (43,90), (42,90), (41,90), (40,90), (39,90), (38,90), (37,90), (36,90), (35,90), (34,90), (33,90), (32,90), (31,90), (30,90), (29,90), (28,90), (27,90), (26,90), (25,90), (24,90), (23,90), (22,90), (21,90), (20,90), (19,90), (18,90), (17,90), (16,90), (15,90), (14,90), (13,90), (12,90), (11,90), (10,90), (10,90), (10,89), (10,88), (10,87), (10,86), (10,85), (10,84), (10,83), (10,82), (10,81), (10,80)|(10,80), (9,80), (8,80), (7,80), (6,80), (6,80), (6,81), (6,82), (6,83)",
        "time": 600.814671298481
    }
}