{
    "Uber": {
        "cost": 24.263473463010513,
        "env_tax": 0.325,
        "route": "(30,12), (30,11), (30,10), (30,9), (30,8), (30,7), (30,6), (31,6), (32,6), (32,5), (33,5), (34,5), (35,5), (35,4), (36,4), (37,4), (37,3), (38,3), (39,3), (39,2), (40,2), (40,1), (41,1), (42,1), (43,1), (43,0), (44,0), (45,0), (46,0), (47,0), (48,0), (49,0), (50,0), (51,0), (52,0), (53,0), (54,0), (55,0), (56,0), (57,0), (58,0), (59,0), (60,0), (61,0), (62,0), (63,0), (64,0), (65,0), (66,0), (67,0), (68,0), (69,0), (70,0), (70,1), (71,1), (72,1), (73,1), (74,1), (74,2), (74,3), (74,4), (74,5), (75,5), (76,5), (76,6)",
        "time": 9.196154439057674
    },
    "Uber_Train_Uber": {
        "cost": 30.87980420964416,
        "env_tax": 0.06000000000000001,
        "route": "(30,12), (30,11), (30,10)|(30,10), (31,10), (32,10), (33,10), (34,10), (35,10), (36,10), (37,10), (38,10), (39,10), (40,10), (41,10), (42,10), (43,10), (44,10), (45,10), (46,10), (47,10), (48,10), (49,10), (50,10), (51,10), (52,10), (53,10), (54,10), (55,10), (56,10), (57,10), (58,10), (59,10), (60,10), (61,10), (62,10), (63,10), (64,10), (65,10), (66,10), (67,10), (68,10), (69,10), (70,10), (71,10), (72,10), (73,10), (74,10), (75,10), (76,10), (77,10), (78,10), (79,10), (80,10), (80,10)|(80,10), (79,10), (79,9), (79,8), (79,7), (79,6), (78,6), (77,6), (76,6)",
        "time": 13.013113699845418
    },
    "Uber_Train_Walk": {
        "cost": 17.540783628672877,
        "env_tax": 0.015000000000000003,
        "route": "(30,12), (30,11), (30,10)|(30,10), (31,10), (32,10), (33,10), (34,10), (35,10), (36,10), (37,10), (38,10), (39,10), (40,10), (41,10), (42,10), (43,10), (44,10), (45,10), (46,10), (47,10), (48,10), (49,10), (50,10), (51,10), (52,10), (53,10), (54,10), (55,10), (56,10), (57,10), (58,10), (59,10), (60,10), (61,10), (62,10), (63,10), (64,10), (65,10), (66,10), (67,10), (68,10), (69,10), (70,10), (71,10), (72,10), (73,10), (74,10), (75,10), (76,10), (77,10), (78,10), (79,10), (80,10), (80,10)|(80,10), (79,10), (78,10), (77,10), (76,10), (76,10), (76,9), (76,8), (76,7), (76,6)",
        "time": 606.6239781786072
    },
    "Walk": {
        "cost": 0,
        "env_tax": 0,
        "route": "(30,12), (31,12), (32,12), (33,12), (34,12), (35,12), (36,12), (37,12), (38,12), (39,12), (40,12), (41,12), (42,12), (43,12), (44,12), (45,12), (46,12), (47,12), (48,12), (49,12), (50,12), (51,12), (52,12), (53,12), (54,12), (55,12), (56,12), (57,12), (58,12), (59,12), (60,12), (61,12), (62,12), (63,12), (64,12), (65,12), (66,12), (67,12), (68,12), (69,12), (70,12), (71,12), (72,12), (73,12), (74,12), (75,12), (76,12), (76,12), (76,11), (76,10), (76,9), (76,8), (76,7), (76,6)",
        "time": 3877.356239560964
    },
    "Walk_Train_Uber": {
        "cost": 18.42745476069043,
        "env_tax": 0.045000000000000005,
        "route": "(30,12), (30,12), (30,11), (30,10)|(30,10), (31,10), (32,10), (33,10), (34,10), (35,10), (36,10), (37,10), (38,10), (39,10), (40,10), (41,10), (42,10), (43,10), (44,10), (45,10), (46,10), (47,10), (48,10), (49,10), (50,10), (51,10), (52,10), (53,10), (54,10), (55,10), (56,10), (57,10), (58,10), (59,10), (60,10), (61,10), (62,10), (63,10), (64,10), (65,10), (66,10), (67,10), (68,10), (69,10), (70,10), (71,10), (72,10), (73,10), (74,10), (75,10), (76,10), (77,10), (78,10), (79,10), (80,10), (80,10)|(80,10), (79,10), (79,9), (79,8), (79,7), (79,6), (78,6), (77,6), (76,6)",
        "time": 157.3997328659014
    },
    "Walk_Train_Walk": {
        "cost": 5.2,
        "env_tax": 0,
        "route": "(30,12), (30,12), (30,11), (30,10)|(30,10), (31,10), (32,10), (33,10), (34,10), (35,10), (36,10), (37,10), (38,10), (39,10), (40,10), (41,10), (42,10), (43,10), (44,10), (45,10), (46,10), (47,10), (48,10), (49,10), (50,10), (51,10), (52,10), (53,10), (54,10), (55,10), (56,10), (57,10), (58,10), (59,10), (60,10), (61,10), (62,10), (63,10), (64,10), (65,10), (66,10), (67,10), (68,10), (69,10), (70,10), (71,10), (72,10), (73,10), (74,10), (75,10), (76,10), (77,10), (78,10), (79,10), (80,10), (80,10)|(80,10), (79,10), (78,10), (77,10), (76,10), (76,10), (76,9), (76,8), (76,7), (76,6)",
        "time": 748.6061630497065
    }
}