{
    "Uber": {
        "cost": 51.82768793576916,
        "env_tax": 0.685,
        "route": "(18,76), (18,77), (18,78), (19,78), (20,78), (20,79), (20,80), (20,81), (20,82), (21,82), (22,82), (23,82), (24,82), (24,83), (25,83), (26,83), (26,84), (26,85), (27,85), (28,85), (29,85), (30,85), (31,85), (32,85), (33,85), (34,85), (35,85), (36,85), (37,85), (38,85), (39,85), (40,85), (41,85), (42,85), (43,85), (44,85), (45,85), (46,85), (47,85), (48,85), (49,85), (50,85), (51,85), (52,85), (53,85), (54,85), (55,85), (56,85), (57,85), (58,85), (59,85), (59,86), (60,86), (61,86), (62,86), (63,86), (64,86), (65,86), (66,86), (67,86), (68,86), (69,86), (70,86), (71,86), (71,85), (71,84), (72,84), (73,84), (74,84), (75,84), (75,83), (76,83), (77,83), (78,83), (78,82), (79,82), (80,82), (81,82), (81,81), (82,81), (83,81), (84,81), (84,80), (84,79), (85,79), (86,79), (87,79), (87,78), (87,77), (88,77), (88,76), (89,76), (90,76), (91,76), (92,76), (93,76), (94,76), (95,76), (96,76), (96,75), (97,75), (98,75), (98,74), (98,73), (99,73), (99,72), (99,71), (99,70), (99,69), (99,68), (99,67), (99,66), (99,65), (99,64), (99,63), (99,62), (99,61), (99,60), (99,59), (99,58), (99,57), (99,56), (99,55), (99,54), (99,53), (99,52), (98,52), (97,52), (97,51), (97,50), (97,49), (97,48), (96,48), (96,47), (96,46), (96,45), (95,45)",
        "time": 15.467692969248654
    },
    "Uber_Train_Uber": {
        "cost": 39.366952751904364,
        "env_tax": 0.09000000000000001,
        "route": "(18,76), (18,77), (18,78), (19,78), (20,78), (20,79), (20,80)|(20,80), (21,80), (22,80), (23,80), (24,80), (25,80), (26,80), (27,80), (28,80), (29,80), (30,80), (31,80), (32,80), (33,80), (34,80), (35,80), (36,80), (37,80), (38,80), (39,80), (40,80), (41,80), (42,80), (43,80), (44,80), (45,80), (46,80), (47,80), (48,80), (49,80), (50,80), (51,80), (52,80), (53,80), (54,80), (55,80), (56,80), (57,80), (58,80), (59,80), (60,80), (61,80), (62,80), (63,80), (64,80), (65,80), (66,80), (67,80), (68,80), (69,80), (70,80), (71,80), (72,80), (73,80), (74,80), (75,80), (76,80), (77,80), (78,80), (79,80), (80,80), (81,80), (82,80), (83,80), (84,80), (85,80), (86,80), (87,80), (88,80), (89,80), (90,80), (90,80), (90,79), (90,78), (90,77), (90,76), (90,75), (90,74), (90,73), (90,72), (90,71), (90,70), (90,69), (90,68), (90,67), (90,66), (90,65), (90,64), (90,63), (90,62), (90,61), (90,60), (90,59), (90,58), (90,57), (90,56), (90,55), (90,54), (90,53), (90,52), (90,51), (90,50), (90,49), (90,48), (90,47), (90,46), (90,45), (90,44), (90,43), (90,42), (90,41), (90,40)|(90,40), (90,41), (90,42), (91,42), (92,42), (93,42), (93,43), (94,43), (95,43), (95,44), (95,45)",
        "time": 18.01056206760559
    },
    "Uber_Train_Walk": {
        "cost": 25.157939979783272,
        "env_tax": 0.035,
        "route": "(18,76), (18,77), (18,78), (19,78), (20,78), (20,79), (20,80)|(20,80), (21,80), (22,80), (23,80), (24,80), (25,80), (26,80), (27,80), (28,80), (29,80), (30,80), (31,80), (32,80), (33,80), (34,80), (35,80), (36,80), (37,80), (38,80), (39,80), (40,80), (41,80), (42,80), (43,80), (44,80), (45,80), (46,80), (47,80), (48,80), (49,80), (50,80), (51,80), (52,80), (53,80), (54,80), (55,80), (56,80), (57,80), (58,80), (59,80), (60,80), (61,80), (62,80), (63,80), (64,80), (65,80), (66,80), (67,80), (68,80), (69,80), (70,80), (71,80), (72,80), (73,80), (74,80), (75,80), (76,80), (77,80), (78,80), (79,80), (80,80), (81,80), (82,80), (83,80), (84,80), (85,80), (86,80), (87,80), (88,80), (89,80), (90,80), (90,80), (90,79), (90,78), (90,77), (90,76), (90,75), (90,74), (90,73), (90,72), (90,71), (90,70), (90,69), (90,68), (90,67), (90,66), (90,65), (90,64), (90,63), (90,62), (90,61), (90,60), (90,59), (90,58), (90,57), (90,56), (90,55), (90,54), (90,53), (90,52), (90,51), (90,50), (90,49), (90,48), (90,47), (90,46), (90,45), (90,44), (90,43), (90,42), (90,41), (90,40)|(90,40), (91,40), (92,40), (93,40), (94,40), (95,40), (95,40), (95,41), (95,42), (95,43), (95,44), (95,45)",
        "time": 762.444672766029
    },
    "Walk": {
        "cost": 0,
        "env_tax": 0,
        "route": "(18,76), (19,76), (20,76), (21,76), (22,76), (23,76), (24,76), (25,76), (26,76), (27,76), (28,76), (29,76), (30,76), (31,76), (32,76), (33,76), (34,76), (35,76), (36,76), (37,76), (38,76), (39,76), (40,76), (41,76), (42,76), (43,76), (44,76), (45,76), (46,76), (47,76), (48,76), (49,76), (50,76), (51,76), (52,76), (53,76), (54,76), (55,76), (56,76), (57,76), (58,76), (59,76), (60,76), (61,76), (62,76), (63,76), (64,76), (65,76), (66,76), (67,76), (68,76), (69,76), (70,76), (71,76), (72,76), (73,76), (74,76), (75,76), (76,76), (77,76), (78,76), (79,76), (80,76), (81,76), (82,76), (83,76), (84,76), (85,76), (86,76), (87,76), (88,76), (89,76), (90,76), (91,76), (92,76), (93,76), (94,76), (95,76), (95,76), (95,75), (95,74), (95,73), (95,72), (95,71), (95,70), (95,69), (95,68), (95,67), (95,66), (95,65), (95,64), (95,63), (95,62), (95,61), (95,60), (95,59), (95,58), (95,57), (95,56), (95,55), (95,54), (95,53), (95,52), (95,51), (95,50), (95,49), (95,48), (95,47), (95,46), (95,45)",
        "time": 8052.970651395848
    },
    "Walk_Train_Uber": {
        "cost": 25.84055849045543,
        "env_tax": 0.05500000000000001,
        "route": "(18,76), (19,76), (20,76), (20,76), (20,77), (20,78), (20,79), (20,80)|(20,80), (21,80), (22,80), (23,80), (24,80), (25,80), (26,80), (27,80), (28,80), (29,80), (30,80), (31,80), (32,80), (33,80), (34,80), (35,80), (36,80), (37,80), (38,80), (39,80), (40,80), (41,80), (42,80), (43,80), (44,80), (45,80), (46,80), (47,80), (48,80), (49,80), (50,80), (51,80), (52,80), (53,80), (54,80), (55,80), (56,80), (57,80), (58,80), (59,80), (60,80), (61,80), (62,80), (63,80), (64,80), (65,80), (66,80), (67,80), (68,80), (69,80), (70,80), (71,80), (72,80), (73,80), (74,80), (75,80), (76,80), (77,80), (78,80), (79,80), (80,80), (81,80), (82,80), (83,80), (84,80), (85,80), (86,80), (87,80), (88,80), (89,80), (90,80), (90,80), (90,79), (90,78), (90,77), (90,76), (90,75), (90,74), (90,73), (90,72), (90,71), (90,70), (90,69), (90,68), (90,67), (90,66), (90,65), (90,64), (90,63), (90,62), (90,61), (90,60), (90,59), (90,58), (90,57), (90,56), (90,55), (90,54), (90,53), (90,52), (90,51), (90,50), (90,49), (90,48), (90,47), (90,46), (90,45), (90,44), (90,43), (90,42), (90,41), (90,40)|(90,40), (90,41), (90,42), (91,42), (92,42), (93,42), (93,43), (94,43), (95,43), (95,44), (95,45)",
        "time": 465.6227195468956
    },
    "Walk_Train_Walk": {
        "cost": 11.200000000000001,
        "env_tax": 0,
        "route": "(18,76), (19,76), (20,76), (20,76), (20,77), (20,78), (20,79), (20,80)|(20,80), (21,80), (22,80), (23,80), (24,80), (25,80), (26,80), (27,80), (28,80), (29,80), (30,80), (31,80), (32,80), (33,80), (34,80), (35,80), (36,80), (37,80), (38,80), (39,80), (40,80), (41,80), (42,80), (43,80), (44,80), (45,80), (46,80), (47,80), (48,80), (49,80), (50,80), (51,80), (52,80), (53,80), (54,80), (55,80), (56,80), (57,80), (58,80), (59,80), (60,80), (61,80), (62,80), (63,80), (64,80), (65,80), (66,80), (67,80), (68,80), (69,80), (70,80), (71,80), (72,80), (73,80), (74,80), (75,80), (76,80), (77,80), (78,80), (79,80), (80,80), (81,80), (82,80), (83,80), (84,80), (85,80), (86,80), (87,80), (88,80), (89,80), (90,80), (90,80), (90,79), (90,78), (90,77), (90,76), (90,75), (90,74), (90,73), (90,72), (90,71), (90,70), (90,69), (90,68), (90,67), (90,66), (90,65), (90,64), (90,63), (90,62), (90,61), (90,60), (90,59), (90,58), (90,57), (90,56), (90,55), (90,54), (90,53), (90,52), (90,51), (90,50), (90,49), (90,48), (90,47), (90,46), (90,45), (90,44), (90,43), (90,42), (90,41), (90,40)|(90,40), (91,40), (92,40), (93,40), (94,40), (95,40), (95,40), (95,41), (95,42), (95,43), (95,44), (95,45)",
        "time": 1203.098136797232
    }
}