{
    "Uber": {
        "cost": 36.18481753388575,
        "env_tax": 0.535,
        "route": "(65,1), (66,1), (67,1), (68,1), (69,1), (70,1), (71,1), (72,1), (73,1), (74,1), (75,1), (76,1), (76,0), (77,0), (78,0), (79,0), (80,0), (81,0), (82,0), (83,0), (84,0), (85,0), (86,0), (87,0), (88,0), (89,0), (90,0), (90,1), (91,1), (92,1), (92,2), (92,3), (92,4), (92,5), (92,6), (92,7), (92,8), (92,9), (92,10), (92,11), (92,12), (92,13), (92,14), (92,15), (92,16), (92,17), (92,18), (92,19), (92,20), (92,21), (92,22), (92,23), (92,24), (92,25), (92,26), (92,27), (92,28), (92,29), (92,30), (92,31), (92,32), (92,33), (92,34), (92,35), (92,36), (92,37), (92,38), (92,39), (92,40), (92,41), (92,42), (92,43), (92,44), (92,45), (92,46), (92,47), (92,48), (92,49), (92,50), (92,51), (92,52), (92,53), (92,54), (92,55), (92,56), (92,57), (92,58), (92,59), (92,60), (91,60), (91,61), (91,62), (90,62), (89,62), (88,62), (87,62), (87,63), (87,64), (86,64), (86,65), (85,65), (84,65), (83,65), (83,66), (83,67), (83,68), (82,68)",
        "time": 15.01897121388065
    },
    "Uber_Train_Uber": {
        "cost": 37.15428390032519,
        "env_tax": 0.1,
        "route": "(65,1), (65,2), (64,2), (63,2), (62,2), (62,3), (62,4), (62,5), (62,6), (61,6), (61,7), (60,7), (60,8), (60,9), (60,10)|(60,10), (61,10), (62,10), (63,10), (64,10), (65,10), (66,10), (67,10), (68,10), (69,10), (70,10), (71,10), (72,10), (73,10), (74,10), (75,10), (76,10), (77,10), (78,10), (79,10), (80,10), (80,10), (80,11), (80,12), (80,13), (80,14), (80,15), (80,16), (80,17), (80,18), (80,19), (80,20), (80,21), (80,22), (80,23), (80,24), (80,25), (80,26), (80,27), (80,28), (80,29), (80,30), (80,31), (80,32), (80,33), (80,34), (80,35), (80,36), (80,37), (80,38), (80,39), (80,40), (80,41), (80,42), (80,43), (80,44), (80,45), (80,46), (80,47), (80,48), (80,49), (80,50), (80,51), (80,52), (80,53), (80,54), (80,55), (80,56), (80,57), (80,58), (80,59), (80,60), (80,61), (80,62), (80,63), (80,64), (80,65), (80,66), (80,67), (80,68), (80,69), (80,70)|(80,70), (81,70), (81,69), (81,68), (82,68)",
        "time": 18.083445895289586
    },
    "Uber_Train_Walk": {
        "cost": 23.057381802927104,
        "env_tax": 0.07500000000000001,
        "route": "(65,1), (65,2), (64,2), (63,2), (62,2), (62,3), (62,4), (62,5), (62,6), (61,6), (61,7), (60,7), (60,8), (60,9), (60,10)|(60,10), (61,10), (62,10), (63,10), (64,10), (65,10), (66,10), (67,10), (68,10), (69,10), (70,10), (71,10), (72,10), (73,10), (74,10), (75,10), (76,10), (77,10), (78,10), (79,10), (80,10), (80,10), (80,11), (80,12), (80,13), (80,14), (80,15), (80,16), (80,17), (80,18), (80,19), (80,20), (80,21), (80,22), (80,23), (80,24), (80,25), (80,26), (80,27), (80,28), (80,29), (80,30), (80,31), (80,32), (80,33), (80,34), (80,35), (80,36), (80,37), (80,38), (80,39), (80,40), (80,41), (80,42), (80,43), (80,44), (80,45), (80,46), (80,47), (80,48), (80,49), (80,50), (80,51), (80,52), (80,53), (80,54), (80,55), (80,56), (80,57), (80,58), (80,59), (80,60), (80,61), (80,62), (80,63), (80,64), (80,65), (80,66), (80,67), (80,68), (80,69), (80,70)|(80,70), (81,70), (82,70), (82,70), (82,69), (82,68)",
        "time": 311.3942382938814
    },
    "Walk": {
        "cost": 0,
        "env_tax": 0,
        "route": "(65,1), (66,1), (67,1), (68,1), (69,1), (70,1), (71,1), (72,1), (73,1), (74,1), (75,1), (76,1), (77,1), (78,1), (79,1), (80,1), (81,1), (82,1), (82,1), (82,2), (82,3), (82,4), (82,5), (82,6), (82,7), (82,8), (82,9), (82,10), (82,11), (82,12), (82,13), (82,14), (82,15), (82,16), (82,17), (82,18), (82,19), (82,20), (82,21), (82,22), (82,23), (82,24), (82,25), (82,26), (82,27), (82,28), (82,29), (82,30), (82,31), (82,32), (82,33), (82,34), (82,35), (82,36), (82,37), (82,38), (82,39), (82,40), (82,41), (82,42), (82,43), (82,44), (82,45), (82,46), (82,47), (82,48), (82,49), (82,50), (82,51), (82,52), (82,53), (82,54), (82,55), (82,56), (82,57), (82,58), (82,59), (82,60), (82,61), (82,62), (82,63), (82,64), (82,65), (82,66), (82,67), (82,68)",
        "time": 6263.421617752326
    },
    "Walk_Train_Uber": {
        "cost": 21.75428557787501,
        "env_tax": 0.025,
        "route": "(65,1), (64,1), (63,1), (62,1), (61,1), (60,1), (60,1), (60,2), (60,3), (60,4), (60,5), (60,6), (60,7), (60,8), (60,9), (60,10)|(60,10), (61,10), (62,10), (63,10), (64,10), (65,10), (66,10), (67,10), (68,10), (69,10), (70,10), (71,10), (72,10), (73,10), (74,10), (75,10), (76,10), (77,10), (78,10), (79,10), (80,10), (80,10), (80,11), (80,12), (80,13), (80,14), (80,15), (80,16), (80,17), (80,18), (80,19), (80,20), (80,21), (80,22), (80,23), (80,24), (80,25), (80,26), (80,27), (80,28), (80,29), (80,30), (80,31), (80,32), (80,33), (80,34), (80,35), (80,36), (80,37), (80,38), (80,39), (80,40), (80,41), (80,42), (80,43), (80,44), (80,45), (80,46), (80,47), (80,48), (80,49), (80,50), (80,51), (80,52), (80,53), (80,54), (80,55), (80,56), (80,57), (80,58), (80,59), (80,60), (80,61), (80,62), (80,63), (80,64), (80,65), (80,66), (80,67), (80,68), (80,69), (80,70)|(80,70), (81,70), (81,69), (81,68), (82,68)",
        "time": 1058.5066444307415
    },
    "Walk_Train_Walk": {
        "cost": 8.200000000000001,
        "env_tax": 0,
        "route": "(65,1), (64,1), (63,1), (62,1), (61,1), (60,1), (60,1), (60,2), (60,3), (60,4), (60,5), (60,6), (60,7), (60,8), (60,9), (60,10)|(60,10), (61,10), (62,10), (63,10), (64,10), (65,10), (66,10), (67,10), (68,10), (69,10), (70,10), (71,10), (72,10), (73,10), (74,10), (75,10), (76,10), (77,10), (78,10), (79,10), (80,10), (80,10), (80,11), (80,12), (80,13), (80,14), (80,15), (80,16), (80,17), (80,18), (80,19), (80,20), (80,21), (80,22), (80,23), (80,24), (80,25), (80,26), (80,27), (80,28), (80,29), (80,30), (80,31), (80,32), (80,33), (80,34), (80,35), (80,36), (80,37), (80,38), (80,39), (80,40), (80,41), (80,42), (80,43), (80,44), (80,45), (80,46), (80,47), (80,48), (80,49), (80,50), (80,51), (80,52), (80,53), (80,54), (80,55), (80,56), (80,57), (80,58), (80,59), (80,60), (80,61), (80,62), (80,63), (80,64), (80,65), (80,66), (80,67), (80,68), (80,69), (80,70)|(80,70), (81,70), (82,70), (82,70), (82,69), (82,68)",
        "time": 1348.2867225866378
    }
}