{
    "Uber": {
        "cost": 22.554515091253315,
        "env_tax": 0.09500000000000001,
        "route": "(48,81), (49,81), (49,80), (50,80), (51,80), (52,80), (53,80), (54,80), (55,80), (56,80), (57,80), (58,80), (59,80), (60,80), (60,79), (60,78), (60,77), (61,77), (61,76)",
        "time": 13.421404495517184
    },
    "Uber_Train_Uber": {
        "cost": 29.239749254925044,
        "env_tax": 0.05000000000000001,
        "route": "(48,81), (49,81), (49,80), (50,80)|(50,80), (51,80), (52,80), (53,80), (54,80), (55,80), (56,80), (57,80), (58,80), (59,80), (60,80), (60,80)|(60,80), (60,79), (60,78), (60,77), (61,77), (61,76)",
        "time": 19.15789428237638
    },
    "Uber_Train_Walk": {
        "cost": 14.955115130358422,
        "env_tax": 0.020000000000000004,
        "route": "(48,81), (49,81), (49,80), (50,80)|(50,80), (51,80), (52,80), (53,80), (54,80), (55,80), (56,80), (57,80), (58,80), (59,80), (60,80), (60,80)|(60,80), (61,80), (61,80), (61,79), (61,78), (61,77), (61,76)",
        "time": 386.6224567938575
    },
    "Walk": {
        "cost": 0,
        "env_tax": 0,
        "route": "(48,81), (49,81), (50,81), (51,81), (52,81), (53,81), (54,81), (55,81), (56,81), (57,81), (58,81), (59,81), (60,81), (61,81), (61,81), (61,80), (61,79), (61,78), (61,77), (61,76)",
        "time": 1342.1617752326413
    },
    "Walk_Train_Uber": {
        "cost": 15.778015190273068,
        "env_tax": 0.030000000000000006,
        "route": "(48,81), (49,81), (50,81), (50,81), (50,80)|(50,80), (51,80), (52,80), (53,80), (54,80), (55,80), (56,80), (57,80), (58,80), (59,80), (60,80), (60,80)|(60,80), (60,79), (60,78), (60,77), (61,77), (61,76)",
        "time": 239.03904820916821
    },
    "Walk_Train_Walk": {
        "cost": 1.2000000000000002,
        "env_tax": 0,
        "route": "(48,81), (49,81), (50,81), (50,81), (50,80)|(50,80), (51,80), (52,80), (53,80), (54,80), (55,80), (56,80), (57,80), (58,80), (59,80), (60,80), (60,80)|(60,80), (61,80), (61,80), (61,79), (61,78), (61,77), (61,76)",
        "time": 602.989037603373
    }
}