{
    "Uber": {
        "cost": 70.01163770481132,
        "env_tax": 0.39000000000000007,
        "route": "(38,70), (38,69), (38,68), (38,67), (37,67), (37,66), (37,65), (37,64), (37,63), (37,62), (37,61), (37,60), (37,59), (37,58), (37,57), (37,56), (37,55), (37,54), (37,53), (37,52), (37,51), (38,51), (38,50), (38,49), (38,48), (38,47), (38,46), (38,45), (38,44), (38,43), (38,42), (38,41), (38,40), (38,39), (38,38), (38,37), (38,36), (39,36), (39,35), (39,34), (39,33), (39,32), (39,31), (39,30), (39,29), (39,28), (39,27), (39,26), (39,25), (39,24), (39,23), (39,22), (39,21), (39,20), (39,19), (39,18), (39,17), (39,16), (39,15), (39,14), (39,13), (40,13), (41,13), (42,13), (42,12), (43,12), (44,12), (45,12), (46,12), (47,12), (48,12), (49,12), (50,12), (51,12), (51,11), (52,11), (53,11), (54,11)",
        "time": 22.838440265270883
    },
    "Uber_Train_Uber": {
        "cost": 35.049263252342925,
        "env_tax": 0.04500000000000001,
        "route": "(38,70), (39,70), (40,70)|(40,70), (41,70), (42,70), (43,70), (44,70), (45,70), (46,70), (47,70), (48,70), (49,70), (50,70), (50,70), (50,69), (50,68), (50,67), (50,66), (50,65), (50,64), (50,63), (50,62), (50,61), (50,60), (50,59), (50,58), (50,57), (50,56), (50,55), (50,54), (50,53), (50,52), (50,51), (50,50), (50,49), (50,48), (50,47), (50,46), (50,45), (50,44), (50,43), (50,42), (50,41), (50,40), (50,39), (50,38), (50,37), (50,36), (50,35), (50,34), (50,33), (50,32), (50,31), (50,30), (50,29), (50,28), (50,27), (50,26), (50,25), (50,24), (50,23), (50,22), (50,21), (50,20), (50,19), (50,18), (50,17), (50,16), (50,15), (50,14), (50,13), (50,12), (50,11), (50,10)|(50,10), (51,10), (51,11), (52,11), (53,11), (54,11)",
        "time": 19.48086267632881
    },
    "Uber_Train_Walk": {
        "cost": 20.823854096049555,
        "env_tax": 0.015000000000000003,
        "route": "(38,70), (39,70), (40,70)|(40,70), (41,70), (42,70), (43,70), (44,70), (45,70), (46,70), (47,70), (48,70), (49,70), (50,70), (50,70), (50,69), (50,68), (50,67), (50,66), (50,65), (50,64), (50,63), (50,62), (50,61), (50,60), (50,59), (50,58), (50,57), (50,56), (50,55), (50,54), (50,53), (50,52), (50,51), (50,50), (50,49), (50,48), (50,47), (50,46), (50,45), (50,44), (50,43), (50,42), (50,41), (50,40), (50,39), (50,38), (50,37), (50,36), (50,35), (50,34), (50,33), (50,32), (50,31), (50,30), (50,29), (50,28), (50,27), (50,26), (50,25), (50,24), (50,23), (50,22), (50,21), (50,20), (50,19), (50,18), (50,17), (50,16), (50,15), (50,14), (50,13), (50,12), (50,11), (50,10)|(50,10), (51,10), (52,10), (53,10), (54,10), (54,10), (54,11)",
        "time": 384.03817502821903
    },
    "Walk": {
        "cost": 0,
        "env_tax": 0,
        "route": "(38,70), (39,70), (40,70), (41,70), (42,70), (43,70), (44,70), (45,70), (46,70), (47,70), (48,70), (49,70), (50,70), (51,70), (52,70), (53,70), (54,70), (54,70), (54,69), (54,68), (54,67), (54,66), (54,65), (54,64), (54,63), (54,62), (54,61), (54,60), (54,59), (54,58), (54,57), (54,56), (54,55), (54,54), (54,53), (54,52), (54,51), (54,50), (54,49), (54,48), (54,47), (54,46), (54,45), (54,44), (54,43), (54,42), (54,41), (54,40), (54,39), (54,38), (54,37), (54,36), (54,35), (54,34), (54,33), (54,32), (54,31), (54,30), (54,29), (54,28), (54,27), (54,26), (54,25), (54,24), (54,23), (54,22), (54,21), (54,20), (54,19), (54,18), (54,17), (54,16), (54,15), (54,14), (54,13), (54,12), (54,11)",
        "time": 5592.340730136006
    },
    "Walk_Train_Uber": {
        "cost": 20.821273385257683,
        "env_tax": 0.030000000000000006,
        "route": "(38,70), (39,70), (40,70), (40,70)|(40,70), (41,70), (42,70), (43,70), (44,70), (45,70), (46,70), (47,70), (48,70), (49,70), (50,70), (50,70), (50,69), (50,68), (50,67), (50,66), (50,65), (50,64), (50,63), (50,62), (50,61), (50,60), (50,59), (50,58), (50,57), (50,56), (50,55), (50,54), (50,53), (50,52), (50,51), (50,50), (50,49), (50,48), (50,47), (50,46), (50,45), (50,44), (50,43), (50,42), (50,41), (50,40), (50,39), (50,38), (50,37), (50,36), (50,35), (50,34), (50,33), (50,32), (50,31), (50,30), (50,29), (50,28), (50,27), (50,26), (50,25), (50,24), (50,23), (50,22), (50,21), (50,20), (50,19), (50,18), (50,17), (50,16), (50,15), (50,14), (50,13), (50,12), (50,11), (50,10)|(50,10), (51,10), (51,11), (52,11), (53,11), (54,11)",
        "time": 163.9423831836322
    },
    "Walk_Train_Walk": {
        "cost": 7.2,
        "env_tax": 0,
        "route": "(38,70), (39,70), (40,70), (40,70)|(40,70), (41,70), (42,70), (43,70), (44,70), (45,70), (46,70), (47,70), (48,70), (49,70), (50,70), (50,70), (50,69), (50,68), (50,67), (50,66), (50,65), (50,64), (50,63), (50,62), (50,61), (50,60), (50,59), (50,58), (50,57), (50,56), (50,55), (50,54), (50,53), (50,52), (50,51), (50,50), (50,49), (50,48), (50,47), (50,46), (50,45), (50,44), (50,43), (50,42), (50,41), (50,40), (50,39), (50,38), (50,37), (50,36), (50,35), (50,34), (50,33), (50,32), (50,31), (50,30), (50,29), (50,28), (50,27), (50,26), (50,25), (50,24), (50,23), (50,22), (50,21), (50,20), (50,19), (50,18), (50,17), (50,16), (50,15), (50,14), (50,13), (50,12), (50,11), (50,10)|(50,10), (51,10), (52,10), (53,10), (54,10), (54,10), (54,11)",
        "time": 527.4425793269935
    }
}