{
    "Uber": {
        "cost": 47.3895561517608,
        "env_tax": 0.17500000000000002,
        "route": "(50,55), (51,55), (52,55), (53,55), (54,55), (55,55), (56,55), (57,55), (58,55), (58,54), (59,54), (60,54), (61,54), (62,54), (63,54), (64,54), (65,54), (66,54), (67,54), (68,54), (69,54), (70,54), (71,54), (72,54), (73,54), (74,54), (75,54), (76,54), (77,54), (78,54), (79,54), (80,54), (80,53), (81,53), (82,53)",
        "time": 14.086637803358133
    },
    "Uber_Train_Uber": {
        "cost": 35.42534227718849,
        "env_tax": 0.06000000000000001,
        "route": "(50,55), (50,54), (50,53), (50,52), (50,51), (50,50)|(50,50), (51,50), (52,50), (53,50), (54,50), (55,50), (56,50), (57,50), (58,50), (59,50), (60,50), (61,50), (62,50), (63,50), (64,50), (65,50), (66,50), (67,50), (68,50), (69,50), (70,50), (71,50), (72,50), (73,50), (74,50), (75,50), (76,50), (77,50), (78,50), (79,50), (80,50), (80,50)|(80,50), (81,50), (82,50), (82,51), (82,52), (82,53)",
        "time": 20.632471813526294
    },
    "Uber_Train_Walk": {
        "cost": 21.478492925920875,
        "env_tax": 0.030000000000000006,
        "route": "(50,55), (50,54), (50,53), (50,52), (50,51), (50,50)|(50,50), (51,50), (52,50), (53,50), (54,50), (55,50), (56,50), (57,50), (58,50), (59,50), (60,50), (61,50), (62,50), (63,50), (64,50), (65,50), (66,50), (67,50), (68,50), (69,50), (70,50), (71,50), (72,50), (73,50), (74,50), (75,50), (76,50), (77,50), (78,50), (79,50), (80,50), (80,50)|(80,50), (81,50), (82,50), (82,50), (82,51), (82,52), (82,53)",
        "time": 384.25727786573947
    },
    "Walk": {
        "cost": 0,
        "env_tax": 0,
        "route": "(50,55), (51,55), (52,55), (53,55), (54,55), (55,55), (56,55), (57,55), (58,55), (59,55), (60,55), (61,55), (62,55), (63,55), (64,55), (65,55), (66,55), (67,55), (68,55), (69,55), (70,55), (71,55), (72,55), (73,55), (74,55), (75,55), (76,55), (77,55), (78,55), (79,55), (80,55), (81,55), (82,55), (82,55), (82,54), (82,53)",
        "time": 2535.1944643283223
    },
    "Walk_Train_Uber": {
        "cost": 17.599347635018216,
        "env_tax": 0.030000000000000006,
        "route": "(50,55), (50,55), (50,54), (50,53), (50,52), (50,51), (50,50)|(50,50), (51,50), (52,50), (53,50), (54,50), (55,50), (56,50), (57,50), (58,50), (59,50), (60,50), (61,50), (62,50), (63,50), (64,50), (65,50), (66,50), (67,50), (68,50), (69,50), (70,50), (71,50), (72,50), (73,50), (74,50), (75,50), (76,50), (77,50), (78,50), (79,50), (80,50), (80,50)|(80,50), (81,50), (82,50), (82,51), (82,52), (82,53)",
        "time": 383.75034088326987
    },
    "Walk_Train_Walk": {
        "cost": 3.2,
        "env_tax": 0,
        "route": "(50,55), (50,55), (50,54), (50,53), (50,52), (50,51), (50,50)|(50,50), (51,50), (52,50), (53,50), (54,50), (55,50), (56,50), (57,50), (58,50), (59,50), (60,50), (61,50), (62,50), (63,50), (64,50), (65,50), (66,50), (67,50), (68,50), (69,50), (70,50), (71,50), (72,50), (73,50), (74,50), (75,50), (76,50), (77,50), (78,50), (79,50), (80,50), (80,50)|(80,50), (81,50), (82,50), (82,50), (82,51), (82,52), (82,53)",
        "time": 750.3215221837136
    }
}