{
    "Uber": {
        "cost": 60.22792997771327,
        "env_tax": 0.31500000000000006,
        "route": "(55,45), (54,45), (53,45), (52,45), (51,45), (50,45), (49,45), (48,45), (47,45), (46,45), (45,45), (44,45), (43,45), (42,45), (41,45), (40,45), (39,45), (39,44), (38,44), (37,44), (36,44), (35,44), (34,44), (34,43), (33,43), (32,43), (31,43), (30,43), (29,43), (28,43), (27,43), (26,43), (25,43), (24,43), (23,43), (22,43), (21,43), (20,43), (19,43), (18,43), (17,43), (17,44), (16,44), (15,44), (15,45), (15,46), (14,46), (14,47), (13,47), (13,48), (13,49), (13,50), (13,51), (12,51), (12,52), (12,53), (12,54), (12,55), (12,56), (12,57), (11,57), (11,58), (11,59)",
        "time": 24.917513566303626
    },
    "Uber_Train_Uber": {
        "cost": 43.33184958000193,
        "env_tax": 0.07,
        "route": "(55,45), (54,45), (53,45), (53,44), (53,43), (53,42), (53,41), (52,41), (51,41), (50,41), (50,40)|(50,40), (49,40), (48,40), (47,40), (46,40), (45,40), (44,40), (43,40), (42,40), (41,40), (40,40), (39,40), (38,40), (37,40), (36,40), (35,40), (34,40), (33,40), (32,40), (31,40), (30,40), (29,40), (28,40), (27,40), (26,40), (25,40), (24,40), (23,40), (22,40), (21,40), (20,40), (19,40), (18,40), (17,40), (16,40), (15,40), (14,40), (13,40), (12,40), (11,40), (10,40), (10,40), (10,41), (10,42), (10,43), (10,44), (10,45), (10,46), (10,47), (10,48), (10,49), (10,50), (10,51), (10,52), (10,53), (10,54), (10,55), (10,56), (10,57), (10,58), (10,59), (10,60)|(10,60), (10,59), (11,59)",
        "time": 22.85168584542818
    },
    "Uber_Train_Walk": {
        "cost": 30.497491116086493,
        "env_tax": 0.05500000000000001,
        "route": "(55,45), (54,45), (53,45), (53,44), (53,43), (53,42), (53,41), (52,41), (51,41), (50,41), (50,40)|(50,40), (49,40), (48,40), (47,40), (46,40), (45,40), (44,40), (43,40), (42,40), (41,40), (40,40), (39,40), (38,40), (37,40), (36,40), (35,40), (34,40), (33,40), (32,40), (31,40), (30,40), (29,40), (28,40), (27,40), (26,40), (25,40), (24,40), (23,40), (22,40), (21,40), (20,40), (19,40), (18,40), (17,40), (16,40), (15,40), (14,40), (13,40), (12,40), (11,40), (10,40), (10,40), (10,41), (10,42), (10,43), (10,44), (10,45), (10,46), (10,47), (10,48), (10,49), (10,50), (10,51), (10,52), (10,53), (10,54), (10,55), (10,56), (10,57), (10,58), (10,59), (10,60)|(10,60), (11,60), (11,60), (11,59)",
        "time": 161.34401669270105
    },
    "Walk": {
        "cost": 0,
        "env_tax": 0,
        "route": "(55,45), (54,45), (53,45), (52,45), (51,45), (50,45), (49,45), (48,45), (47,45), (46,45), (45,45), (44,45), (43,45), (42,45), (41,45), (40,45), (39,45), (38,45), (37,45), (36,45), (35,45), (34,45), (33,45), (32,45), (31,45), (30,45), (29,45), (28,45), (27,45), (26,45), (25,45), (24,45), (23,45), (22,45), (21,45), (20,45), (19,45), (18,45), (17,45), (16,45), (15,45), (14,45), (13,45), (12,45), (11,45), (11,45), (11,46), (11,47), (11,48), (11,49), (11,50), (11,51), (11,52), (11,53), (11,54), (11,55), (11,56), (11,57), (11,58), (11,59)",
        "time": 4324.743497971845
    },
    "Walk_Train_Uber": {
        "cost": 18.91258441012383,
        "env_tax": 0.015000000000000003,
        "route": "(55,45), (54,45), (53,45), (52,45), (51,45), (50,45), (50,45), (50,44), (50,43), (50,42), (50,41), (50,40)|(50,40), (49,40), (48,40), (47,40), (46,40), (45,40), (44,40), (43,40), (42,40), (41,40), (40,40), (39,40), (38,40), (37,40), (36,40), (35,40), (34,40), (33,40), (32,40), (31,40), (30,40), (29,40), (28,40), (27,40), (26,40), (25,40), (24,40), (23,40), (22,40), (21,40), (20,40), (19,40), (18,40), (17,40), (16,40), (15,40), (14,40), (13,40), (12,40), (11,40), (10,40), (10,40), (10,41), (10,42), (10,43), (10,44), (10,45), (10,46), (10,47), (10,48), (10,49), (10,50), (10,51), (10,52), (10,53), (10,54), (10,55), (10,56), (10,57), (10,58), (10,59), (10,60)|(10,60), (10,59), (11,59)",
        "time": 759.0896822864846
    },
    "Walk_Train_Walk": {
        "cost": 6.2,
        "env_tax": 0,
        "route": "(55,45), (54,45), (53,45), (52,45), (51,45), (50,45), (50,45), (50,44), (50,43), (50,42), (50,41), (50,40)|(50,40), (49,40), (48,40), (47,40), (46,40), (45,40), (44,40), (43,40), (42,40), (41,40), (40,40), (39,40), (38,40), (37,40), (36,40), (35,40), (34,40), (33,40), (32,40), (31,40), (30,40), (29,40), (28,40), (27,40), (26,40), (25,40), (24,40), (23,40), (22,40), (21,40), (20,40), (19,40), (18,40), (17,40), (16,40), (15,40), (14,40), (13,40), (12,40), (11,40), (10,40), (10,40), (10,41), (10,42), (10,43), (10,44), (10,45), (10,46), (10,47), (10,48), (10,49), (10,50), (10,51), (10,52), (10,53), (10,54), (10,55), (10,56), (10,57), (10,58), (10,59), (10,60)|(10,60), (11,60), (11,60), (11,59)",
        "time": 900.4220421192923
    }
}