{
    "Uber": {
        "cost": 52.471489638554736,
        "env_tax": 0.4800000000000001,
        "route": "(31,65), (31,64), (30,64), (29,64), (28,64), (28,63), (27,63), (27,62), (26,62), (25,62), (24,62), (23,62), (23,61), (23,60), (23,59), (23,58), (23,57), (22,57), (22,56), (22,55), (22,54), (22,53), (22,52), (22,51), (22,50), (22,49), (22,48), (22,47), (22,46), (22,45), (22,44), (22,43), (21,43), (21,42), (21,41), (21,40), (21,39), (21,38), (21,37), (21,36), (21,35), (21,34), (21,33), (21,32), (21,31), (21,30), (21,29), (21,28), (21,27), (21,26), (21,25), (21,24), (21,23), (21,22), (21,21), (21,20), (21,19), (21,18), (21,17), (21,16), (21,15), (21,14), (21,13), (21,12), (21,11), (21,10), (21,9), (22,9), (22,8), (23,8), (23,7), (23,6), (23,5), (24,5), (25,5), (26,5), (27,5), (28,5), (29,5), (30,5), (31,5), (32,5), (33,5), (34,5), (35,5), (36,5), (37,5), (38,5), (39,5), (40,5), (41,5), (42,5), (43,5), (43,6), (43,7), (44,7)",
        "time": 18.41018059835912
    },
    "Uber_Train_Uber": {
        "cost": 36.24737739222238,
        "env_tax": 0.07500000000000001,
        "route": "(31,65), (31,64), (30,64), (30,63), (30,62), (30,61), (30,60)|(30,60), (31,60), (32,60), (33,60), (34,60), (35,60), (36,60), (37,60), (38,60), (39,60), (40,60), (40,60), (40,59), (40,58), (40,57), (40,56), (40,55), (40,54), (40,53), (40,52), (40,51), (40,50), (40,49), (40,48), (40,47), (40,46), (40,45), (40,44), (40,43), (40,42), (40,41), (40,40), (40,39), (40,38), (40,37), (40,36), (40,35), (40,34), (40,33), (40,32), (40,31), (40,30), (40,29), (40,28), (40,27), (40,26), (40,25), (40,24), (40,23), (40,22), (40,21), (40,20), (40,19), (40,18), (40,17), (40,16), (40,15), (40,14), (40,13), (40,12), (40,11), (40,10)|(40,10), (40,9), (41,9), (41,8), (42,8), (42,7), (43,7), (44,7)",
        "time": 25.017943500193947
    },
    "Uber_Train_Walk": {
        "cost": 21.908025852885178,
        "env_tax": 0.035,
        "route": "(31,65), (31,64), (30,64), (30,63), (30,62), (30,61), (30,60)|(30,60), (31,60), (32,60), (33,60), (34,60), (35,60), (36,60), (37,60), (38,60), (39,60), (40,60), (40,60), (40,59), (40,58), (40,57), (40,56), (40,55), (40,54), (40,53), (40,52), (40,51), (40,50), (40,49), (40,48), (40,47), (40,46), (40,45), (40,44), (40,43), (40,42), (40,41), (40,40), (40,39), (40,38), (40,37), (40,36), (40,35), (40,34), (40,33), (40,32), (40,31), (40,30), (40,29), (40,28), (40,27), (40,26), (40,25), (40,24), (40,23), (40,22), (40,21), (40,20), (40,19), (40,18), (40,17), (40,16), (40,15), (40,14), (40,13), (40,12), (40,11), (40,10)|(40,10), (41,10), (42,10), (43,10), (44,10), (44,10), (44,9), (44,8), (44,7)",
        "time": 534.2489776874697
    },
    "Walk": {
        "cost": 0,
        "env_tax": 0,
        "route": "(31,65), (32,65), (33,65), (34,65), (35,65), (36,65), (37,65), (38,65), (39,65), (40,65), (41,65), (42,65), (43,65), (44,65), (44,65), (44,64), (44,63), (44,62), (44,61), (44,60), (44,59), (44,58), (44,57), (44,56), (44,55), (44,54), (44,53), (44,52), (44,51), (44,50), (44,49), (44,48), (44,47), (44,46), (44,45), (44,44), (44,43), (44,42), (44,41), (44,40), (44,39), (44,38), (44,37), (44,36), (44,35), (44,34), (44,33), (44,32), (44,31), (44,30), (44,29), (44,28), (44,27), (44,26), (44,25), (44,24), (44,23), (44,22), (44,21), (44,20), (44,19), (44,18), (44,17), (44,16), (44,15), (44,14), (44,13), (44,12), (44,11), (44,10), (44,9), (44,8), (44,7)",
        "time": 5294.082557862085
    },
    "Walk_Train_Uber": {
        "cost": 20.094550026450552,
        "env_tax": 0.04000000000000001,
        "route": "(31,65), (30,65), (30,65), (30,64), (30,63), (30,62), (30,61), (30,60)|(30,60), (31,60), (32,60), (33,60), (34,60), (35,60), (36,60), (37,60), (38,60), (39,60), (40,60), (40,60), (40,59), (40,58), (40,57), (40,56), (40,55), (40,54), (40,53), (40,52), (40,51), (40,50), (40,49), (40,48), (40,47), (40,46), (40,45), (40,44), (40,43), (40,42), (40,41), (40,40), (40,39), (40,38), (40,37), (40,36), (40,35), (40,34), (40,33), (40,32), (40,31), (40,30), (40,29), (40,28), (40,27), (40,26), (40,25), (40,24), (40,23), (40,22), (40,21), (40,20), (40,19), (40,18), (40,17), (40,16), (40,15), (40,14), (40,13), (40,12), (40,11), (40,10)|(40,10), (40,9), (41,9), (41,8), (42,8), (42,7), (43,7), (44,7)",
        "time": 458.48684181212343
    },
    "Walk_Train_Walk": {
        "cost": 6.2,
        "env_tax": 0,
        "route": "(31,65), (30,65), (30,65), (30,64), (30,63), (30,62), (30,61), (30,60)|(30,60), (31,60), (32,60), (33,60), (34,60), (35,60), (36,60), (37,60), (38,60), (39,60), (40,60), (40,60), (40,59), (40,58), (40,57), (40,56), (40,55), (40,54), (40,53), (40,52), (40,51), (40,50), (40,49), (40,48), (40,47), (40,46), (40,45), (40,44), (40,43), (40,42), (40,41), (40,40), (40,39), (40,38), (40,37), (40,36), (40,35), (40,34), (40,33), (40,32), (40,31), (40,30), (40,29), (40,28), (40,27), (40,26), (40,25), (40,24), (40,23), (40,22), (40,21), (40,20), (40,19), (40,18), (40,17), (40,16), (40,15), (40,14), (40,13), (40,12), (40,11), (40,10)|(40,10), (41,10), (42,10), (43,10), (44,10), (44,10), (44,9), (44,8), (44,7)",
        "time": 972.4297876773605
    }
}