{
    "Uber": {
        "cost": 31.363773651522454,
        "env_tax": 0.27,
        "route": "(20,54), (19,54), (18,54), (18,53), (17,53), (16,53), (15,53), (15,52), (14,52), (13,52), (13,51), (13,50), (13,49), (13,48), (13,47), (13,46), (13,45), (13,44), (13,43), (13,42), (13,41), (13,40), (13,39), (13,38), (13,37), (13,36), (13,35), (13,34), (13,33), (13,32), (13,31), (13,30), (13,29), (13,28), (13,27), (13,26), (13,25), (13,24), (13,23), (13,22), (14,22), (14,21), (15,21), (16,21), (17,21), (17,20), (18,20), (18,19), (18,18), (19,18), (20,18), (21,18), (22,18), (22,17)",
        "time": 11.7659338126685
    },
    "Uber_Train_Uber": {
        "cost": 30.96932066995431,
        "env_tax": 0.05500000000000001,
        "route": "(20,54), (20,53), (20,52), (20,51), (20,50)|(20,50), (20,50), (20,49), (20,48), (20,47), (20,46), (20,45), (20,44), (20,43), (20,42), (20,41), (20,40), (20,39), (20,38), (20,37), (20,36), (20,35), (20,34), (20,33), (20,32), (20,31), (20,30), (20,29), (20,28), (20,27), (20,26), (20,25), (20,24), (20,23), (20,22), (20,21), (20,20)|(20,20), (21,20), (21,19), (21,18), (22,18), (22,17)",
        "time": 19.003445222301117
    },
    "Uber_Train_Walk": {
        "cost": 17.276468411643506,
        "env_tax": 0.025,
        "route": "(20,54), (20,53), (20,52), (20,51), (20,50)|(20,50), (20,50), (20,49), (20,48), (20,47), (20,46), (20,45), (20,44), (20,43), (20,42), (20,41), (20,40), (20,39), (20,38), (20,37), (20,36), (20,35), (20,34), (20,33), (20,32), (20,31), (20,30), (20,29), (20,28), (20,27), (20,26), (20,25), (20,24), (20,23), (20,22), (20,21), (20,20)|(20,20), (21,20), (22,20), (22,20), (22,19), (22,18), (22,17)",
        "time": 384.09652579100634
    },
    "Walk": {
        "cost": 0,
        "env_tax": 0,
        "route": "(20,54), (21,54), (22,54), (22,54), (22,53), (22,52), (22,51), (22,50), (22,49), (22,48), (22,47), (22,46), (22,45), (22,44), (22,43), (22,42), (22,41), (22,40), (22,39), (22,38), (22,37), (22,36), (22,35), (22,34), (22,33), (22,32), (22,31), (22,30), (22,29), (22,28), (22,27), (22,26), (22,25), (22,24), (22,23), (22,22), (22,21), (22,20), (22,19), (22,18), (22,17)",
        "time": 2908.0171796707227
    },
    "Walk_Train_Uber": {
        "cost": 16.453275075764825,
        "env_tax": 0.030000000000000006,
        "route": "(20,54), (20,54), (20,53), (20,52), (20,51), (20,50)|(20,50), (20,50), (20,49), (20,48), (20,47), (20,46), (20,45), (20,44), (20,43), (20,42), (20,41), (20,40), (20,39), (20,38), (20,37), (20,36), (20,35), (20,34), (20,33), (20,32), (20,31), (20,30), (20,29), (20,28), (20,27), (20,26), (20,25), (20,24), (20,23), (20,22), (20,21), (20,20)|(20,20), (21,20), (21,19), (21,18), (22,18), (22,17)",
        "time": 309.9659047252567
    },
    "Walk_Train_Walk": {
        "cost": 3.2,
        "env_tax": 0,
        "route": "(20,54), (20,54), (20,53), (20,52), (20,51), (20,50)|(20,50), (20,50), (20,49), (20,48), (20,47), (20,46), (20,45), (20,44), (20,43), (20,42), (20,41), (20,40), (20,39), (20,38), (20,37), (20,36), (20,35), (20,34), (20,33), (20,32), (20,31), (20,30), (20,29), (20,28), (20,27), (20,26), (20,25), (20,24), (20,23), (20,22), (20,21), (20,20)|(20,20), (21,20), (22,20), (22,20), (22,19), (22,18), (22,17)",
        "time": 676.1397510514099
    }
}