{
    "Uber": {
        "cost": 24.61560877766106,
        "env_tax": 0.215,
        "route": "(24,89), (23,89), (23,88), (22,88), (21,88), (21,87), (20,87), (19,87), (18,87), (17,87), (16,87), (16,86), (16,85), (16,84), (16,83), (15,83), (15,82), (15,81), (15,80), (15,79), (15,78), (15,77), (15,76), (15,75), (15,74), (15,73), (15,72), (15,71), (15,70), (15,69), (15,68), (15,67), (15,66), (15,65), (15,64), (15,63), (15,62), (15,61), (15,60), (15,59), (16,59), (16,58), (16,57)",
        "time": 13.498824574745669
    },
    "Uber_Train_Uber": {
        "cost": 31.926618376931877,
        "env_tax": 0.07,
        "route": "(24,89), (24,90), (23,90), (22,90), (21,90), (20,90)|(20,90), (20,90), (20,89), (20,88), (20,87), (20,86), (20,85), (20,84), (20,83), (20,82), (20,81), (20,80), (20,79), (20,78), (20,77), (20,76), (20,75), (20,74), (20,73), (20,72), (20,71), (20,70), (20,69), (20,68), (20,67), (20,66), (20,65), (20,64), (20,63), (20,62), (20,61), (20,60)|(20,60), (20,59), (19,59), (18,59), (17,59), (16,59), (16,58), (16,57)",
        "time": 23.170971472739165
    },
    "Uber_Train_Walk": {
        "cost": 16.155727037399238,
        "env_tax": 0.030000000000000006,
        "route": "(24,89), (24,90), (23,90), (22,90), (21,90), (20,90)|(20,90), (20,90), (20,89), (20,88), (20,87), (20,86), (20,85), (20,84), (20,83), (20,82), (20,81), (20,80), (20,79), (20,78), (20,77), (20,76), (20,75), (20,74), (20,73), (20,72), (20,71), (20,70), (20,69), (20,68), (20,67), (20,66), (20,65), (20,64), (20,63), (20,62), (20,61), (20,60)|(20,60), (19,60), (18,60), (17,60), (16,60), (16,60), (16,59), (16,58), (16,57)",
        "time": 540.8749033034991
    },
    "Walk": {
        "cost": 0,
        "env_tax": 0,
        "route": "(24,89), (23,89), (22,89), (21,89), (20,89), (19,89), (18,89), (17,89), (16,89), (16,89), (16,88), (16,87), (16,86), (16,85), (16,84), (16,83), (16,82), (16,81), (16,80), (16,79), (16,78), (16,77), (16,76), (16,75), (16,74), (16,73), (16,72), (16,71), (16,70), (16,69), (16,68), (16,67), (16,66), (16,65), (16,64), (16,63), (16,62), (16,61), (16,60), (16,59), (16,58), (16,57)",
        "time": 2982.5817227392026
    },
    "Walk_Train_Uber": {
        "cost": 18.751869663970705,
        "env_tax": 0.04000000000000001,
        "route": "(24,89), (23,89), (22,89), (21,89), (20,89), (20,89), (20,90)|(20,90), (20,90), (20,89), (20,88), (20,87), (20,86), (20,85), (20,84), (20,83), (20,82), (20,81), (20,80), (20,79), (20,78), (20,77), (20,76), (20,75), (20,74), (20,73), (20,72), (20,71), (20,70), (20,69), (20,68), (20,67), (20,66), (20,65), (20,64), (20,63), (20,62), (20,61), (20,60)|(20,60), (20,59), (19,59), (18,59), (17,59), (16,59), (16,58), (16,57)",
        "time": 391.0285350029358
    },
    "Walk_Train_Walk": {
        "cost": 3.2,
        "env_tax": 0,
        "route": "(24,89), (23,89), (22,89), (21,89), (20,89), (20,89), (20,90)|(20,90), (20,90), (20,89), (20,88), (20,87), (20,86), (20,85), (20,84), (20,83), (20,82), (20,81), (20,80), (20,79), (20,78), (20,77), (20,76), (20,75), (20,74), (20,73), (20,72), (20,71), (20,70), (20,69), (20,68), (20,67), (20,66), (20,65), (20,64), (20,63), (20,62), (20,61), (20,60)|(20,60), (19,60), (18,60), (17,60), (16,60), (16,60), (16,59), (16,58), (16,57)",
        "time": 904.2162093635828
    }
}