{
    "Uber": {
        "cost": 48.071851067867335,
        "env_tax": 0.22000000000000003,
        "route": "(26,75), (27,75), (28,75), (29,75), (29,74), (30,74), (31,74), (32,74), (33,74), (34,74), (35,74), (35,73), (35,72), (35,71), (36,71), (37,71), (38,71), (38,70), (38,69), (39,69), (40,69), (41,69), (41,68), (42,68), (42,67), (43,67), (43,66), (43,65), (44,65), (45,65), (45,64), (45,63), (46,63), (46,62), (46,61), (47,61), (48,61), (48,60), (48,59), (49,59), (49,58), (50,58), (51,58), (52,58)",
        "time": 18.781951193855612
    },
    "Uber_Train_Uber": {
        "cost": 36.0386317838734,
        "env_tax": 0.07500000000000001,
        "route": "(26,75), (27,75), (28,75), (29,75), (29,74), (29,73), (29,72), (29,71), (29,70), (30,70)|(30,70), (31,70), (32,70), (33,70), (34,70), (35,70), (36,70), (37,70), (38,70), (39,70), (40,70), (41,70), (42,70), (43,70), (44,70), (45,70), (46,70), (47,70), (48,70), (49,70), (50,70), (50,70), (50,69), (50,68), (50,67), (50,66), (50,65), (50,64), (50,63), (50,62), (50,61), (50,60)|(50,60), (51,60), (51,59), (52,59), (52,58)",
        "time": 26.902603981658373
    },
    "Uber_Train_Walk": {
        "cost": 20.179252220264306,
        "env_tax": 0.05,
        "route": "(26,75), (27,75), (28,75), (29,75), (29,74), (29,73), (29,72), (29,71), (29,70), (30,70)|(30,70), (31,70), (32,70), (33,70), (34,70), (35,70), (36,70), (37,70), (38,70), (39,70), (40,70), (41,70), (42,70), (43,70), (44,70), (45,70), (46,70), (47,70), (48,70), (49,70), (50,70), (50,70), (50,69), (50,68), (50,67), (50,66), (50,65), (50,64), (50,63), (50,62), (50,61), (50,60)|(50,60), (51,60), (52,60), (52,60), (52,59), (52,58)",
        "time": 311.14994176395055
    },
    "Walk": {
        "cost": 0,
        "env_tax": 0,
        "route": "(26,75), (27,75), (28,75), (29,75), (30,75), (31,75), (32,75), (33,75), (34,75), (35,75), (36,75), (37,75), (38,75), (39,75), (40,75), (41,75), (42,75), (43,75), (44,75), (45,75), (46,75), (47,75), (48,75), (49,75), (50,75), (51,75), (52,75), (52,75), (52,74), (52,73), (52,72), (52,71), (52,70), (52,69), (52,68), (52,67), (52,66), (52,65), (52,64), (52,63), (52,62), (52,61), (52,60), (52,59), (52,58)",
        "time": 3206.2753519446433
    },
    "Walk_Train_Uber": {
        "cost": 18.563445622510727,
        "env_tax": 0.025,
        "route": "(26,75), (27,75), (28,75), (29,75), (30,75), (30,75), (30,74), (30,73), (30,72), (30,71), (30,70)|(30,70), (31,70), (32,70), (33,70), (34,70), (35,70), (36,70), (37,70), (38,70), (39,70), (40,70), (41,70), (42,70), (43,70), (44,70), (45,70), (46,70), (47,70), (48,70), (49,70), (50,70), (50,70), (50,69), (50,68), (50,67), (50,66), (50,65), (50,64), (50,63), (50,62), (50,61), (50,60)|(50,60), (51,60), (51,59), (52,59), (52,58)",
        "time": 686.0704339184299
    },
    "Walk_Train_Walk": {
        "cost": 3.2,
        "env_tax": 0,
        "route": "(26,75), (27,75), (28,75), (29,75), (30,75), (30,75), (30,74), (30,73), (30,72), (30,71), (30,70)|(30,70), (31,70), (32,70), (33,70), (34,70), (35,70), (36,70), (37,70), (38,70), (39,70), (40,70), (41,70), (42,70), (43,70), (44,70), (45,70), (46,70), (47,70), (48,70), (49,70), (50,70), (50,70), (50,69), (50,68), (50,67), (50,66), (50,65), (50,64), (50,63), (50,62), (50,61), (50,60)|(50,60), (51,60), (52,60), (52,60), (52,59), (52,58)",
        "time": 975.2068897544965
    }
}