{
    "Uber": {
        "cost": 35.08287933112844,
        "env_tax": 0.6100000000000001,
        "route": "(13,23), (12,23), (11,23), (10,23), (9,23), (9,24), (9,25), (8,25), (7,25), (6,25), (6,26), (6,27), (6,28), (6,29), (6,30), (6,31), (6,32), (6,33), (6,34), (5,34), (5,35), (5,36), (5,37), (4,37), (4,38), (4,39), (4,40), (4,41), (4,42), (4,43), (4,44), (4,45), (4,46), (4,47), (4,48), (4,49), (4,50), (5,50), (5,51), (5,52), (5,53), (5,54), (5,55), (5,56), (5,57), (5,58), (5,59), (5,60), (5,61), (5,62), (5,63), (5,64), (5,65), (5,66), (5,67), (5,68), (5,69), (5,70), (5,71), (5,72), (5,73), (5,74), (5,75), (5,76), (5,77), (5,78), (5,79), (5,80), (5,81), (5,82), (5,83), (5,84), (5,85), (6,85), (6,86), (6,87), (6,88), (6,89), (6,90), (6,91), (6,92), (6,93), (7,93), (7,94), (8,94), (9,94), (9,95), (9,96), (9,97), (9,98), (9,99), (10,99), (11,99), (12,99), (13,99), (14,99), (15,99), (16,99), (17,99), (18,99), (19,99), (20,99), (21,99), (22,99), (23,99), (24,99), (24,98), (25,98), (26,98), (27,98), (28,98), (29,98), (30,98), (31,98), (32,98), (33,98), (34,98), (35,98), (36,98), (37,98), (38,98), (39,98)",
        "time": 14.762290031066291
    },
    "Uber_Train_Uber": {
        "cost": 37.66800007346506,
        "env_tax": 0.085,
        "route": "(13,23), (12,23), (12,22), (12,21), (11,21), (10,21), (10,20)|(10,20), (11,20), (12,20), (13,20), (14,20), (15,20), (16,20), (17,20), (18,20), (19,20), (20,20), (21,20), (22,20), (23,20), (24,20), (25,20), (26,20), (27,20), (28,20), (29,20), (30,20), (31,20), (32,20), (33,20), (34,20), (35,20), (36,20), (37,20), (38,20), (39,20), (40,20), (40,20), (40,21), (40,22), (40,23), (40,24), (40,25), (40,26), (40,27), (40,28), (40,29), (40,30), (40,31), (40,32), (40,33), (40,34), (40,35), (40,36), (40,37), (40,38), (40,39), (40,40), (40,41), (40,42), (40,43), (40,44), (40,45), (40,46), (40,47), (40,48), (40,49), (40,50), (40,51), (40,52), (40,53), (40,54), (40,55), (40,56), (40,57), (40,58), (40,59), (40,60), (40,61), (40,62), (40,63), (40,64), (40,65), (40,66), (40,67), (40,68), (40,69), (40,70), (40,71), (40,72), (40,73), (40,74), (40,75), (40,76), (40,77), (40,78), (40,79), (40,80), (40,81), (40,82), (40,83), (40,84), (40,85), (40,86), (40,87), (40,88), (40,89), (40,90)|(40,90), (40,91), (40,92), (40,93), (40,94), (40,95), (40,96), (40,97), (39,97), (39,98)",
        "time": 16.707700564935408
    },
    "Uber_Train_Walk": {
        "cost": 23.607764484413195,
        "env_tax": 0.035,
        "route": "(13,23), (12,23), (12,22), (12,21), (11,21), (10,21), (10,20)|(10,20), (11,20), (12,20), (13,20), (14,20), (15,20), (16,20), (17,20), (18,20), (19,20), (20,20), (21,20), (22,20), (23,20), (24,20), (25,20), (26,20), (27,20), (28,20), (29,20), (30,20), (31,20), (32,20), (33,20), (34,20), (35,20), (36,20), (37,20), (38,20), (39,20), (40,20), (40,20), (40,21), (40,22), (40,23), (40,24), (40,25), (40,26), (40,27), (40,28), (40,29), (40,30), (40,31), (40,32), (40,33), (40,34), (40,35), (40,36), (40,37), (40,38), (40,39), (40,40), (40,41), (40,42), (40,43), (40,44), (40,45), (40,46), (40,47), (40,48), (40,49), (40,50), (40,51), (40,52), (40,53), (40,54), (40,55), (40,56), (40,57), (40,58), (40,59), (40,60), (40,61), (40,62), (40,63), (40,64), (40,65), (40,66), (40,67), (40,68), (40,69), (40,70), (40,71), (40,72), (40,73), (40,74), (40,75), (40,76), (40,77), (40,78), (40,79), (40,80), (40,81), (40,82), (40,83), (40,84), (40,85), (40,86), (40,87), (40,88), (40,89), (40,90)|(40,90), (39,90), (39,90), (39,91), (39,92), (39,93), (39,94), (39,95), (39,96), (39,97), (39,98)",
        "time": 686.3700182500304
    },
    "Walk": {
        "cost": 0,
        "env_tax": 0,
        "route": "(13,23), (14,23), (15,23), (16,23), (17,23), (18,23), (19,23), (20,23), (21,23), (22,23), (23,23), (24,23), (25,23), (26,23), (27,23), (28,23), (29,23), (30,23), (31,23), (32,23), (33,23), (34,23), (35,23), (36,23), (37,23), (38,23), (39,23), (39,23), (39,24), (39,25), (39,26), (39,27), (39,28), (39,29), (39,30), (39,31), (39,32), (39,33), (39,34), (39,35), (39,36), (39,37), (39,38), (39,39), (39,40), (39,41), (39,42), (39,43), (39,44), (39,45), (39,46), (39,47), (39,48), (39,49), (39,50), (39,51), (39,52), (39,53), (39,54), (39,55), (39,56), (39,57), (39,58), (39,59), (39,60), (39,61), (39,62), (39,63), (39,64), (39,65), (39,66), (39,67), (39,68), (39,69), (39,70), (39,71), (39,72), (39,73), (39,74), (39,75), (39,76), (39,77), (39,78), (39,79), (39,80), (39,81), (39,82), (39,83), (39,84), (39,85), (39,86), (39,87), (39,88), (39,89), (39,90), (39,91), (39,92), (39,93), (39,94), (39,95), (39,96), (39,97), (39,98)",
        "time": 7531.018849916487
    },
    "Walk_Train_Uber": {
        "cost": 24.600647454281447,
        "env_tax": 0.05,
        "route": "(13,23), (12,23), (11,23), (10,23), (10,23), (10,22), (10,21), (10,20)|(10,20), (11,20), (12,20), (13,20), (14,20), (15,20), (16,20), (17,20), (18,20), (19,20), (20,20), (21,20), (22,20), (23,20), (24,20), (25,20), (26,20), (27,20), (28,20), (29,20), (30,20), (31,20), (32,20), (33,20), (34,20), (35,20), (36,20), (37,20), (38,20), (39,20), (40,20), (40,20), (40,21), (40,22), (40,23), (40,24), (40,25), (40,26), (40,27), (40,28), (40,29), (40,30), (40,31), (40,32), (40,33), (40,34), (40,35), (40,36), (40,37), (40,38), (40,39), (40,40), (40,41), (40,42), (40,43), (40,44), (40,45), (40,46), (40,47), (40,48), (40,49), (40,50), (40,51), (40,52), (40,53), (40,54), (40,55), (40,56), (40,57), (40,58), (40,59), (40,60), (40,61), (40,62), (40,63), (40,64), (40,65), (40,66), (40,67), (40,68), (40,69), (40,70), (40,71), (40,72), (40,73), (40,74), (40,75), (40,76), (40,77), (40,78), (40,79), (40,80), (40,81), (40,82), (40,83), (40,84), (40,85), (40,86), (40,87), (40,88), (40,89), (40,90)|(40,90), (40,91), (40,92), (40,93), (40,94), (40,95), (40,96), (40,97), (39,97), (39,98)",
        "time": 460.4763780065126
    },
    "Walk_Train_Walk": {
        "cost": 10.200000000000001,
        "env_tax": 0,
        "route": "(13,23), (12,23), (11,23), (10,23), (10,23), (10,22), (10,21), (10,20)|(10,20), (11,20), (12,20), (13,20), (14,20), (15,20), (16,20), (17,20), (18,20), (19,20), (20,20), (21,20), (22,20), (23,20), (24,20), (25,20), (26,20), (27,20), (28,20), (29,20), (30,20), (31,20), (32,20), (33,20), (34,20), (35,20), (36,20), (37,20), (38,20), (39,20), (40,20), (40,20), (40,21), (40,22), (40,23), (40,24), (40,25), (40,26), (40,27), (40,28), (40,29), (40,30), (40,31), (40,32), (40,33), (40,34), (40,35), (40,36), (40,37), (40,38), (40,39), (40,40), (40,41), (40,42), (40,43), (40,44), (40,45), (40,46), (40,47), (40,48), (40,49), (40,50), (40,51), (40,52), (40,53), (40,54), (40,55), (40,56), (40,57), (40,58), (40,59), (40,60), (40,61), (40,62), (40,63), (40,64), (40,65), (40,66), (40,67), (40,68), (40,69), (40,70), (40,71), (40,72), (40,73), (40,74), (40,75), (40,76), (40,77), (40,78), (40,79), (40,80), (40,81), (40,82), (40,83), (40,84), (40,85), (40,86), (40,87), (40,88), (40,89), (40,90)|(40,90), (39,90), (39,90), (39,91), (39,92), (39,93), (39,94), (39,95), (39,96), (39,97), (39,98)",
        "time": 1127.8995987395895
    }
}