{
    "Uber": {
        "cost": 46.32222564038754,
        "env_tax": 0.325,
        "route": "(34,46), (33,46), (32,46), (32,47), (31,47), (30,47), (30,48), (30,49), (30,50), (30,51), (30,52), (30,53), (30,54), (30,55), (30,56), (30,57), (30,58), (30,59), (30,60), (30,61), (30,62), (30,63), (30,64), (29,64), (29,65), (29,66), (29,67), (29,68), (29,69), (29,70), (29,71), (29,72), (29,73), (29,74), (29,75), (29,76), (29,77), (29,78), (29,79), (29,80), (28,80), (28,81), (28,82), (28,83), (28,84), (28,85), (27,85), (27,86), (27,87), (27,88), (27,89), (27,90), (27,91), (27,92), (27,93), (27,94), (27,95), (27,96), (27,97), (27,98), (28,98), (29,98), (30,98), (30,99), (31,99)",
        "time": 16.437093773045042
    },
    "Uber_Train_Uber": {
        "cost": 37.653947436982975,
        "env_tax": 0.1,
        "route": "(34,46), (33,46), (32,46), (32,47), (31,47), (30,47), (30,48), (30,49), (30,50)|(30,50), (30,50), (30,51), (30,52), (30,53), (30,54), (30,55), (30,56), (30,57), (30,58), (30,59), (30,60), (30,61), (30,62), (30,63), (30,64), (30,65), (30,66), (30,67), (30,68), (30,69), (30,70), (30,71), (30,72), (30,73), (30,74), (30,75), (30,76), (30,77), (30,78), (30,79), (30,80), (30,81), (30,82), (30,83), (30,84), (30,85), (30,86), (30,87), (30,88), (30,89), (30,90)|(30,90), (30,91), (30,92), (30,93), (31,93), (31,94), (31,95), (31,96), (31,97), (31,98), (31,99)",
        "time": 20.134863715891996
    },
    "Uber_Train_Walk": {
        "cost": 24.602395183857187,
        "env_tax": 0.045000000000000005,
        "route": "(34,46), (33,46), (32,46), (32,47), (31,47), (30,47), (30,48), (30,49), (30,50)|(30,50), (30,50), (30,51), (30,52), (30,53), (30,54), (30,55), (30,56), (30,57), (30,58), (30,59), (30,60), (30,61), (30,62), (30,63), (30,64), (30,65), (30,66), (30,67), (30,68), (30,69), (30,70), (30,71), (30,72), (30,73), (30,74), (30,75), (30,76), (30,77), (30,78), (30,79), (30,80), (30,81), (30,82), (30,83), (30,84), (30,85), (30,86), (30,87), (30,88), (30,89), (30,90)|(30,90), (31,90), (31,90), (31,91), (31,92), (31,93), (31,94), (31,95), (31,96), (31,97), (31,98), (31,99)",
        "time": 759.9577167723521
    },
    "Walk": {
        "cost": 0,
        "env_tax": 0,
        "route": "(34,46), (33,46), (32,46), (31,46), (31,46), (31,47), (31,48), (31,49), (31,50), (31,51), (31,52), (31,53), (31,54), (31,55), (31,56), (31,57), (31,58), (31,59), (31,60), (31,61), (31,62), (31,63), (31,64), (31,65), (31,66), (31,67), (31,68), (31,69), (31,70), (31,71), (31,72), (31,73), (31,74), (31,75), (31,76), (31,77), (31,78), (31,79), (31,80), (31,81), (31,82), (31,83), (31,84), (31,85), (31,86), (31,87), (31,88), (31,89), (31,90), (31,91), (31,92), (31,93), (31,94), (31,95), (31,96), (31,97), (31,98), (31,99)",
        "time": 4175.614411834884
    },
    "Walk_Train_Uber": {
        "cost": 18.438554288329577,
        "env_tax": 0.05500000000000001,
        "route": "(34,46), (33,46), (32,46), (31,46), (30,46), (30,46), (30,47), (30,48), (30,49), (30,50)|(30,50), (30,50), (30,51), (30,52), (30,53), (30,54), (30,55), (30,56), (30,57), (30,58), (30,59), (30,60), (30,61), (30,62), (30,63), (30,64), (30,65), (30,66), (30,67), (30,68), (30,69), (30,70), (30,71), (30,72), (30,73), (30,74), (30,75), (30,76), (30,77), (30,78), (30,79), (30,80), (30,81), (30,82), (30,83), (30,84), (30,85), (30,86), (30,87), (30,88), (30,89), (30,90)|(30,90), (30,91), (30,92), (30,93), (31,93), (31,94), (31,95), (31,96), (31,97), (31,98), (31,99)",
        "time": 611.755241406913
    },
    "Walk_Train_Walk": {
        "cost": 4.2,
        "env_tax": 0,
        "route": "(34,46), (33,46), (32,46), (31,46), (30,46), (30,46), (30,47), (30,48), (30,49), (30,50)|(30,50), (30,50), (30,51), (30,52), (30,53), (30,54), (30,55), (30,56), (30,57), (30,58), (30,59), (30,60), (30,61), (30,62), (30,63), (30,64), (30,65), (30,66), (30,67), (30,68), (30,69), (30,70), (30,71), (30,72), (30,73), (30,74), (30,75), (30,76), (30,77), (30,78), (30,79), (30,80), (30,81), (30,82), (30,83), (30,84), (30,85), (30,86), (30,87), (30,88), (30,89), (30,90)|(30,90), (31,90), (31,90), (31,91), (31,92), (31,93), (31,94), (31,95), (31,96), (31,97), (31,98), (31,99)",
        "time": 1348.3144894271154
    }
}