{
    "Uber": {
        "cost": 40.920408572304254,
        "env_tax": 0.26500000000000007,
        "route": "(3,23), (3,24), (3,25), (3,26), (3,27), (4,27), (5,27), (6,27), (6,28), (7,28), (7,29), (7,30), (8,30), (9,30), (10,30), (11,30), (12,30), (13,30), (13,31), (14,31), (15,31), (16,31), (17,31), (18,31), (19,31), (20,31), (21,31), (22,31), (23,31), (23,32), (24,32), (25,32), (26,32), (27,32), (27,33), (28,33), (29,33), (30,33), (30,34), (31,34), (32,34), (33,34), (33,35), (34,35), (35,35), (36,35), (36,36), (37,36), (37,37), (38,37), (39,37), (40,37), (41,37)",
        "time": 14.71123348273144
    },
    "Uber_Train_Uber": {
        "cost": 34.40701670201872,
        "env_tax": 0.08000000000000002,
        "route": "(3,23), (3,22), (3,21), (4,21), (5,21), (6,21), (7,21), (8,21), (9,21), (9,20), (10,20)|(10,20), (11,20), (12,20), (13,20), (14,20), (15,20), (16,20), (17,20), (18,20), (19,20), (20,20), (21,20), (22,20), (23,20), (24,20), (25,20), (26,20), (27,20), (28,20), (29,20), (30,20), (31,20), (32,20), (33,20), (34,20), (35,20), (36,20), (37,20), (38,20), (39,20), (40,20), (40,20), (40,21), (40,22), (40,23), (40,24), (40,25), (40,26), (40,27), (40,28), (40,29), (40,30), (40,31), (40,32), (40,33), (40,34), (40,35), (40,36), (40,37), (40,38), (40,39), (40,40)|(40,40), (40,39), (41,39), (41,38), (41,37)",
        "time": 23.07814320596395
    },
    "Uber_Train_Walk": {
        "cost": 18.722888572722184,
        "env_tax": 0.05500000000000001,
        "route": "(3,23), (3,22), (3,21), (4,21), (5,21), (6,21), (7,21), (8,21), (9,21), (9,20), (10,20)|(10,20), (11,20), (12,20), (13,20), (14,20), (15,20), (16,20), (17,20), (18,20), (19,20), (20,20), (21,20), (22,20), (23,20), (24,20), (25,20), (26,20), (27,20), (28,20), (29,20), (30,20), (31,20), (32,20), (33,20), (34,20), (35,20), (36,20), (37,20), (38,20), (39,20), (40,20), (40,20), (40,21), (40,22), (40,23), (40,24), (40,25), (40,26), (40,27), (40,28), (40,29), (40,30), (40,31), (40,32), (40,33), (40,34), (40,35), (40,36), (40,37), (40,38), (40,39), (40,40)|(40,40), (41,40), (41,40), (41,39), (41,38), (41,37)",
        "time": 310.2782630567485
    },
    "Walk": {
        "cost": 0,
        "env_tax": 0,
        "route": "(3,23), (4,23), (5,23), (6,23), (7,23), (8,23), (9,23), (10,23), (11,23), (12,23), (13,23), (14,23), (15,23), (16,23), (17,23), (18,23), (19,23), (20,23), (21,23), (22,23), (23,23), (24,23), (25,23), (26,23), (27,23), (28,23), (29,23), (30,23), (31,23), (32,23), (33,23), (34,23), (35,23), (36,23), (37,23), (38,23), (39,23), (40,23), (41,23), (41,23), (41,24), (41,25), (41,26), (41,27), (41,28), (41,29), (41,30), (41,31), (41,32), (41,33), (41,34), (41,35), (41,36), (41,37)",
        "time": 3877.356239560964
    },
    "Walk_Train_Uber": {
        "cost": 21.319114197938557,
        "env_tax": 0.025,
        "route": "(3,23), (4,23), (5,23), (6,23), (7,23), (8,23), (9,23), (10,23), (10,23), (10,22), (10,21), (10,20)|(10,20), (11,20), (12,20), (13,20), (14,20), (15,20), (16,20), (17,20), (18,20), (19,20), (20,20), (21,20), (22,20), (23,20), (24,20), (25,20), (26,20), (27,20), (28,20), (29,20), (30,20), (31,20), (32,20), (33,20), (34,20), (35,20), (36,20), (37,20), (38,20), (39,20), (40,20), (40,20), (40,21), (40,22), (40,23), (40,24), (40,25), (40,26), (40,27), (40,28), (40,29), (40,30), (40,31), (40,32), (40,33), (40,34), (40,35), (40,36), (40,37), (40,38), (40,39), (40,40)|(40,40), (40,39), (41,39), (41,38), (41,37)",
        "time": 757.5693646627197
    },
    "Walk_Train_Walk": {
        "cost": 5.2,
        "env_tax": 0,
        "route": "(3,23), (4,23), (5,23), (6,23), (7,23), (8,23), (9,23), (10,23), (10,23), (10,22), (10,21), (10,20)|(10,20), (11,20), (12,20), (13,20), (14,20), (15,20), (16,20), (17,20), (18,20), (19,20), (20,20), (21,20), (22,20), (23,20), (24,20), (25,20), (26,20), (27,20), (28,20), (29,20), (30,20), (31,20), (32,20), (33,20), (34,20), (35,20), (36,20), (37,20), (38,20), (39,20), (40,20), (40,20), (40,21), (40,22), (40,23), (40,24), (40,25), (40,26), (40,27), (40,28), (40,29), (40,30), (40,31), (40,32), (40,33), (40,34), (40,35), (40,36), (40,37), (40,38), (40,39), (40,40)|(40,40), (41,40), (41,40), (41,39), (41,38), (41,37)",
        "time": 1049.6081058782859
    }
}