{
    "Uber": {
        "cost": 47.13729242922452,
        "env_tax": 0.4,
        "route": "(44,66), (44,67), (43,67), (42,67), (42,68), (42,69), (42,70), (42,71), (42,72), (42,73), (42,74), (42,75), (42,76), (42,77), (42,78), (42,79), (42,80), (43,80), (43,81), (43,82), (43,83), (44,83), (44,84), (45,84), (46,84), (46,85), (47,85), (48,85), (49,85), (50,85), (51,85), (52,85), (53,85), (54,85), (55,85), (56,85), (57,85), (58,85), (59,85), (60,85), (61,85), (62,85), (63,85), (64,85), (65,85), (66,85), (67,85), (68,85), (69,85), (70,85), (71,85), (72,85), (73,85), (74,85), (75,85), (76,85), (77,85), (78,85), (79,85), (80,85), (81,85), (81,84), (82,84), (83,84), (84,84), (85,84), (86,84), (87,84), (88,84), (89,84), (89,83), (90,83), (90,82), (90,81), (90,80), (90,79), (90,78), (90,77), (90,76), (90,75)",
        "time": 14.914940401253784
    },
    "Uber_Train_Uber": {
        "cost": 36.858249470774226,
        "env_tax": 0.07500000000000001,
        "route": "(44,66), (44,67), (43,67), (42,67), (42,68), (41,68), (41,69), (41,70), (40,70)|(40,70), (41,70), (42,70), (43,70), (44,70), (45,70), (46,70), (47,70), (48,70), (49,70), (50,70), (51,70), (52,70), (53,70), (54,70), (55,70), (56,70), (57,70), (58,70), (59,70), (60,70), (61,70), (62,70), (63,70), (64,70), (65,70), (66,70), (67,70), (68,70), (69,70), (70,70), (71,70), (72,70), (73,70), (74,70), (75,70), (76,70), (77,70), (78,70), (79,70), (80,70), (81,70), (82,70), (83,70), (84,70), (85,70), (86,70), (87,70), (88,70), (89,70), (90,70), (90,70)|(90,70), (90,71), (90,72), (90,73), (90,74), (90,75)",
        "time": 19.37094985179223
    },
    "Uber_Train_Walk": {
        "cost": 24.113718585250783,
        "env_tax": 0.045000000000000005,
        "route": "(44,66), (44,67), (43,67), (42,67), (42,68), (41,68), (41,69), (41,70), (40,70)|(40,70), (41,70), (42,70), (43,70), (44,70), (45,70), (46,70), (47,70), (48,70), (49,70), (50,70), (51,70), (52,70), (53,70), (54,70), (55,70), (56,70), (57,70), (58,70), (59,70), (60,70), (61,70), (62,70), (63,70), (64,70), (65,70), (66,70), (67,70), (68,70), (69,70), (70,70), (71,70), (72,70), (73,70), (74,70), (75,70), (76,70), (77,70), (78,70), (79,70), (80,70), (81,70), (82,70), (83,70), (84,70), (85,70), (86,70), (87,70), (88,70), (89,70), (90,70), (90,70)|(90,70), (90,70), (90,71), (90,72), (90,73), (90,74), (90,75)",
        "time": 390.7887501081647
    },
    "Walk": {
        "cost": 0,
        "env_tax": 0,
        "route": "(44,66), (45,66), (46,66), (47,66), (48,66), (49,66), (50,66), (51,66), (52,66), (53,66), (54,66), (55,66), (56,66), (57,66), (58,66), (59,66), (60,66), (61,66), (62,66), (63,66), (64,66), (65,66), (66,66), (67,66), (68,66), (69,66), (70,66), (71,66), (72,66), (73,66), (74,66), (75,66), (76,66), (77,66), (78,66), (79,66), (80,66), (81,66), (82,66), (83,66), (84,66), (85,66), (86,66), (87,66), (88,66), (89,66), (90,66), (90,66), (90,67), (90,68), (90,69), (90,70), (90,71), (90,72), (90,73), (90,74), (90,75)",
        "time": 4101.049868766404
    },
    "Walk_Train_Uber": {
        "cost": 18.33375320352704,
        "env_tax": 0.030000000000000006,
        "route": "(44,66), (43,66), (42,66), (41,66), (40,66), (40,66), (40,67), (40,68), (40,69), (40,70)|(40,70), (41,70), (42,70), (43,70), (44,70), (45,70), (46,70), (47,70), (48,70), (49,70), (50,70), (51,70), (52,70), (53,70), (54,70), (55,70), (56,70), (57,70), (58,70), (59,70), (60,70), (61,70), (62,70), (63,70), (64,70), (65,70), (66,70), (67,70), (68,70), (69,70), (70,70), (71,70), (72,70), (73,70), (74,70), (75,70), (76,70), (77,70), (78,70), (79,70), (80,70), (81,70), (82,70), (83,70), (84,70), (85,70), (86,70), (87,70), (88,70), (89,70), (90,70), (90,70)|(90,70), (90,71), (90,72), (90,73), (90,74), (90,75)",
        "time": 612.814257049655
    },
    "Walk_Train_Walk": {
        "cost": 5.2,
        "env_tax": 0,
        "route": "(44,66), (43,66), (42,66), (41,66), (40,66), (40,66), (40,67), (40,68), (40,69), (40,70)|(40,70), (41,70), (42,70), (43,70), (44,70), (45,70), (46,70), (47,70), (48,70), (49,70), (50,70), (51,70), (52,70), (53,70), (54,70), (55,70), (56,70), (57,70), (58,70), (59,70), (60,70), (61,70), (62,70), (63,70), (64,70), (65,70), (66,70), (67,70), (68,70), (69,70), (70,70), (71,70), (72,70), (73,70), (74,70), (75,70), (76,70), (77,70), (78,70), (79,70), (80,70), (81,70), (82,70), (83,70), (84,70), (85,70), (86,70), (87,70), (88,70), (89,70), (90,70), (90,70)|(90,70), (90,70), (90,71), (90,72), (90,73), (90,74), (90,75)",
        "time": 978.1965711092728
    }
}