{
    "Uber": {
        "cost": 57.274296005924924,
        "env_tax": 0.5650000000000001,
        "route": "(31,38), (30,38), (29,38), (28,38), (27,38), (26,38), (26,39), (25,39), (24,39), (23,39), (23,40), (23,41), (23,42), (23,43), (23,44), (23,45), (23,46), (22,46), (22,47), (22,48), (22,49), (22,50), (22,51), (22,52), (22,53), (22,54), (22,55), (22,56), (22,57), (22,58), (22,59), (22,60), (22,61), (22,62), (22,63), (22,64), (22,65), (22,66), (22,67), (22,68), (22,69), (22,70), (22,71), (22,72), (22,73), (22,74), (22,75), (22,76), (22,77), (22,78), (22,79), (22,80), (23,80), (23,81), (23,82), (24,82), (24,83), (24,84), (24,85), (24,86), (24,87), (25,87), (25,88), (25,89), (26,89), (26,90), (27,90), (28,90), (29,90), (29,91), (30,91), (31,91), (32,91), (33,91), (33,92), (33,93), (34,93), (34,94), (34,95), (35,95), (35,96), (35,97), (36,97), (37,97), (38,97), (39,97), (40,97), (41,97), (41,98), (42,98), (43,98), (44,98), (45,98), (46,98), (47,98), (48,98), (49,98), (50,98), (51,98), (52,98), (53,98), (54,98), (55,98), (56,98), (57,98), (58,98), (58,97), (59,97), (60,97), (61,97), (62,97), (62,96), (62,95)",
        "time": 19.707717713105996
    },
    "Uber_Train_Uber": {
        "cost": 35.976554043861476,
        "env_tax": 0.06000000000000001,
        "route": "(31,38), (30,38), (30,39), (30,40)|(30,40), (31,40), (32,40), (33,40), (34,40), (35,40), (36,40), (37,40), (38,40), (39,40), (40,40), (41,40), (42,40), (43,40), (44,40), (45,40), (46,40), (47,40), (48,40), (49,40), (50,40), (51,40), (52,40), (53,40), (54,40), (55,40), (56,40), (57,40), (58,40), (59,40), (60,40), (60,40), (60,41), (60,42), (60,43), (60,44), (60,45), (60,46), (60,47), (60,48), (60,49), (60,50), (60,51), (60,52), (60,53), (60,54), (60,55), (60,56), (60,57), (60,58), (60,59), (60,60), (60,61), (60,62), (60,63), (60,64), (60,65), (60,66), (60,67), (60,68), (60,69), (60,70), (60,71), (60,72), (60,73), (60,74), (60,75), (60,76), (60,77), (60,78), (60,79), (60,80), (60,81), (60,82), (60,83), (60,84), (60,85), (60,86), (60,87), (60,88), (60,89), (60,90)|(60,90), (61,90), (61,91), (61,92), (62,92), (62,93), (62,94), (62,95)",
        "time": 17.93795125210155
    },
    "Uber_Train_Walk": {
        "cost": 22.650481870659654,
        "env_tax": 0.020000000000000004,
        "route": "(31,38), (30,38), (30,39), (30,40)|(30,40), (31,40), (32,40), (33,40), (34,40), (35,40), (36,40), (37,40), (38,40), (39,40), (40,40), (41,40), (42,40), (43,40), (44,40), (45,40), (46,40), (47,40), (48,40), (49,40), (50,40), (51,40), (52,40), (53,40), (54,40), (55,40), (56,40), (57,40), (58,40), (59,40), (60,40), (60,40), (60,41), (60,42), (60,43), (60,44), (60,45), (60,46), (60,47), (60,48), (60,49), (60,50), (60,51), (60,52), (60,53), (60,54), (60,55), (60,56), (60,57), (60,58), (60,59), (60,60), (60,61), (60,62), (60,63), (60,64), (60,65), (60,66), (60,67), (60,68), (60,69), (60,70), (60,71), (60,72), (60,73), (60,74), (60,75), (60,76), (60,77), (60,78), (60,79), (60,80), (60,81), (60,82), (60,83), (60,84), (60,85), (60,86), (60,87), (60,88), (60,89), (60,90)|(60,90), (61,90), (62,90), (62,90), (62,91), (62,92), (62,93), (62,94), (62,95)",
        "time": 537.0332700014274
    },
    "Walk": {
        "cost": 0,
        "env_tax": 0,
        "route": "(31,38), (32,38), (33,38), (34,38), (35,38), (36,38), (37,38), (38,38), (39,38), (40,38), (41,38), (42,38), (43,38), (44,38), (45,38), (46,38), (47,38), (48,38), (49,38), (50,38), (51,38), (52,38), (53,38), (54,38), (55,38), (56,38), (57,38), (58,38), (59,38), (60,38), (61,38), (62,38), (62,38), (62,39), (62,40), (62,41), (62,42), (62,43), (62,44), (62,45), (62,46), (62,47), (62,48), (62,49), (62,50), (62,51), (62,52), (62,53), (62,54), (62,55), (62,56), (62,57), (62,58), (62,59), (62,60), (62,61), (62,62), (62,63), (62,64), (62,65), (62,66), (62,67), (62,68), (62,69), (62,70), (62,71), (62,72), (62,73), (62,74), (62,75), (62,76), (62,77), (62,78), (62,79), (62,80), (62,81), (62,82), (62,83), (62,84), (62,85), (62,86), (62,87), (62,88), (62,89), (62,90), (62,91), (62,92), (62,93), (62,94), (62,95)",
        "time": 6561.679790026246
    },
    "Walk_Train_Uber": {
        "cost": 22.184452479913393,
        "env_tax": 0.04000000000000001,
        "route": "(31,38), (30,38), (30,38), (30,39), (30,40)|(30,40), (31,40), (32,40), (33,40), (34,40), (35,40), (36,40), (37,40), (38,40), (39,40), (40,40), (41,40), (42,40), (43,40), (44,40), (45,40), (46,40), (47,40), (48,40), (49,40), (50,40), (51,40), (52,40), (53,40), (54,40), (55,40), (56,40), (57,40), (58,40), (59,40), (60,40), (60,40), (60,41), (60,42), (60,43), (60,44), (60,45), (60,46), (60,47), (60,48), (60,49), (60,50), (60,51), (60,52), (60,53), (60,54), (60,55), (60,56), (60,57), (60,58), (60,59), (60,60), (60,61), (60,62), (60,63), (60,64), (60,65), (60,66), (60,67), (60,68), (60,69), (60,70), (60,71), (60,72), (60,73), (60,74), (60,75), (60,76), (60,77), (60,78), (60,79), (60,80), (60,81), (60,82), (60,83), (60,84), (60,85), (60,86), (60,87), (60,88), (60,89), (60,90)|(60,90), (61,90), (61,91), (61,92), (62,92), (62,93), (62,94), (62,95)",
        "time": 233.5315600849466
    },
    "Walk_Train_Walk": {
        "cost": 8.200000000000001,
        "env_tax": 0,
        "route": "(31,38), (30,38), (30,38), (30,39), (30,40)|(30,40), (31,40), (32,40), (33,40), (34,40), (35,40), (36,40), (37,40), (38,40), (39,40), (40,40), (41,40), (42,40), (43,40), (44,40), (45,40), (46,40), (47,40), (48,40), (49,40), (50,40), (51,40), (52,40), (53,40), (54,40), (55,40), (56,40), (57,40), (58,40), (59,40), (60,40), (60,40), (60,41), (60,42), (60,43), (60,44), (60,45), (60,46), (60,47), (60,48), (60,49), (60,50), (60,51), (60,52), (60,53), (60,54), (60,55), (60,56), (60,57), (60,58), (60,59), (60,60), (60,61), (60,62), (60,63), (60,64), (60,65), (60,66), (60,67), (60,68), (60,69), (60,70), (60,71), (60,72), (60,73), (60,74), (60,75), (60,76), (60,77), (60,78), (60,79), (60,80), (60,81), (60,82), (60,83), (60,84), (60,85), (60,86), (60,87), (60,88), (60,89), (60,90)|(60,90), (61,90), (62,90), (62,90), (62,91), (62,92), (62,93), (62,94), (62,95)",
        "time": 750.4769629203977
    }
}