{
    "Uber": {
        "cost": 43.42351508633772,
        "env_tax": 0.6050000000000001,
        "route": "(53,98), (52,98), (51,98), (50,98), (49,98), (48,98), (47,98), (46,98), (45,98), (44,98), (43,98), (42,98), (41,98), (40,98), (39,98), (38,98), (37,98), (36,98), (35,98), (34,98), (33,98), (32,98), (31,98), (30,98), (29,98), (28,98), (27,98), (26,98), (25,98), (24,98), (23,98), (22,98), (22,97), (22,96), (21,96), (21,95), (21,94), (21,93), (20,93), (20,92), (20,91), (19,91), (19,90), (18,90), (18,89), (18,88), (17,88), (17,87), (16,87), (16,86), (16,85), (16,84), (16,83), (15,83), (15,82), (15,81), (14,81), (13,81), (13,80), (13,79), (13,78), (13,77), (12,77), (12,76), (12,75), (12,74), (12,73), (12,72), (12,71), (12,70), (12,69), (12,68), (12,67), (12,66), (12,65), (12,64), (12,63), (12,62), (12,61), (12,60), (12,59), (12,58), (12,57), (12,56), (12,55), (12,54), (12,53), (12,52), (12,51), (12,50), (12,49), (12,48), (12,47), (12,46), (12,45), (12,44), (12,43), (12,42), (12,41), (12,40), (12,39), (13,39), (13,38), (13,37), (13,36), (13,35), (13,34), (13,33), (13,32), (13,31), (14,31), (15,31), (15,30), (15,29), (16,29), (17,29), (18,29), (19,29), (20,29), (21,29), (22,29)",
        "time": 13.31214439502175
    },
    "Uber_Train_Uber": {
        "cost": 37.155297934936634,
        "env_tax": 0.08000000000000002,
        "route": "(53,98), (52,98), (52,97), (51,97), (51,96), (51,95), (51,94), (51,93), (51,92), (51,91), (51,90), (50,90)|(50,90), (49,90), (48,90), (47,90), (46,90), (45,90), (44,90), (43,90), (42,90), (41,90), (40,90), (39,90), (38,90), (37,90), (36,90), (35,90), (34,90), (33,90), (32,90), (31,90), (30,90), (29,90), (28,90), (27,90), (26,90), (25,90), (24,90), (23,90), (22,90), (21,90), (20,90), (20,90), (20,89), (20,88), (20,87), (20,86), (20,85), (20,84), (20,83), (20,82), (20,81), (20,80), (20,79), (20,78), (20,77), (20,76), (20,75), (20,74), (20,73), (20,72), (20,71), (20,70), (20,69), (20,68), (20,67), (20,66), (20,65), (20,64), (20,63), (20,62), (20,61), (20,60), (20,59), (20,58), (20,57), (20,56), (20,55), (20,54), (20,53), (20,52), (20,51), (20,50), (20,49), (20,48), (20,47), (20,46), (20,45), (20,44), (20,43), (20,42), (20,41), (20,40), (20,39), (20,38), (20,37), (20,36), (20,35), (20,34), (20,33), (20,32), (20,31), (20,30)|(20,30), (20,29), (21,29), (22,29)",
        "time": 19.999922475904334
    },
    "Uber_Train_Walk": {
        "cost": 24.062519686623332,
        "env_tax": 0.06000000000000001,
        "route": "(53,98), (52,98), (52,97), (51,97), (51,96), (51,95), (51,94), (51,93), (51,92), (51,91), (51,90), (50,90)|(50,90), (49,90), (48,90), (47,90), (46,90), (45,90), (44,90), (43,90), (42,90), (41,90), (40,90), (39,90), (38,90), (37,90), (36,90), (35,90), (34,90), (33,90), (32,90), (31,90), (30,90), (29,90), (28,90), (27,90), (26,90), (25,90), (24,90), (23,90), (22,90), (21,90), (20,90), (20,90), (20,89), (20,88), (20,87), (20,86), (20,85), (20,84), (20,83), (20,82), (20,81), (20,80), (20,79), (20,78), (20,77), (20,76), (20,75), (20,74), (20,73), (20,72), (20,71), (20,70), (20,69), (20,68), (20,67), (20,66), (20,65), (20,64), (20,63), (20,62), (20,61), (20,60), (20,59), (20,58), (20,57), (20,56), (20,55), (20,54), (20,53), (20,52), (20,51), (20,50), (20,49), (20,48), (20,47), (20,46), (20,45), (20,44), (20,43), (20,42), (20,41), (20,40), (20,39), (20,38), (20,37), (20,36), (20,35), (20,34), (20,33), (20,32), (20,31), (20,30)|(20,30), (21,30), (22,30), (22,30), (22,29)",
        "time": 236.77762267027197
    },
    "Walk": {
        "cost": 0,
        "env_tax": 0,
        "route": "(53,98), (52,98), (51,98), (50,98), (49,98), (48,98), (47,98), (46,98), (45,98), (44,98), (43,98), (42,98), (41,98), (40,98), (39,98), (38,98), (37,98), (36,98), (35,98), (34,98), (33,98), (32,98), (31,98), (30,98), (29,98), (28,98), (27,98), (26,98), (25,98), (24,98), (23,98), (22,98), (22,98), (22,97), (22,96), (22,95), (22,94), (22,93), (22,92), (22,91), (22,90), (22,89), (22,88), (22,87), (22,86), (22,85), (22,84), (22,83), (22,82), (22,81), (22,80), (22,79), (22,78), (22,77), (22,76), (22,75), (22,74), (22,73), (22,72), (22,71), (22,70), (22,69), (22,68), (22,67), (22,66), (22,65), (22,64), (22,63), (22,62), (22,61), (22,60), (22,59), (22,58), (22,57), (22,56), (22,55), (22,54), (22,53), (22,52), (22,51), (22,50), (22,49), (22,48), (22,47), (22,46), (22,45), (22,44), (22,43), (22,42), (22,41), (22,40), (22,39), (22,38), (22,37), (22,36), (22,35), (22,34), (22,33), (22,32), (22,31), (22,30), (22,29)",
        "time": 7456.454306848007
    },
    "Walk_Train_Uber": {
        "cost": 22.236433359463792,
        "env_tax": 0.020000000000000004,
        "route": "(53,98), (52,98), (51,98), (50,98), (50,98), (50,97), (50,96), (50,95), (50,94), (50,93), (50,92), (50,91), (50,90)|(50,90), (49,90), (48,90), (47,90), (46,90), (45,90), (44,90), (43,90), (42,90), (41,90), (40,90), (39,90), (38,90), (37,90), (36,90), (35,90), (34,90), (33,90), (32,90), (31,90), (30,90), (29,90), (28,90), (27,90), (26,90), (25,90), (24,90), (23,90), (22,90), (21,90), (20,90), (20,90), (20,89), (20,88), (20,87), (20,86), (20,85), (20,84), (20,83), (20,82), (20,81), (20,80), (20,79), (20,78), (20,77), (20,76), (20,75), (20,74), (20,73), (20,72), (20,71), (20,70), (20,69), (20,68), (20,67), (20,66), (20,65), (20,64), (20,63), (20,62), (20,61), (20,60), (20,59), (20,58), (20,57), (20,56), (20,55), (20,54), (20,53), (20,52), (20,51), (20,50), (20,49), (20,48), (20,47), (20,46), (20,45), (20,44), (20,43), (20,42), (20,41), (20,40), (20,39), (20,38), (20,37), (20,36), (20,35), (20,34), (20,33), (20,32), (20,31), (20,30)|(20,30), (20,29), (21,29), (22,29)",
        "time": 841.4878485313835
    },
    "Walk_Train_Walk": {
        "cost": 9.200000000000001,
        "env_tax": 0,
        "route": "(53,98), (52,98), (51,98), (50,98), (50,98), (50,97), (50,96), (50,95), (50,94), (50,93), (50,92), (50,91), (50,90)|(50,90), (49,90), (48,90), (47,90), (46,90), (45,90), (44,90), (43,90), (42,90), (41,90), (40,90), (39,90), (38,90), (37,90), (36,90), (35,90), (34,90), (33,90), (32,90), (31,90), (30,90), (29,90), (28,90), (27,90), (26,90), (25,90), (24,90), (23,90), (22,90), (21,90), (20,90), (20,90), (20,89), (20,88), (20,87), (20,86), (20,85), (20,84), (20,83), (20,82), (20,81), (20,80), (20,79), (20,78), (20,77), (20,76), (20,75), (20,74), (20,73), (20,72), (20,71), (20,70), (20,69), (20,68), (20,67), (20,66), (20,65), (20,64), (20,63), (20,62), (20,61), (20,60), (20,59), (20,58), (20,57), (20,56), (20,55), (20,54), (20,53), (20,52), (20,51), (20,50), (20,49), (20,48), (20,47), (20,46), (20,45), (20,44), (20,43), (20,42), (20,41), (20,40), (20,39), (20,38), (20,37), (20,36), (20,35), (20,34), (20,33), (20,32), (20,31), (20,30)|(20,30), (21,30), (22,30), (22,30), (22,29)",
        "time": 1051.8068792492577
    }
}