{
    "Uber": {
        "cost": 57.972984576800975,
        "env_tax": 0.7550000000000001,
        "route": "(4,64), (4,63), (4,62), (3,62), (2,62), (2,61), (2,60), (2,59), (2,58), (2,57), (2,56), (2,55), (2,54), (2,53), (1,53), (1,52), (1,51), (1,50), (1,49), (1,48), (1,47), (1,46), (1,45), (1,44), (1,43), (1,42), (1,41), (1,40), (2,40), (2,39), (3,39), (4,39), (4,38), (4,37), (5,37), (5,36), (5,35), (5,34), (6,34), (6,33), (6,32), (7,32), (7,31), (7,30), (8,30), (9,30), (9,29), (10,29), (10,28), (11,28), (12,28), (13,28), (13,27), (14,27), (14,26), (15,26), (16,26), (16,25), (17,25), (18,25), (18,24), (19,24), (20,24), (20,23), (21,23), (22,23), (23,23), (24,23), (24,22), (25,22), (26,22), (26,21), (27,21), (28,21), (28,20), (29,20), (29,19), (30,19), (30,18), (31,18), (32,18), (32,17), (33,17), (34,17), (34,16), (35,16), (36,16), (37,16), (37,15), (38,15), (39,15), (39,14), (40,14), (41,14), (42,14), (43,14), (44,14), (45,14), (46,14), (47,14), (48,14), (48,15), (49,15), (50,15), (51,15), (52,15), (53,15), (54,15), (55,15), (56,15), (57,15), (58,15), (59,15), (60,15), (61,15), (62,15), (63,15), (64,15), (65,15), (66,15), (67,15), (68,15), (69,15), (70,15), (70,14), (71,14), (72,14), (73,14), (74,14), (75,14), (76,14), (77,14), (78,14), (79,14), (80,14), (81,14), (81,15), (82,15), (83,15), (84,15), (85,15), (85,16), (86,16), (86,17), (86,18), (86,19), (86,20), (86,21), (86,22), (86,23), (86,24)",
        "time": 20.704117586085484
    },
    "Uber_Train_Uber": {
        "cost": 40.245034261600225,
        "env_tax": 0.1,
        "route": "(4,64), (4,63), (4,62), (4,61), (5,61), (5,60), (6,60), (7,60), (8,60), (9,60), (10,60)|(10,60), (11,60), (12,60), (13,60), (14,60), (15,60), (16,60), (17,60), (18,60), (19,60), (20,60), (21,60), (22,60), (23,60), (24,60), (25,60), (26,60), (27,60), (28,60), (29,60), (30,60), (31,60), (32,60), (33,60), (34,60), (35,60), (36,60), (37,60), (38,60), (39,60), (40,60), (41,60), (42,60), (43,60), (44,60), (45,60), (46,60), (47,60), (48,60), (49,60), (50,60), (51,60), (52,60), (53,60), (54,60), (55,60), (56,60), (57,60), (58,60), (59,60), (60,60), (61,60), (62,60), (63,60), (64,60), (65,60), (66,60), (67,60), (68,60), (69,60), (70,60), (71,60), (72,60), (73,60), (74,60), (75,60), (76,60), (77,60), (78,60), (79,60), (80,60), (81,60), (82,60), (83,60), (84,60), (85,60), (86,60), (87,60), (88,60), (89,60), (90,60), (90,60), (90,59), (90,58), (90,57), (90,56), (90,55), (90,54), (90,53), (90,52), (90,51), (90,50), (90,49), (90,48), (90,47), (90,46), (90,45), (90,44), (90,43), (90,42), (90,41), (90,40), (90,39), (90,38), (90,37), (90,36), (90,35), (90,34), (90,33), (90,32), (90,31), (90,30), (90,29), (90,28), (90,27), (90,26), (90,25), (90,24), (90,23), (90,22), (90,21), (90,20)|(90,20), (89,20), (89,21), (88,21), (88,22), (88,23), (88,24), (87,24), (86,24)",
        "time": 24.953567938512425
    },
    "Uber_Train_Walk": {
        "cost": 26.562721280604087,
        "env_tax": 0.05500000000000001,
        "route": "(4,64), (4,63), (4,62), (4,61), (5,61), (5,60), (6,60), (7,60), (8,60), (9,60), (10,60)|(10,60), (11,60), (12,60), (13,60), (14,60), (15,60), (16,60), (17,60), (18,60), (19,60), (20,60), (21,60), (22,60), (23,60), (24,60), (25,60), (26,60), (27,60), (28,60), (29,60), (30,60), (31,60), (32,60), (33,60), (34,60), (35,60), (36,60), (37,60), (38,60), (39,60), (40,60), (41,60), (42,60), (43,60), (44,60), (45,60), (46,60), (47,60), (48,60), (49,60), (50,60), (51,60), (52,60), (53,60), (54,60), (55,60), (56,60), (57,60), (58,60), (59,60), (60,60), (61,60), (62,60), (63,60), (64,60), (65,60), (66,60), (67,60), (68,60), (69,60), (70,60), (71,60), (72,60), (73,60), (74,60), (75,60), (76,60), (77,60), (78,60), (79,60), (80,60), (81,60), (82,60), (83,60), (84,60), (85,60), (86,60), (87,60), (88,60), (89,60), (90,60), (90,60), (90,59), (90,58), (90,57), (90,56), (90,55), (90,54), (90,53), (90,52), (90,51), (90,50), (90,49), (90,48), (90,47), (90,46), (90,45), (90,44), (90,43), (90,42), (90,41), (90,40), (90,39), (90,38), (90,37), (90,36), (90,35), (90,34), (90,33), (90,32), (90,31), (90,30), (90,29), (90,28), (90,27), (90,26), (90,25), (90,24), (90,23), (90,22), (90,21), (90,20)|(90,20), (89,20), (88,20), (87,20), (86,20), (86,20), (86,21), (86,22), (86,23), (86,24)",
        "time": 615.0876007757344
    },
    "Walk": {
        "cost": 0,
        "env_tax": 0,
        "route": "(4,64), (5,64), (6,64), (7,64), (8,64), (9,64), (10,64), (11,64), (12,64), (13,64), (14,64), (15,64), (16,64), (17,64), (18,64), (19,64), (20,64), (21,64), (22,64), (23,64), (24,64), (25,64), (26,64), (27,64), (28,64), (29,64), (30,64), (31,64), (32,64), (33,64), (34,64), (35,64), (36,64), (37,64), (38,64), (39,64), (40,64), (41,64), (42,64), (43,64), (44,64), (45,64), (46,64), (47,64), (48,64), (49,64), (50,64), (51,64), (52,64), (53,64), (54,64), (55,64), (56,64), (57,64), (58,64), (59,64), (60,64), (61,64), (62,64), (63,64), (64,64), (65,64), (66,64), (67,64), (68,64), (69,64), (70,64), (71,64), (72,64), (73,64), (74,64), (75,64), (76,64), (77,64), (78,64), (79,64), (80,64), (81,64), (82,64), (83,64), (84,64), (85,64), (86,64), (86,64), (86,63), (86,62), (86,61), (86,60), (86,59), (86,58), (86,57), (86,56), (86,55), (86,54), (86,53), (86,52), (86,51), (86,50), (86,49), (86,48), (86,47), (86,46), (86,45), (86,44), (86,43), (86,42), (86,41), (86,40), (86,39), (86,38), (86,37), (86,36), (86,35), (86,34), (86,33), (86,32), (86,31), (86,30), (86,29), (86,28), (86,27), (86,26), (86,25), (86,24)",
        "time": 9096.874254354569
    },
    "Walk_Train_Uber": {
        "cost": 25.67536285426174,
        "env_tax": 0.045000000000000005,
        "route": "(4,64), (5,64), (6,64), (7,64), (8,64), (9,64), (10,64), (10,64), (10,63), (10,62), (10,61), (10,60)|(10,60), (11,60), (12,60), (13,60), (14,60), (15,60), (16,60), (17,60), (18,60), (19,60), (20,60), (21,60), (22,60), (23,60), (24,60), (25,60), (26,60), (27,60), (28,60), (29,60), (30,60), (31,60), (32,60), (33,60), (34,60), (35,60), (36,60), (37,60), (38,60), (39,60), (40,60), (41,60), (42,60), (43,60), (44,60), (45,60), (46,60), (47,60), (48,60), (49,60), (50,60), (51,60), (52,60), (53,60), (54,60), (55,60), (56,60), (57,60), (58,60), (59,60), (60,60), (61,60), (62,60), (63,60), (64,60), (65,60), (66,60), (67,60), (68,60), (69,60), (70,60), (71,60), (72,60), (73,60), (74,60), (75,60), (76,60), (77,60), (78,60), (79,60), (80,60), (81,60), (82,60), (83,60), (84,60), (85,60), (86,60), (87,60), (88,60), (89,60), (90,60), (90,60), (90,59), (90,58), (90,57), (90,56), (90,55), (90,54), (90,53), (90,52), (90,51), (90,50), (90,49), (90,48), (90,47), (90,46), (90,45), (90,44), (90,43), (90,42), (90,41), (90,40), (90,39), (90,38), (90,37), (90,36), (90,35), (90,34), (90,33), (90,32), (90,31), (90,30), (90,29), (90,28), (90,27), (90,26), (90,25), (90,24), (90,23), (90,22), (90,21), (90,20)|(90,20), (89,20), (89,21), (88,21), (88,22), (88,23), (88,24), (87,24), (86,24)",
        "time": 759.3938792983724
    },
    "Walk_Train_Walk": {
        "cost": 12.200000000000001,
        "env_tax": 0,