{
    "Uber": {
        "cost": 26.663030284245686,
        "env_tax": 0.2,
        "route": "(19,8), (19,9), (20,9), (20,10), (20,11), (21,11), (22,11), (23,11), (24,11), (25,11), (26,11), (27,11), (28,11), (28,12), (28,13), (28,14), (29,14), (30,14), (30,15), (31,15), (31,16), (31,17), (32,17), (33,17), (34,17), (34,18), (35,18), (35,19), (36,19), (36,20), (36,21), (36,22), (36,23), (36,24), (36,25), (36,26), (36,27), (36,28), (36,29), (36,30)",
        "time": 7.495136467604826
    },
    "Uber_Train_Uber": {
        "cost": 31.80492538020553,
        "env_tax": 0.045000000000000005,
        "route": "(19,8), (19,9), (20,9), (20,10)|(20,10), (21,10), (22,10), (23,10), (24,10), (25,10), (26,10), (27,10), (28,10), (29,10), (30,10), (31,10), (32,10), (33,10), (34,10), (35,10), (36,10), (37,10), (38,10), (39,10), (40,10), (40,10), (40,11), (40,12), (40,13), (40,14), (40,15), (40,16), (40,17), (40,18), (40,19), (40,20), (40,21), (40,22), (40,23), (40,24), (40,25), (40,26), (40,27), (40,28), (40,29), (40,30)|(40,30), (39,30), (38,30), (37,30), (36,30)",
        "time": 20.11559617452849
    },
    "Uber_Train_Walk": {
        "cost": 16.639921593807134,
        "env_tax": 0.020000000000000004,
        "route": "(19,8), (19,9), (20,9), (20,10)|(20,10), (21,10), (22,10), (23,10), (24,10), (25,10), (26,10), (27,10), (28,10), (29,10), (30,10), (31,10), (32,10), (33,10), (34,10), (35,10), (36,10), (37,10), (38,10), (39,10), (40,10), (40,10), (40,11), (40,12), (40,13), (40,14), (40,15), (40,16), (40,17), (40,18), (40,19), (40,20), (40,21), (40,22), (40,23), (40,24), (40,25), (40,26), (40,27), (40,28), (40,29), (40,30)|(40,30), (39,30), (38,30), (37,30), (36,30), (36,30)",
        "time": 309.92818594313286
    },
    "Walk": {
        "cost": 0,
        "env_tax": 0,
        "route": "(19,8), (20,8), (21,8), (22,8), (23,8), (24,8), (25,8), (26,8), (27,8), (28,8), (29,8), (30,8), (31,8), (32,8), (33,8), (34,8), (35,8), (36,8), (36,8), (36,9), (36,10), (36,11), (36,12), (36,13), (36,14), (36,15), (36,16), (36,17), (36,18), (36,19), (36,20), (36,21), (36,22), (36,23), (36,24), (36,25), (36,26), (36,27), (36,28), (36,29), (36,30)",
        "time": 2908.0171796707227
    },
    "Walk_Train_Uber": {
        "cost": 18.690009217272866,
        "env_tax": 0.025,
        "route": "(19,8), (20,8), (20,8), (20,9), (20,10)|(20,10), (21,10), (22,10), (23,10), (24,10), (25,10), (26,10), (27,10), (28,10), (29,10), (30,10), (31,10), (32,10), (33,10), (34,10), (35,10), (36,10), (37,10), (38,10), (39,10), (40,10), (40,10), (40,11), (40,12), (40,13), (40,14), (40,15), (40,16), (40,17), (40,18), (40,19), (40,20), (40,21), (40,22), (40,23), (40,24), (40,25), (40,26), (40,27), (40,28), (40,29), (40,30)|(40,30), (39,30), (38,30), (37,30), (36,30)",
        "time": 235.77828173138863
    },
    "Walk_Train_Walk": {
        "cost": 4.2,
        "env_tax": 0,
        "route": "(19,8), (20,8), (20,8), (20,9), (20,10)|(20,10), (21,10), (22,10), (23,10), (24,10), (25,10), (26,10), (27,10), (28,10), (29,10), (30,10), (31,10), (32,10), (33,10), (34,10), (35,10), (36,10), (37,10), (38,10), (39,10), (40,10), (40,10), (40,11), (40,12), (40,13), (40,14), (40,15), (40,16), (40,17), (40,18), (40,19), (40,20), (40,21), (40,22), (40,23), (40,24), (40,25), (40,26), (40,27), (40,28), (40,29), (40,30)|(40,30), (39,30), (38,30), (37,30), (36,30), (36,30)",
        "time": 528.9429812154677
    }
}