{
    "Uber": {
        "cost": 23.741264185994485,
        "env_tax": 0.225,
        "route": "(32,17), (31,17), (30,17), (29,17), (28,17), (27,17), (26,17), (25,17), (24,17), (23,17), (22,17), (22,18), (21,18), (20,18), (19,18), (18,18), (18,19), (18,20), (17,20), (17,21), (16,21), (15,21), (14,21), (14,22), (13,22), (13,23), (12,23), (11,23), (10,23), (9,23), (9,24), (9,25), (9,26), (9,27), (9,28), (9,29), (9,30), (8,30), (7,30), (7,31), (7,32), (7,33), (7,34), (7,35), (7,36)",
        "time": 12.240551219384816
    },
    "Uber_Train_Uber": {
        "cost": 32.13209150042625,
        "env_tax": 0.07,
        "route": "(32,17), (31,17), (30,17), (30,18), (30,19), (30,20)|(30,20), (29,20), (28,20), (27,20), (26,20), (25,20), (24,20), (23,20), (22,20), (21,20), (20,20), (19,20), (18,20), (17,20), (16,20), (15,20), (14,20), (13,20), (12,20), (11,20), (10,20), (10,20), (10,21), (10,22), (10,23), (10,24), (10,25), (10,26), (10,27), (10,28), (10,29), (10,30), (10,31), (10,32), (10,33), (10,34), (10,35), (10,36), (10,37), (10,38), (10,39), (10,40)|(10,40), (9,40), (8,40), (7,40), (7,39), (7,38), (7,37), (7,36)",
        "time": 24.705979780859366
    },
    "Uber_Train_Walk": {
        "cost": 18.35896390472317,
        "env_tax": 0.030000000000000006,
        "route": "(32,17), (31,17), (30,17), (30,18), (30,19), (30,20)|(30,20), (29,20), (28,20), (27,20), (26,20), (25,20), (24,20), (23,20), (22,20), (21,20), (20,20), (19,20), (18,20), (17,20), (16,20), (15,20), (14,20), (13,20), (12,20), (11,20), (10,20), (10,20), (10,21), (10,22), (10,23), (10,24), (10,25), (10,26), (10,27), (10,28), (10,29), (10,30), (10,31), (10,32), (10,33), (10,34), (10,35), (10,36), (10,37), (10,38), (10,39), (10,40)|(10,40), (9,40), (8,40), (7,40), (7,40), (7,39), (7,38), (7,37), (7,36)",
        "time": 538.7928575785461
    },
    "Walk": {
        "cost": 0,
        "env_tax": 0,
        "route": "(32,17), (31,17), (30,17), (29,17), (28,17), (27,17), (26,17), (25,17), (24,17), (23,17), (22,17), (21,17), (20,17), (19,17), (18,17), (17,17), (16,17), (15,17), (14,17), (13,17), (12,17), (11,17), (10,17), (9,17), (8,17), (7,17), (7,17), (7,18), (7,19), (7,20), (7,21), (7,22), (7,23), (7,24), (7,25), (7,26), (7,27), (7,28), (7,29), (7,30), (7,31), (7,32), (7,33), (7,34), (7,35), (7,36)",
        "time": 3280.839895013123
    },
    "Walk_Train_Uber": {
        "cost": 17.881774070065998,
        "env_tax": 0.04000000000000001,
        "route": "(32,17), (31,17), (30,17), (30,17), (30,18), (30,19), (30,20)|(30,20), (29,20), (28,20), (27,20), (26,20), (25,20), (24,20), (23,20), (22,20), (21,20), (20,20), (19,20), (18,20), (17,20), (16,20), (15,20), (14,20), (13,20), (12,20), (11,20), (10,20), (10,20), (10,21), (10,22), (10,23), (10,24), (10,25), (10,26), (10,27), (10,28), (10,29), (10,30), (10,31), (10,32), (10,33), (10,34), (10,35), (10,36), (10,37), (10,38), (10,39), (10,40)|(10,40), (9,40), (8,40), (7,40), (7,39), (7,38), (7,37), (7,36)",
        "time": 387.5482688795259
    },
    "Walk_Train_Walk": {
        "cost": 4.2,
        "env_tax": 0,
        "route": "(32,17), (31,17), (30,17), (30,17), (30,18), (30,19), (30,20)|(30,20), (29,20), (28,20), (27,20), (26,20), (25,20), (24,20), (23,20), (22,20), (21,20), (20,20), (19,20), (18,20), (17,20), (16,20), (15,20), (14,20), (13,20), (12,20), (11,20), (10,20), (10,20), (10,21), (10,22), (10,23), (10,24), (10,25), (10,26), (10,27), (10,28), (10,29), (10,30), (10,31), (10,32), (10,33), (10,34), (10,35), (10,36), (10,37), (10,38), (10,39), (10,40)|(10,40), (9,40), (8,40), (7,40), (7,40), (7,39), (7,38), (7,37), (7,36)",
        "time": 903.0545565044456
    }
}