{
    "Uber": {
        "cost": 63.540376779053624,
        "env_tax": 0.38000000000000006,
        "route": "(28,26), (28,25), (28,24), (28,23), (29,23), (29,22), (29,21), (30,21), (31,21), (32,21), (33,21), (34,21), (35,21), (36,21), (37,21), (38,21), (39,21), (40,21), (41,21), (42,21), (43,21), (44,21), (45,21), (46,21), (47,21), (48,21), (49,21), (50,21), (51,21), (52,21), (53,21), (54,21), (55,21), (56,21), (57,21), (58,21), (59,21), (59,22), (60,22), (61,22), (62,22), (62,23), (63,23), (63,24), (64,24), (64,25), (64,26), (65,26), (65,27), (65,28), (66,28), (67,28), (67,29), (67,30), (68,30), (68,31), (68,32), (68,33), (68,34), (68,35), (68,36), (68,37), (68,38), (68,39), (68,40), (68,41), (68,42), (68,43), (68,44), (68,45), (68,46), (68,47), (68,48), (68,49), (68,50), (67,50)",
        "time": 18.301023451082234
    },
    "Uber_Train_Uber": {
        "cost": 36.72886701934697,
        "env_tax": 0.05500000000000001,
        "route": "(28,26), (29,26), (29,27), (29,28), (29,29), (30,29), (30,30)|(30,30), (31,30), (32,30), (33,30), (34,30), (35,30), (36,30), (37,30), (38,30), (39,30), (40,30), (41,30), (42,30), (43,30), (44,30), (45,30), (46,30), (47,30), (48,30), (49,30), (50,30), (51,30), (52,30), (53,30), (54,30), (55,30), (56,30), (57,30), (58,30), (59,30), (60,30), (61,30), (62,30), (63,30), (64,30), (65,30), (66,30), (67,30), (68,30), (69,30), (70,30), (70,30), (70,31), (70,32), (70,33), (70,34), (70,35), (70,36), (70,37), (70,38), (70,39), (70,40), (70,41), (70,42), (70,43), (70,44), (70,45), (70,46), (70,47), (70,48), (70,49), (70,50)|(70,50), (69,50), (68,50), (67,50)",
        "time": 27.401049656678673
    },
    "Uber_Train_Walk": {
        "cost": 22.07812856269156,
        "env_tax": 0.035,
        "route": "(28,26), (29,26), (29,27), (29,28), (29,29), (30,29), (30,30)|(30,30), (31,30), (32,30), (33,30), (34,30), (35,30), (36,30), (37,30), (38,30), (39,30), (40,30), (41,30), (42,30), (43,30), (44,30), (45,30), (46,30), (47,30), (48,30), (49,30), (50,30), (51,30), (52,30), (53,30), (54,30), (55,30), (56,30), (57,30), (58,30), (59,30), (60,30), (61,30), (62,30), (63,30), (64,30), (65,30), (66,30), (67,30), (68,30), (69,30), (70,30), (70,30), (70,31), (70,32), (70,33), (70,34), (70,35), (70,36), (70,37), (70,38), (70,39), (70,40), (70,41), (70,42), (70,43), (70,44), (70,45), (70,46), (70,47), (70,48), (70,49), (70,50)|(70,50), (69,50), (68,50), (67,50), (67,50)",
        "time": 236.48683836467126
    },
    "Walk": {
        "cost": 0,
        "env_tax": 0,
        "route": "(28,26), (29,26), (30,26), (31,26), (32,26), (33,26), (34,26), (35,26), (36,26), (37,26), (38,26), (39,26), (40,26), (41,26), (42,26), (43,26), (44,26), (45,26), (46,26), (47,26), (48,26), (49,26), (50,26), (51,26), (52,26), (53,26), (54,26), (55,26), (56,26), (57,26), (58,26), (59,26), (60,26), (61,26), (62,26), (63,26), (64,26), (65,26), (66,26), (67,26), (67,26), (67,27), (67,28), (67,29), (67,30), (67,31), (67,32), (67,33), (67,34), (67,35), (67,36), (67,37), (67,38), (67,39), (67,40), (67,41), (67,42), (67,43), (67,44), (67,45), (67,46), (67,47), (67,48), (67,49), (67,50)",
        "time": 4697.566213314244
    },
    "Walk_Train_Uber": {
        "cost": 20.497791530703026,
        "env_tax": 0.020000000000000004,
        "route": "(28,26), (29,26), (30,26), (30,26), (30,27), (30,28), (30,29), (30,30)|(30,30), (31,30), (32,30), (33,30), (34,30), (35,30), (36,30), (37,30), (38,30), (39,30), (40,30), (41,30), (42,30), (43,30), (44,30), (45,30), (46,30), (47,30), (48,30), (49,30), (50,30), (51,30), (52,30), (53,30), (54,30), (55,30), (56,30), (57,30), (58,30), (59,30), (60,30), (61,30), (62,30), (63,30), (64,30), (65,30), (66,30), (67,30), (68,30), (69,30), (70,30), (70,30), (70,31), (70,32), (70,33), (70,34), (70,35), (70,36), (70,37), (70,38), (70,39), (70,40), (70,41), (70,42), (70,43), (70,44), (70,45), (70,46), (70,47), (70,48), (70,49), (70,50)|(70,50), (69,50), (68,50), (67,50)",
        "time": 461.2489004508602
    },
    "Walk_Train_Walk": {
        "cost": 6.2,
        "env_tax": 0,
        "route": "(28,26), (29,26), (30,26), (30,26), (30,27), (30,28), (30,29), (30,30)|(30,30), (31,30), (32,30), (33,30), (34,30), (35,30), (36,30), (37,30), (38,30), (39,30), (40,30), (41,30), (42,30), (43,30), (44,30), (45,30), (46,30), (47,30), (48,30), (49,30), (50,30), (51,30), (52,30), (53,30), (54,30), (55,30), (56,30), (57,30), (58,30), (59,30), (60,30), (61,30), (62,30), (63,30), (64,30), (65,30), (66,30), (67,30), (68,30), (69,30), (70,30), (70,30), (70,31), (70,32), (70,33), (70,34), (70,35), (70,36), (70,37), (70,38), (70,39), (70,40), (70,41), (70,42), (70,43), (70,44), (70,45), (70,46), (70,47), (70,48), (70,49), (70,50)|(70,50), (69,50), (68,50), (67,50), (67,50)",
        "time": 675.4983508011358
    }
}