{
    "Uber": {
        "cost": 44.21046371185752,
        "env_tax": 0.7400000000000001,
        "route": "(80,87), (80,88), (80,89), (80,90), (79,90), (79,91), (79,92), (78,92), (77,92), (76,92), (76,93), (76,94), (75,94), (74,94), (73,94), (72,94), (71,94), (70,94), (69,94), (68,94), (67,94), (67,95), (66,95), (65,95), (64,95), (63,95), (62,95), (61,95), (60,95), (59,95), (58,95), (57,95), (56,95), (55,95), (54,95), (53,95), (52,95), (51,95), (50,95), (49,95), (48,95), (47,95), (46,95), (45,95), (44,95), (43,95), (42,95), (41,95), (40,95), (39,95), (38,95), (37,95), (36,95), (36,94), (35,94), (34,94), (34,93), (33,93), (33,92), (33,91), (32,91), (31,91), (30,91), (29,91), (29,90), (28,90), (28,89), (28,88), (28,87), (27,87), (27,86), (26,86), (25,86), (24,86), (24,85), (23,85), (22,85), (21,85), (20,85), (19,85), (19,84), (18,84), (18,83), (17,83), (16,83), (16,82), (15,82), (15,81), (14,81), (13,81), (13,80), (12,80), (11,80), (11,79), (10,79), (10,78), (9,78), (8,78), (8,77), (7,77), (7,76), (6,76), (5,76), (5,75), (4,75), (3,75), (3,74), (2,74), (1,74), (1,73), (0,73), (0,72), (0,71), (0,70), (0,69), (0,68), (0,67), (0,66), (0,65), (0,64), (0,63), (0,62), (0,61), (0,60), (0,59), (0,58), (0,57), (0,56), (0,55), (0,54), (0,53), (1,53), (1,52), (1,51), (1,50), (1,49), (1,48), (1,47), (1,46), (1,45), (1,44), (1,43), (2,43), (3,43), (4,43), (4,42), (5,42), (6,42)",
        "time": 19.37654350068516
    },
    "Uber_Train_Uber": {
        "cost": 38.29923771220754,
        "env_tax": 0.05500000000000001,
        "route": "(80,87), (80,88), (80,89), (80,90)|(80,90), (79,90), (78,90), (77,90), (76,90), (75,90), (74,90), (73,90), (72,90), (71,90), (70,90), (69,90), (68,90), (67,90), (66,90), (65,90), (64,90), (63,90), (62,90), (61,90), (60,90), (59,90), (58,90), (57,90), (56,90), (55,90), (54,90), (53,90), (52,90), (51,90), (50,90), (49,90), (48,90), (47,90), (46,90), (45,90), (44,90), (43,90), (42,90), (41,90), (40,90), (39,90), (38,90), (37,90), (36,90), (35,90), (34,90), (33,90), (32,90), (31,90), (30,90), (29,90), (28,90), (27,90), (26,90), (25,90), (24,90), (23,90), (22,90), (21,90), (20,90), (19,90), (18,90), (17,90), (16,90), (15,90), (14,90), (13,90), (12,90), (11,90), (10,90), (10,90), (10,89), (10,88), (10,87), (10,86), (10,85), (10,84), (10,83), (10,82), (10,81), (10,80), (10,79), (10,78), (10,77), (10,76), (10,75), (10,74), (10,73), (10,72), (10,71), (10,70), (10,69), (10,68), (10,67), (10,66), (10,65), (10,64), (10,63), (10,62), (10,61), (10,60), (10,59), (10,58), (10,57), (10,56), (10,55), (10,54), (10,53), (10,52), (10,51), (10,50), (10,49), (10,48), (10,47), (10,46), (10,45), (10,44), (10,43), (10,42), (10,41), (10,40)|(10,40), (9,40), (8,40), (7,40), (7,41), (7,42), (6,42)",
        "time": 26.272878273479332
    },
    "Uber_Train_Walk": {
        "cost": 24.74175766531141,
        "env_tax": 0.020000000000000004,
        "route": "(80,87), (80,88), (80,89), (80,90)|(80,90), (79,90), (78,90), (77,90), (76,90), (75,90), (74,90), (73,90), (72,90), (71,90), (70,90), (69,90), (68,90), (67,90), (66,90), (65,90), (64,90), (63,90), (62,90), (61,90), (60,90), (59,90), (58,90), (57,90), (56,90), (55,90), (54,90), (53,90), (52,90), (51,90), (50,90), (49,90), (48,90), (47,90), (46,90), (45,90), (44,90), (43,90), (42,90), (41,90), (40,90), (39,90), (38,90), (37,90), (36,90), (35,90), (34,90), (33,90), (32,90), (31,90), (30,90), (29,90), (28,90), (27,90), (26,90), (25,90), (24,90), (23,90), (22,90), (21,90), (20,90), (19,90), (18,90), (17,90), (16,90), (15,90), (14,90), (13,90), (12,90), (11,90), (10,90), (10,90), (10,89), (10,88), (10,87), (10,86), (10,85), (10,84), (10,83), (10,82), (10,81), (10,80), (10,79), (10,78), (10,77), (10,76), (10,75), (10,74), (10,73), (10,72), (10,71), (10,70), (10,69), (10,68), (10,67), (10,66), (10,65), (10,64), (10,63), (10,62), (10,61), (10,60), (10,59), (10,58), (10,57), (10,56), (10,55), (10,54), (10,53), (10,52), (10,51), (10,50), (10,49), (10,48), (10,47), (10,46), (10,45), (10,44), (10,43), (10,42), (10,41), (10,40)|(10,40), (9,40), (8,40), (7,40), (6,40), (6,40), (6,41), (6,42)",
        "time": 462.7453206329812
    },
    "Walk": {
        "cost": 0,
        "env_tax": 0,
        "route": "(80,87), (79,87), (78,87), (77,87), (76,87), (75,87), (74,87), (73,87), (72,87), (71,87), (70,87), (69,87), (68,87), (67,87), (66,87), (65,87), (64,87), (63,87), (62,87), (61,87), (60,87), (59,87), (58,87), (57,87), (56,87), (55,87), (54,87), (53,87), (52,87), (51,87), (50,87), (49,87), (48,87), (47,87), (46,87), (45,87), (44,87), (43,87), (42,87), (41,87), (40,87), (39,87), (38,87), (37,87), (36,87), (35,87), (34,87), (33,87), (32,87), (31,87), (30,87), (29,87), (28,87), (27,87), (26,87), (25,87), (24,87), (23,87), (22,87), (21,87), (20,87), (19,87), (18,87), (17,87), (16,87), (15,87), (14,87), (13,87), (12,87), (11,87), (10,87), (9,87), (8,87), (7,87), (6,87), (6,87), (6,86), (6,85), (6,84), (6,83), (6,82), (6,81), (6,80), (6,79), (6,78), (6,77), (6,76), (6,75), (6,74), (6,73), (6,72), (6,71), (6,70), (6,69), (6,68), (6,67), (6,66), (6,65), (6,64), (6,63), (6,62), (6,61), (6,60), (6,59), (6,58), (6,57), (6,56), (6,55), (6,54), (6,53), (6,52), (6,51), (6,50), (6,49), (6,48), (6,47), (6,46), (6,45), (6,44), (6,43), (6,42)",
        "time": 8873.180625149129
    },
    "Walk_Train_Uber": {
        "cost": 25.542211817000666,
        "env_tax": 0.035,
        "route": "(80,87), (80,87), (80,88), (80,89), (80,90)|(80,90), (79,90), (78,90), (77,90), (76,90), (75,90), (74,90), (73,90), (72,90), (71,90), (70,90), (69,90), (68,90), (67,90), (66,90), (65,90), (64,90), (63,90), (62,90), (61,90), (60,90), (59,90), (58,90), (57,90), (56,90), (55,90), (54,90), (53,90), (52,90), (51,90), (50,90), (49,90), (48,90), (47,90), (46,90), (45,90), (44,90), (43,90), (42,90), (41,90), (40,90), (39,90), (38,90), (37,90), (36,90), (35,90), (34,90), (33,90), (32,90), (31,90), (30,90), (29,90), (28,90), (27,90), (26,90), (25,90), (24,90), (23,90), (22,90), (21,90), (20,90), (19,90), (18,90), (17,90), (16,90), (15,90), (14,90), (13,90), (12,90), (11,90), (10,90), (10,90), (10,89), (10,88), (10,87), (10,86), (10,85), (10,84), (10,83), (10,82), (10,81), (10,80), (10,79), (10,78), (10,77), (10,76), (10,75), (10,74), (10,73), (10,72), (10,71), (10,70), (10,69), (10,68), (10,67), (10,66), (10,65), (10,64), (10,63), (10,62), (10,61), (10,60), (10,59), (10,58), (10,57), (10,56), (10,55), (10,54), (10,53), (10,52), (10,51), (10,50), (10,49), (10,48), (10,47), (10,46), (10,45), (10,44), (10,43), (10,42), (10,41), (10,40)|(10,40), (9,40), (8,40), (7,40), (7,41), (7,42), (6,42)",
        "time": 239.4078153549588
    },
    "Walk_Train_Walk": {
        "cost": 12.200000000000001,
        "env_tax": 0,
        "route": "(80,87), (80,87), (80,88), (80,89), (80,90)|(80,90), (79,90), (78,90), (77,90), (76,90), (75,90), (74,90), (73,90), (72,90), (71,90), (70,90), (69,90), (68,90), (67,90), (66,90), (65,90), (64,90), (63,90), (62,90), (61,90), (60,90), (59,90), (58,90), (57,90), (56,90), (55,90), (54,90), (53,90), (52,90), (51,90), (50,90), (49,90), (48,90), (47,90), (46,90), (45,90), (44,90), (43,90), (42,90), (41,90), (40,90), (39,90), (38,90), (37,90), (36,90), (35,90), (34,90), (33,90), (32,90), (31,90), (30,90), (29,90), (28,90), (27,90), (26,90), (25,90), (24,90), (23,90), (22,90), (21,90), (20,90), (19,90), (18,90), (17,90), (16,90), (15,90), (14,90), (13,90), (12,90), (11,90), (10,90), (10,90), (10,89), (10,88), (10,87), (10,86), (10,85), (10,84), (10,83), (10,82), (10,81), (10,80), (10,79), (10,78), (10,77), (10,76), (10,75), (10,74), (10,73), (10,72), (10,71), (10,70), (10,69), (10,68), (10,67), (10,66), (10,65), (10,64), (10,63), (10,62), (10,61), (10,60), (10,59), (10,58), (10,57), (10,56), (10,55), (10,54), (10,53), (10,52), (10,51), (10,50), (10,49), (10,48), (10,47), (10,46), (10,45), (10,44), (10,43), (10,42), (10,41), (10,40)|(10,40), (9,40), (8,40), (7,40), (6,40), (6,40), (6,41), (6,42)",