{
    "Uber": {
        "cost": 28.862502069322076,
        "env_tax": 0.395,
        "route": "(84,30), (84,29), (84,28), (84,27), (84,26), (84,25), (84,24), (84,23), (84,22), (84,21), (84,20), (83,20), (83,19), (83,18), (83,17), (83,16), (83,15), (82,15), (81,15), (81,14), (81,13), (81,12), (81,11), (81,10), (81,9), (81,8), (81,7), (80,7), (80,6), (80,5), (79,5), (78,5), (78,4), (78,3), (77,3), (77,2), (76,2), (76,1), (75,1), (74,1), (73,1), (72,1), (71,1), (70,1), (70,0), (69,0), (68,0), (67,0), (66,0), (65,0), (64,0), (63,0), (62,0), (61,0), (60,0), (59,0), (58,0), (57,0), (56,0), (55,0), (54,0), (53,0), (52,0), (51,0), (50,0), (49,0), (48,0), (47,0), (46,0), (45,0), (44,0), (43,0), (43,1), (43,2), (43,3), (42,3), (41,3), (41,4), (41,5)",
        "time": 11.593792813787339
    },
    "Uber_Train_Uber": {
        "cost": 33.54915984142477,
        "env_tax": 0.060000000000000005,
        "route": "(84,30), (83,30), (82,30), (81,30), (80,30)|(80,30), (79,30), (78,30), (77,30), (76,30), (75,30), (74,30), (73,30), (72,30), (71,30), (70,30), (69,30), (68,30), (67,30), (66,30), (65,30), (64,30), (63,30), (62,30), (61,30), (60,30), (59,30), (58,30), (57,30), (56,30), (55,30), (54,30), (53,30), (52,30), (51,30), (50,30), (49,30), (48,30), (47,30), (46,30), (45,30), (44,30), (43,30), (42,30), (41,30), (40,30), (40,30), (40,29), (40,28), (40,27), (40,26), (40,25), (40,24), (40,23), (40,22), (40,21), (40,20), (40,19), (40,18), (40,17), (40,16), (40,15), (40,14), (40,13), (40,12), (40,11), (40,10)|(40,10), (40,9), (41,9), (41,8), (41,7), (41,6), (41,5)",
        "time": 17.548884172663577
    },
    "Uber_Train_Walk": {
        "cost": 19.354933889122464,
        "env_tax": 0.025,
        "route": "(84,30), (83,30), (82,30), (81,30), (80,30)|(80,30), (79,30), (78,30), (77,30), (76,30), (75,30), (74,30), (73,30), (72,30), (71,30), (70,30), (69,30), (68,30), (67,30), (66,30), (65,30), (64,30), (63,30), (62,30), (61,30), (60,30), (59,30), (58,30), (57,30), (56,30), (55,30), (54,30), (53,30), (52,30), (51,30), (50,30), (49,30), (48,30), (47,30), (46,30), (45,30), (44,30), (43,30), (42,30), (41,30), (40,30), (40,30), (40,29), (40,28), (40,27), (40,26), (40,25), (40,24), (40,23), (40,22), (40,21), (40,20), (40,19), (40,18), (40,17), (40,16), (40,15), (40,14), (40,13), (40,12), (40,11), (40,10)|(40,10), (41,10), (41,10), (41,9), (41,8), (41,7), (41,6), (41,5)",
        "time": 456.28725797555154
    },
    "Walk": {
        "cost": 0,
        "env_tax": 0,
        "route": "(84,30), (83,30), (82,30), (81,30), (80,30), (79,30), (78,30), (77,30), (76,30), (75,30), (74,30), (73,30), (72,30), (71,30), (70,30), (69,30), (68,30), (67,30), (66,30), (65,30), (64,30), (63,30), (62,30), (61,30), (60,30), (59,30), (58,30), (57,30), (56,30), (55,30), (54,30), (53,30), (52,30), (51,30), (50,30), (49,30), (48,30), (47,30), (46,30), (45,30), (44,30), (43,30), (42,30), (41,30), (41,30), (41,29), (41,28), (41,27), (41,26), (41,25), (41,24), (41,23), (41,22), (41,21), (41,20), (41,19), (41,18), (41,17), (41,16), (41,15), (41,14), (41,13), (41,12), (41,11), (41,10), (41,9), (41,8), (41,7), (41,6), (41,5)",
        "time": 5070.388928656645
    },
    "Walk_Train_Uber": {
        "cost": 19.925380790483388,
        "env_tax": 0.035,
        "route": "(84,30), (83,30), (82,30), (81,30), (80,30), (80,30)|(80,30), (79,30), (78,30), (77,30), (76,30), (75,30), (74,30), (73,30), (72,30), (71,30), (70,30), (69,30), (68,30), (67,30), (66,30), (65,30), (64,30), (63,30), (62,30), (61,30), (60,30), (59,30), (58,30), (57,30), (56,30), (55,30), (54,30), (53,30), (52,30), (51,30), (50,30), (49,30), (48,30), (47,30), (46,30), (45,30), (44,30), (43,30), (42,30), (41,30), (40,30), (40,30), (40,29), (40,28), (40,27), (40,26), (40,25), (40,24), (40,23), (40,22), (40,21), (40,20), (40,19), (40,18), (40,17), (40,16), (40,15), (40,14), (40,13), (40,12), (40,11), (40,10)|(40,10), (40,9), (41,9), (41,8), (41,7), (41,6), (41,5)",
        "time": 310.8227036010644
    },
    "Walk_Train_Walk": {
        "cost": 6.2,
        "env_tax": 0,
        "route": "(84,30), (83,30), (82,30), (81,30), (80,30), (80,30)|(80,30), (79,30), (78,30), (77,30), (76,30), (75,30), (74,30), (73,30), (72,30), (71,30), (70,30), (69,30), (68,30), (67,30), (66,30), (65,30), (64,30), (63,30), (62,30), (61,30), (60,30), (59,30), (58,30), (57,30), (56,30), (55,30), (54,30), (53,30), (52,30), (51,30), (50,30), (49,30), (48,30), (47,30), (46,30), (45,30), (44,30), (43,30), (42,30), (41,30), (40,30), (40,30), (40,29), (40,28), (40,27), (40,26), (40,25), (40,24), (40,23), (40,22), (40,21), (40,20), (40,19), (40,18), (40,17), (40,16), (40,15), (40,14), (40,13), (40,12), (40,11), (40,10)|(40,10), (41,10), (41,10), (41,9), (41,8), (41,7), (41,6), (41,5)",
        "time": 750.2152598990244
    }
}