{
    "Uber": {
        "cost": 58.00136961490496,
        "env_tax": 0.30000000000000004,
        "route": "(50,65), (51,65), (52,65), (53,65), (54,65), (55,65), (56,65), (57,65), (58,65), (59,65), (60,65), (61,65), (62,65), (63,65), (64,65), (65,65), (66,65), (67,65), (68,65), (69,65), (70,65), (71,65), (72,65), (72,64), (72,63), (73,63), (74,63), (74,62), (74,61), (74,60), (75,60), (75,59), (75,58), (75,57), (75,56), (75,55), (75,54), (75,53), (75,52), (75,51), (75,50), (75,49), (75,48), (75,47), (75,46), (75,45), (75,44), (75,43), (75,42), (75,41), (75,40), (75,39), (75,38), (75,37), (75,36), (75,35), (75,34), (75,33), (75,32), (74,32)",
        "time": 20.60195319123838
    },
    "Uber_Train_Uber": {
        "cost": 37.50033356934849,
        "env_tax": 0.065,
        "route": "(50,65), (50,64), (50,63), (50,62), (50,61), (50,60)|(50,60), (51,60), (52,60), (53,60), (54,60), (55,60), (56,60), (57,60), (58,60), (59,60), (60,60), (61,60), (62,60), (63,60), (64,60), (65,60), (66,60), (67,60), (68,60), (69,60), (70,60), (70,60), (70,59), (70,58), (70,57), (70,56), (70,55), (70,54), (70,53), (70,52), (70,51), (70,50), (70,49), (70,48), (70,47), (70,46), (70,45), (70,44), (70,43), (70,42), (70,41), (70,40), (70,39), (70,38), (70,37), (70,36), (70,35), (70,34), (70,33), (70,32), (70,31), (70,30)|(70,30), (70,31), (70,32), (71,32), (72,32), (73,32), (74,32)",
        "time": 22.984746799097234
    },
    "Uber_Train_Walk": {
        "cost": 22.077520382722387,
        "env_tax": 0.030000000000000006,
        "route": "(50,65), (50,64), (50,63), (50,62), (50,61), (50,60)|(50,60), (51,60), (52,60), (53,60), (54,60), (55,60), (56,60), (57,60), (58,60), (59,60), (60,60), (61,60), (62,60), (63,60), (64,60), (65,60), (66,60), (67,60), (68,60), (69,60), (70,60), (70,60), (70,59), (70,58), (70,57), (70,56), (70,55), (70,54), (70,53), (70,52), (70,51), (70,50), (70,49), (70,48), (70,47), (70,46), (70,45), (70,44), (70,43), (70,42), (70,41), (70,40), (70,39), (70,38), (70,37), (70,36), (70,35), (70,34), (70,33), (70,32), (70,31), (70,30)|(70,30), (71,30), (72,30), (73,30), (74,30), (74,30), (74,31), (74,32)",
        "time": 463.08582824266654
    },
    "Walk": {
        "cost": 0,
        "env_tax": 0,
        "route": "(50,65), (51,65), (52,65), (53,65), (54,65), (55,65), (56,65), (57,65), (58,65), (59,65), (60,65), (61,65), (62,65), (63,65), (64,65), (65,65), (66,65), (67,65), (68,65), (69,65), (70,65), (71,65), (72,65), (73,65), (74,65), (74,65), (74,64), (74,63), (74,62), (74,61), (74,60), (74,59), (74,58), (74,57), (74,56), (74,55), (74,54), (74,53), (74,52), (74,51), (74,50), (74,49), (74,48), (74,47), (74,46), (74,45), (74,44), (74,43), (74,42), (74,41), (74,40), (74,39), (74,38), (74,37), (74,36), (74,35), (74,34), (74,33), (74,32)",
        "time": 4250.178954903364
    },
    "Walk_Train_Uber": {
        "cost": 20.716678725398232,
        "env_tax": 0.035,
        "route": "(50,65), (50,65), (50,64), (50,63), (50,62), (50,61), (50,60)|(50,60), (51,60), (52,60), (53,60), (54,60), (55,60), (56,60), (57,60), (58,60), (59,60), (60,60), (61,60), (62,60), (63,60), (64,60), (65,60), (66,60), (67,60), (68,60), (69,60), (70,60), (70,60), (70,59), (70,58), (70,57), (70,56), (70,55), (70,54), (70,53), (70,52), (70,51), (70,50), (70,49), (70,48), (70,47), (70,46), (70,45), (70,44), (70,43), (70,42), (70,41), (70,40), (70,39), (70,38), (70,37), (70,36), (70,35), (70,34), (70,33), (70,32), (70,31), (70,30)|(70,30), (70,31), (70,32), (71,32), (72,32), (73,32), (74,32)",
        "time": 388.33161128729824
    },
    "Walk_Train_Walk": {
        "cost": 5.2,
        "env_tax": 0,
        "route": "(50,65), (50,65), (50,64), (50,63), (50,62), (50,61), (50,60)|(50,60), (51,60), (52,60), (53,60), (54,60), (55,60), (56,60), (57,60), (58,60), (59,60), (60,60), (61,60), (62,60), (63,60), (64,60), (65,60), (66,60), (67,60), (68,60), (69,60), (70,60), (70,60), (70,59), (70,58), (70,57), (70,56), (70,55), (70,54), (70,53), (70,52), (70,51), (70,50), (70,49), (70,48), (70,47), (70,46), (70,45), (70,44), (70,43), (70,42), (70,41), (70,40), (70,39), (70,38), (70,37), (70,36), (70,35), (70,34), (70,33), (70,32), (70,31), (70,30)|(70,30), (71,30), (72,30), (73,30), (74,30), (74,30), (74,31), (74,32)",
        "time": 827.2183300952578
    }
}