{
    "Uber": {
        "cost": 28.70893204127301,
        "env_tax": 0.5300000000000001,
        "route": "(12,94), (11,94), (10,94), (9,94), (8,94), (7,94), (7,93), (6,93), (5,93), (4,93), (3,93), (3,92), (3,91), (3,90), (3,89), (3,88), (3,87), (3,86), (3,85), (3,84), (3,83), (3,82), (3,81), (3,80), (3,79), (3,78), (3,77), (3,76), (3,75), (2,75), (2,74), (2,73), (2,72), (2,71), (2,70), (2,69), (2,68), (2,67), (2,66), (2,65), (2,64), (2,63), (2,62), (2,61), (2,60), (2,59), (2,58), (2,57), (2,56), (2,55), (2,54), (2,53), (2,52), (2,51), (2,50), (2,49), (2,48), (2,47), (2,46), (2,45), (2,44), (2,43), (2,42), (2,41), (2,40), (2,39), (2,38), (2,37), (2,36), (2,35), (2,34), (2,33), (2,32), (2,31), (2,30), (2,29), (2,28), (2,27), (2,26), (2,25), (2,24), (2,23), (2,22), (2,21), (2,20), (2,19), (2,18), (2,17), (2,16), (3,16), (3,15), (4,15), (5,15), (6,15), (7,15), (7,14), (7,13), (7,12), (7,11), (8,11), (8,10), (9,10), (10,10), (11,10), (12,10), (13,10)",
        "time": 11.323472509998883
    },
    "Uber_Train_Uber": {
        "cost": 33.251577410978236,
        "env_tax": 0.05500000000000001,
        "route": "(12,94), (12,93), (11,93), (11,92), (11,91), (11,90), (10,90)|(10,90), (10,90), (10,89), (10,88), (10,87), (10,86), (10,85), (10,84), (10,83), (10,82), (10,81), (10,80), (10,79), (10,78), (10,77), (10,76), (10,75), (10,74), (10,73), (10,72), (10,71), (10,70), (10,69), (10,68), (10,67), (10,66), (10,65), (10,64), (10,63), (10,62), (10,61), (10,60), (10,59), (10,58), (10,57), (10,56), (10,55), (10,54), (10,53), (10,52), (10,51), (10,50), (10,49), (10,48), (10,47), (10,46), (10,45), (10,44), (10,43), (10,42), (10,41), (10,40), (10,39), (10,38), (10,37), (10,36), (10,35), (10,34), (10,33), (10,32), (10,31), (10,30), (10,29), (10,28), (10,27), (10,26), (10,25), (10,24), (10,23), (10,22), (10,21), (10,20), (10,19), (10,18), (10,17), (10,16), (10,15), (10,14), (10,13), (10,12), (10,11), (10,10)|(10,10), (11,10), (12,10), (13,10)",
        "time": 22.116471272146633
    },
    "Uber_Train_Walk": {
        "cost": 20.86401911433004,
        "env_tax": 0.035,
        "route": "(12,94), (12,93), (11,93), (11,92), (11,91), (11,90), (10,90)|(10,90), (10,90), (10,89), (10,88), (10,87), (10,86), (10,85), (10,84), (10,83), (10,82), (10,81), (10,80), (10,79), (10,78), (10,77), (10,76), (10,75), (10,74), (10,73), (10,72), (10,71), (10,70), (10,69), (10,68), (10,67), (10,66), (10,65), (10,64), (10,63), (10,62), (10,61), (10,60), (10,59), (10,58), (10,57), (10,56), (10,55), (10,54), (10,53), (10,52), (10,51), (10,50), (10,49), (10,48), (10,47), (10,46), (10,45), (10,44), (10,43), (10,42), (10,41), (10,40), (10,39), (10,38), (10,37), (10,36), (10,35), (10,34), (10,33), (10,32), (10,31), (10,30), (10,29), (10,28), (10,27), (10,26), (10,25), (10,24), (10,23), (10,22), (10,21), (10,20), (10,19), (10,18), (10,17), (10,16), (10,15), (10,14), (10,13), (10,12), (10,11), (10,10)|(10,10), (11,10), (12,10), (13,10), (13,10)",
        "time": 238.60889272902605
    },
    "Walk": {
        "cost": 0,
        "env_tax": 0,
        "route": "(12,94), (13,94), (13,94), (13,93), (13,92), (13,91), (13,90), (13,89), (13,88), (13,87), (13,86), (13,85), (13,84), (13,83), (13,82), (13,81), (13,80), (13,79), (13,78), (13,77), (13,76), (13,75), (13,74), (13,73), (13,72), (13,71), (13,70), (13,69), (13,68), (13,67), (13,66), (13,65), (13,64), (13,63), (13,62), (13,61), (13,60), (13,59), (13,58), (13,57), (13,56), (13,55), (13,54), (13,53), (13,52), (13,51), (13,50), (13,49), (13,48), (13,47), (13,46), (13,45), (13,44), (13,43), (13,42), (13,41), (13,40), (13,39), (13,38), (13,37), (13,36), (13,35), (13,34), (13,33), (13,32), (13,31), (13,30), (13,29), (13,28), (13,27), (13,26), (13,25), (13,24), (13,23), (13,22), (13,21), (13,20), (13,19), (13,18), (13,17), (13,16), (13,15), (13,14), (13,13), (13,12), (13,11), (13,10)",
        "time": 6337.986160820806
    },
    "Walk_Train_Uber": {
        "cost": 20.514174024534345,
        "env_tax": 0.020000000000000004,
        "route": "(12,94), (11,94), (10,94), (10,94), (10,93), (10,92), (10,91), (10,90)|(10,90), (10,90), (10,89), (10,88), (10,87), (10,86), (10,85), (10,84), (10,83), (10,82), (10,81), (10,80), (10,79), (10,78), (10,77), (10,76), (10,75), (10,74), (10,73), (10,72), (10,71), (10,70), (10,69), (10,68), (10,67), (10,66), (10,65), (10,64), (10,63), (10,62), (10,61), (10,60), (10,59), (10,58), (10,57), (10,56), (10,55), (10,54), (10,53), (10,52), (10,51), (10,50), (10,49), (10,48), (10,47), (10,46), (10,45), (10,44), (10,43), (10,42), (10,41), (10,40), (10,39), (10,38), (10,37), (10,36), (10,35), (10,34), (10,33), (10,32), (10,31), (10,30), (10,29), (10,28), (10,27), (10,26), (10,25), (10,24), (10,23), (10,22), (10,21), (10,20), (10,19), (10,18), (10,17), (10,16), (10,15), (10,14), (10,13), (10,12), (10,11), (10,10)|(10,10), (11,10), (12,10), (13,10)",
        "time": 466.22023092809775
    },
    "Walk_Train_Walk": {
        "cost": 8.200000000000001,
        "env_tax": 0,
        "route": "(12,94), (11,94), (10,94), (10,94), (10,93), (10,92), (10,91), (10,90)|(10,90), (10,90), (10,89), (10,88), (10,87), (10,86), (10,85), (10,84), (10,83), (10,82), (10,81), (10,80), (10,79), (10,78), (10,77), (10,76), (10,75), (10,74), (10,73), (10,72), (10,71), (10,70), (10,69), (10,68), (10,67), (10,66), (10,65), (10,64), (10,63), (10,62), (10,61), (10,60), (10,59), (10,58), (10,57), (10,56), (10,55), (10,54), (10,53), (10,52), (10,51), (10,50), (10,49), (10,48), (10,47), (10,46), (10,45), (10,44), (10,43), (10,42), (10,41), (10,40), (10,39), (10,38), (10,37), (10,36), (10,35), (10,34), (10,33), (10,32), (10,31), (10,30), (10,29), (10,28), (10,27), (10,26), (10,25), (10,24), (10,23), (10,22), (10,21), (10,20), (10,19), (10,18), (10,17), (10,16), (10,15), (10,14), (10,13), (10,12), (10,11), (10,10)|(10,10), (11,10), (12,10), (13,10), (13,10)",
        "time": 678.9674365464289
    }
}