{
    "Uber": {
        "cost": 54.76498602563123,
        "env_tax": 0.2,
        "route": "(48,58), (47,58), (47,57), (47,56), (47,55), (47,54), (47,53), (47,52), (47,51), (47,50), (47,49), (47,48), (47,47), (47,46), (47,45), (47,44), (47,43), (47,42), (47,41), (47,40), (47,39), (47,38), (47,37), (46,37), (46,36), (45,36), (45,35), (44,35), (44,34), (44,33), (43,33), (43,32), (42,32), (42,31), (42,30), (42,29), (42,28), (42,27), (42,26), (42,25)",
        "time": 18.568345750685666
    },
    "Uber_Train_Uber": {
        "cost": 37.08051120624425,
        "env_tax": 0.065,
        "route": "(48,58), (48,59), (49,59), (49,60), (50,60)|(50,60), (49,60), (48,60), (47,60), (46,60), (45,60), (44,60), (43,60), (42,60), (41,60), (40,60), (40,60), (40,59), (40,58), (40,57), (40,56), (40,55), (40,54), (40,53), (40,52), (40,51), (40,50), (40,49), (40,48), (40,47), (40,46), (40,45), (40,44), (40,43), (40,42), (40,41), (40,40), (40,39), (40,38), (40,37), (40,36), (40,35), (40,34), (40,33), (40,32), (40,31), (40,30), (40,29), (40,28), (40,27), (40,26), (40,25), (40,24), (40,23), (40,22), (40,21), (40,20)|(40,20), (41,20), (42,20), (42,21), (42,22), (42,23), (42,24), (42,25)",
        "time": 21.389479463619175
    },
    "Uber_Train_Walk": {
        "cost": 21.591441436022624,
        "env_tax": 0.025,
        "route": "(48,58), (48,59), (49,59), (49,60), (50,60)|(50,60), (49,60), (48,60), (47,60), (46,60), (45,60), (44,60), (43,60), (42,60), (41,60), (40,60), (40,60), (40,59), (40,58), (40,57), (40,56), (40,55), (40,54), (40,53), (40,52), (40,51), (40,50), (40,49), (40,48), (40,47), (40,46), (40,45), (40,44), (40,43), (40,42), (40,41), (40,40), (40,39), (40,38), (40,37), (40,36), (40,35), (40,34), (40,33), (40,32), (40,31), (40,30), (40,29), (40,28), (40,27), (40,26), (40,25), (40,24), (40,23), (40,22), (40,21), (40,20)|(40,20), (41,20), (42,20), (42,20), (42,21), (42,22), (42,23), (42,24), (42,25)",
        "time": 538.3612211466171
    },
    "Walk": {
        "cost": 0,
        "env_tax": 0,
        "route": "(48,58), (47,58), (46,58), (45,58), (44,58), (43,58), (42,58), (42,58), (42,57), (42,56), (42,55), (42,54), (42,53), (42,52), (42,51), (42,50), (42,49), (42,48), (42,47), (42,46), (42,45), (42,44), (42,43), (42,42), (42,41), (42,40), (42,39), (42,38), (42,37), (42,36), (42,35), (42,34), (42,33), (42,32), (42,31), (42,30), (42,29), (42,28), (42,27), (42,26), (42,25)",
        "time": 2908.0171796707227
    },
    "Walk_Train_Uber": {
        "cost": 21.369592031216417,
        "env_tax": 0.04000000000000001,
        "route": "(48,58), (49,58), (50,58), (50,58), (50,59), (50,60)|(50,60), (49,60), (48,60), (47,60), (46,60), (45,60), (44,60), (43,60), (42,60), (41,60), (40,60), (40,60), (40,59), (40,58), (40,57), (40,56), (40,55), (40,54), (40,53), (40,52), (40,51), (40,50), (40,49), (40,48), (40,47), (40,46), (40,45), (40,44), (40,43), (40,42), (40,41), (40,40), (40,39), (40,38), (40,37), (40,36), (40,35), (40,34), (40,33), (40,32), (40,31), (40,30), (40,29), (40,28), (40,27), (40,26), (40,25), (40,24), (40,23), (40,22), (40,21), (40,20)|(40,20), (41,20), (42,20), (42,21), (42,22), (42,23), (42,24), (42,25)",
        "time": 315.1489675027553
    },
    "Walk_Train_Walk": {
        "cost": 5.2,
        "env_tax": 0,
        "route": "(48,58), (49,58), (50,58), (50,58), (50,59), (50,60)|(50,60), (49,60), (48,60), (47,60), (46,60), (45,60), (44,60), (43,60), (42,60), (41,60), (40,60), (40,60), (40,59), (40,58), (40,57), (40,56), (40,55), (40,54), (40,53), (40,52), (40,51), (40,50), (40,49), (40,48), (40,47), (40,46), (40,45), (40,44), (40,43), (40,42), (40,41), (40,40), (40,39), (40,38), (40,37), (40,36), (40,35), (40,34), (40,33), (40,32), (40,31), (40,30), (40,29), (40,28), (40,27), (40,26), (40,25), (40,24), (40,23), (40,22), (40,21), (40,20)|(40,20), (41,20), (42,20), (42,20), (42,21), (42,22), (42,23), (42,24), (42,25)",
        "time": 827.8187493269867
    }
}