{
    "Uber": {
        "cost": 32.78855703789252,
        "env_tax": 0.6050000000000001,
        "route": "(96,99), (95,99), (94,99), (93,99), (92,99), (91,99), (90,99), (89,99), (88,99), (87,99), (86,99), (85,99), (84,99), (83,99), (82,99), (81,99), (80,99), (79,99), (78,99), (77,99), (76,99), (76,98), (75,98), (74,98), (73,98), (72,98), (71,98), (70,98), (69,98), (68,98), (67,98), (66,98), (65,98), (64,98), (63,98), (62,98), (61,98), (60,98), (59,98), (58,98), (57,98), (56,98), (55,98), (54,98), (53,98), (52,98), (51,98), (50,98), (49,98), (48,98), (47,98), (46,98), (45,98), (44,98), (43,98), (42,98), (41,98), (40,98), (39,98), (38,98), (37,98), (36,98), (35,98), (34,98), (33,98), (32,98), (31,98), (30,98), (29,98), (28,98), (27,98), (26,98), (25,98), (24,98), (23,98), (22,98), (21,98), (20,98), (20,97), (19,97), (18,97), (17,97), (16,97), (16,96), (15,96), (15,95), (14,95), (13,95), (12,95), (11,95), (11,94), (11,93), (11,92), (11,91), (11,90), (11,89), (11,88), (11,87), (11,86), (11,85), (11,84), (11,83), (11,82), (11,81), (11,80), (11,79), (11,78), (11,77), (12,77), (12,76), (12,75), (12,74), (12,73), (12,72), (13,72), (13,71), (13,70), (13,69), (13,68), (13,67), (13,66)",
        "time": 9.849896350007812
    },
    "Uber_Train_Uber": {
        "cost": 37.30342977802398,
        "env_tax": 0.12000000000000002,
        "route": "(96,99), (96,98), (96,97), (96,96), (96,95), (96,94), (96,93), (96,92), (96,91), (95,91), (94,91), (93,91), (92,91), (91,91), (91,90), (90,90)|(90,90), (89,90), (88,90), (87,90), (86,90), (85,90), (84,90), (83,90), (82,90), (81,90), (80,90), (79,90), (78,90), (77,90), (76,90), (75,90), (74,90), (73,90), (72,90), (71,90), (70,90), (69,90), (68,90), (67,90), (66,90), (65,90), (64,90), (63,90), (62,90), (61,90), (60,90), (59,90), (58,90), (57,90), (56,90), (55,90), (54,90), (53,90), (52,90), (51,90), (50,90), (49,90), (48,90), (47,90), (46,90), (45,90), (44,90), (43,90), (42,90), (41,90), (40,90), (39,90), (38,90), (37,90), (36,90), (35,90), (34,90), (33,90), (32,90), (31,90), (30,90), (29,90), (28,90), (27,90), (26,90), (25,90), (24,90), (23,90), (22,90), (21,90), (20,90), (19,90), (18,90), (17,90), (16,90), (15,90), (14,90), (13,90), (12,90), (11,90), (10,90), (10,90), (10,89), (10,88), (10,87), (10,86), (10,85), (10,84), (10,83), (10,82), (10,81), (10,80), (10,79), (10,78), (10,77), (10,76), (10,75), (10,74), (10,73), (10,72), (10,71), (10,70)|(10,70), (10,69), (10,68), (10,67), (11,67), (11,66), (12,66), (13,66)",
        "time": 17.069706215559528
    },
    "Uber_Train_Walk": {
        "cost": 23.662396518241707,
        "env_tax": 0.08000000000000002,
        "route": "(96,99), (96,98), (96,97), (96,96), (96,95), (96,94), (96,93), (96,92), (96,91), (95,91), (94,91), (93,91), (92,91), (91,91), (91,90), (90,90)|(90,90), (89,90), (88,90), (87,90), (86,90), (85,90), (84,90), (83,90), (82,90), (81,90), (80,90), (79,90), (78,90), (77,90), (76,90), (75,90), (74,90), (73,90), (72,90), (71,90), (70,90), (69,90), (68,90), (67,90), (66,90), (65,90), (64,90), (63,90), (62,90), (61,90), (60,90), (59,90), (58,90), (57,90), (56,90), (55,90), (54,90), (53,90), (52,90), (51,90), (50,90), (49,90), (48,90), (47,90), (46,90), (45,90), (44,90), (43,90), (42,90), (41,90), (40,90), (39,90), (38,90), (37,90), (36,90), (35,90), (34,90), (33,90), (32,90), (31,90), (30,90), (29,90), (28,90), (27,90), (26,90), (25,90), (24,90), (23,90), (22,90), (21,90), (20,90), (19,90), (18,90), (17,90), (16,90), (15,90), (14,90), (13,90), (12,90), (11,90), (10,90), (10,90), (10,89), (10,88), (10,87), (10,86), (10,85), (10,84), (10,83), (10,82), (10,81), (10,80), (10,79), (10,78), (10,77), (10,76), (10,75), (10,74), (10,73), (10,72), (10,71), (10,70)|(10,70), (11,70), (12,70), (13,70), (13,70), (13,69), (13,68), (13,67), (13,66)",
        "time": 537.3459459988122
    },
    "Walk": {
        "cost": 0,
        "env_tax": 0,
        "route": "(96,99), (95,99), (94,99), (93,99), (92,99), (91,99), (90,99), (89,99), (88,99), (87,99), (86,99), (85,99), (84,99), (83,99), (82,99), (81,99), (80,99), (79,99), (78,99), (77,99), (76,99), (75,99), (74,99), (73,99), (72,99), (71,99), (70,99), (69,99), (68,99), (67,99), (66,99), (65,99), (64,99), (63,99), (62,99), (61,99), (60,99), (59,99), (58,99), (57,99), (56,99), (55,99), (54,99), (53,99), (52,99), (51,99), (50,99), (49,99), (48,99), (47,99), (46,99), (45,99), (44,99), (43,99), (42,99), (41,99), (40,99), (39,99), (38,99), (37,99), (36,99), (35,99), (34,99), (33,99), (32,99), (31,99), (30,99), (29,99), (28,99), (27,99), (26,99), (25,99), (24,99), (23,99), (22,99), (21,99), (20,99), (19,99), (18,99), (17,99), (16,99), (15,99), (14,99), (13,99), (13,99), (13,98), (13,97), (13,96), (13,95), (13,94), (13,93), (13,92), (13,91), (13,90), (13,89), (13,88), (13,87), (13,86), (13,85), (13,84), (13,83), (13,82), (13,81), (13,80), (13,79), (13,78), (13,77), (13,76), (13,75), (13,74), (13,73), (13,72), (13,71), (13,70), (13,69), (13,68), (13,67), (13,66)",
        "time": 8649.48699594369
    },
    "Walk_Train_Uber": {
        "cost": 23.9023148686707,
        "env_tax": 0.04000000000000001,
        "route": "(96,99), (95,99), (94,99), (93,99), (92,99), (91,99), (90,99), (90,99), (90,98), (90,97), (90,96), (90,95), (90,94), (90,93), (90,92), (90,91), (90,90)|(90,90), (89,90), (88,90), (87,90), (86,90), (85,90), (84,90), (83,90), (82,90), (81,90), (80,90), (79,90), (78,90), (77,90), (76,90), (75,90), (74,90), (73,90), (72,90), (71,90), (70,90), (69,90), (68,90), (67,90), (66,90), (65,90), (64,90), (63,90), (62,90), (61,90), (60,90), (59,90), (58,90), (57,90), (56,90), (55,90), (54,90), (53,90), (52,90), (51,90), (50,90), (49,90), (48,90), (47,90), (46,90), (45,90), (44,90), (43,90), (42,90), (41,90), (40,90), (39,90), (38,90), (37,90), (36,90), (35,90), (34,90), (33,90), (32,90), (31,90), (30,90), (29,90), (28,90), (27,90), (26,90), (25,90), (24,90), (23,90), (22,90), (21,90), (20,90), (19,90), (18,90), (17,90), (16,90), (15,90), (14,90), (13,90), (12,90), (11,90), (10,90), (10,90), (10,89), (10,88), (10,87), (10,86), (10,85), (10,84), (10,83), (10,82), (10,81), (10,80), (10,79), (10,78), (10,77), (10,76), (10,75), (10,74), (10,73), (10,72), (10,71), (10,70)|(10,70), (10,69), (10,68), (10,67), (11,67), (11,66), (12,66), (13,66)",
        "time": 1128.9289992670842
    },
    "Walk_Train_Walk": {
        "cost": 10.200000000000001,
        "env_tax": 0,
        "route": "(96,99), (95,99), (94,99), (93,99), (92,99), (91,99), (90,99), (90,99), (90,98), (90,97), (90,96), (90,95), (90,94), (90,93), (90,92), (90,91), (90,90)|(90,90), (89,90), (88,90), (87,90), (86,90), (85,90), (84,90), (83,90), (82,90), (81,90), (80,90), (79,90), (78,90), (77,90), (76,90), (75,90), (74,90), (73,90), (72,90), (71,90), (70,90), (69,90), (68,90), (67,90), (66,90), (65,90), (64,90), (63,90), (62,90), (61,90), (60,90), (59,90), (58,90), (57,90), (56,90), (55,90), (54,90), (53,90), (52,90), (51,90), (50,90), (49,90), (48,90), (47,90), (46,90), (45,90), (44,90), (43,90), (42,90), (41,90), (40,90), (39,90), (38,90), (37,90), (36,90), (35,90), (34,90), (33,90), (32,90), (31,90), (30,90), (29,90), (28,90), (27,90), (26,90), (25,90), (24,90), (23,90), (22,90), (21,90), (20,90), (19,90), (18,90), (17,90), (16,90), (15,90), (14,90), (13,90), (12,90), (11,90), (10,90), (10,90), (10,89), (10,88), (10,87), (10,86), (10,85), (10,84), (10,83), (10,82), (10,81), (10,80), (10,79), (10,78), (10,77), (10,76), (10,75), (10,74), (10,73), (10,72), (10,71), (10,70)|(10,70), (11,70), (12,70), (13,70), (13,70), (13,69), (13,68), (13,67), (13,66)",
        "time": 1646.06343468677
    }
}