{
    "Uber": {
        "cost": 81.27196461415788,
        "env_tax": 0.5800000000000001,
        "route": "(34,63), (34,62), (34,61), (34,60), (34,59), (34,58), (34,57), (34,56), (35,56), (36,56), (36,55), (37,55), (37,54), (37,53), (37,52), (37,51), (38,51), (38,50), (38,49), (38,48), (38,47), (38,46), (38,45), (38,44), (38,43), (38,42), (38,41), (38,40), (38,39), (38,38), (38,37), (38,36), (39,36), (39,35), (39,34), (39,33), (39,32), (40,32), (40,31), (40,30), (40,29), (40,28), (41,28), (41,27), (41,26), (42,26), (43,26), (43,25), (43,24), (44,24), (44,23), (44,22), (44,21), (45,21), (46,21), (47,21), (47,20), (47,19), (47,18), (48,18), (49,18), (49,17), (50,17), (50,16), (50,15), (50,14), (50,13), (50,12), (51,12), (51,11), (51,10), (52,10), (53,10), (54,10), (55,10), (56,10), (57,10), (58,10), (59,10), (60,10), (61,10), (62,10), (63,10), (64,10), (65,10), (66,10), (67,10), (68,10), (69,10), (70,10), (71,10), (72,10), (73,10), (74,10), (75,10), (76,10), (77,10), (78,10), (79,10), (80,10), (81,10), (82,10), (82,11), (83,11), (84,11), (84,12), (84,13), (85,13), (85,14), (85,15), (85,16), (86,16), (86,17), (86,18), (87,18), (87,19)",
        "time": 23.031902417996193
    },
    "Uber_Train_Uber": {
        "cost": 40.721666317473904,
        "env_tax": 0.065,
        "route": "(34,63), (33,63), (32,63), (31,63), (30,63), (30,62), (30,61), (30,60)|(30,60), (31,60), (32,60), (33,60), (34,60), (35,60), (36,60), (37,60), (38,60), (39,60), (40,60), (41,60), (42,60), (43,60), (44,60), (45,60), (46,60), (47,60), (48,60), (49,60), (50,60), (51,60), (52,60), (53,60), (54,60), (55,60), (56,60), (57,60), (58,60), (59,60), (60,60), (61,60), (62,60), (63,60), (64,60), (65,60), (66,60), (67,60), (68,60), (69,60), (70,60), (71,60), (72,60), (73,60), (74,60), (75,60), (76,60), (77,60), (78,60), (79,60), (80,60), (81,60), (82,60), (83,60), (84,60), (85,60), (86,60), (87,60), (88,60), (89,60), (90,60), (90,60), (90,59), (90,58), (90,57), (90,56), (90,55), (90,54), (90,53), (90,52), (90,51), (90,50), (90,49), (90,48), (90,47), (90,46), (90,45), (90,44), (90,43), (90,42), (90,41), (90,40), (90,39), (90,38), (90,37), (90,36), (90,35), (90,34), (90,33), (90,32), (90,31), (90,30), (90,29), (90,28), (90,27), (90,26), (90,25), (90,24), (90,23), (90,22), (90,21), (90,20)|(90,20), (90,19), (89,19), (88,19), (87,19)",
        "time": 19.43318271954388
    },
    "Uber_Train_Walk": {
        "cost": 27.593227011475975,
        "env_tax": 0.04000000000000001,
        "route": "(34,63), (33,63), (32,63), (31,63), (30,63), (30,62), (30,61), (30,60)|(30,60), (31,60), (32,60), (33,60), (34,60), (35,60), (36,60), (37,60), (38,60), (39,60), (40,60), (41,60), (42,60), (43,60), (44,60), (45,60), (46,60), (47,60), (48,60), (49,60), (50,60), (51,60), (52,60), (53,60), (54,60), (55,60), (56,60), (57,60), (58,60), (59,60), (60,60), (61,60), (62,60), (63,60), (64,60), (65,60), (66,60), (67,60), (68,60), (69,60), (70,60), (71,60), (72,60), (73,60), (74,60), (75,60), (76,60), (77,60), (78,60), (79,60), (80,60), (81,60), (82,60), (83,60), (84,60), (85,60), (86,60), (87,60), (88,60), (89,60), (90,60), (90,60), (90,59), (90,58), (90,57), (90,56), (90,55), (90,54), (90,53), (90,52), (90,51), (90,50), (90,49), (90,48), (90,47), (90,46), (90,45), (90,44), (90,43), (90,42), (90,41), (90,40), (90,39), (90,38), (90,37), (90,36), (90,35), (90,34), (90,33), (90,32), (90,31), (90,30), (90,29), (90,28), (90,27), (90,26), (90,25), (90,24), (90,23), (90,22), (90,21), (90,20)|(90,20), (89,20), (88,20), (87,20), (87,20), (87,19)",
        "time": 318.9653194513168
    },
    "Walk": {
        "cost": 0,
        "env_tax": 0,
        "route": "(34,63), (35,63), (36,63), (37,63), (38,63), (39,63), (40,63), (41,63), (42,63), (43,63), (44,63), (45,63), (46,63), (47,63), (48,63), (49,63), (50,63), (51,63), (52,63), (53,63), (54,63), (55,63), (56,63), (57,63), (58,63), (59,63), (60,63), (61,63), (62,63), (63,63), (64,63), (65,63), (66,63), (67,63), (68,63), (69,63), (70,63), (71,63), (72,63), (73,63), (74,63), (75,63), (76,63), (77,63), (78,63), (79,63), (80,63), (81,63), (82,63), (83,63), (84,63), (85,63), (86,63), (87,63), (87,63), (87,62), (87,61), (87,60), (87,59), (87,58), (87,57), (87,56), (87,55), (87,54), (87,53), (87,52), (87,51), (87,50), (87,49), (87,48), (87,47), (87,46), (87,45), (87,44), (87,43), (87,42), (87,41), (87,40), (87,39), (87,38), (87,37), (87,36), (87,35), (87,34), (87,33), (87,32), (87,31), (87,30), (87,29), (87,28), (87,27), (87,26), (87,25), (87,24), (87,23), (87,22), (87,21), (87,20), (87,19)",
        "time": 7232.760677642567
    },
    "Walk_Train_Uber": {
        "cost": 22.74436718277792,
        "env_tax": 0.025,
        "route": "(34,63), (33,63), (32,63), (31,63), (30,63), (30,63), (30,62), (30,61), (30,60)|(30,60), (31,60), (32,60), (33,60), (34,60), (35,60), (36,60), (37,60), (38,60), (39,60), (40,60), (41,60), (42,60), (43,60), (44,60), (45,60), (46,60), (47,60), (48,60), (49,60), (50,60), (51,60), (52,60), (53,60), (54,60), (55,60), (56,60), (57,60), (58,60), (59,60), (60,60), (61,60), (62,60), (63,60), (64,60), (65,60), (66,60), (67,60), (68,60), (69,60), (70,60), (71,60), (72,60), (73,60), (74,60), (75,60), (76,60), (77,60), (78,60), (79,60), (80,60), (81,60), (82,60), (83,60), (84,60), (85,60), (86,60), (87,60), (88,60), (89,60), (90,60), (90,60), (90,59), (90,58), (90,57), (90,56), (90,55), (90,54), (90,53), (90,52), (90,51), (90,50), (90,49), (90,48), (90,47), (90,46), (90,45), (90,44), (90,43), (90,42), (90,41), (90,40), (90,39), (90,38), (90,37), (90,36), (90,35), (90,34), (90,33), (90,32), (90,31), (90,30), (90,29), (90,28), (90,27), (90,26), (90,25), (90,24), (90,23), (90,22), (90,21), (90,20)|(90,20), (90,19), (89,19), (88,19), (87,19)",
        "time": 540.0188673410147
    },
    "Walk_Train_Walk": {
        "cost": 10.200000000000001,
        "env_tax": 0,
        "route": "(34,63), (33,63), (32,63), (31,63), (30,63), (30,63), (30,62), (30,61), (30,60)|(30,60), (31,60), (32,60), (33,60), (34,60), (35,60), (36,60), (37,60), (38,60), (39,60), (40,60), (41,60), (42,60), (43,60), (44,60), (45,60), (46,60), (47,60), (48,60), (49,60), (50,60), (51,60), (52,60), (53,60), (54,60), (55,60), (56,60), (57,60), (58,60), (59,60), (60,60), (61,60), (62,60), (63,60), (64,60), (65,60), (66,60), (67,60), (68,60), (69,60), (70,60), (71,60), (72,60), (73,60), (74,60), (75,60), (76,60), (77,60), (78,60), (79,60), (80,60), (81,60), (82,60), (83,60), (84,60), (85,60), (86,60), (87,60), (88,60), (89,60), (90,60), (90,60), (90,59), (90,58), (90,57), (90,56), (90,55), (90,54), (90,53), (90,52), (90,51), (90,50), (90,49), (90,48), (90,47), (90,46), (90,45), (90,44), (90,43), (90,42), (90,41), (90,40), (90,39), (90,38), (90,37), (90,36), (90,35), (90,34), (90,33), (90,32), (90,31), (90,30), (90,29), (90,28), (90,27), (90,26), (90,25), (90,24), (90,23), (90,22), (90,21), (90,20)|(90,20), (89,20), (88,20), (87,20), (87,20), (87,19)",
        "time": 832.2232473508316
    }
}