{
    "Uber": {
        "cost": 37.572877832210445,
        "env_tax": 0.16500000000000004,
        "route": "(71,66), (71,65), (71,64), (71,63), (71,62), (71,61), (71,60), (71,59), (71,58), (70,58), (69,58), (69,57), (68,57), (68,56), (68,55), (68,54), (68,53), (68,52), (68,51), (68,50), (68,49), (68,48), (68,47), (68,46), (68,45), (68,44), (68,43), (68,42), (68,41), (68,40), (68,39), (68,38), (68,37)",
        "time": 12.694190519847863
    },
    "Uber_Train_Uber": {
        "cost": 35.43430604884311,
        "env_tax": 0.06000000000000001,
        "route": "(71,66), (71,67), (71,68), (70,68), (70,69), (70,70)|(70,70), (70,70), (70,69), (70,68), (70,67), (70,66), (70,65), (70,64), (70,63), (70,62), (70,61), (70,60), (70,59), (70,58), (70,57), (70,56), (70,55), (70,54), (70,53), (70,52), (70,51), (70,50), (70,49), (70,48), (70,47), (70,46), (70,45), (70,44), (70,43), (70,42), (70,41), (70,40)|(70,40), (69,40), (69,39), (69,38), (68,38), (68,37)",
        "time": 24.59111353186569
    },
    "Uber_Train_Walk": {
        "cost": 17.88507201597004,
        "env_tax": 0.030000000000000006,
        "route": "(71,66), (71,67), (71,68), (70,68), (70,69), (70,70)|(70,70), (70,70), (70,69), (70,68), (70,67), (70,66), (70,65), (70,64), (70,63), (70,62), (70,61), (70,60), (70,59), (70,58), (70,57), (70,56), (70,55), (70,54), (70,53), (70,52), (70,51), (70,50), (70,49), (70,48), (70,47), (70,46), (70,45), (70,44), (70,43), (70,42), (70,41), (70,40)|(70,40), (69,40), (68,40), (68,40), (68,39), (68,38), (68,37)",
        "time": 388.20198603008964
    },
    "Walk": {
        "cost": 0,
        "env_tax": 0,
        "route": "(71,66), (70,66), (69,66), (68,66), (68,66), (68,65), (68,64), (68,63), (68,62), (68,61), (68,60), (68,59), (68,58), (68,57), (68,56), (68,55), (68,54), (68,53), (68,52), (68,51), (68,50), (68,49), (68,48), (68,47), (68,46), (68,45), (68,44), (68,43), (68,42), (68,41), (68,40), (68,39), (68,38), (68,37)",
        "time": 2386.0653781913625
    },
    "Walk_Train_Uber": {
        "cost": 19.0292824957565,
        "env_tax": 0.030000000000000006,
        "route": "(71,66), (70,66), (70,66), (70,67), (70,68), (70,69), (70,70)|(70,70), (70,70), (70,69), (70,68), (70,67), (70,66), (70,65), (70,64), (70,63), (70,62), (70,61), (70,60), (70,59), (70,58), (70,57), (70,56), (70,55), (70,54), (70,53), (70,52), (70,51), (70,50), (70,49), (70,48), (70,47), (70,46), (70,45), (70,44), (70,43), (70,42), (70,41), (70,40)|(70,40), (69,40), (69,39), (69,38), (68,38), (68,37)",
        "time": 388.2867616173327
    },
    "Walk_Train_Walk": {
        "cost": 3.2,
        "env_tax": 0,
        "route": "(71,66), (70,66), (70,66), (70,67), (70,68), (70,69), (70,70)|(70,70), (70,70), (70,69), (70,68), (70,67), (70,66), (70,65), (70,64), (70,63), (70,62), (70,61), (70,60), (70,59), (70,58), (70,57), (70,56), (70,55), (70,54), (70,53), (70,52), (70,51), (70,50), (70,49), (70,48), (70,47), (70,46), (70,45), (70,44), (70,43), (70,42), (70,41), (70,40)|(70,40), (69,40), (68,40), (68,40), (68,39), (68,38), (68,37)",
        "time": 755.0561509756675
    }
}