{
    "Uber": {
        "cost": 28.062986257164468,
        "env_tax": 0.5050000000000001,
        "route": "(24,11), (23,11), (22,11), (21,11), (20,11), (19,11), (18,11), (17,11), (16,11), (15,11), (14,11), (13,11), (12,11), (11,11), (11,12), (10,12), (9,12), (8,12), (8,13), (7,13), (7,14), (7,15), (6,15), (5,15), (4,15), (3,15), (3,16), (2,16), (2,17), (2,18), (1,18), (0,18), (0,19), (0,20), (0,21), (0,22), (0,23), (0,24), (0,25), (0,26), (0,27), (0,28), (0,29), (0,30), (0,31), (0,32), (0,33), (0,34), (0,35), (0,36), (0,37), (0,38), (0,39), (0,40), (0,41), (0,42), (0,43), (0,44), (0,45), (0,46), (0,47), (0,48), (0,49), (0,50), (0,51), (0,52), (0,53), (0,54), (0,55), (0,56), (0,57), (0,58), (0,59), (0,60), (0,61), (0,62), (0,63), (0,64), (0,65), (0,66), (0,67), (0,68), (0,69), (0,70), (0,71), (0,72), (0,73), (1,73), (1,74), (1,75), (2,75), (3,75), (3,76), (4,76), (5,76), (5,77), (5,78), (6,78), (7,78), (8,78), (9,78)",
        "time": 12.79327774178308
    },
    "Uber_Train_Uber": {
        "cost": 33.44114294340363,
        "env_tax": 0.05000000000000001,
        "route": "(24,11), (23,11), (22,11), (21,11), (20,11), (20,10)|(20,10), (19,10), (18,10), (17,10), (16,10), (15,10), (14,10), (13,10), (12,10), (11,10), (10,10), (10,10), (10,11), (10,12), (10,13), (10,14), (10,15), (10,16), (10,17), (10,18), (10,19), (10,20), (10,21), (10,22), (10,23), (10,24), (10,25), (10,26), (10,27), (10,28), (10,29), (10,30), (10,31), (10,32), (10,33), (10,34), (10,35), (10,36), (10,37), (10,38), (10,39), (10,40), (10,41), (10,42), (10,43), (10,44), (10,45), (10,46), (10,47), (10,48), (10,49), (10,50), (10,51), (10,52), (10,53), (10,54), (10,55), (10,56), (10,57), (10,58), (10,59), (10,60), (10,61), (10,62), (10,63), (10,64), (10,65), (10,66), (10,67), (10,68), (10,69), (10,70), (10,71), (10,72), (10,73), (10,74), (10,75), (10,76), (10,77), (10,78), (10,79), (10,80)|(10,80), (10,79), (10,78), (9,78)",
        "time": 20.26368578317197
    },
    "Uber_Train_Walk": {
        "cost": 21.05369051231164,
        "env_tax": 0.030000000000000006,
        "route": "(24,11), (23,11), (22,11), (21,11), (20,11), (20,10)|(20,10), (19,10), (18,10), (17,10), (16,10), (15,10), (14,10), (13,10), (12,10), (11,10), (10,10), (10,10), (10,11), (10,12), (10,13), (10,14), (10,15), (10,16), (10,17), (10,18), (10,19), (10,20), (10,21), (10,22), (10,23), (10,24), (10,25), (10,26), (10,27), (10,28), (10,29), (10,30), (10,31), (10,32), (10,33), (10,34), (10,35), (10,36), (10,37), (10,38), (10,39), (10,40), (10,41), (10,42), (10,43), (10,44), (10,45), (10,46), (10,47), (10,48), (10,49), (10,50), (10,51), (10,52), (10,53), (10,54), (10,55), (10,56), (10,57), (10,58), (10,59), (10,60), (10,61), (10,62), (10,63), (10,64), (10,65), (10,66), (10,67), (10,68), (10,69), (10,70), (10,71), (10,72), (10,73), (10,74), (10,75), (10,76), (10,77), (10,78), (10,79), (10,80)|(10,80), (9,80), (9,80), (9,79), (9,78)",
        "time": 234.15383167935374
    },
    "Walk": {
        "cost": 0,
        "env_tax": 0,
        "route": "(24,11), (23,11), (22,11), (21,11), (20,11), (19,11), (18,11), (17,11), (16,11), (15,11), (14,11), (13,11), (12,11), (11,11), (10,11), (9,11), (9,11), (9,12), (9,13), (9,14), (9,15), (9,16), (9,17), (9,18), (9,19), (9,20), (9,21), (9,22), (9,23), (9,24), (9,25), (9,26), (9,27), (9,28), (9,29), (9,30), (9,31), (9,32), (9,33), (9,34), (9,35), (9,36), (9,37), (9,38), (9,39), (9,40), (9,41), (9,42), (9,43), (9,44), (9,45), (9,46), (9,47), (9,48), (9,49), (9,50), (9,51), (9,52), (9,53), (9,54), (9,55), (9,56), (9,57), (9,58), (9,59), (9,60), (9,61), (9,62), (9,63), (9,64), (9,65), (9,66), (9,67), (9,68), (9,69), (9,70), (9,71), (9,72), (9,73), (9,74), (9,75), (9,76), (9,77), (9,78)",
        "time": 6114.292531615366
    },
    "Walk_Train_Uber": {
        "cost": 20.713972552073738,
        "env_tax": 0.020000000000000004,
        "route": "(24,11), (23,11), (22,11), (21,11), (20,11), (20,11), (20,10)|(20,10), (19,10), (18,10), (17,10), (16,10), (15,10), (14,10), (13,10), (12,10), (11,10), (10,10), (10,10), (10,11), (10,12), (10,13), (10,14), (10,15), (10,16), (10,17), (10,18), (10,19), (10,20), (10,21), (10,22), (10,23), (10,24), (10,25), (10,26), (10,27), (10,28), (10,29), (10,30), (10,31), (10,32), (10,33), (10,34), (10,35), (10,36), (10,37), (10,38), (10,39), (10,40), (10,41), (10,42), (10,43), (10,44), (10,45), (10,46), (10,47), (10,48), (10,49), (10,50), (10,51), (10,52), (10,53), (10,54), (10,55), (10,56), (10,57), (10,58), (10,59), (10,60), (10,61), (10,62), (10,63), (10,64), (10,65), (10,66), (10,67), (10,68), (10,69), (10,70), (10,71), (10,72), (10,73), (10,74), (10,75), (10,76), (10,77), (10,78), (10,79), (10,80)|(10,80), (10,79), (10,78), (9,78)",
        "time": 384.4114701245332
    },
    "Walk_Train_Walk": {
        "cost": 8.200000000000001,
        "env_tax": 0,
        "route": "(24,11), (23,11), (22,11), (21,11), (20,11), (20,11), (20,10)|(20,10), (19,10), (18,10), (17,10), (16,10), (15,10), (14,10), (13,10), (12,10), (11,10), (10,10), (10,10), (10,11), (10,12), (10,13), (10,14), (10,15), (10,16), (10,17), (10,18), (10,19), (10,20), (10,21), (10,22), (10,23), (10,24), (10,25), (10,26), (10,27), (10,28), (10,29), (10,30), (10,31), (10,32), (10,33), (10,34), (10,35), (10,36), (10,37), (10,38), (10,39), (10,40), (10,41), (10,42), (10,43), (10,44), (10,45), (10,46), (10,47), (10,48), (10,49), (10,50), (10,51), (10,52), (10,53), (10,54), (10,55), (10,56), (10,57), (10,58), (10,59), (10,60), (10,61), (10,62), (10,63), (10,64), (10,65), (10,66), (10,67), (10,68), (10,69), (10,70), (10,71), (10,72), (10,73), (10,74), (10,75), (10,76), (10,77), (10,78), (10,79), (10,80)|(10,80), (9,80), (9,80), (9,79), (9,78)",
        "time": 602.6604836942589
    }
}