{
    "Uber": {
        "cost": 22.183009712962956,
        "env_tax": 0.335,
        "route": "(12,13), (13,13), (13,12), (13,11), (13,10), (13,9), (14,9), (14,8), (14,7), (15,7), (16,7), (16,6), (16,5), (16,4), (16,3), (17,3), (18,3), (19,3), (19,2), (20,2), (21,2), (21,1), (22,1), (22,0), (23,0), (24,0), (25,0), (26,0), (27,0), (28,0), (29,0), (30,0), (31,0), (32,0), (33,0), (34,0), (35,0), (36,0), (37,0), (38,0), (39,0), (40,0), (41,0), (42,0), (43,0), (44,0), (45,0), (46,0), (47,0), (48,0), (49,0), (50,0), (51,0), (52,0), (53,0), (54,0), (55,0), (56,0), (57,0), (58,0), (59,0), (60,0), (61,0), (61,1), (62,1), (62,2), (62,3)",
        "time": 8.104393784241477
    },
    "Uber_Train_Uber": {
        "cost": 32.064822404968375,
        "env_tax": 0.08000000000000002,
        "route": "(12,13), (11,13), (11,12), (10,12), (10,11), (10,10)|(10,10), (11,10), (12,10), (13,10), (14,10), (15,10), (16,10), (17,10), (18,10), (19,10), (20,10), (21,10), (22,10), (23,10), (24,10), (25,10), (26,10), (27,10), (28,10), (29,10), (30,10), (31,10), (32,10), (33,10), (34,10), (35,10), (36,10), (37,10), (38,10), (39,10), (40,10), (41,10), (42,10), (43,10), (44,10), (45,10), (46,10), (47,10), (48,10), (49,10), (50,10), (51,10), (52,10), (53,10), (54,10), (55,10), (56,10), (57,10), (58,10), (59,10), (60,10), (60,10)|(60,10), (60,9), (60,8), (60,7), (61,7), (61,6), (62,6), (62,5), (62,4), (62,3)",
        "time": 19.801222331417264
    },
    "Uber_Train_Walk": {
        "cost": 17.94359033639451,
        "env_tax": 0.030000000000000006,
        "route": "(12,13), (11,13), (11,12), (10,12), (10,11), (10,10)|(10,10), (11,10), (12,10), (13,10), (14,10), (15,10), (16,10), (17,10), (18,10), (19,10), (20,10), (21,10), (22,10), (23,10), (24,10), (25,10), (26,10), (27,10), (28,10), (29,10), (30,10), (31,10), (32,10), (33,10), (34,10), (35,10), (36,10), (37,10), (38,10), (39,10), (40,10), (41,10), (42,10), (43,10), (44,10), (45,10), (46,10), (47,10), (48,10), (49,10), (50,10), (51,10), (52,10), (53,10), (54,10), (55,10), (56,10), (57,10), (58,10), (59,10), (60,10), (60,10)|(60,10), (61,10), (62,10), (62,10), (62,9), (62,8), (62,7), (62,6), (62,5), (62,4), (62,3)",
        "time": 685.6695679302765
    },
    "Walk": {
        "cost": 0,
        "env_tax": 0,
        "route": "(12,13), (13,13), (14,13), (15,13), (16,13), (17,13), (18,13), (19,13), (20,13), (21,13), (22,13), (23,13), (24,13), (25,13), (26,13), (27,13), (28,13), (29,13), (30,13), (31,13), (32,13), (33,13), (34,13), (35,13), (36,13), (37,13), (38,13), (39,13), (40,13), (41,13), (42,13), (43,13), (44,13), (45,13), (46,13), (47,13), (48,13), (49,13), (50,13), (51,13), (52,13), (53,13), (54,13), (55,13), (56,13), (57,13), (58,13), (59,13), (60,13), (61,13), (62,13), (62,13), (62,12), (62,11), (62,10), (62,9), (62,8), (62,7), (62,6), (62,5), (62,4), (62,3)",
        "time": 4473.872584108804
    },
    "Walk_Train_Uber": {
        "cost": 19.156033637647763,
        "env_tax": 0.05,
        "route": "(12,13), (11,13), (10,13), (10,13), (10,12), (10,11), (10,10)|(10,10), (11,10), (12,10), (13,10), (14,10), (15,10), (16,10), (17,10), (18,10), (19,10), (20,10), (21,10), (22,10), (23,10), (24,10), (25,10), (26,10), (27,10), (28,10), (29,10), (30,10), (31,10), (32,10), (33,10), (34,10), (35,10), (36,10), (37,10), (38,10), (39,10), (40,10), (41,10), (42,10), (43,10), (44,10), (45,10), (46,10), (47,10), (48,10), (49,10), (50,10), (51,10), (52,10), (53,10), (54,10), (55,10), (56,10), (57,10), (58,10), (59,10), (60,10), (60,10)|(60,10), (60,9), (60,8), (60,7), (61,7), (61,6), (62,6), (62,5), (62,4), (62,3)",
        "time": 389.90418614222347
    },
    "Walk_Train_Walk": {
        "cost": 5.2,
        "env_tax": 0,
        "route": "(12,13), (11,13), (10,13), (10,13), (10,12), (10,11), (10,10)|(10,10), (11,10), (12,10), (13,10), (14,10), (15,10), (16,10), (17,10), (18,10), (19,10), (20,10), (21,10), (22,10), (23,10), (24,10), (25,10), (26,10), (27,10), (28,10), (29,10), (30,10), (31,10), (32,10), (33,10), (34,10), (35,10), (36,10), (37,10), (38,10), (39,10), (40,10), (41,10), (42,10), (43,10), (44,10), (45,10), (46,10), (47,10), (48,10), (49,10), (50,10), (51,10), (52,10), (53,10), (54,10), (55,10), (56,10), (57,10), (58,10), (59,10), (60,10), (60,10)|(60,10), (61,10), (62,10), (62,10), (62,9), (62,8), (62,7), (62,6), (62,5), (62,4), (62,3)",
        "time": 1052.7829037394956
    }
}