{
    "Uber": {
        "cost": 37.42297084896813,
        "env_tax": 0.5,
        "route": "(66,30), (67,30), (68,30), (69,30), (70,30), (71,30), (72,30), (73,30), (74,30), (75,30), (76,30), (77,30), (78,30), (79,30), (79,31), (80,31), (81,31), (82,31), (83,31), (84,31), (85,31), (86,31), (87,31), (88,31), (89,31), (90,31), (91,31), (92,31), (93,31), (94,31), (94,32), (95,32), (95,33), (95,34), (95,35), (95,36), (95,37), (95,38), (96,38), (96,39), (96,40), (96,41), (96,42), (96,43), (96,44), (96,45), (96,46), (96,47), (96,48), (97,48), (97,49), (97,50), (97,51), (97,52), (98,52), (99,52), (99,53), (99,54), (99,55), (99,56), (99,57), (99,58), (99,59), (99,60), (99,61), (99,62), (99,63), (99,64), (99,65), (99,66), (99,67), (99,68), (99,69), (99,70), (99,71), (99,72), (99,73), (99,74), (99,75), (99,76), (99,77), (99,78), (99,79), (99,80), (99,81), (99,82), (99,83), (99,84), (99,85), (99,86), (98,86), (98,87), (98,88), (98,89), (98,90), (98,91), (98,92), (98,93), (98,94), (98,95)",
        "time": 10.306204161300125
    },
    "Uber_Train_Uber": {
        "cost": 35.81319851905798,
        "env_tax": 0.095,
        "route": "(66,30), (67,30), (68,30), (69,30), (70,30)|(70,30), (71,30), (72,30), (73,30), (74,30), (75,30), (76,30), (77,30), (78,30), (79,30), (80,30), (81,30), (82,30), (83,30), (84,30), (85,30), (86,30), (87,30), (88,30), (89,30), (90,30), (90,30), (90,31), (90,32), (90,33), (90,34), (90,35), (90,36), (90,37), (90,38), (90,39), (90,40), (90,41), (90,42), (90,43), (90,44), (90,45), (90,46), (90,47), (90,48), (90,49), (90,50), (90,51), (90,52), (90,53), (90,54), (90,55), (90,56), (90,57), (90,58), (90,59), (90,60), (90,61), (90,62), (90,63), (90,64), (90,65), (90,66), (90,67), (90,68), (90,69), (90,70), (90,71), (90,72), (90,73), (90,74), (90,75), (90,76), (90,77), (90,78), (90,79), (90,80), (90,81), (90,82), (90,83), (90,84), (90,85), (90,86), (90,87), (90,88), (90,89), (90,90)|(90,90), (91,90), (91,91), (92,91), (93,91), (94,91), (95,91), (96,91), (96,92), (96,93), (96,94), (96,95), (97,95), (98,95)",
        "time": 23.861504586660313
    },
    "Uber_Train_Walk": {
        "cost": 22.627747707818212,
        "env_tax": 0.025,
        "route": "(66,30), (67,30), (68,30), (69,30), (70,30)|(70,30), (71,30), (72,30), (73,30), (74,30), (75,30), (76,30), (77,30), (78,30), (79,30), (80,30), (81,30), (82,30), (83,30), (84,30), (85,30), (86,30), (87,30), (88,30), (89,30), (90,30), (90,30), (90,31), (90,32), (90,33), (90,34), (90,35), (90,36), (90,37), (90,38), (90,39), (90,40), (90,41), (90,42), (90,43), (90,44), (90,45), (90,46), (90,47), (90,48), (90,49), (90,50), (90,51), (90,52), (90,53), (90,54), (90,55), (90,56), (90,57), (90,58), (90,59), (90,60), (90,61), (90,62), (90,63), (90,64), (90,65), (90,66), (90,67), (90,68), (90,69), (90,70), (90,71), (90,72), (90,73), (90,74), (90,75), (90,76), (90,77), (90,78), (90,79), (90,80), (90,81), (90,82), (90,83), (90,84), (90,85), (90,86), (90,87), (90,88), (90,89), (90,90)|(90,90), (91,90), (92,90), (93,90), (94,90), (95,90), (96,90), (97,90), (98,90), (98,90), (98,91), (98,92), (98,93), (98,94), (98,95)",
        "time": 984.9645092326784
    },
    "Walk": {
        "cost": 0,
        "env_tax": 0,
        "route": "(66,30), (67,30), (68,30), (69,30), (70,30), (71,30), (72,30), (73,30), (74,30), (75,30), (76,30), (77,30), (78,30), (79,30), (80,30), (81,30), (82,30), (83,30), (84,30), (85,30), (86,30), (87,30), (88,30), (89,30), (90,30), (91,30), (92,30), (93,30), (94,30), (95,30), (96,30), (97,30), (98,30), (98,30), (98,31), (98,32), (98,33), (98,34), (98,35), (98,36), (98,37), (98,38), (98,39), (98,40), (98,41), (98,42), (98,43), (98,44), (98,45), (98,46), (98,47), (98,48), (98,49), (98,50), (98,51), (98,52), (98,53), (98,54), (98,55), (98,56), (98,57), (98,58), (98,59), (98,60), (98,61), (98,62), (98,63), (98,64), (98,65), (98,66), (98,67), (98,68), (98,69), (98,70), (98,71), (98,72), (98,73), (98,74), (98,75), (98,76), (98,77), (98,78), (98,79), (98,80), (98,81), (98,82), (98,83), (98,84), (98,85), (98,86), (98,87), (98,88), (98,89), (98,90), (98,91), (98,92), (98,93), (98,94), (98,95)",
        "time": 7232.760677642567
    },
    "Walk_Train_Uber": {
        "cost": 21.588379425991484,
        "env_tax": 0.07,
        "route": "(66,30), (67,30), (68,30), (69,30), (70,30), (70,30)|(70,30), (71,30), (72,30), (73,30), (74,30), (75,30), (76,30), (77,30), (78,30), (79,30), (80,30), (81,30), (82,30), (83,30), (84,30), (85,30), (86,30), (87,30), (88,30), (89,30), (90,30), (90,30), (90,31), (90,32), (90,33), (90,34), (90,35), (90,36), (90,37), (90,38), (90,39), (90,40), (90,41), (90,42), (90,43), (90,44), (90,45), (90,46), (90,47), (90,48), (90,49), (90,50), (90,51), (90,52), (90,53), (90,54), (90,55), (90,56), (90,57), (90,58), (90,59), (90,60), (90,61), (90,62), (90,63), (90,64), (90,65), (90,66), (90,67), (90,68), (90,69), (90,70), (90,71), (90,72), (90,73), (90,74), (90,75), (90,76), (90,77), (90,78), (90,79), (90,80), (90,81), (90,82), (90,83), (90,84), (90,85), (90,86), (90,87), (90,88), (90,89), (90,90)|(90,90), (91,90), (91,91), (92,91), (93,91), (94,91), (95,91), (96,91), (96,92), (96,93), (96,94), (96,95), (97,95), (98,95)",
        "time": 317.63176680828053
    },
    "Walk_Train_Walk": {
        "cost": 8.200000000000001,
        "env_tax": 0,
        "route": "(66,30), (67,30), (68,30), (69,30), (70,30), (70,30)|(70,30), (71,30), (72,30), (73,30), (74,30), (75,30), (76,30), (77,30), (78,30), (79,30), (80,30), (81,30), (82,30), (83,30), (84,30), (85,30), (86,30), (87,30), (88,30), (89,30), (90,30), (90,30), (90,31), (90,32), (90,33), (90,34), (90,35), (90,36), (90,37), (90,38), (90,39), (90,40), (90,41), (90,42), (90,43), (90,44), (90,45), (90,46), (90,47), (90,48), (90,49), (90,50), (90,51), (90,52), (90,53), (90,54), (90,55), (90,56), (90,57), (90,58), (90,59), (90,60), (90,61), (90,62), (90,63), (90,64), (90,65), (90,66), (90,67), (90,68), (90,69), (90,70), (90,71), (90,72), (90,73), (90,74), (90,75), (90,76), (90,77), (90,78), (90,79), (90,80), (90,81), (90,82), (90,83), (90,84), (90,85), (90,86), (90,87), (90,88), (90,89), (90,90)|(90,90), (91,90), (92,90), (93,90), (94,90), (95,90), (96,90), (97,90), (98,90), (98,90), (98,91), (98,92), (98,93), (98,94), (98,95)",
        "time": 1276.596455406563
    }
}