{
    "Uber": {
        "cost": 62.71007692172408,
        "env_tax": 0.25,
        "route": "(43,50), (43,51), (43,52), (44,52), (44,53), (45,53), (46,53), (47,53), (47,54), (47,55), (47,56), (47,57), (47,58), (47,59), (48,59), (48,60), (48,61), (49,61), (49,62), (50,62), (51,62), (52,62), (53,62), (54,62), (55,62), (56,62), (56,63), (56,64), (57,64), (58,64), (59,64), (60,64), (61,64), (62,64), (62,65), (63,65), (64,65), (65,65), (66,65), (67,65), (68,65), (69,65), (70,65), (71,65), (71,66), (72,66), (73,66), (74,66), (75,66), (76,66)",
        "time": 20.775633791006523
    },
    "Uber_Train_Uber": {
        "cost": 37.29066801406307,
        "env_tax": 0.065,
        "route": "(43,50), (42,50), (41,50), (40,50)|(40,50), (41,50), (42,50), (43,50), (44,50), (45,50), (46,50), (47,50), (48,50), (49,50), (50,50), (51,50), (52,50), (53,50), (54,50), (55,50), (56,50), (57,50), (58,50), (59,50), (60,50), (61,50), (62,50), (63,50), (64,50), (65,50), (66,50), (67,50), (68,50), (69,50), (70,50), (71,50), (72,50), (73,50), (74,50), (75,50), (76,50), (77,50), (78,50), (79,50), (80,50), (80,50), (80,51), (80,52), (80,53), (80,54), (80,55), (80,56), (80,57), (80,58), (80,59), (80,60), (80,61), (80,62), (80,63), (80,64), (80,65), (80,66), (80,67), (80,68), (80,69), (80,70)|(80,70), (80,69), (80,68), (80,67), (80,66), (79,66), (78,66), (77,66), (76,66)",
        "time": 20.607506183070214
    },
    "Uber_Train_Walk": {
        "cost": 21.794997279797066,
        "env_tax": 0.020000000000000004,
        "route": "(43,50), (42,50), (41,50), (40,50)|(40,50), (41,50), (42,50), (43,50), (44,50), (45,50), (46,50), (47,50), (48,50), (49,50), (50,50), (51,50), (52,50), (53,50), (54,50), (55,50), (56,50), (57,50), (58,50), (59,50), (60,50), (61,50), (62,50), (63,50), (64,50), (65,50), (66,50), (67,50), (68,50), (69,50), (70,50), (71,50), (72,50), (73,50), (74,50), (75,50), (76,50), (77,50), (78,50), (79,50), (80,50), (80,50), (80,51), (80,52), (80,53), (80,54), (80,55), (80,56), (80,57), (80,58), (80,59), (80,60), (80,61), (80,62), (80,63), (80,64), (80,65), (80,66), (80,67), (80,68), (80,69), (80,70)|(80,70), (79,70), (78,70), (77,70), (76,70), (76,70), (76,69), (76,68), (76,67), (76,66)",
        "time": 612.2267942611968
    },
    "Walk": {
        "cost": 0,
        "env_tax": 0,
        "route": "(43,50), (44,50), (45,50), (46,50), (47,50), (48,50), (49,50), (50,50), (51,50), (52,50), (53,50), (54,50), (55,50), (56,50), (57,50), (58,50), (59,50), (60,50), (61,50), (62,50), (63,50), (64,50), (65,50), (66,50), (67,50), (68,50), (69,50), (70,50), (71,50), (72,50), (73,50), (74,50), (75,50), (76,50), (76,50), (76,51), (76,52), (76,53), (76,54), (76,55), (76,56), (76,57), (76,58), (76,59), (76,60), (76,61), (76,62), (76,63), (76,64), (76,65), (76,66)",
        "time": 3653.6626103555236
    },
    "Walk_Train_Uber": {
        "cost": 22.514834228769157,
        "env_tax": 0.045000000000000005,
        "route": "(43,50), (42,50), (41,50), (40,50), (40,50)|(40,50), (41,50), (42,50), (43,50), (44,50), (45,50), (46,50), (47,50), (48,50), (49,50), (50,50), (51,50), (52,50), (53,50), (54,50), (55,50), (56,50), (57,50), (58,50), (59,50), (60,50), (61,50), (62,50), (63,50), (64,50), (65,50), (66,50), (67,50), (68,50), (69,50), (70,50), (71,50), (72,50), (73,50), (74,50), (75,50), (76,50), (77,50), (78,50), (79,50), (80,50), (80,50), (80,51), (80,52), (80,53), (80,54), (80,55), (80,56), (80,57), (80,58), (80,59), (80,60), (80,61), (80,62), (80,63), (80,64), (80,65), (80,66), (80,67), (80,68), (80,69), (80,70)|(80,70), (80,69), (80,68), (80,67), (80,66), (79,66), (78,66), (77,66), (76,66)",
        "time": 237.55771189045782
    },
    "Walk_Train_Walk": {
        "cost": 6.2,
        "env_tax": 0,
        "route": "(43,50), (42,50), (41,50), (40,50), (40,50)|(40,50), (41,50), (42,50), (43,50), (44,50), (45,50), (46,50), (47,50), (48,50), (49,50), (50,50), (51,50), (52,50), (53,50), (54,50), (55,50), (56,50), (57,50), (58,50), (59,50), (60,50), (61,50), (62,50), (63,50), (64,50), (65,50), (66,50), (67,50), (68,50), (69,50), (70,50), (71,50), (72,50), (73,50), (74,50), (75,50), (76,50), (77,50), (78,50), (79,50), (80,50), (80,50), (80,51), (80,52), (80,53), (80,54), (80,55), (80,56), (80,57), (80,58), (80,59), (80,60), (80,61), (80,62), (80,63), (80,64), (80,65), (80,66), (80,67), (80,68), (80,69), (80,70)|(80,70), (79,70), (78,70), (77,70), (76,70), (76,70), (76,69), (76,68), (76,67), (76,66)",
        "time": 825.0549450009372
    }
}