{
    "Uber": {
        "cost": 35.94784868025643,
        "env_tax": 0.5950000000000001,
        "route": "(21,86), (21,87), (21,88), (21,89), (21,90), (21,91), (21,92), (21,93), (22,93), (23,93), (24,93), (25,93), (26,93), (27,93), (28,93), (28,94), (29,94), (29,95), (30,95), (31,95), (32,95), (33,95), (34,95), (35,95), (36,95), (37,95), (38,95), (39,95), (40,95), (41,95), (42,95), (43,95), (44,95), (45,95), (46,95), (47,95), (48,95), (49,95), (50,95), (51,95), (52,95), (53,95), (53,96), (54,96), (55,96), (56,96), (57,96), (58,96), (59,96), (60,96), (61,96), (62,96), (63,96), (64,96), (65,96), (66,96), (67,96), (68,96), (69,96), (70,96), (71,96), (72,96), (73,96), (74,96), (75,96), (76,96), (77,96), (78,96), (79,96), (80,96), (80,95), (81,95), (82,95), (82,94), (82,93), (83,93), (84,93), (85,93), (85,92), (86,92), (86,91), (86,90), (86,89), (87,89), (88,89), (88,88), (89,88), (89,87), (89,86), (89,85), (89,84), (89,83), (90,83), (90,82), (90,81), (91,81), (91,80), (91,79), (91,78), (91,77), (91,76), (91,75), (91,74), (91,73), (91,72), (91,71), (91,70), (91,69), (91,68), (91,67), (91,66), (91,65), (91,64), (90,64), (90,63), (90,62), (89,62), (89,61), (88,61)",
        "time": 14.316381929797128
    },
    "Uber_Train_Uber": {
        "cost": 35.939793658006806,
        "env_tax": 0.05000000000000001,
        "route": "(21,86), (21,87), (21,88), (21,89), (21,90), (20,90)|(20,90), (21,90), (22,90), (23,90), (24,90), (25,90), (26,90), (27,90), (28,90), (29,90), (30,90), (31,90), (32,90), (33,90), (34,90), (35,90), (36,90), (37,90), (38,90), (39,90), (40,90), (41,90), (42,90), (43,90), (44,90), (45,90), (46,90), (47,90), (48,90), (49,90), (50,90), (51,90), (52,90), (53,90), (54,90), (55,90), (56,90), (57,90), (58,90), (59,90), (60,90), (61,90), (62,90), (63,90), (64,90), (65,90), (66,90), (67,90), (68,90), (69,90), (70,90), (71,90), (72,90), (73,90), (74,90), (75,90), (76,90), (77,90), (78,90), (79,90), (80,90), (81,90), (82,90), (83,90), (84,90), (85,90), (86,90), (87,90), (88,90), (89,90), (90,90), (90,90), (90,89), (90,88), (90,87), (90,86), (90,85), (90,84), (90,83), (90,82), (90,81), (90,80), (90,79), (90,78), (90,77), (90,76), (90,75), (90,74), (90,73), (90,72), (90,71), (90,70), (90,69), (90,68), (90,67), (90,66), (90,65), (90,64), (90,63), (90,62), (90,61), (90,60)|(90,60), (89,60), (89,61), (88,61)",
        "time": 19.06346510787452
    },
    "Uber_Train_Walk": {
        "cost": 23.079265804538867,
        "env_tax": 0.030000000000000006,
        "route": "(21,86), (21,87), (21,88), (21,89), (21,90), (20,90)|(20,90), (21,90), (22,90), (23,90), (24,90), (25,90), (26,90), (27,90), (28,90), (29,90), (30,90), (31,90), (32,90), (33,90), (34,90), (35,90), (36,90), (37,90), (38,90), (39,90), (40,90), (41,90), (42,90), (43,90), (44,90), (45,90), (46,90), (47,90), (48,90), (49,90), (50,90), (51,90), (52,90), (53,90), (54,90), (55,90), (56,90), (57,90), (58,90), (59,90), (60,90), (61,90), (62,90), (63,90), (64,90), (65,90), (66,90), (67,90), (68,90), (69,90), (70,90), (71,90), (72,90), (73,90), (74,90), (75,90), (76,90), (77,90), (78,90), (79,90), (80,90), (81,90), (82,90), (83,90), (84,90), (85,90), (86,90), (87,90), (88,90), (89,90), (90,90), (90,90), (90,89), (90,88), (90,87), (90,86), (90,85), (90,84), (90,83), (90,82), (90,81), (90,80), (90,79), (90,78), (90,77), (90,76), (90,75), (90,74), (90,73), (90,72), (90,71), (90,70), (90,69), (90,68), (90,67), (90,66), (90,65), (90,64), (90,63), (90,62), (90,61), (90,60)|(90,60), (89,60), (88,60), (88,60), (88,61)",
        "time": 242.75755645343042
    },
    "Walk": {
        "cost": 0,
        "env_tax": 0,
        "route": "(21,86), (22,86), (23,86), (24,86), (25,86), (26,86), (27,86), (28,86), (29,86), (30,86), (31,86), (32,86), (33,86), (34,86), (35,86), (36,86), (37,86), (38,86), (39,86), (40,86), (41,86), (42,86), (43,86), (44,86), (45,86), (46,86), (47,86), (48,86), (49,86), (50,86), (51,86), (52,86), (53,86), (54,86), (55,86), (56,86), (57,86), (58,86), (59,86), (60,86), (61,86), (62,86), (63,86), (64,86), (65,86), (66,86), (67,86), (68,86), (69,86), (70,86), (71,86), (72,86), (73,86), (74,86), (75,86), (76,86), (77,86), (78,86), (79,86), (80,86), (81,86), (82,86), (83,86), (84,86), (85,86), (86,86), (87,86), (88,86), (88,86), (88,85), (88,84), (88,83), (88,82), (88,81), (88,80), (88,79), (88,78), (88,77), (88,76), (88,75), (88,74), (88,73), (88,72), (88,71), (88,70), (88,69), (88,68), (88,67), (88,66), (88,65), (88,64), (88,63), (88,62), (88,61)",
        "time": 6859.937962300167
    },
    "Walk_Train_Uber": {
        "cost": 23.319425550944622,
        "env_tax": 0.020000000000000004,
        "route": "(21,86), (20,86), (20,86), (20,87), (20,88), (20,89), (20,90)|(20,90), (21,90), (22,90), (23,90), (24,90), (25,90), (26,90), (27,90), (28,90), (29,90), (30,90), (31,90), (32,90), (33,90), (34,90), (35,90), (36,90), (37,90), (38,90), (39,90), (40,90), (41,90), (42,90), (43,90), (44,90), (45,90), (46,90), (47,90), (48,90), (49,90), (50,90), (51,90), (52,90), (53,90), (54,90), (55,90), (56,90), (57,90), (58,90), (59,90), (60,90), (61,90), (62,90), (63,90), (64,90), (65,90), (66,90), (67,90), (68,90), (69,90), (70,90), (71,90), (72,90), (73,90), (74,90), (75,90), (76,90), (77,90), (78,90), (79,90), (80,90), (81,90), (82,90), (83,90), (84,90), (85,90), (86,90), (87,90), (88,90), (89,90), (90,90), (90,90), (90,89), (90,88), (90,87), (90,86), (90,85), (90,84), (90,83), (90,82), (90,81), (90,80), (90,79), (90,78), (90,77), (90,76), (90,75), (90,74), (90,73), (90,72), (90,71), (90,70), (90,69), (90,68), (90,67), (90,66), (90,65), (90,64), (90,63), (90,62), (90,61), (90,60)|(90,60), (89,60), (89,61), (88,61)",
        "time": 388.2949548387955
    },
    "Walk_Train_Walk": {
        "cost": 10.200000000000001,
        "env_tax": 0,
        "route": "(21,86), (20,86), (20,86), (20,87), (20,88), (20,89), (20,90)|(20,90), (21,90), (22,90), (23,90), (24,90), (25,90), (26,90), (27,90), (28,90), (29,90), (30,90), (31,90), (32,90), (33,90), (34,90), (35,90), (36,90), (37,90), (38,90), (39,90), (40,90), (41,90), (42,90), (43,90), (44,90), (45,90), (46,90), (47,90), (48,90), (49,90), (50,90), (51,90), (52,90), (53,90), (54,90), (55,90), (56,90), (57,90), (58,90), (59,90), (60,90), (61,90), (62,90), (63,90), (64,90), (65,90), (66,90), (67,90), (68,90), (69,90), (70,90), (71,90), (72,90), (73,90), (74,90), (75,90), (76,90), (77,90), (78,90), (79,90), (80,90), (81,90), (82,90), (83,90), (84,90), (85,90), (86,90), (87,90), (88,90), (89,90), (90,90), (90,90), (90,89), (90,88), (90,87), (90,86), (90,85), (90,84), (90,83), (90,82), (90,81), (90,80), (90,79), (90,78), (90,77), (90,76), (90,75), (90,74), (90,73), (90,72), (90,71), (90,70), (90,69), (90,68), (90,67), (90,66), (90,65), (90,64), (90,63), (90,62), (90,61), (90,60)|(90,60), (89,60), (88,60), (88,60), (88,61)",
        "time": 607.0551296046359
    }
}