{
    "Uber": {
        "cost": 26.589382906907474,
        "env_tax": 0.335,
        "route": "(93,41), (93,42), (93,43), (94,43), (95,43), (96,43), (96,44), (96,45), (96,46), (96,47), (96,48), (97,48), (97,49), (97,50), (97,51), (97,52), (98,52), (99,52), (99,53), (99,54), (99,55), (99,56), (99,57), (99,58), (99,59), (99,60), (99,61), (99,62), (99,63), (99,64), (99,65), (99,66), (99,67), (99,68), (99,69), (99,70), (99,71), (99,72), (99,73), (98,73), (98,74), (98,75), (97,75), (96,75), (96,76), (95,76), (94,76), (93,76), (92,76), (91,76), (90,76), (89,76), (88,76), (88,77), (87,77), (86,77), (85,77), (84,77), (83,77), (82,77), (81,77), (80,77), (79,77), (78,77), (77,77), (76,77), (75,77)",
        "time": 10.48202540560671
    },
    "Uber_Train_Uber": {
        "cost": 33.77584079133686,
        "env_tax": 0.07,
        "route": "(93,41), (92,41), (91,41), (90,41), (90,40)|(90,40), (89,40), (88,40), (87,40), (86,40), (85,40), (84,40), (83,40), (82,40), (81,40), (80,40), (79,40), (78,40), (77,40), (76,40), (75,40), (74,40), (73,40), (72,40), (71,40), (70,40), (70,40), (70,41), (70,42), (70,43), (70,44), (70,45), (70,46), (70,47), (70,48), (70,49), (70,50), (70,51), (70,52), (70,53), (70,54), (70,55), (70,56), (70,57), (70,58), (70,59), (70,60), (70,61), (70,62), (70,63), (70,64), (70,65), (70,66), (70,67), (70,68), (70,69), (70,70), (70,71), (70,72), (70,73), (70,74), (70,75), (70,76), (70,77), (70,78), (70,79), (70,80)|(70,80), (71,80), (72,80), (73,80), (73,79), (73,78), (74,78), (75,78), (75,77)",
        "time": 25.688792219706933
    },
    "Uber_Train_Walk": {
        "cost": 19.306179161225305,
        "env_tax": 0.025,
        "route": "(93,41), (92,41), (91,41), (90,41), (90,40)|(90,40), (89,40), (88,40), (87,40), (86,40), (85,40), (84,40), (83,40), (82,40), (81,40), (80,40), (79,40), (78,40), (77,40), (76,40), (75,40), (74,40), (73,40), (72,40), (71,40), (70,40), (70,40), (70,41), (70,42), (70,43), (70,44), (70,45), (70,46), (70,47), (70,48), (70,49), (70,50), (70,51), (70,52), (70,53), (70,54), (70,55), (70,56), (70,57), (70,58), (70,59), (70,60), (70,61), (70,62), (70,63), (70,64), (70,65), (70,66), (70,67), (70,68), (70,69), (70,70), (70,71), (70,72), (70,73), (70,74), (70,75), (70,76), (70,77), (70,78), (70,79), (70,80)|(70,80), (71,80), (72,80), (73,80), (74,80), (75,80), (75,80), (75,79), (75,78), (75,77)",
        "time": 608.3440439646905
    },
    "Walk": {
        "cost": 0,
        "env_tax": 0,
        "route": "(93,41), (92,41), (91,41), (90,41), (89,41), (88,41), (87,41), (86,41), (85,41), (84,41), (83,41), (82,41), (81,41), (80,41), (79,41), (78,41), (77,41), (76,41), (75,41), (75,41), (75,42), (75,43), (75,44), (75,45), (75,46), (75,47), (75,48), (75,49), (75,50), (75,51), (75,52), (75,53), (75,54), (75,55), (75,56), (75,57), (75,58), (75,59), (75,60), (75,61), (75,62), (75,63), (75,64), (75,65), (75,66), (75,67), (75,68), (75,69), (75,70), (75,71), (75,72), (75,73), (75,74), (75,75), (75,76), (75,77)",
        "time": 4026.485325697924
    },
    "Walk_Train_Uber": {
        "cost": 21.55367490979588,
        "env_tax": 0.045000000000000005,
        "route": "(93,41), (92,41), (91,41), (90,41), (90,41), (90,40)|(90,40), (89,40), (88,40), (87,40), (86,40), (85,40), (84,40), (83,40), (82,40), (81,40), (80,40), (79,40), (78,40), (77,40), (76,40), (75,40), (74,40), (73,40), (72,40), (71,40), (70,40), (70,40), (70,41), (70,42), (70,43), (70,44), (70,45), (70,46), (70,47), (70,48), (70,49), (70,50), (70,51), (70,52), (70,53), (70,54), (70,55), (70,56), (70,57), (70,58), (70,59), (70,60), (70,61), (70,62), (70,63), (70,64), (70,65), (70,66), (70,67), (70,68), (70,69), (70,70), (70,71), (70,72), (70,73), (70,74), (70,75), (70,76), (70,77), (70,78), (70,79), (70,80)|(70,80), (71,80), (72,80), (73,80), (73,79), (73,78), (74,78), (75,78), (75,77)",
        "time": 311.9193610534594
    },
    "Walk_Train_Walk": {
        "cost": 6.2,
        "env_tax": 0,
        "route": "(93,41), (92,41), (91,41), (90,41), (90,41), (90,40)|(90,40), (89,40), (88,40), (87,40), (86,40), (85,40), (84,40), (83,40), (82,40), (81,40), (80,40), (79,40), (78,40), (77,40), (76,40), (75,40), (74,40), (73,40), (72,40), (71,40), (70,40), (70,40), (70,41), (70,42), (70,43), (70,44), (70,45), (70,46), (70,47), (70,48), (70,49), (70,50), (70,51), (70,52), (70,53), (70,54), (70,55), (70,56), (70,57), (70,58), (70,59), (70,60), (70,61), (70,62), (70,63), (70,64), (70,65), (70,66), (70,67), (70,68), (70,69), (70,70), (70,71), (70,72), (70,73), (70,74), (70,75), (70,76), (70,77), (70,78), (70,79), (70,80)|(70,80), (71,80), (72,80), (73,80), (74,80), (75,80), (75,80), (75,79), (75,78), (75,77)",
        "time": 899.7372227517517
    }
}