{
    "Uber": {
        "cost": 26.23749853717237,
        "env_tax": 0.47500000000000003,
        "route": "(48,97), (49,97), (50,97), (51,97), (52,97), (52,98), (53,98), (54,98), (55,98), (56,98), (57,98), (58,98), (59,98), (60,98), (61,98), (62,98), (63,98), (64,98), (65,98), (66,98), (67,98), (68,98), (69,98), (70,98), (71,98), (72,98), (73,98), (74,98), (75,98), (76,98), (77,98), (78,98), (79,98), (80,98), (81,98), (81,97), (82,97), (83,97), (84,97), (85,97), (86,97), (87,97), (88,97), (89,97), (89,96), (90,96), (91,96), (92,96), (93,96), (93,95), (94,95), (95,95), (96,95), (96,94), (96,93), (96,92), (97,92), (97,91), (97,90), (97,89), (98,89), (98,88), (98,87), (98,86), (99,86), (99,85), (99,84), (99,83), (99,82), (99,81), (99,80), (99,79), (99,78), (99,77), (99,76), (99,75), (99,74), (99,73), (99,72), (99,71), (99,70), (99,69), (99,68), (99,67), (99,66), (99,65), (99,64), (99,63), (99,62), (99,61), (99,60), (99,59), (99,58), (99,57), (98,57)",
        "time": 8.797533217872106
    },
    "Uber_Train_Uber": {
        "cost": 36.10361911444651,
        "env_tax": 0.11000000000000001,
        "route": "(48,97), (48,96), (48,95), (49,95), (49,94), (49,93), (49,92), (50,92), (50,91), (50,90)|(50,90), (51,90), (52,90), (53,90), (54,90), (55,90), (56,90), (57,90), (58,90), (59,90), (60,90), (61,90), (62,90), (63,90), (64,90), (65,90), (66,90), (67,90), (68,90), (69,90), (70,90), (71,90), (72,90), (73,90), (74,90), (75,90), (76,90), (77,90), (78,90), (79,90), (80,90), (81,90), (82,90), (83,90), (84,90), (85,90), (86,90), (87,90), (88,90), (89,90), (90,90), (90,90), (90,89), (90,88), (90,87), (90,86), (90,85), (90,84), (90,83), (90,82), (90,81), (90,80), (90,79), (90,78), (90,77), (90,76), (90,75), (90,74), (90,73), (90,72), (90,71), (90,70), (90,69), (90,68), (90,67), (90,66), (90,65), (90,64), (90,63), (90,62), (90,61), (90,60)|(90,60), (91,60), (92,60), (92,59), (93,59), (93,58), (94,58), (94,57), (95,57), (96,57), (97,57), (98,57)",
        "time": 24.43345732655358
    },
    "Uber_Train_Walk": {
        "cost": 21.593983675123543,
        "env_tax": 0.05,
        "route": "(48,97), (48,96), (48,95), (49,95), (49,94), (49,93), (49,92), (50,92), (50,91), (50,90)|(50,90), (51,90), (52,90), (53,90), (54,90), (55,90), (56,90), (57,90), (58,90), (59,90), (60,90), (61,90), (62,90), (63,90), (64,90), (65,90), (66,90), (67,90), (68,90), (69,90), (70,90), (71,90), (72,90), (73,90), (74,90), (75,90), (76,90), (77,90), (78,90), (79,90), (80,90), (81,90), (82,90), (83,90), (84,90), (85,90), (86,90), (87,90), (88,90), (89,90), (90,90), (90,90), (90,89), (90,88), (90,87), (90,86), (90,85), (90,84), (90,83), (90,82), (90,81), (90,80), (90,79), (90,78), (90,77), (90,76), (90,75), (90,74), (90,73), (90,72), (90,71), (90,70), (90,69), (90,68), (90,67), (90,66), (90,65), (90,64), (90,63), (90,62), (90,61), (90,60)|(90,60), (91,60), (92,60), (93,60), (94,60), (95,60), (96,60), (97,60), (98,60), (98,60), (98,59), (98,58), (98,57)",
        "time": 835.7020708426522
    },
    "Walk": {
        "cost": 0,
        "env_tax": 0,
        "route": "(48,97), (49,97), (50,97), (51,97), (52,97), (53,97), (54,97), (55,97), (56,97), (57,97), (58,97), (59,97), (60,97), (61,97), (62,97), (63,97), (64,97), (65,97), (66,97), (67,97), (68,97), (69,97), (70,97), (71,97), (72,97), (73,97), (74,97), (75,97), (76,97), (77,97), (78,97), (79,97), (80,97), (81,97), (82,97), (83,97), (84,97), (85,97), (86,97), (87,97), (88,97), (89,97), (90,97), (91,97), (92,97), (93,97), (94,97), (95,97), (96,97), (97,97), (98,97), (98,97), (98,96), (98,95), (98,94), (98,93), (98,92), (98,91), (98,90), (98,89), (98,88), (98,87), (98,86), (98,85), (98,84), (98,83), (98,82), (98,81), (98,80), (98,79), (98,78), (98,77), (98,76), (98,75), (98,74), (98,73), (98,72), (98,71), (98,70), (98,69), (98,68), (98,67), (98,66), (98,65), (98,64), (98,63), (98,62), (98,61), (98,60), (98,59), (98,58), (98,57)",
        "time": 6710.808876163206
    },
    "Walk_Train_Uber": {
        "cost": 22.118207084990193,
        "env_tax": 0.06000000000000001,
        "route": "(48,97), (49,97), (50,97), (50,97), (50,96), (50,95), (50,94), (50,93), (50,92), (50,91), (50,90)|(50,90), (51,90), (52,90), (53,90), (54,90), (55,90), (56,90), (57,90), (58,90), (59,90), (60,90), (61,90), (62,90), (63,90), (64,90), (65,90), (66,90), (67,90), (68,90), (69,90), (70,90), (71,90), (72,90), (73,90), (74,90), (75,90), (76,90), (77,90), (78,90), (79,90), (80,90), (81,90), (82,90), (83,90), (84,90), (85,90), (86,90), (87,90), (88,90), (89,90), (90,90), (90,90), (90,89), (90,88), (90,87), (90,86), (90,85), (90,84), (90,83), (90,82), (90,81), (90,80), (90,79), (90,78), (90,77), (90,76), (90,75), (90,74), (90,73), (90,72), (90,71), (90,70), (90,69), (90,68), (90,67), (90,66), (90,65), (90,64), (90,63), (90,62), (90,61), (90,60)|(90,60), (91,60), (92,60), (92,59), (93,59), (93,58), (94,58), (94,57), (95,57), (96,57), (97,57), (98,57)",
        "time": 688.4952981964594
    },
    "Walk_Train_Walk": {
        "cost": 7.2,
        "env_tax": 0,
        "route": "(48,97), (49,97), (50,97), (50,97), (50,96), (50,95), (50,94), (50,93), (50,92), (50,91), (50,90)|(50,90), (51,90), (52,90), (53,90), (54,90), (55,90), (56,90), (57,90), (58,90), (59,90), (60,90), (61,90), (62,90), (63,90), (64,90), (65,90), (66,90), (67,90), (68,90), (69,90), (70,90), (71,90), (72,90), (73,90), (74,90), (75,90), (76,90), (77,90), (78,90), (79,90), (80,90), (81,90), (82,90), (83,90), (84,90), (85,90), (86,90), (87,90), (88,90), (89,90), (90,90), (90,90), (90,89), (90,88), (90,87), (90,86), (90,85), (90,84), (90,83), (90,82), (90,81), (90,80), (90,79), (90,78), (90,77), (90,76), (90,75), (90,74), (90,73), (90,72), (90,71), (90,70), (90,69), (90,68), (90,67), (90,66), (90,65), (90,64), (90,63), (90,62), (90,61), (90,60)|(90,60), (91,60), (92,60), (93,60), (94,60), (95,60), (96,60), (97,60), (98,60), (98,60), (98,59), (98,58), (98,57)",
        "time": 1499.1230057262992
    }
}