{
    "Uber": {
        "cost": 31.257553247398913,
        "env_tax": 0.27,
        "route": "(76,31), (77,31), (78,31), (79,31), (80,31), (81,31), (82,31), (83,31), (84,31), (85,31), (86,31), (87,31), (87,32), (87,33), (87,34), (87,35), (87,36), (87,37), (87,38), (87,39), (87,40), (87,41), (87,42), (87,43), (87,44), (87,45), (87,46), (87,47), (87,48), (87,49), (87,50), (87,51), (87,52), (87,53), (87,54), (88,54), (88,55), (88,56), (88,57), (88,58), (88,59), (88,60), (88,61), (88,62), (87,62), (87,63), (87,64), (86,64), (86,65), (85,65), (84,65), (83,65), (82,65), (81,65)",
        "time": 11.574690757394135
    },
    "Uber_Train_Uber": {
        "cost": 31.417832657268857,
        "env_tax": 0.065,
        "route": "(76,31), (76,30), (77,30), (78,30), (79,30), (80,30)|(80,30), (80,30), (80,31), (80,32), (80,33), (80,34), (80,35), (80,36), (80,37), (80,38), (80,39), (80,40), (80,41), (80,42), (80,43), (80,44), (80,45), (80,46), (80,47), (80,48), (80,49), (80,50), (80,51), (80,52), (80,53), (80,54), (80,55), (80,56), (80,57), (80,58), (80,59), (80,60)|(80,60), (80,61), (80,62), (80,63), (80,64), (80,65), (81,65)",
        "time": 21.02307200699372
    },
    "Uber_Train_Walk": {
        "cost": 16.995088106271727,
        "env_tax": 0.030000000000000006,
        "route": "(76,31), (76,30), (77,30), (78,30), (79,30), (80,30)|(80,30), (80,30), (80,31), (80,32), (80,33), (80,34), (80,35), (80,36), (80,37), (80,38), (80,39), (80,40), (80,41), (80,42), (80,43), (80,44), (80,45), (80,46), (80,47), (80,48), (80,49), (80,50), (80,51), (80,52), (80,53), (80,54), (80,55), (80,56), (80,57), (80,58), (80,59), (80,60)|(80,60), (81,60), (81,60), (81,61), (81,62), (81,63), (81,64), (81,65)",
        "time": 461.09954677030925
    },
    "Walk": {
        "cost": 0,
        "env_tax": 0,
        "route": "(76,31), (77,31), (78,31), (79,31), (80,31), (81,31), (81,31), (81,32), (81,33), (81,34), (81,35), (81,36), (81,37), (81,38), (81,39), (81,40), (81,41), (81,42), (81,43), (81,44), (81,45), (81,46), (81,47), (81,48), (81,49), (81,50), (81,51), (81,52), (81,53), (81,54), (81,55), (81,56), (81,57), (81,58), (81,59), (81,60), (81,61), (81,62), (81,63), (81,64), (81,65)",
        "time": 2908.0171796707227
    },
    "Walk_Train_Uber": {
        "cost": 18.39318505119364,
        "env_tax": 0.035,
        "route": "(76,31), (77,31), (78,31), (79,31), (80,31), (80,31), (80,30)|(80,30), (80,30), (80,31), (80,32), (80,33), (80,34), (80,35), (80,36), (80,37), (80,38), (80,39), (80,40), (80,41), (80,42), (80,43), (80,44), (80,45), (80,46), (80,47), (80,48), (80,49), (80,50), (80,51), (80,52), (80,53), (80,54), (80,55), (80,56), (80,57), (80,58), (80,59), (80,60)|(80,60), (80,61), (80,62), (80,63), (80,64), (80,65), (81,65)",
        "time": 388.23081412924216
    },
    "Walk_Train_Walk": {
        "cost": 3.2,
        "env_tax": 0,
        "route": "(76,31), (77,31), (78,31), (79,31), (80,31), (80,31), (80,30)|(80,30), (80,30), (80,31), (80,32), (80,33), (80,34), (80,35), (80,36), (80,37), (80,38), (80,39), (80,40), (80,41), (80,42), (80,43), (80,44), (80,45), (80,46), (80,47), (80,48), (80,49), (80,50), (80,51), (80,52), (80,53), (80,54), (80,55), (80,56), (80,57), (80,58), (80,59), (80,60)|(80,60), (81,60), (81,60), (81,61), (81,62), (81,63), (81,64), (81,65)",
        "time": 828.6776613463659
    }
}