{
    "Uber": {
        "cost": 21.943936591344595,
        "env_tax": 0.16000000000000003,
        "route": "(42,91), (43,91), (44,91), (45,91), (46,91), (47,91), (48,91), (49,91), (50,91), (51,91), (52,91), (52,90), (53,90), (54,90), (55,90), (56,90), (57,90), (58,90), (59,90), (59,89), (60,89), (61,89), (62,89), (63,89), (63,88), (63,87), (63,86), (63,85), (63,84), (64,84), (64,83), (65,83)",
        "time": 11.688080463313016
    },
    "Uber_Train_Uber": {
        "cost": 32.4123395970244,
        "env_tax": 0.065,
        "route": "(42,91), (41,91), (41,90), (40,90)|(40,90), (41,90), (42,90), (43,90), (44,90), (45,90), (46,90), (47,90), (48,90), (49,90), (50,90), (51,90), (52,90), (53,90), (54,90), (55,90), (56,90), (57,90), (58,90), (59,90), (60,90), (60,90), (60,89), (60,88), (60,87), (60,86), (60,85), (60,84), (60,83), (60,82), (60,81), (60,80)|(60,80), (60,81), (60,82), (60,83), (61,83), (62,83), (63,83), (64,83), (65,83)",
        "time": 23.94747421229917
    },
    "Uber_Train_Walk": {
        "cost": 15.901397037000201,
        "env_tax": 0.020000000000000004,
        "route": "(42,91), (41,91), (41,90), (40,90)|(40,90), (41,90), (42,90), (43,90), (44,90), (45,90), (46,90), (47,90), (48,90), (49,90), (50,90), (51,90), (52,90), (53,90), (54,90), (55,90), (56,90), (57,90), (58,90), (59,90), (60,90), (60,90), (60,89), (60,88), (60,87), (60,86), (60,85), (60,84), (60,83), (60,82), (60,81), (60,80)|(60,80), (61,80), (62,80), (63,80), (64,80), (65,80), (65,80), (65,81), (65,82), (65,83)",
        "time": 610.22862322085
    },
    "Walk": {
        "cost": 0,
        "env_tax": 0,
        "route": "(42,91), (43,91), (44,91), (45,91), (46,91), (47,91), (48,91), (49,91), (50,91), (51,91), (52,91), (53,91), (54,91), (55,91), (56,91), (57,91), (58,91), (59,91), (60,91), (61,91), (62,91), (63,91), (64,91), (65,91), (65,91), (65,90), (65,89), (65,88), (65,87), (65,86), (65,85), (65,84), (65,83)",
        "time": 2311.500835122882
    },
    "Walk_Train_Uber": {
        "cost": 18.350857261159412,
        "env_tax": 0.045000000000000005,
        "route": "(42,91), (41,91), (40,91), (40,91), (40,90)|(40,90), (41,90), (42,90), (43,90), (44,90), (45,90), (46,90), (47,90), (48,90), (49,90), (50,90), (51,90), (52,90), (53,90), (54,90), (55,90), (56,90), (57,90), (58,90), (59,90), (60,90), (60,90), (60,89), (60,88), (60,87), (60,86), (60,85), (60,84), (60,83), (60,82), (60,81), (60,80)|(60,80), (60,81), (60,82), (60,83), (61,83), (62,83), (63,83), (64,83), (65,83)",
        "time": 245.42044391122025
    },
    "Walk_Train_Walk": {
        "cost": 3.2,
        "env_tax": 0,
        "route": "(42,91), (41,91), (40,91), (40,91), (40,90)|(40,90), (41,90), (42,90), (43,90), (44,90), (45,90), (46,90), (47,90), (48,90), (49,90), (50,90), (51,90), (52,90), (53,90), (54,90), (55,90), (56,90), (57,90), (58,90), (59,90), (60,90), (60,90), (60,89), (60,88), (60,87), (60,86), (60,85), (60,84), (60,83), (60,82), (60,81), (60,80)|(60,80), (61,80), (62,80), (63,80), (64,80), (65,80), (65,80), (65,81), (65,82), (65,83)",
        "time": 826.328636047143
    }
}