{
    "Uber": {
        "cost": 67.71151400089245,
        "env_tax": 0.7550000000000001,
        "route": "(64,74), (64,75), (64,76), (63,76), (63,77), (62,77), (61,77), (60,77), (60,78), (60,79), (60,80), (59,80), (58,80), (57,80), (56,80), (55,80), (54,80), (53,80), (52,80), (51,80), (50,80), (49,80), (48,80), (47,80), (46,80), (45,80), (44,80), (43,80), (42,80), (41,80), (40,80), (39,80), (38,80), (37,80), (37,79), (36,79), (35,79), (34,79), (33,79), (32,79), (31,79), (30,79), (29,79), (29,78), (29,77), (29,76), (29,75), (28,75), (28,74), (27,74), (27,73), (26,73), (25,73), (25,72), (25,71), (25,70), (25,69), (24,69), (24,68), (23,68), (22,68), (21,68), (20,68), (20,67), (19,67), (19,66), (18,66), (18,65), (18,64), (17,64), (17,63), (17,62), (16,62), (15,62), (15,61), (14,61), (14,60), (14,59), (14,58), (13,58), (13,57), (13,56), (12,56), (12,55), (11,55), (10,55), (10,54), (9,54), (8,54), (8,53), (8,52), (8,51), (7,51), (7,50), (6,50), (6,49), (5,49), (4,49), (4,48), (4,47), (4,46), (4,45), (3,45), (2,45), (1,45), (1,44), (1,43), (1,42), (1,41), (0,41), (0,40), (0,39), (0,38), (0,37), (0,36), (0,35), (0,34), (0,33), (0,32), (0,31), (0,30), (0,29), (0,28), (0,27), (0,26), (0,25), (0,24), (0,23), (0,22), (0,21), (0,20), (0,19), (0,18), (1,18), (2,18), (2,17), (2,16), (3,16), (3,15), (4,15), (5,15), (6,15), (7,15), (7,14), (7,13), (7,12), (7,11), (8,11), (8,10), (9,10), (10,10)",
        "time": 23.39478027991676
    },
    "Uber_Train_Uber": {
        "cost": 40.826051283230406,
        "env_tax": 0.05,
        "route": "(64,74), (63,74), (62,74), (61,74), (60,74), (60,73), (60,72), (60,71), (60,70)|(60,70), (59,70), (58,70), (57,70), (56,70), (55,70), (54,70), (53,70), (52,70), (51,70), (50,70), (49,70), (48,70), (47,70), (46,70), (45,70), (44,70), (43,70), (42,70), (41,70), (40,70), (39,70), (38,70), (37,70), (36,70), (35,70), (34,70), (33,70), (32,70), (31,70), (30,70), (29,70), (28,70), (27,70), (26,70), (25,70), (24,70), (23,70), (22,70), (21,70), (20,70), (19,70), (18,70), (17,70), (16,70), (15,70), (14,70), (13,70), (12,70), (11,70), (10,70), (10,70), (10,69), (10,68), (10,67), (10,66), (10,65), (10,64), (10,63), (10,62), (10,61), (10,60), (10,59), (10,58), (10,57), (10,56), (10,55), (10,54), (10,53), (10,52), (10,51), (10,50), (10,49), (10,48), (10,47), (10,46), (10,45), (10,44), (10,43), (10,42), (10,41), (10,40), (10,39), (10,38), (10,37), (10,36), (10,35), (10,34), (10,33), (10,32), (10,31), (10,30), (10,29), (10,28), (10,27), (10,26), (10,25), (10,24), (10,23), (10,22), (10,21), (10,20), (10,19), (10,18), (10,17), (10,16), (10,15), (10,14), (10,13), (10,12), (10,11), (10,10)|(10,10)",
        "time": 24.356086177273617
    },
    "Uber_Train_Walk": {
        "cost": 29.069235223788745,
        "env_tax": 0.045000000000000005,
        "route": "(64,74), (63,74), (62,74), (61,74), (60,74), (60,73), (60,72), (60,71), (60,70)|(60,70), (59,70), (58,70), (57,70), (56,70), (55,70), (54,70), (53,70), (52,70), (51,70), (50,70), (49,70), (48,70), (47,70), (46,70), (45,70), (44,70), (43,70), (42,70), (41,70), (40,70), (39,70), (38,70), (37,70), (36,70), (35,70), (34,70), (33,70), (32,70), (31,70), (30,70), (29,70), (28,70), (27,70), (26,70), (25,70), (24,70), (23,70), (22,70), (21,70), (20,70), (19,70), (18,70), (17,70), (16,70), (15,70), (14,70), (13,70), (12,70), (11,70), (10,70), (10,70), (10,69), (10,68), (10,67), (10,66), (10,65), (10,64), (10,63), (10,62), (10,61), (10,60), (10,59), (10,58), (10,57), (10,56), (10,55), (10,54), (10,53), (10,52), (10,51), (10,50), (10,49), (10,48), (10,47), (10,46), (10,45), (10,44), (10,43), (10,42), (10,41), (10,40), (10,39), (10,38), (10,37), (10,36), (10,35), (10,34), (10,33), (10,32), (10,31), (10,30), (10,29), (10,28), (10,27), (10,26), (10,25), (10,24), (10,23), (10,22), (10,21), (10,20), (10,19), (10,18), (10,17), (10,16), (10,15), (10,14), (10,13), (10,12), (10,11), (10,10)|(10,10), (10,10)",
        "time": 13.997357956467313
    },
    "Walk": {
        "cost": 0,
        "env_tax": 0,
        "route": "(64,74), (63,74), (62,74), (61,74), (60,74), (59,74), (58,74), (57,74), (56,74), (55,74), (54,74), (53,74), (52,74), (51,74), (50,74), (49,74), (48,74), (47,74), (46,74), (45,74), (44,74), (43,74), (42,74), (41,74), (40,74), (39,74), (38,74), (37,74), (36,74), (35,74), (34,74), (33,74), (32,74), (31,74), (30,74), (29,74), (28,74), (27,74), (26,74), (25,74), (24,74), (23,74), (22,74), (21,74), (20,74), (19,74), (18,74), (17,74), (16,74), (15,74), (14,74), (13,74), (12,74), (11,74), (10,74), (10,74), (10,73), (10,72), (10,71), (10,70), (10,69), (10,68), (10,67), (10,66), (10,65), (10,64), (10,63), (10,62), (10,61), (10,60), (10,59), (10,58), (10,57), (10,56), (10,55), (10,54), (10,53), (10,52), (10,51), (10,50), (10,49), (10,48), (10,47), (10,46), (10,45), (10,44), (10,43), (10,42), (10,41), (10,40), (10,39), (10,38), (10,37), (10,36), (10,35), (10,34), (10,33), (10,32), (10,31), (10,30), (10,29), (10,28), (10,27), (10,26), (10,25), (10,24), (10,23), (10,22), (10,21), (10,20), (10,19), (10,18), (10,17), (10,16), (10,15), (10,14), (10,13), (10,12), (10,11), (10,10)",
        "time": 8798.616082080649
    },
    "Walk_Train_Uber": {
        "cost": 23.055000000000003,
        "env_tax": 0.005000000000000001,
        "route": "(64,74), (63,74), (62,74), (61,74), (60,74), (60,74), (60,73), (60,72), (60,71), (60,70)|(60,70), (59,70), (58,70), (57,70), (56,70), (55,70), (54,70), (53,70), (52,70), (51,70), (50,70), (49,70), (48,70), (47,70), (46,70), (45,70), (44,70), (43,70), (42,70), (41,70), (40,70), (39,70), (38,70), (37,70), (36,70), (35,70), (34,70), (33,70), (32,70), (31,70), (30,70), (29,70), (28,70), (27,70), (26,70), (25,70), (24,70), (23,70), (22,70), (21,70), (20,70), (19,70), (18,70), (17,70), (16,70), (15,70), (14,70), (13,70), (12,70), (11,70), (10,70), (10,70), (10,69), (10,68), (10,67), (10,66), (10,65), (10,64), (10,63), (10,62), (10,61), (10,60), (10,59), (10,58), (10,57), (10,56), (10,55), (10,54), (10,53), (10,52), (10,51), (10,50), (10,49), (10,48), (10,47), (10,46), (10,45), (10,44), (10,43), (10,42), (10,41), (10,40), (10,39), (10,38), (10,37), (10,36), (10,35), (10,34), (10,33), (10,32), (10,31), (10,30), (10,29), (10,28), (10,27), (10,26), (10,25), (10,24), (10,23), (10,22), (10,21), (10,20), (10,19), (10,18), (10,17), (10,16), (10,15), (10,14), (10,13), (10,12), (10,11), (10,10)|(10,10)",
        "time": 608.0003116994053
    },
    "Walk_Train_Walk": {
        "cost": 11.200000000000001,
        "env_tax": 0,
        "route": "(64,74), (63,74), (62,74), (61,74), (60,74), (60,74), (60,73), (60,72), (60,71), (60,70)|(60,70), (59,70), (58,70), (57,70), (56,70), (55,70), (54,70), (53,70), (52,70), (51,70), (50,70), (49,70), (48,70), (47,70), (46,70), (45,70), (44,70), (43,70), (42,70), (41,70), (40,70), (39,70), (38,70), (37,70), (36,70), (35,70), (34,70), (33,70), (32,70), (31,70), (30,70), (29,70), (28,70), (27,70), (26,70), (25,70), (24,70), (23,70), (22,70), (21,70), (20,70), (19,70), (18,70), (17,70), (16,70), (15,70), (14,70), (13,70), (12,70), (11,70), (10,70), (10,70), (10,69), (10,68), (10,67), (10,66), (10,65), (10,64), (10,63), (10,62), (10,61), (10,60), (10,59), (10,58), (10,57), (10,56), (10,55), (10,54), (10,53), (10,52), (10,51), (10,50), (10,49), (10,48), (10,47), (10,46), (10,45), (10,44), (10,43), (10,42), (10,41), (10,40), (10,39), (10,38), (10,37), (10,36), (10,35), (10,34), (10,33), (10,32), (10,31), (10,30), (10,29), (10,28), (10,27), (10,26), (10,25), (10,24), (10,23), (10,22), (10,21), (10,20), (10,19), (10,18), (10,17), (10,16), (10,15), (10,14), (10,13), (10,12), (10,11), (10,10)|(10,10), (10,10)",
        "time": 604.4304354640997
    }
}