{
    "Uber": {
        "cost": 32.502268464919,
        "env_tax": 0.14500000000000002,
        "route": "(24,28), (24,29), (24,30), (25,30), (26,30), (27,30), (28,30), (29,30), (30,30), (30,31), (31,31), (32,31), (33,31), (34,31), (34,32), (35,32), (36,32), (37,32), (38,32), (39,32), (40,32), (41,32), (42,32), (42,33), (42,34), (42,35), (42,36), (43,36), (43,37)",
        "time": 12.647711997023679
    },
    "Uber_Train_Uber": {
        "cost": 36.37678748335161,
        "env_tax": 0.07,
        "route": "(24,28), (24,29), (23,29), (22,29), (21,29), (20,29), (20,30)|(20,30), (21,30), (22,30), (23,30), (24,30), (25,30), (26,30), (27,30), (28,30), (29,30), (30,30), (31,30), (32,30), (33,30), (34,30), (35,30), (36,30), (37,30), (38,30), (39,30), (40,30), (40,30), (40,31), (40,32), (40,33), (40,34), (40,35), (40,36), (40,37), (40,38), (40,39), (40,40)|(40,40), (40,39), (41,39), (41,38), (42,38), (43,38), (43,37)",
        "time": 21.49395591680961
    },
    "Uber_Train_Walk": {
        "cost": 17.756939794388735,
        "env_tax": 0.035,
        "route": "(24,28), (24,29), (23,29), (22,29), (21,29), (20,29), (20,30)|(20,30), (21,30), (22,30), (23,30), (24,30), (25,30), (26,30), (27,30), (28,30), (29,30), (30,30), (31,30), (32,30), (33,30), (34,30), (35,30), (36,30), (37,30), (38,30), (39,30), (40,30), (40,30), (40,31), (40,32), (40,33), (40,34), (40,35), (40,36), (40,37), (40,38), (40,39), (40,40)|(40,40), (41,40), (42,40), (43,40), (43,40), (43,39), (43,38), (43,37)",
        "time": 461.6898658046572
    },
    "Walk": {
        "cost": 0,
        "env_tax": 0,
        "route": "(24,28), (25,28), (26,28), (27,28), (28,28), (29,28), (30,28), (31,28), (32,28), (33,28), (34,28), (35,28), (36,28), (37,28), (38,28), (39,28), (40,28), (41,28), (42,28), (43,28), (43,28), (43,29), (43,30), (43,31), (43,32), (43,33), (43,34), (43,35), (43,36), (43,37)",
        "time": 2087.807205917442
    },
    "Walk_Train_Uber": {
        "cost": 21.042845003842523,
        "env_tax": 0.035,
        "route": "(24,28), (23,28), (22,28), (21,28), (20,28), (20,28), (20,29), (20,30)|(20,30), (21,30), (22,30), (23,30), (24,30), (25,30), (26,30), (27,30), (28,30), (29,30), (30,30), (31,30), (32,30), (33,30), (34,30), (35,30), (36,30), (37,30), (38,30), (39,30), (40,30), (40,30), (40,31), (40,32), (40,33), (40,34), (40,35), (40,36), (40,37), (40,38), (40,39), (40,40)|(40,40), (40,39), (41,39), (41,38), (42,38), (43,38), (43,37)",
        "time": 463.8177481781237
    },
    "Walk_Train_Walk": {
        "cost": 3.2,
        "env_tax": 0,
        "route": "(24,28), (23,28), (22,28), (21,28), (20,28), (20,28), (20,29), (20,30)|(20,30), (21,30), (22,30), (23,30), (24,30), (25,30), (26,30), (27,30), (28,30), (29,30), (30,30), (31,30), (32,30), (33,30), (34,30), (35,30), (36,30), (37,30), (38,30), (39,30), (40,30), (40,30), (40,31), (40,32), (40,33), (40,34), (40,35), (40,36), (40,37), (40,38), (40,39), (40,40)|(40,40), (41,40), (42,40), (43,40), (43,40), (43,39), (43,38), (43,37)",
        "time": 903.9051446851391
    }
}