{
    "Uber": {
        "cost": 48.65324875137873,
        "env_tax": 0.52,
        "route": "(43,94), (44,94), (45,94), (45,95), (46,95), (47,95), (48,95), (49,95), (50,95), (51,95), (52,95), (53,95), (53,96), (54,96), (55,96), (56,96), (57,96), (58,96), (59,96), (60,96), (60,97), (61,97), (62,97), (62,98), (63,98), (64,98), (65,98), (66,98), (67,98), (68,98), (69,98), (70,98), (71,98), (72,98), (73,98), (74,98), (75,98), (75,97), (75,96), (76,96), (76,95), (76,94), (76,93), (76,92), (77,92), (78,92), (78,91), (79,91), (79,90), (79,89), (79,88), (79,87), (79,86), (80,86), (80,85), (80,84), (80,83), (80,82), (80,81), (80,80), (80,79), (80,78), (80,77), (80,76), (80,75), (80,74), (80,73), (80,72), (80,71), (80,70), (80,69), (80,68), (80,67), (80,66), (80,65), (80,64), (80,63), (80,62), (80,61), (80,60), (80,59), (80,58), (80,57), (80,56), (80,55), (80,54), (80,53), (80,52), (79,52), (79,51), (78,51), (78,50), (78,49), (77,49), (77,48), (77,47), (76,47), (75,47), (74,47), (73,47), (72,47), (72,46), (71,46), (71,45)",
        "time": 18.315698167239645
    },
    "Uber_Train_Uber": {
        "cost": 38.3909297749354,
        "env_tax": 0.07500000000000001,
        "route": "(43,94), (42,94), (42,93), (41,93), (41,92), (40,92), (40,91), (40,90)|(40,90), (41,90), (42,90), (43,90), (44,90), (45,90), (46,90), (47,90), (48,90), (49,90), (50,90), (51,90), (52,90), (53,90), (54,90), (55,90), (56,90), (57,90), (58,90), (59,90), (60,90), (61,90), (62,90), (63,90), (64,90), (65,90), (66,90), (67,90), (68,90), (69,90), (70,90), (70,90), (70,89), (70,88), (70,87), (70,86), (70,85), (70,84), (70,83), (70,82), (70,81), (70,80), (70,79), (70,78), (70,77), (70,76), (70,75), (70,74), (70,73), (70,72), (70,71), (70,70), (70,69), (70,68), (70,67), (70,66), (70,65), (70,64), (70,63), (70,62), (70,61), (70,60), (70,59), (70,58), (70,57), (70,56), (70,55), (70,54), (70,53), (70,52), (70,51), (70,50), (70,49), (70,48), (70,47), (70,46), (70,45), (70,44), (70,43), (70,42), (70,41), (70,40)|(70,40), (70,41), (70,42), (70,43), (70,44), (70,45), (71,45)",
        "time": 23.79256256324196
    },
    "Uber_Train_Walk": {
        "cost": 22.095747330502668,
        "env_tax": 0.04000000000000001,
        "route": "(43,94), (42,94), (42,93), (41,93), (41,92), (40,92), (40,91), (40,90)|(40,90), (41,90), (42,90), (43,90), (44,90), (45,90), (46,90), (47,90), (48,90), (49,90), (50,90), (51,90), (52,90), (53,90), (54,90), (55,90), (56,90), (57,90), (58,90), (59,90), (60,90), (61,90), (62,90), (63,90), (64,90), (65,90), (66,90), (67,90), (68,90), (69,90), (70,90), (70,90), (70,89), (70,88), (70,87), (70,86), (70,85), (70,84), (70,83), (70,82), (70,81), (70,80), (70,79), (70,78), (70,77), (70,76), (70,75), (70,74), (70,73), (70,72), (70,71), (70,70), (70,69), (70,68), (70,67), (70,66), (70,65), (70,64), (70,63), (70,62), (70,61), (70,60), (70,59), (70,58), (70,57), (70,56), (70,55), (70,54), (70,53), (70,52), (70,51), (70,50), (70,49), (70,48), (70,47), (70,46), (70,45), (70,44), (70,43), (70,42), (70,41), (70,40)|(70,40), (71,40), (71,40), (71,41), (71,42), (71,43), (71,44), (71,45)",
        "time": 462.1499170431802
    },
    "Walk": {
        "cost": 0,
        "env_tax": 0,
        "route": "(43,94), (44,94), (45,94), (46,94), (47,94), (48,94), (49,94), (50,94), (51,94), (52,94), (53,94), (54,94), (55,94), (56,94), (57,94), (58,94), (59,94), (60,94), (61,94), (62,94), (63,94), (64,94), (65,94), (66,94), (67,94), (68,94), (69,94), (70,94), (71,94), (71,94), (71,93), (71,92), (71,91), (71,90), (71,89), (71,88), (71,87), (71,86), (71,85), (71,84), (71,83), (71,82), (71,81), (71,80), (71,79), (71,78), (71,77), (71,76), (71,75), (71,74), (71,73), (71,72), (71,71), (71,70), (71,69), (71,68), (71,67), (71,66), (71,65), (71,64), (71,63), (71,62), (71,61), (71,60), (71,59), (71,58), (71,57), (71,56), (71,55), (71,54), (71,53), (71,52), (71,51), (71,50), (71,49), (71,48), (71,47), (71,46), (71,45)",
        "time": 5741.4698162729655
    },
    "Walk_Train_Uber": {
        "cost": 25.144488289796815,
        "env_tax": 0.035,
        "route": "(43,94), (42,94), (41,94), (40,94), (40,94), (40,93), (40,92), (40,91), (40,90)|(40,90), (41,90), (42,90), (43,90), (44,90), (45,90), (46,90), (47,90), (48,90), (49,90), (50,90), (51,90), (52,90), (53,90), (54,90), (55,90), (56,90), (57,90), (58,90), (59,90), (60,90), (61,90), (62,90), (63,90), (64,90), (65,90), (66,90), (67,90), (68,90), (69,90), (70,90), (70,90), (70,89), (70,88), (70,87), (70,86), (70,85), (70,84), (70,83), (70,82), (70,81), (70,80), (70,79), (70,78), (70,77), (70,76), (70,75), (70,74), (70,73), (70,72), (70,71), (70,70), (70,69), (70,68), (70,67), (70,66), (70,65), (70,64), (70,63), (70,62), (70,61), (70,60), (70,59), (70,58), (70,57), (70,56), (70,55), (70,54), (70,53), (70,52), (70,51), (70,50), (70,49), (70,48), (70,47), (70,46), (70,45), (70,44), (70,43), (70,42), (70,41), (70,40)|(70,40), (70,41), (70,42), (70,43), (70,44), (70,45), (71,45)",
        "time": 538.0365241819668
    },
    "Walk_Train_Walk": {
        "cost": 8.200000000000001,
        "env_tax": 0,
        "route": "(43,94), (42,94), (41,94), (40,94), (40,94), (40,93), (40,92), (40,91), (40,90)|(40,90), (41,90), (42,90), (43,90), (44,90), (45,90), (46,90), (47,90), (48,90), (49,90), (50,90), (51,90), (52,90), (53,90), (54,90), (55,90), (56,90), (57,90), (58,90), (59,90), (60,90), (61,90), (62,90), (63,90), (64,90), (65,90), (66,90), (67,90), (68,90), (69,90), (70,90), (70,90), (70,89), (70,88), (70,87), (70,86), (70,85), (70,84), (70,83), (70,82), (70,81), (70,80), (70,79), (70,78), (70,77), (70,76), (70,75), (70,74), (70,73), (70,72), (70,71), (70,70), (70,69), (70,68), (70,67), (70,66), (70,65), (70,64), (70,63), (70,62), (70,61), (70,60), (70,59), (70,58), (70,57), (70,56), (70,55), (70,54), (70,53), (70,52), (70,51), (70,50), (70,49), (70,48), (70,47), (70,46), (70,45), (70,44), (70,43), (70,42), (70,41), (70,40)|(70,40), (71,40), (71,40), (71,41), (71,42), (71,43), (71,44), (71,45)",
        "time": 976.4483963479411
    }
}