{
    "Uber": {
        "cost": 35.29784306406176,
        "env_tax": 0.21000000000000002,
        "route": "(66,30), (66,29), (66,28), (65,28), (65,27), (65,26), (64,26), (64,25), (64,24), (63,24), (63,23), (62,23), (62,22), (61,22), (60,22), (59,22), (59,21), (59,20), (58,20), (58,19), (57,19), (56,19), (56,18), (55,18), (55,17), (55,16), (54,16), (53,16), (53,15), (52,15), (51,15), (50,15), (49,15), (48,15), (48,14), (47,14), (46,14), (45,14), (44,14), (43,14), (42,14), (42,15)",
        "time": 13.605159645278494
    },
    "Uber_Train_Uber": {
        "cost": 33.875131816206306,
        "env_tax": 0.065,
        "route": "(66,30), (67,30), (68,30), (69,30), (70,30)|(70,30), (69,30), (68,30), (67,30), (66,30), (65,30), (64,30), (63,30), (62,30), (61,30), (60,30), (59,30), (58,30), (57,30), (56,30), (55,30), (54,30), (53,30), (52,30), (51,30), (50,30), (49,30), (48,30), (47,30), (46,30), (45,30), (44,30), (43,30), (42,30), (41,30), (40,30), (40,30), (40,29), (40,28), (40,27), (40,26), (40,25), (40,24), (40,23), (40,22), (40,21), (40,20), (40,19), (40,18), (40,17), (40,16), (40,15), (40,14), (40,13), (40,12), (40,11), (40,10)|(40,10), (41,10), (42,10), (42,11), (42,12), (42,13), (42,14), (42,15)",
        "time": 20.505572488227244
    },
    "Uber_Train_Walk": {
        "cost": 19.514697751372758,
        "env_tax": 0.025,
        "route": "(66,30), (67,30), (68,30), (69,30), (70,30)|(70,30), (69,30), (68,30), (67,30), (66,30), (65,30), (64,30), (63,30), (62,30), (61,30), (60,30), (59,30), (58,30), (57,30), (56,30), (55,30), (54,30), (53,30), (52,30), (51,30), (50,30), (49,30), (48,30), (47,30), (46,30), (45,30), (44,30), (43,30), (42,30), (41,30), (40,30), (40,30), (40,29), (40,28), (40,27), (40,26), (40,25), (40,24), (40,23), (40,22), (40,21), (40,20), (40,19), (40,18), (40,17), (40,16), (40,15), (40,14), (40,13), (40,12), (40,11), (40,10)|(40,10), (41,10), (42,10), (42,10), (42,11), (42,12), (42,13), (42,14), (42,15)",
        "time": 532.2888286050828
    },
    "Walk": {
        "cost": 0,
        "env_tax": 0,
        "route": "(66,30), (65,30), (64,30), (63,30), (62,30), (61,30), (60,30), (59,30), (58,30), (57,30), (56,30), (55,30), (54,30), (53,30), (52,30), (51,30), (50,30), (49,30), (48,30), (47,30), (46,30), (45,30), (44,30), (43,30), (42,30), (42,30), (42,29), (42,28), (42,27), (42,26), (42,25), (42,24), (42,23), (42,22), (42,21), (42,20), (42,19), (42,18), (42,17), (42,16), (42,15)",
        "time": 2908.0171796707227
    },
    "Walk_Train_Uber": {
        "cost": 19.89690009308582,
        "env_tax": 0.04000000000000001,
        "route": "(66,30), (67,30), (68,30), (69,30), (70,30), (70,30)|(70,30), (69,30), (68,30), (67,30), (66,30), (65,30), (64,30), (63,30), (62,30), (61,30), (60,30), (59,30), (58,30), (57,30), (56,30), (55,30), (54,30), (53,30), (52,30), (51,30), (50,30), (49,30), (48,30), (47,30), (46,30), (45,30), (44,30), (43,30), (42,30), (41,30), (40,30), (40,30), (40,29), (40,28), (40,27), (40,26), (40,25), (40,24), (40,23), (40,22), (40,21), (40,20), (40,19), (40,18), (40,17), (40,16), (40,15), (40,14), (40,13), (40,12), (40,11), (40,10)|(40,10), (41,10), (42,10), (42,11), (42,12), (42,13), (42,14), (42,15)",
        "time": 311.70031079785576
    },
    "Walk_Train_Walk": {
        "cost": 5.2,
        "env_tax": 0,
        "route": "(66,30), (67,30), (68,30), (69,30), (70,30), (70,30)|(70,30), (69,30), (68,30), (67,30), (66,30), (65,30), (64,30), (63,30), (62,30), (61,30), (60,30), (59,30), (58,30), (57,30), (56,30), (55,30), (54,30), (53,30), (52,30), (51,30), (50,30), (49,30), (48,30), (47,30), (46,30), (45,30), (44,30), (43,30), (42,30), (41,30), (40,30), (40,30), (40,29), (40,28), (40,27), (40,26), (40,25), (40,24), (40,23), (40,22), (40,21), (40,20), (40,19), (40,18), (40,17), (40,16), (40,15), (40,14), (40,13), (40,12), (40,11), (40,10)|(40,10), (41,10), (42,10), (42,10), (42,11), (42,12), (42,13), (42,14), (42,15)",
        "time": 824.5631926214735
    }
}