{
    "Uber": {
        "cost": 46.66938350700904,
        "env_tax": 0.18000000000000002,
        "route": "(45,77), (45,76), (45,75), (46,75), (47,75), (47,74), (47,73), (47,72), (47,71), (47,70), (48,70), (49,70), (49,69), (49,68), (50,68), (50,67), (50,66), (51,66), (52,66), (52,65), (52,64), (52,63), (52,62), (52,61), (52,60), (52,59), (52,58), (52,57), (52,56), (52,55), (52,54), (52,53), (52,52), (52,51), (53,51), (54,51)",
        "time": 21.693291328446964
    },
    "Uber_Train_Uber": {
        "cost": 39.18552303788388,
        "env_tax": 0.07500000000000001,
        "route": "(45,77), (44,77), (43,77), (43,78), (43,79), (43,80), (42,80), (41,80), (40,80)|(40,80), (41,80), (42,80), (43,80), (44,80), (45,80), (46,80), (47,80), (48,80), (49,80), (50,80), (50,80), (50,79), (50,78), (50,77), (50,76), (50,75), (50,74), (50,73), (50,72), (50,71), (50,70), (50,69), (50,68), (50,67), (50,66), (50,65), (50,64), (50,63), (50,62), (50,61), (50,60), (50,59), (50,58), (50,57), (50,56), (50,55), (50,54), (50,53), (50,52), (50,51), (50,50)|(50,50), (50,51), (51,51), (52,51), (53,51), (54,51)",
        "time": 21.45916326566994
    },
    "Uber_Train_Walk": {
        "cost": 20.66152027074916,
        "env_tax": 0.045000000000000005,
        "route": "(45,77), (44,77), (43,77), (43,78), (43,79), (43,80), (42,80), (41,80), (40,80)|(40,80), (41,80), (42,80), (43,80), (44,80), (45,80), (46,80), (47,80), (48,80), (49,80), (50,80), (50,80), (50,79), (50,78), (50,77), (50,76), (50,75), (50,74), (50,73), (50,72), (50,71), (50,70), (50,69), (50,68), (50,67), (50,66), (50,65), (50,64), (50,63), (50,62), (50,61), (50,60), (50,59), (50,58), (50,57), (50,56), (50,55), (50,54), (50,53), (50,52), (50,51), (50,50)|(50,50), (51,50), (52,50), (53,50), (54,50), (54,50), (54,51)",
        "time": 390.43777802622185
    },
    "Walk": {
        "cost": 0,
        "env_tax": 0,
        "route": "(45,77), (46,77), (47,77), (48,77), (49,77), (50,77), (51,77), (52,77), (53,77), (54,77), (54,77), (54,76), (54,75), (54,74), (54,73), (54,72), (54,71), (54,70), (54,69), (54,68), (54,67), (54,66), (54,65), (54,64), (54,63), (54,62), (54,61), (54,60), (54,59), (54,58), (54,57), (54,56), (54,55), (54,54), (54,53), (54,52), (54,51)",
        "time": 2609.7590073968026
    },
    "Walk_Train_Uber": {
        "cost": 22.931276621078368,
        "env_tax": 0.030000000000000006,
        "route": "(45,77), (44,77), (43,77), (42,77), (41,77), (40,77), (40,77), (40,78), (40,79), (40,80)|(40,80), (41,80), (42,80), (43,80), (44,80), (45,80), (46,80), (47,80), (48,80), (49,80), (50,80), (50,80), (50,79), (50,78), (50,77), (50,76), (50,75), (50,74), (50,73), (50,72), (50,71), (50,70), (50,69), (50,68), (50,67), (50,66), (50,65), (50,64), (50,63), (50,62), (50,61), (50,60), (50,59), (50,58), (50,57), (50,56), (50,55), (50,54), (50,53), (50,52), (50,51), (50,50)|(50,50), (50,51), (51,51), (52,51), (53,51), (54,51)",
        "time": 615.8595668474545
    },
    "Walk_Train_Walk": {
        "cost": 4.2,
        "env_tax": 0,
        "route": "(45,77), (44,77), (43,77), (42,77), (41,77), (40,77), (40,77), (40,78), (40,79), (40,80)|(40,80), (41,80), (42,80), (43,80), (44,80), (45,80), (46,80), (47,80), (48,80), (49,80), (50,80), (50,80), (50,79), (50,78), (50,77), (50,76), (50,75), (50,74), (50,73), (50,72), (50,71), (50,70), (50,69), (50,68), (50,67), (50,66), (50,65), (50,64), (50,63), (50,62), (50,61), (50,60), (50,59), (50,58), (50,57), (50,56), (50,55), (50,54), (50,53), (50,52), (50,51), (50,50)|(50,50), (51,50), (52,50), (53,50), (54,50), (54,50), (54,51)",
        "time": 980.3154135131427
    }
}