{
    "Uber": {
        "cost": 30.500237154937402,
        "env_tax": 0.35000000000000003,
        "route": "(72,25), (72,24), (72,23), (72,22), (72,21), (72,20), (72,19), (72,18), (72,17), (72,16), (71,16), (70,16), (70,15), (70,14), (70,13), (70,12), (69,12), (69,11), (68,11), (68,10), (68,9), (68,8), (68,7), (67,7), (67,6), (67,5), (66,5), (66,4), (65,4), (64,4), (63,4), (62,4), (61,4), (60,4), (59,4), (58,4), (57,4), (56,4), (55,4), (54,4), (53,4), (52,4), (51,4), (50,4), (49,4), (48,4), (47,4), (46,4), (45,4), (44,4), (43,4), (42,4), (41,4), (40,4), (39,4), (38,4), (37,4), (36,4), (35,4), (35,5), (34,5), (33,5), (32,5), (32,6), (31,6), (31,7), (31,8), (31,9), (31,10), (31,11)",
        "time": 14.64167992709881
    },
    "Uber_Train_Uber": {
        "cost": 32.73345023634155,
        "env_tax": 0.05500000000000001,
        "route": "(72,25), (72,24), (71,24), (70,24), (70,23), (70,22), (70,21), (70,20)|(70,20), (69,20), (68,20), (67,20), (66,20), (65,20), (64,20), (63,20), (62,20), (61,20), (60,20), (59,20), (58,20), (57,20), (56,20), (55,20), (54,20), (53,20), (52,20), (51,20), (50,20), (49,20), (48,20), (47,20), (46,20), (45,20), (44,20), (43,20), (42,20), (41,20), (40,20), (39,20), (38,20), (37,20), (36,20), (35,20), (34,20), (33,20), (32,20), (31,20), (30,20), (30,20), (30,19), (30,18), (30,17), (30,16), (30,15), (30,14), (30,13), (30,12), (30,11), (30,10)|(30,10), (30,11), (31,11)",
        "time": 20.890184281691187
    },
    "Uber_Train_Walk": {
        "cost": 20.807705224184158,
        "env_tax": 0.04000000000000001,
        "route": "(72,25), (72,24), (71,24), (70,24), (70,23), (70,22), (70,21), (70,20)|(70,20), (69,20), (68,20), (67,20), (66,20), (65,20), (64,20), (63,20), (62,20), (61,20), (60,20), (59,20), (58,20), (57,20), (56,20), (55,20), (54,20), (53,20), (52,20), (51,20), (50,20), (49,20), (48,20), (47,20), (46,20), (45,20), (44,20), (43,20), (42,20), (41,20), (40,20), (39,20), (38,20), (37,20), (36,20), (35,20), (34,20), (33,20), (32,20), (31,20), (30,20), (30,20), (30,19), (30,18), (30,17), (30,16), (30,15), (30,14), (30,13), (30,12), (30,11), (30,10)|(30,10), (31,10), (31,10), (31,11)",
        "time": 165.1946406011145
    },
    "Walk": {
        "cost": 0,
        "env_tax": 0,
        "route": "(72,25), (71,25), (70,25), (69,25), (68,25), (67,25), (66,25), (65,25), (64,25), (63,25), (62,25), (61,25), (60,25), (59,25), (58,25), (57,25), (56,25), (55,25), (54,25), (53,25), (52,25), (51,25), (50,25), (49,25), (48,25), (47,25), (46,25), (45,25), (44,25), (43,25), (42,25), (41,25), (40,25), (39,25), (38,25), (37,25), (36,25), (35,25), (34,25), (33,25), (32,25), (31,25), (31,25), (31,24), (31,23), (31,22), (31,21), (31,20), (31,19), (31,18), (31,17), (31,16), (31,15), (31,14), (31,13), (31,12), (31,11)",
        "time": 4101.049868766404
    },
    "Walk_Train_Uber": {
        "cost": 17.571353554892408,
        "env_tax": 0.015000000000000003,
        "route": "(72,25), (71,25), (70,25), (70,25), (70,24), (70,23), (70,22), (70,21), (70,20)|(70,20), (69,20), (68,20), (67,20), (66,20), (65,20), (64,20), (63,20), (62,20), (61,20), (60,20), (59,20), (58,20), (57,20), (56,20), (55,20), (54,20), (53,20), (52,20), (51,20), (50,20), (49,20), (48,20), (47,20), (46,20), (45,20), (44,20), (43,20), (42,20), (41,20), (40,20), (39,20), (38,20), (37,20), (36,20), (35,20), (34,20), (33,20), (32,20), (31,20), (30,20), (30,20), (30,19), (30,18), (30,17), (30,16), (30,15), (30,14), (30,13), (30,12), (30,11), (30,10)|(30,10), (30,11), (31,11)",
        "time": 535.5547079412593
    },
    "Walk_Train_Walk": {
        "cost": 5.2,
        "env_tax": 0,
        "route": "(72,25), (71,25), (70,25), (70,25), (70,24), (70,23), (70,22), (70,21), (70,20)|(70,20), (69,20), (68,20), (67,20), (66,20), (65,20), (64,20), (63,20), (62,20), (61,20), (60,20), (59,20), (58,20), (57,20), (56,20), (55,20), (54,20), (53,20), (52,20), (51,20), (50,20), (49,20), (48,20), (47,20), (46,20), (45,20), (44,20), (43,20), (42,20), (41,20), (40,20), (39,20), (38,20), (37,20), (36,20), (35,20), (34,20), (33,20), (32,20), (31,20), (30,20), (30,20), (30,19), (30,18), (30,17), (30,16), (30,15), (30,14), (30,13), (30,12), (30,11), (30,10)|(30,10), (31,10), (31,10), (31,11)",
        "time": 679.3828153601432
    }
}